Date,HomeTeam,AwayTeam,FTHG,FTAG,FTR,HTHG,HTAG,HTR,Referee,HS,AS,HST,AST,HF,AF,HC,AC,HY,AY,HR,AR
16/08/2019,Bayern Munich,Hertha,2,2,D,1,2,A,,17,6,7,3,6,17,12,0,3,3,0,0
17/08/2019,Dortmund,Augsburg,5,1,H,1,1,D,,23,5,10,1,8,6,10,0,0,0,0,0
17/08/2019,Freiburg,Mainz,3,0,H,0,0,D,,19,19,8,5,6,15,5,5,1,3,0,0
17/08/2019,Leverkusen,Paderborn,3,2,H,2,2,D,,13,11,4,6,8,9,6,6,2,0,0,0
17/08/2019,Werder Bremen,Fortuna Dusseldorf,1,3,A,0,1,A,,23,12,10,7,8,13,14,5,0,2,0,0
17/08/2019,Wolfsburg,FC Koln,2,1,H,1,0,H,,14,11,5,2,14,18,2,6,1,3,0,0
17/08/2019,M'gladbach,Schalke 04,0,0,D,0,0,D,,16,8,4,1,8,10,8,3,3,2,0,0
18/08/2019,Ein Frankfurt,Hoffenheim,1,0,H,1,0,H,,17,10,8,1,16,9,10,5,3,1,0,0
18/08/2019,Union Berlin,RB Leipzig,0,4,A,0,3,A,,13,14,2,8,14,5,3,6,1,0,0,0
23/08/2019,FC Koln,Dortmund,1,3,A,1,0,H,,13,14,1,6,11,10,7,8,2,1,0,0
24/08/2019,Augsburg,Union Berlin,1,1,D,0,0,D,,12,13,4,1,16,19,3,4,3,1,0,1
24/08/2019,Fortuna Dusseldorf,Leverkusen,1,3,A,0,3,A,,11,11,6,7,14,10,1,5,3,2,0,0
24/08/2019,Hoffenheim,Werder Bremen,3,2,H,0,1,A,,10,18,3,6,13,15,3,6,2,5,0,1
24/08/2019,Mainz,M'gladbach,1,3,A,1,1,D,,21,15,4,6,12,14,3,5,2,2,0,0
24/08/2019,Paderborn,Freiburg,1,3,A,1,2,A,,15,9,2,4,20,6,9,5,3,1,0,0
24/08/2019,Schalke 04,Bayern Munich,0,3,A,0,1,A,,9,10,2,6,11,10,3,4,0,0,0,0
25/08/2019,RB Leipzig,Ein Frankfurt,2,1,H,1,0,H,,13,11,5,5,10,13,4,1,2,3,0,0
25/08/2019,Hertha,Wolfsburg,0,3,A,0,1,A,,8,9,2,4,15,11,2,5,1,0,0,0
30/08/2019,M'gladbach,RB Leipzig,1,3,A,0,1,A,,11,14,3,6,17,19,9,5,3,2,0,0
31/08/2019,Bayern Munich,Mainz,6,1,H,2,1,H,,19,7,10,4,16,12,10,1,3,3,0,0
31/08/2019,Freiburg,FC Koln,1,2,A,1,0,H,,14,9,1,3,6,15,5,6,0,2,0,0
31/08/2019,Leverkusen,Hoffenheim,0,0,D,0,0,D,,20,6,2,1,7,11,19,0,2,2,0,0
31/08/2019,Schalke 04,Hertha,3,0,H,1,0,H,,9,9,2,3,13,9,5,3,1,1,0,0
31/08/2019,Wolfsburg,Paderborn,1,1,D,0,1,A,,15,7,5,3,8,12,8,3,0,3,0,0
31/08/2019,Union Berlin,Dortmund,3,1,H,1,1,D,,15,13,7,2,13,2,7,4,0,0,0,0
01/09/2019,Werder Bremen,Augsburg,3,2,H,2,1,H,,15,12,5,6,9,11,4,2,1,4,0,1
01/09/2019,Ein Frankfurt,Fortuna Dusseldorf,2,1,H,0,1,A,,15,14,8,4,13,15,4,1,2,4,0,0
13/09/2019,Fortuna Dusseldorf,Wolfsburg,1,1,D,1,1,D,,12,15,3,6,7,14,3,8,0,2,0,0
14/09/2019,Augsburg,Ein Frankfurt,2,1,H,2,0,H,,9,23,6,3,8,8,2,11,2,1,0,0
14/09/2019,Dortmund,Leverkusen,4,0,H,1,0,H,,11,22,9,12,9,11,3,3,0,3,0,0
14/09/2019,FC Koln,M'gladbach,0,1,A,0,1,A,,14,15,7,4,22,17,4,7,2,2,0,0
14/09/2019,Mainz,Hertha,2,1,H,1,0,H,,14,16,5,8,16,11,6,3,2,2,0,0
14/09/2019,Union Berlin,Werder Bremen,1,2,A,1,1,D,,12,16,5,7,23,10,7,4,3,4,1,1
14/09/2019,RB Leipzig,Bayern Munich,1,1,D,1,1,D,,12,14,6,7,11,4,3,6,4,2,0,0
15/09/2019,Hoffenheim,Freiburg,0,3,A,0,2,A,,22,16,5,8,10,6,12,4,0,2,0,0
15/09/2019,Paderborn,Schalke 04,1,5,A,1,1,D,,9,18,1,11,17,12,3,5,2,1,0,0
20/09/2019,Schalke 04,Mainz,2,1,H,1,0,H,,19,14,6,3,7,15,5,5,1,1,0,0
21/09/2019,Bayern Munich,FC Koln,4,0,H,1,0,H,,24,16,5,2,15,20,12,4,4,0,0,1
21/09/2019,Freiburg,Augsburg,1,1,D,1,1,D,,17,12,5,2,13,13,7,4,1,1,0,0
21/09/2019,Hertha,Paderborn,2,1,H,1,0,H,,6,17,4,8,13,15,1,8,4,4,0,0
21/09/2019,Leverkusen,Union Berlin,2,0,H,2,0,H,,20,4,7,0,10,10,8,1,0,1,0,1
21/09/2019,Werder Bremen,RB Leipzig,0,3,A,0,2,A,,11,14,1,7,11,13,4,7,0,3,0,1
22/09/2019,M'gladbach,Fortuna Dusseldorf,2,1,H,0,1,A,,23,18,11,4,14,11,10,4,2,3,0,0
22/09/2019,Ein Frankfurt,Dortmund,2,2,D,1,1,D,,17,15,3,7,18,10,5,8,2,2,0,0
23/09/2019,Wolfsburg,Hoffenheim,1,1,D,1,1,D,,12,11,4,5,11,18,4,6,2,4,0,0
27/09/2019,Union Berlin,Ein Frankfurt,1,2,A,0,0,D,,12,14,5,6,11,12,4,5,1,1,0,0
28/09/2019,Augsburg,Leverkusen,0,3,A,0,1,A,,8,11,1,5,16,9,1,3,4,0,0,0
28/09/2019,Hoffenheim,M'gladbach,0,3,A,0,1,A,,17,11,4,5,10,11,2,5,2,2,0,0
28/09/2019,Mainz,Wolfsburg,0,1,A,0,1,A,,15,4,5,3,9,15,10,1,2,3,0,0
28/09/2019,Paderborn,Bayern Munich,2,3,A,0,1,A,,10,18,5,6,7,6,11,5,1,1,0,0
28/09/2019,RB Leipzig,Schalke 04,1,3,A,0,2,A,,17,13,6,8,13,11,8,4,1,1,0,0
28/09/2019,Dortmund,Werder Bremen,2,2,D,2,1,H,,19,11,7,5,8,10,9,2,1,0,0,0
29/09/2019,Fortuna Dusseldorf,Freiburg,1,2,A,1,1,D,,17,9,7,3,9,9,5,1,2,2,0,0
29/09/2019,FC Koln,Hertha,0,4,A,0,1,A,,8,10,3,6,11,13,8,4,1,0,1,0
04/10/2019,Hertha,Fortuna Dusseldorf,3,1,H,2,1,H,,16,9,3,3,17,18,9,2,3,3,0,0
05/10/2019,Bayern Munich,Hoffenheim,1,2,A,0,0,D,,20,8,4,5,8,12,9,3,2,0,0,0
05/10/2019,Freiburg,Dortmund,2,2,D,0,1,A,,6,8,1,4,10,8,3,11,0,3,0,0
05/10/2019,Leverkusen,RB Leipzig,1,1,D,0,0,D,,11,11,8,5,11,12,4,0,2,2,0,0
05/10/2019,Paderborn,Mainz,1,2,A,1,2,A,,16,18,7,7,8,18,7,10,1,4,0,0
05/10/2019,Schalke 04,FC Koln,1,1,D,0,0,D,,15,9,3,5,15,15,6,4,4,4,0,0
06/10/2019,M'gladbach,Augsburg,5,1,H,4,0,H,,13,13,9,3,9,9,2,7,1,2,0,0
06/10/2019,Wolfsburg,Union Berlin,1,0,H,0,0,D,,13,14,4,3,17,15,5,4,2,2,0,0
06/10/2019,Ein Frankfurt,Werder Bremen,2,2,D,0,1,A,,24,11,7,5,12,8,10,1,2,1,0,0
18/10/2019,Ein Frankfurt,Leverkusen,3,0,H,2,0,H,,10,19,5,10,11,12,4,1,1,1,0,0
19/10/2019,Augsburg,Bayern Munich,2,2,D,1,1,D,,9,24,7,9,10,6,3,7,3,3,0,0
19/10/2019,Fortuna Dusseldorf,Mainz,1,0,H,0,0,D,,20,7,4,1,10,17,8,1,2,4,0,1
19/10/2019,RB Leipzig,Wolfsburg,1,1,D,0,0,D,,13,14,5,6,10,9,3,3,1,3,0,0
19/10/2019,Union Berlin,Freiburg,2,0,H,1,0,H,,18,12,5,4,21,13,3,4,3,0,0,0
19/10/2019,Werder Bremen,Hertha,1,1,D,1,0,H,,15,11,5,2,8,11,7,5,1,1,0,0
19/10/2019,Dortmund,M'gladbach,1,0,H,0,0,D,,20,13,7,3,13,15,10,8,1,2,0,0
20/10/2019,FC Koln,Paderborn,3,0,H,1,0,H,,16,9,6,1,6,7,6,9,0,0,0,0
20/10/2019,Hoffenheim,Schalke 04,2,0,H,0,0,D,,9,11,3,1,12,14,3,8,2,2,0,0
25/10/2019,Mainz,FC Koln,3,1,H,1,1,D,,18,16,6,8,20,9,5,10,2,2,0,0
26/10/2019,Bayern Munich,Union Berlin,2,1,H,1,0,H,,21,6,10,4,9,15,8,2,0,1,0,0
26/10/2019,Freiburg,RB Leipzig,2,1,H,1,0,H,,14,25,3,6,10,9,5,4,3,1,0,0
26/10/2019,Hertha,Hoffenheim,2,3,A,0,2,A,,13,17,4,8,17,12,4,4,3,3,1,0
26/10/2019,Paderborn,Fortuna Dusseldorf,2,0,H,1,0,H,,14,18,6,4,21,17,4,7,5,4,0,0
26/10/2019,Schalke 04,Dortmund,0,0,D,0,0,D,,13,8,3,3,8,7,8,2,3,2,0,0
26/10/2019,Leverkusen,Werder Bremen,2,2,D,1,1,D,,21,10,4,3,12,13,10,1,2,1,0,0
27/10/2019,Wolfsburg,Augsburg,0,0,D,0,0,D,,14,10,3,5,12,13,5,3,0,0,0,0
27/10/2019,M'gladbach,Ein Frankfurt,4,2,H,2,0,H,,12,15,7,3,12,11,5,6,1,1,0,0
01/11/2019,Hoffenheim,Paderborn,3,0,H,3,0,H,,12,9,7,2,7,12,4,4,0,1,0,0
02/11/2019,Dortmund,Wolfsburg,3,0,H,0,0,D,,17,12,8,3,12,18,7,2,1,3,0,0
02/11/2019,Ein Frankfurt,Bayern Munich,5,1,H,2,1,H,,17,7,11,3,12,7,3,0,1,2,0,1
02/11/2019,Leverkusen,M'gladbach,1,2,A,1,2,A,,23,11,6,6,13,8,13,0,2,1,1,0
02/11/2019,RB Leipzig,Mainz,8,0,H,5,0,H,,19,10,12,2,10,7,3,4,0,1,0,0
02/11/2019,Werder Bremen,Freiburg,2,2,D,1,1,D,,20,13,10,3,17,9,5,0,3,4,0,1
02/11/2019,Union Berlin,Hertha,1,0,H,0,0,D,,16,8,6,3,14,9,1,4,1,1,0,0
03/11/2019,Fortuna Dusseldorf,FC Koln,2,0,H,1,0,H,,9,8,3,1,10,20,3,4,1,3,0,0
03/11/2019,Augsburg,Schalke 04,2,3,A,1,1,D,,12,11,4,3,12,10,1,6,3,5,0,0
08/11/2019,FC Koln,Hoffenheim,1,2,A,1,0,H,,11,15,3,5,21,14,5,7,4,3,0,0
09/11/2019,Hertha,RB Leipzig,2,4,A,1,2,A,,7,10,3,7,12,12,0,5,2,1,0,0
09/11/2019,Mainz,Union Berlin,2,3,A,0,2,A,,18,14,5,4,15,15,3,2,1,4,0,0
09/11/2019,Paderborn,Augsburg,0,1,A,0,1,A,,12,13,4,5,15,12,5,7,1,3,0,0
09/11/2019,Schalke 04,Fortuna Dusseldorf,3,3,D,1,0,H,,12,9,5,5,9,15,2,4,2,4,0,0
09/11/2019,Bayern Munich,Dortmund,4,0,H,1,0,H,,17,2,5,0,11,12,2,1,2,1,0,0
10/11/2019,M'gladbach,Werder Bremen,3,1,H,2,0,H,,17,16,7,7,17,11,3,8,5,4,1,0
10/11/2019,Wolfsburg,Leverkusen,0,2,A,0,1,A,,9,9,1,4,8,9,9,0,2,2,0,0
10/11/2019,Freiburg,Ein Frankfurt,1,0,H,0,0,D,,13,17,7,6,7,13,8,10,1,3,1,2
22/11/2019,Dortmund,Paderborn,3,3,D,0,3,A,,18,10,7,4,8,7,10,2,3,1,0,0
23/11/2019,Ein Frankfurt,Wolfsburg,0,2,A,0,1,A,,17,9,9,6,13,22,12,1,3,5,0,1
23/11/2019,Fortuna Dusseldorf,Bayern Munich,0,4,A,0,3,A,,12,18,1,5,8,6,8,6,1,1,0,0
23/11/2019,Leverkusen,Freiburg,1,1,D,1,1,D,,27,7,9,2,9,14,13,3,0,3,0,0
23/11/2019,Union Berlin,M'gladbach,2,0,H,1,0,H,,11,12,6,2,12,7,2,6,1,1,0,0
23/11/2019,Werder Bremen,Schalke 04,1,2,A,0,1,A,,16,10,5,5,12,15,1,3,3,2,0,0
23/11/2019,RB Leipzig,FC Koln,4,1,H,3,1,H,,20,6,8,1,9,15,13,3,0,3,0,0
24/11/2019,Augsburg,Hertha,4,0,H,2,0,H,,14,5,5,1,8,18,3,3,0,2,0,1
24/11/2019,Hoffenheim,Mainz,1,5,A,0,1,A,,22,11,8,5,10,13,14,3,1,3,0,1
29/11/2019,Schalke 04,Union Berlin,2,1,H,1,1,D,,17,17,8,7,12,13,7,4,1,4,0,0
30/11/2019,FC Koln,Augsburg,1,1,D,0,1,A,,13,11,6,4,15,17,4,8,8,3,1,1
30/11/2019,Hertha,Dortmund,1,2,A,1,2,A,,13,7,3,5,13,8,2,2,3,2,0,1
30/11/2019,Hoffenheim,Fortuna Dusseldorf,1,1,D,1,0,H,,12,11,6,3,11,16,2,5,2,4,0,0
30/11/2019,Paderborn,RB Leipzig,2,3,A,0,3,A,,8,18,4,6,10,13,6,6,3,3,0,0
30/11/2019,Bayern Munich,Leverkusen,1,2,A,1,2,A,,24,11,11,7,9,16,8,2,1,3,0,1
01/12/2019,M'gladbach,Freiburg,4,2,H,1,1,D,,22,13,13,5,13,15,2,3,3,2,0,0
01/12/2019,Wolfsburg,Werder Bremen,2,3,A,1,2,A,,19,10,6,3,14,14,9,3,1,4,0,0
02/12/2019,Mainz,Ein Frankfurt,2,1,H,0,1,A,,18,14,8,4,13,10,8,6,1,2,0,1
06/12/2019,Ein Frankfurt,Hertha,2,2,D,0,1,A,,25,9,6,3,11,15,16,1,3,4,0,0
07/12/2019,Augsburg,Mainz,2,1,H,1,1,D,,18,12,5,3,13,14,8,2,2,2,0,0
07/12/2019,Dortmund,Fortuna Dusseldorf,5,0,H,1,0,H,,23,2,10,0,8,10,6,0,0,3,0,0
07/12/2019,Freiburg,Wolfsburg,1,0,H,0,0,D,,10,10,3,0,13,20,2,7,0,2,0,0
07/12/2019,M'gladbach,Bayern Munich,2,1,H,0,0,D,,7,17,3,5,12,17,2,5,3,5,0,1
07/12/2019,RB Leipzig,Hoffenheim,3,1,H,1,0,H,,25,11,14,1,14,5,8,6,3,1,0,0
07/12/2019,Leverkusen,Schalke 04,2,1,H,1,0,H,,19,5,9,3,11,11,9,0,2,2,0,0
08/12/2019,Union Berlin,FC Koln,2,0,H,1,0,H,,11,14,5,4,21,19,3,5,1,3,0,0
08/12/2019,Werder Bremen,Paderborn,0,1,A,0,0,D,,12,18,3,5,10,13,13,6,1,4,0,0
13/12/2019,Hoffenheim,Augsburg,2,4,A,1,1,D,,19,6,8,4,10,7,11,1,1,0,0,0
14/12/2019,Bayern Munich,Werder Bremen,6,1,H,2,1,H,,29,11,14,2,13,12,8,2,2,2,0,0
14/12/2019,FC Koln,Leverkusen,2,0,H,0,0,D,,13,6,5,2,12,9,3,4,2,3,0,2
14/12/2019,Hertha,Freiburg,1,0,H,0,0,D,,14,15,4,2,9,5,4,7,2,0,0,0
14/12/2019,Mainz,Dortmund,0,4,A,0,1,A,,9,18,0,7,8,10,3,5,1,0,0,0
14/12/2019,Paderborn,Union Berlin,1,1,D,1,1,D,,14,15,3,2,19,16,2,3,2,4,0,0
14/12/2019,Fortuna Dusseldorf,RB Leipzig,0,3,A,0,1,A,,4,21,1,7,11,7,3,9,2,1,0,0
15/12/2019,Wolfsburg,M'gladbach,2,1,H,1,1,D,,17,6,7,5,20,15,5,2,3,3,0,0
15/12/2019,Schalke 04,Ein Frankfurt,1,0,H,0,0,D,,11,17,5,3,15,12,7,6,1,4,1,0
17/12/2019,Werder Bremen,Mainz,0,5,A,0,4,A,,15,19,5,8,13,13,8,5,2,2,0,0
17/12/2019,Augsburg,Fortuna Dusseldorf,3,0,H,1,0,H,,12,6,7,2,10,15,4,2,3,4,0,0
17/12/2019,Dortmund,RB Leipzig,3,3,D,2,0,H,,14,12,6,8,9,5,12,3,0,0,0,0
17/12/2019,Union Berlin,Hoffenheim,0,2,A,0,0,D,,16,7,2,4,16,13,6,1,2,6,0,0
18/12/2019,Leverkusen,Hertha,0,1,A,0,0,D,,17,10,7,5,12,16,5,4,2,3,0,0
18/12/2019,Ein Frankfurt,FC Koln,2,4,A,2,1,H,,17,21,6,9,12,10,7,10,2,4,0,0
18/12/2019,Freiburg,Bayern Munich,1,3,A,0,1,A,,15,22,5,10,5,8,6,8,0,3,0,0
18/12/2019,M'gladbach,Paderborn,2,0,H,0,0,D,,17,12,6,2,6,14,8,4,2,3,0,0
18/12/2019,Wolfsburg,Schalke 04,1,1,D,0,0,D,,29,8,11,2,13,11,12,5,1,1,0,0
20/12/2019,Hoffenheim,Dortmund,2,1,H,0,1,A,,11,12,3,5,8,12,0,8,0,1,0,0
21/12/2019,Bayern Munich,Wolfsburg,2,0,H,0,0,D,,18,10,8,3,7,7,12,6,2,2,0,0
21/12/2019,FC Koln,Werder Bremen,1,0,H,1,0,H,,7,6,1,1,11,18,1,7,1,4,0,0
21/12/2019,Mainz,Leverkusen,0,1,A,0,0,D,,17,14,2,4,8,8,6,6,0,2,0,1
21/12/2019,RB Leipzig,Augsburg,3,1,H,0,1,A,,22,6,7,2,7,9,10,4,1,3,0,0
21/12/2019,Schalke 04,Freiburg,2,2,D,1,0,H,,19,19,6,7,9,12,7,5,1,1,0,0
21/12/2019,Hertha,M'gladbach,0,0,D,0,0,D,,8,11,0,5,11,11,1,7,2,2,0,0
22/12/2019,Fortuna Dusseldorf,Union Berlin,2,1,H,1,0,H,,22,17,8,6,8,18,7,5,2,4,0,0
22/12/2019,Paderborn,Ein Frankfurt,2,1,H,2,0,H,,19,20,5,5,11,11,3,8,3,2,0,0
17/01/2020,Schalke 04,M'gladbach,2,0,H,0,0,D,,13,14,7,5,13,17,8,8,3,4,0,0
18/01/2020,Augsburg,Dortmund,3,5,A,1,0,H,,13,17,5,8,4,5,2,6,0,1,0,0
18/01/2020,FC Koln,Wolfsburg,3,1,H,2,0,H,,12,17,7,8,11,18,8,5,3,3,0,0
18/01/2020,Fortuna Dusseldorf,Werder Bremen,0,1,A,0,0,D,,17,13,2,4,16,12,6,4,4,5,0,1
18/01/2020,Hoffenheim,Ein Frankfurt,1,2,A,0,1,A,,12,13,5,3,10,13,8,6,2,2,0,0
18/01/2020,Mainz,Freiburg,1,2,A,0,2,A,,24,13,8,5,15,10,7,5,4,2,0,0
18/01/2020,RB Leipzig,Union Berlin,3,1,H,0,1,A,,19,15,8,5,6,18,4,4,1,3,0,0
19/01/2020,Hertha,Bayern Munich,0,4,A,0,0,D,,6,20,1,10,7,14,0,4,3,1,0,0
19/01/2020,Paderborn,Leverkusen,1,4,A,0,3,A,,13,12,7,7,8,12,6,4,4,1,0,0
24/01/2020,Dortmund,FC Koln,5,1,H,2,0,H,,14,11,9,5,6,7,1,3,1,1,0,0
25/01/2020,Ein Frankfurt,RB Leipzig,2,0,H,0,0,D,,7,22,5,4,8,10,4,6,1,2,0,0
25/01/2020,Freiburg,Paderborn,0,2,A,0,0,D,,19,15,5,3,11,7,6,6,4,4,0,1
25/01/2020,M'gladbach,Mainz,3,1,H,1,1,D,,15,12,5,9,7,14,6,3,2,3,0,0
25/01/2020,Union Berlin,Augsburg,2,0,H,0,0,D,,12,25,3,7,18,9,4,5,4,1,0,0
25/01/2020,Wolfsburg,Hertha,1,2,A,0,0,D,,20,9,7,4,8,8,9,4,0,1,0,0
25/01/2020,Bayern Munich,Schalke 04,5,0,H,2,0,H,,24,7,14,1,3,4,9,2,0,0,0,0
26/01/2020,Werder Bremen,Hoffenheim,0,3,A,0,0,D,,16,9,3,4,14,15,7,4,2,2,0,0
26/01/2020,Leverkusen,Fortuna Dusseldorf,3,0,H,1,0,H,,25,12,11,3,11,10,8,5,0,3,0,0
31/01/2020,Hertha,Schalke 04,0,0,D,0,0,D,,9,13,0,5,9,9,3,7,1,1,0,0
01/02/2020,Augsburg,Werder Bremen,2,1,H,0,1,A,,14,7,4,1,8,17,5,3,2,5,0,0
01/02/2020,Dortmund,Union Berlin,5,0,H,2,0,H,,13,5,7,0,7,8,5,3,0,1,0,0
01/02/2020,Fortuna Dusseldorf,Ein Frankfurt,1,1,D,0,0,D,,8,6,1,4,6,12,4,4,2,1,0,0
01/02/2020,Hoffenheim,Leverkusen,2,1,H,1,1,D,,14,22,6,11,8,10,4,10,3,3,0,1
01/02/2020,Mainz,Bayern Munich,1,3,A,1,3,A,,8,13,3,5,12,9,6,4,3,1,0,0
01/02/2020,RB Leipzig,M'gladbach,2,2,D,0,2,A,,18,7,8,4,12,13,4,4,1,6,0,1
02/02/2020,FC Koln,Freiburg,4,0,H,1,0,H,,24,9,9,2,13,9,10,6,3,1,0,0
02/02/2020,Paderborn,Wolfsburg,2,4,A,1,2,A,,10,9,7,5,15,17,3,7,3,3,1,0
07/02/2020,Ein Frankfurt,Augsburg,5,0,H,1,0,H,,13,8,9,5,7,5,1,4,1,0,0,0
08/02/2020,Freiburg,Hoffenheim,1,0,H,1,0,H,,12,21,6,6,10,13,5,10,3,3,0,0
08/02/2020,Hertha,Mainz,1,3,A,0,1,A,,13,10,3,3,13,16,10,1,4,1,1,0
08/02/2020,Schalke 04,Paderborn,1,1,D,0,0,D,,15,15,4,4,6,8,11,10,2,3,0,0
08/02/2020,Werder Bremen,Union Berlin,0,2,A,0,0,D,,14,11,3,5,7,16,5,5,4,3,0,0
08/02/2020,Wolfsburg,Fortuna Dusseldorf,1,1,D,0,1,A,,9,10,5,2,10,14,3,5,0,1,1,0
08/02/2020,Leverkusen,Dortmund,4,3,H,2,2,D,,9,12,5,6,9,10,3,7,2,1,0,0
09/02/2020,Bayern Munich,RB Leipzig,0,0,D,0,0,D,,10,8,3,1,8,12,11,3,2,2,0,0
14/02/2020,Dortmund,Ein Frankfurt,4,0,H,1,0,H,,17,1,7,0,7,3,5,0,0,1,0,0
15/02/2020,Augsburg,Freiburg,1,1,D,1,0,H,,10,20,3,5,19,5,0,3,4,1,0,0
15/02/2020,Hoffenheim,Wolfsburg,2,3,A,1,1,D,,14,15,6,6,7,12,4,4,2,2,0,0
15/02/2020,Paderborn,Hertha,1,2,A,0,1,A,,20,17,4,6,14,12,5,8,2,2,0,0
15/02/2020,RB Leipzig,Werder Bremen,3,0,H,2,0,H,,10,8,3,1,10,12,8,1,1,1,0,0
15/02/2020,Union Berlin,Leverkusen,2,3,A,1,1,D,,20,12,7,5,9,12,6,4,2,2,0,0
15/02/2020,Fortuna Dusseldorf,M'gladbach,1,4,A,1,1,D,,9,17,4,6,10,10,2,5,2,2,0,0
16/02/2020,FC Koln,Bayern Munich,1,4,A,0,3,A,,13,26,6,8,12,10,1,6,1,3,0,0
16/02/2020,Mainz,Schalke 04,0,0,D,0,0,D,,15,8,5,3,7,11,3,6,2,2,0,0
21/02/2020,Bayern Munich,Paderborn,3,2,H,1,1,D,,18,5,9,4,3,9,11,1,1,3,0,0
22/02/2020,Freiburg,Fortuna Dusseldorf,0,2,A,0,1,A,,15,9,4,4,13,10,7,4,1,4,0,0
22/02/2020,Hertha,FC Koln,0,5,A,0,3,A,,9,17,1,11,12,10,5,3,2,2,0,0
22/02/2020,M'gladbach,Hoffenheim,1,1,D,1,0,H,,17,22,10,4,8,8,8,8,4,4,0,0
22/02/2020,Werder Bremen,Dortmund,0,2,A,0,0,D,,8,12,2,6,13,8,2,6,0,0,0,0
22/02/2020,Schalke 04,RB Leipzig,0,5,A,0,1,A,,3,22,2,8,10,7,2,5,2,3,0,0
23/02/2020,Leverkusen,Augsburg,2,0,H,1,0,H,,9,8,4,3,8,12,2,3,2,4,0,0
23/02/2020,Wolfsburg,Mainz,4,0,H,2,0,H,,16,13,6,3,10,12,4,14,0,2,0,0
24/02/2020,Ein Frankfurt,Union Berlin,1,2,A,0,0,D,,21,11,3,7,10,15,14,6,3,4,0,0
28/02/2020,Fortuna Dusseldorf,Hertha,3,3,D,3,0,H,,14,16,5,7,11,11,3,5,2,2,0,0
29/02/2020,Augsburg,M'gladbach,2,3,A,0,0,D,,8,15,3,7,11,6,5,3,3,2,0,0
29/02/2020,Dortmund,Freiburg,1,0,H,1,0,H,,16,13,2,4,5,9,6,4,1,0,0,0
29/02/2020,Hoffenheim,Bayern Munich,0,6,A,0,4,A,,4,25,1,11,3,7,1,7,0,0,0,0
29/02/2020,Mainz,Paderborn,2,0,H,2,0,H,,8,9,3,4,5,15,5,8,1,3,0,0
29/02/2020,FC Koln,Schalke 04,3,0,H,2,0,H,,11,7,6,1,7,8,4,2,1,2,0,0
01/03/2020,Union Berlin,Wolfsburg,2,2,D,1,0,H,,6,14,3,3,8,13,1,6,1,2,0,0
01/03/2020,RB Leipzig,Leverkusen,1,1,D,1,1,D,,9,14,2,6,4,12,8,5,0,3,0,0
06/03/2020,Paderborn,FC Koln,1,2,A,0,2,A,,16,15,2,3,8,12,5,9,3,4,0,0
07/03/2020,Freiburg,Union Berlin,3,1,H,1,0,H,,9,14,4,4,5,20,7,2,2,3,0,1
07/03/2020,Hertha,Werder Bremen,2,2,D,1,2,A,,19,7,5,3,16,5,3,1,3,3,0,0
07/03/2020,Leverkusen,Ein Frankfurt,4,0,H,2,0,H,,14,9,5,3,10,12,1,3,1,0,0,0
07/03/2020,Schalke 04,Hoffenheim,1,1,D,1,0,H,,14,4,4,1,8,12,4,5,0,1,0,0
07/03/2020,Wolfsburg,RB Leipzig,0,0,D,0,0,D,,16,15,4,4,11,14,4,4,2,3,0,0
07/03/2020,M'gladbach,Dortmund,1,2,A,0,1,A,,10,10,3,4,8,9,3,3,5,5,0,0
08/03/2020,Bayern Munich,Augsburg,2,0,H,0,0,D,,17,8,6,2,4,7,9,4,1,0,0,0
08/03/2020,Mainz,Fortuna Dusseldorf,1,1,D,0,0,D,,3,20,1,5,17,10,1,8,3,1,1,0
11/03/2020,M'gladbach,FC Koln,2,1,H,1,0,H,,12,16,5,3,14,14,6,3,1,2,0,0
16/05/2020,Augsburg,Wolfsburg,1,2,A,0,1,A,,8,17,3,5,8,11,3,1,1,3,0,0
16/05/2020,Dortmund,Schalke 04,4,0,H,2,0,H,,11,10,4,3,9,8,4,2,2,2,0,0
16/05/2020,Fortuna Dusseldorf,Paderborn,0,0,D,0,0,D,,10,7,1,1,15,16,2,0,2,2,0,0
16/05/2020,Hoffenheim,Hertha,0,3,A,0,0,D,,21,12,5,5,9,16,7,5,2,3,0,0
16/05/2020,RB Leipzig,Freiburg,1,1,D,0,1,A,,23,7,9,2,11,8,8,4,0,1,0,0
16/05/2020,Ein Frankfurt,M'gladbach,1,3,A,0,2,A,,12,15,4,8,19,10,5,1,5,1,0,0
17/05/2020,FC Koln,Mainz,2,2,D,1,0,H,,16,11,6,5,20,15,5,7,4,2,0,0
17/05/2020,Union Berlin,Bayern Munich,0,2,A,0,1,A,,10,14,2,3,13,10,4,9,2,1,0,0
18/05/2020,Werder Bremen,Leverkusen,1,4,A,1,2,A,,9,13,1,6,15,14,2,9,2,1,0,0
22/05/2020,Hertha,Union Berlin,4,0,H,0,0,D,,14,7,8,0,12,12,4,6,2,1,0,0
23/05/2020,Freiburg,Werder Bremen,0,1,A,0,1,A,,15,11,8,3,12,18,7,2,0,3,0,1
23/05/2020,M'gladbach,Leverkusen,1,3,A,0,1,A,,16,13,6,7,16,16,6,3,1,1,0,0
23/05/2020,Paderborn,Hoffenheim,1,1,D,1,1,D,,13,18,3,7,14,13,2,8,3,0,0,0
23/05/2020,Wolfsburg,Dortmund,0,2,A,0,1,A,,8,6,1,2,11,10,2,2,4,2,1,0
23/05/2020,Bayern Munich,Ein Frankfurt,5,2,H,2,0,H,,23,11,10,4,10,7,7,2,0,1,0,0
24/05/2020,Schalke 04,Augsburg,0,3,A,0,1,A,,12,9,2,7,14,11,3,2,0,2,0,0
24/05/2020,Mainz,RB Leipzig,0,5,A,0,3,A,,4,21,1,9,13,11,5,4,3,3,0,0
24/05/2020,FC Koln,Fortuna Dusseldorf,2,2,D,0,1,A,,16,10,6,5,19,17,6,2,0,1,0,0
26/05/2020,Dortmund,Bayern Munich,0,1,A,0,1,A,,13,13,5,6,9,15,4,3,2,2,0,0
26/05/2020,Ein Frankfurt,Freiburg,3,3,D,1,1,D,,35,10,16,5,14,9,9,2,4,1,0,0
26/05/2020,Leverkusen,Wolfsburg,1,4,A,0,1,A,,10,14,2,9,10,16,12,6,3,3,0,0
26/05/2020,Werder Bremen,M'gladbach,0,0,D,0,0,D,,12,8,7,4,14,11,8,5,2,1,0,0
27/05/2020,RB Leipzig,Hertha,2,2,D,1,1,D,,11,13,5,4,12,19,4,7,2,3,1,0
27/05/2020,Augsburg,Paderborn,0,0,D,0,0,D,,12,15,3,3,7,14,6,6,1,1,0,0
27/05/2020,Fortuna Dusseldorf,Schalke 04,2,1,H,0,0,D,,13,7,8,2,10,13,7,2,3,2,0,0
27/05/2020,Hoffenheim,FC Koln,3,1,H,1,0,H,,8,15,6,5,12,8,0,10,6,1,1,1
27/05/2020,Union Berlin,Mainz,1,1,D,1,1,D,,9,10,4,2,17,18,6,6,4,2,1,0
29/05/2020,Freiburg,Leverkusen,0,1,A,0,0,D,,9,7,1,1,8,13,6,6,0,2,0,0
30/05/2020,Hertha,Augsburg,2,0,H,1,0,H,,12,8,6,2,19,7,7,8,3,3,0,0
30/05/2020,Mainz,Hoffenheim,0,1,A,0,1,A,,18,13,2,6,18,14,10,7,4,3,0,0
30/05/2020,Schalke 04,Werder Bremen,0,1,A,0,1,A,,12,6,1,2,19,16,4,8,5,3,0,0
30/05/2020,Wolfsburg,Ein Frankfurt,1,2,A,0,1,A,,19,6,4,3,18,16,4,3,4,6,0,1
30/05/2020,Bayern Munich,Fortuna Dusseldorf,5,0,H,3,0,H,,23,7,8,2,9,10,7,2,0,2,0,0
31/05/2020,M'gladbach,Union Berlin,4,1,H,2,0,H,,16,13,10,5,13,9,4,3,3,2,0,0
31/05/2020,Paderborn,Dortmund,1,6,A,0,0,D,,10,16,1,11,4,6,2,8,2,3,0,0
01/06/2020,FC Koln,RB Leipzig,2,4,A,1,2,A,,7,19,5,8,16,7,4,7,2,1,0,0
03/06/2020,Werder Bremen,Ein Frankfurt,0,3,A,0,0,D,,11,12,3,4,14,21,5,6,2,1,0,0
05/06/2020,Freiburg,M'gladbach,1,0,H,0,0,D,,16,18,6,4,14,14,3,10,4,3,0,1
06/06/2020,Ein Frankfurt,Mainz,0,2,A,0,1,A,,10,17,0,5,17,15,7,5,3,3,0,0
06/06/2020,Fortuna Dusseldorf,Hoffenheim,2,2,D,1,1,D,,23,8,4,5,12,15,7,1,4,4,0,1
06/06/2020,Leverkusen,Bayern Munich,2,4,A,1,3,A,,10,16,6,10,14,4,6,4,3,3,0,0
06/06/2020,RB Leipzig,Paderborn,1,1,D,1,0,H,,12,17,5,5,11,14,7,9,2,4,1,0
06/06/2020,Dortmund,Hertha,1,0,H,0,0,D,,12,5,3,2,7,11,6,0,0,2,0,0
07/06/2020,Werder Bremen,Wolfsburg,0,1,A,0,0,D,,14,18,4,3,17,13,5,4,3,3,0,0
07/06/2020,Union Berlin,Schalke 04,1,1,D,1,1,D,,12,5,6,1,19,13,9,4,3,1,0,0
07/06/2020,Augsburg,FC Koln,1,1,D,0,0,D,,18,9,5,2,13,21,9,2,1,3,0,0
12/06/2020,Hoffenheim,RB Leipzig,0,2,A,0,2,A,,22,14,7,7,15,18,9,1,2,2,0,0
13/06/2020,FC Koln,Union Berlin,1,2,A,0,1,A,,10,7,6,5,18,17,4,6,3,0,0,0
13/06/2020,Fortuna Dusseldorf,Dortmund,0,1,A,0,0,D,,6,5,4,3,6,15,6,1,1,3,0,0
13/06/2020,Hertha,Ein Frankfurt,1,4,A,1,0,H,,4,18,3,7,14,7,1,5,2,2,1,0
13/06/2020,Paderborn,Werder Bremen,1,5,A,0,3,A,,20,11,8,8,17,18,11,2,6,3,0,0
13/06/2020,Wolfsburg,Freiburg,2,2,D,2,1,H,,22,10,7,6,17,11,6,5,0,1,0,0
13/06/2020,Bayern Munich,M'gladbach,2,1,H,1,1,D,,11,9,6,2,13,10,3,1,0,2,0,0
14/06/2020,Mainz,Augsburg,0,1,A,0,1,A,,18,9,4,3,8,14,9,5,2,4,0,0
14/06/2020,Schalke 04,Leverkusen,1,1,D,0,0,D,,7,15,4,5,14,7,1,9,4,1,0,0
16/06/2020,M'gladbach,Wolfsburg,3,0,H,2,0,H,,11,12,3,2,15,17,5,3,1,4,0,0
16/06/2020,Freiburg,Hertha,2,1,H,0,0,D,,17,12,6,5,6,16,5,5,0,2,0,0
16/06/2020,Union Berlin,Paderborn,1,0,H,1,0,H,,14,10,6,2,17,16,1,5,0,0,0,0
16/06/2020,Werder Bremen,Bayern Munich,0,1,A,0,1,A,,6,13,1,4,9,13,0,10,2,3,0,1
17/06/2020,Ein Frankfurt,Schalke 04,2,1,H,1,0,H,,14,8,4,5,9,16,5,3,3,5,0,1
17/06/2020,Augsburg,Hoffenheim,1,3,A,0,0,D,,12,17,5,5,10,14,6,4,2,1,0,0
17/06/2020,Dortmund,Mainz,0,2,A,0,1,A,,15,10,5,6,14,13,7,1,6,3,0,0
17/06/2020,Leverkusen,FC Koln,3,1,H,2,0,H,,13,7,6,1,12,16,7,3,2,2,0,0
17/06/2020,RB Leipzig,Fortuna Dusseldorf,2,2,D,0,0,D,,14,12,5,2,7,7,5,2,1,0,0,0
20/06/2020,Bayern Munich,Freiburg,3,1,H,3,1,H,,23,11,8,3,13,8,8,2,0,0,0,0
20/06/2020,FC Koln,Ein Frankfurt,1,1,D,1,0,H,,4,9,2,2,8,15,5,9,1,2,0,0
20/06/2020,Fortuna Dusseldorf,Augsburg,1,1,D,1,1,D,,8,11,4,3,14,12,5,3,1,0,0,0
20/06/2020,Hertha,Leverkusen,2,0,H,1,0,H,,13,12,5,2,14,15,5,4,4,3,0,0
20/06/2020,Hoffenheim,Union Berlin,4,0,H,3,0,H,,15,5,8,1,10,15,6,4,1,3,0,0
20/06/2020,Mainz,Werder Bremen,3,1,H,2,0,H,,21,19,12,6,12,15,7,8,2,3,0,0
20/06/2020,Paderborn,M'gladbach,1,3,A,0,1,A,,11,22,1,10,11,13,3,5,4,2,1,0
20/06/2020,RB Leipzig,Dortmund,0,2,A,0,1,A,,16,11,5,7,13,7,4,1,3,3,0,0
20/06/2020,Schalke 04,Wolfsburg,1,4,A,0,1,A,,10,10,3,5,12,16,2,4,4,3,0,0
27/06/2020,Augsburg,RB Leipzig,1,2,A,0,1,A,,5,14,1,5,11,10,2,8,4,1,0,0
27/06/2020,Dortmund,Hoffenheim,0,4,A,0,2,A,,7,15,4,7,7,5,2,5,1,0,0,0
27/06/2020,Ein Frankfurt,Paderborn,3,2,H,2,0,H,,12,16,4,5,13,3,6,2,0,1,0,0
27/06/2020,Freiburg,Schalke 04,4,0,H,2,0,H,,15,21,8,5,14,5,1,5,1,0,0,0
27/06/2020,Leverkusen,Mainz,1,0,H,1,0,H,,13,6,2,1,10,10,11,4,1,1,0,0
27/06/2020,M'gladbach,Hertha,2,1,H,1,0,H,,22,4,8,2,7,15,3,3,1,2,0,0
27/06/2020,Union Berlin,Fortuna Dusseldorf,3,0,H,1,0,H,,11,25,7,4,15,6,6,10,0,1,0,0
27/06/2020,Werder Bremen,FC Koln,6,1,H,3,0,H,,18,6,9,2,22,16,7,5,1,2,0,0
27/06/2020,Wolfsburg,Bayern Munich,0,4,A,0,2,A,,11,17,4,11,13,9,3,6,3,0,1,0
18/09/2020,Bayern Munich,Schalke 04,8,0,H,3,0,H,,22,5,12,1,11,12,9,2,1,2,0,0
19/09/2020,Ein Frankfurt,Bielefeld,1,1,D,0,0,D,,18,14,6,4,14,13,14,3,2,2,0,0
19/09/2020,FC Koln,Hoffenheim,2,3,A,1,2,A,,13,13,6,7,12,13,1,6,0,0,0,0
19/09/2020,Stuttgart,Freiburg,2,3,A,0,2,A,,22,7,7,6,12,16,7,2,2,2,0,0
19/09/2020,Union Berlin,Augsburg,1,3,A,0,1,A,,13,9,3,5,9,9,8,1,2,0,0,0
19/09/2020,Werder Bremen,Hertha,1,4,A,0,2,A,,17,13,7,6,13,17,7,4,2,0,0,0
19/09/2020,Dortmund,M'gladbach,3,0,H,1,0,H,,9,8,4,2,10,9,1,3,1,1,0,0
20/09/2020,RB Leipzig,Mainz,3,1,H,2,0,H,,23,8,10,1,5,11,7,5,1,2,0,0
20/09/2020,Wolfsburg,Leverkusen,0,0,D,0,0,D,,9,6,1,2,13,12,4,4,1,2,0,0
25/09/2020,Hertha,Ein Frankfurt,1,3,A,0,2,A,,12,10,6,3,13,16,4,3,3,4,0,0
26/09/2020,Augsburg,Dortmund,2,0,H,1,0,H,,6,16,4,7,7,8,3,11,3,4,0,0
26/09/2020,Bielefeld,FC Koln,1,0,H,0,0,D,,7,12,3,2,12,15,4,7,3,3,0,0
26/09/2020,Leverkusen,RB Leipzig,1,1,D,1,1,D,,11,7,4,2,16,10,4,1,1,3,0,0
26/09/2020,Mainz,Stuttgart,1,4,A,1,1,D,,11,15,3,7,10,17,3,9,2,4,1,1
26/09/2020,M'gladbach,Union Berlin,1,1,D,0,0,D,,14,15,5,2,11,15,7,5,1,2,0,0
26/09/2020,Schalke 04,Werder Bremen,1,3,A,0,2,A,,17,17,4,8,20,14,8,3,7,2,1,0
27/09/2020,Hoffenheim,Bayern Munich,4,1,H,2,1,H,,17,14,8,2,15,11,3,5,3,2,0,0
27/09/2020,Freiburg,Wolfsburg,1,1,D,1,1,D,,21,8,7,2,10,13,9,1,0,3,0,0
02/10/2020,Union Berlin,Mainz,4,0,H,1,0,H,,13,5,7,0,13,11,4,2,1,4,0,0
03/10/2020,Dortmund,Freiburg,4,0,H,1,0,H,,16,6,7,2,8,12,3,2,1,1,0,0
03/10/2020,Ein Frankfurt,Hoffenheim,2,1,H,0,1,A,,16,11,6,4,12,8,5,7,2,3,0,0
03/10/2020,FC Koln,M'gladbach,1,3,A,0,2,A,,8,17,3,11,16,12,4,10,3,3,0,0
03/10/2020,Stuttgart,Leverkusen,1,1,D,0,1,A,,11,15,2,7,8,17,7,12,3,2,0,0
03/10/2020,Werder Bremen,Bielefeld,1,0,H,1,0,H,,7,10,2,5,12,16,2,1,2,2,0,0
03/10/2020,RB Leipzig,Schalke 04,4,0,H,3,0,H,,21,4,7,1,13,10,8,1,1,3,0,0
04/10/2020,Wolfsburg,Augsburg,0,0,D,0,0,D,,17,9,6,1,7,13,12,2,0,1,0,0
04/10/2020,Bayern Munich,Hertha,4,3,H,1,0,H,,22,9,9,5,13,19,6,1,3,3,0,0
17/10/2020,Augsburg,RB Leipzig,0,2,A,0,1,A,,6,15,2,6,9,13,5,8,0,1,0,0
17/10/2020,Freiburg,Werder Bremen,1,1,D,1,1,D,,19,14,4,4,10,14,4,4,3,3,0,0
17/10/2020,Hertha,Stuttgart,0,2,A,0,1,A,,16,7,4,2,14,10,6,4,2,2,0,0
17/10/2020,Hoffenheim,Dortmund,0,1,A,0,0,D,,8,15,3,5,13,11,4,6,1,1,0,0
17/10/2020,Mainz,Leverkusen,0,1,A,0,1,A,,5,9,0,4,12,6,6,2,3,1,0,0
17/10/2020,Bielefeld,Bayern Munich,1,4,A,0,3,A,,11,16,5,10,6,6,6,10,1,0,0,1
17/10/2020,M'gladbach,Wolfsburg,1,1,D,0,0,D,,13,14,2,5,14,13,5,4,2,2,0,0
18/10/2020,FC Koln,Ein Frankfurt,1,1,D,0,1,A,,9,16,5,4,19,18,2,8,3,2,0,0
18/10/2020,Schalke 04,Union Berlin,1,1,D,0,0,D,,8,13,4,7,7,13,5,7,3,1,0,0
23/10/2020,Stuttgart,FC Koln,1,1,D,1,1,D,,9,14,4,4,11,13,3,5,2,5,0,0
24/10/2020,Bayern Munich,Ein Frankfurt,5,0,H,2,0,H,,20,9,10,2,11,12,10,2,3,0,0,0
24/10/2020,Mainz,M'gladbach,2,3,A,2,1,H,,15,21,7,12,18,11,3,7,5,3,0,0
24/10/2020,RB Leipzig,Hertha,2,1,H,1,1,D,,29,11,8,3,10,20,7,3,1,4,0,1
24/10/2020,Union Berlin,Freiburg,1,1,D,1,1,D,,22,8,7,4,9,14,4,2,1,4,0,0
24/10/2020,Dortmund,Schalke 04,3,0,H,0,0,D,,17,3,7,0,5,15,7,2,0,1,0,0
25/10/2020,Wolfsburg,Bielefeld,2,1,H,2,0,H,,14,8,4,1,12,10,4,3,2,1,0,0
25/10/2020,Werder Bremen,Hoffenheim,1,1,D,1,1,D,,5,15,2,6,10,20,1,4,2,2,0,0
26/10/2020,Leverkusen,Augsburg,3,1,H,1,0,H,,15,7,7,3,14,8,3,3,1,2,0,0
30/10/2020,Schalke 04,Stuttgart,1,1,D,1,0,H,,9,19,2,5,11,14,3,4,2,2,0,0
31/10/2020,Augsburg,Mainz,3,1,H,1,0,H,,14,8,7,4,12,10,4,1,5,1,0,0
31/10/2020,Bielefeld,Dortmund,0,2,A,0,0,D,,5,21,2,10,12,13,0,12,1,1,0,0
31/10/2020,Ein Frankfurt,Werder Bremen,1,1,D,0,0,D,,14,9,5,4,12,14,5,3,1,3,0,0
31/10/2020,FC Koln,Bayern Munich,1,2,A,0,2,A,,9,7,2,5,12,13,5,1,1,2,0,0
31/10/2020,M'gladbach,RB Leipzig,1,0,H,0,0,D,,5,15,4,3,13,17,2,4,2,4,0,0
01/11/2020,Freiburg,Leverkusen,2,4,A,1,2,A,,8,18,5,7,10,11,4,6,2,2,0,0
01/11/2020,Hertha,Wolfsburg,1,1,D,1,1,D,,18,11,5,4,8,15,8,6,3,1,0,0
02/11/2020,Hoffenheim,Union Berlin,1,3,A,0,0,D,,10,9,5,6,19,13,3,6,1,2,1,0
06/11/2020,Werder Bremen,FC Koln,1,1,D,0,0,D,,18,8,4,1,20,20,1,3,2,2,0,0
07/11/2020,Augsburg,Hertha,0,3,A,0,1,A,,10,12,2,6,12,10,2,6,3,0,0,0
07/11/2020,Mainz,Schalke 04,2,2,D,2,1,H,,14,22,7,3,19,13,4,9,1,1,0,0
07/11/2020,RB Leipzig,Freiburg,3,0,H,1,0,H,,15,8,7,3,14,14,3,4,2,3,0,0
07/11/2020,Stuttgart,Ein Frankfurt,2,2,D,2,0,H,,16,15,5,8,14,16,10,8,2,4,0,0
07/11/2020,Union Berlin,Bielefeld,5,0,H,3,0,H,,9,5,8,1,17,9,5,1,0,1,0,0
07/11/2020,Dortmund,Bayern Munich,2,3,A,1,1,D,,15,16,5,8,15,7,4,3,2,2,0,0
08/11/2020,Wolfsburg,Hoffenheim,2,1,H,2,0,H,,14,17,8,5,15,14,3,7,1,3,0,0
08/11/2020,Leverkusen,M'gladbach,4,3,H,2,2,D,,15,15,5,6,15,12,6,2,4,2,0,0
21/11/2020,Bayern Munich,Werder Bremen,1,1,D,0,1,A,,15,9,3,4,10,10,7,3,1,3,0,0
21/11/2020,Bielefeld,Leverkusen,1,2,A,0,1,A,,1,10,1,4,6,10,0,10,0,1,0,0
21/11/2020,Hoffenheim,Stuttgart,3,3,D,1,2,A,,13,20,8,9,15,18,3,4,3,2,0,0
21/11/2020,M'gladbach,Augsburg,1,1,D,1,0,H,,15,10,6,5,7,12,2,1,1,4,0,1
21/11/2020,Schalke 04,Wolfsburg,0,2,A,0,2,A,,13,19,6,8,12,11,6,4,0,1,0,0
21/11/2020,Ein Frankfurt,RB Leipzig,1,1,D,1,0,H,,8,10,3,3,18,12,5,6,3,2,0,0
21/11/2020,Hertha,Dortmund,2,5,A,1,0,H,,9,15,3,8,12,17,4,3,1,1,0,0
22/11/2020,Freiburg,Mainz,1,3,A,0,3,A,,19,22,6,8,6,12,9,4,0,1,0,0
22/11/2020,FC Koln,Union Berlin,1,2,A,1,1,D,,10,10,4,3,12,15,5,4,1,2,0,0
27/11/2020,Wolfsburg,Werder Bremen,5,3,H,3,2,H,,12,5,6,4,12,12,0,5,2,3,0,1
28/11/2020,Augsburg,Freiburg,1,1,D,0,0,D,,10,10,2,5,15,8,4,1,3,1,0,0
28/11/2020,Dortmund,FC Koln,1,2,A,0,1,A,,14,7,4,5,11,10,6,2,1,2,0,0
28/11/2020,RB Leipzig,Bielefeld,2,1,H,1,0,H,,15,13,7,3,13,15,6,7,2,2,0,0
28/11/2020,Stuttgart,Bayern Munich,1,3,A,1,2,A,,15,14,4,6,11,13,4,3,0,0,0,0
28/11/2020,Union Berlin,Ein Frankfurt,3,3,D,2,2,D,,15,12,7,5,12,16,4,5,2,3,0,0
28/11/2020,M'gladbach,Schalke 04,4,1,H,2,1,H,,19,13,9,2,8,14,5,4,2,3,0,0
29/11/2020,Leverkusen,Hertha,0,0,D,0,0,D,,14,5,2,3,16,19,6,1,2,1,0,0
29/11/2020,Mainz,Hoffenheim,1,1,D,1,0,H,,10,9,4,5,16,10,11,5,0,0,0,1
04/12/2020,Hertha,Union Berlin,3,1,H,0,1,A,,10,4,7,1,15,9,9,2,1,3,0,1
05/12/2020,Bielefeld,Mainz,2,1,H,2,0,H,,11,15,5,5,16,18,2,3,3,2,0,0
05/12/2020,Ein Frankfurt,Dortmund,1,1,D,1,0,H,,9,16,1,5,14,6,6,5,6,1,0,0
05/12/2020,FC Koln,Wolfsburg,2,2,D,2,1,H,,6,16,3,6,12,11,3,8,0,1,0,0
05/12/2020,Freiburg,M'gladbach,2,2,D,1,1,D,,22,11,7,4,12,19,5,5,1,2,0,0
05/12/2020,Bayern Munich,RB Leipzig,3,3,D,2,2,D,,10,8,6,4,5,8,10,2,0,1,0,0
06/12/2020,Werder Bremen,Stuttgart,1,2,A,0,1,A,,14,11,4,7,10,15,2,4,4,4,0,0
06/12/2020,Schalke 04,Leverkusen,0,3,A,0,1,A,,13,24,4,9,17,11,2,8,2,3,0,0
07/12/2020,Hoffenheim,Augsburg,3,1,H,1,1,D,,10,13,7,3,15,9,4,3,0,1,0,0
11/12/2020,Wolfsburg,Ein Frankfurt,2,1,H,0,0,D,,16,7,8,4,10,12,8,1,5,2,0,0
12/12/2020,Dortmund,Stuttgart,1,5,A,1,1,D,,12,18,4,10,11,13,8,2,2,3,0,0
12/12/2020,Freiburg,Bielefeld,2,0,H,0,0,D,,16,5,7,1,16,13,5,4,3,0,0,0
12/12/2020,Mainz,FC Koln,0,1,A,0,0,D,,15,9,4,6,15,11,5,3,4,4,0,1
12/12/2020,M'gladbach,Hertha,1,1,D,0,0,D,,17,9,4,3,9,18,13,2,3,2,0,0
12/12/2020,RB Leipzig,Werder Bremen,2,0,H,2,0,H,,15,7,7,2,17,12,1,6,3,1,0,0
12/12/2020,Union Berlin,Bayern Munich,1,1,D,1,0,H,,13,15,6,5,17,8,4,7,3,2,0,0
13/12/2020,Augsburg,Schalke 04,2,2,D,1,0,H,,8,15,4,4,17,13,2,3,3,4,1,0
13/12/2020,Leverkusen,Hoffenheim,4,1,H,2,0,H,,13,11,8,4,12,13,6,5,3,6,0,2
15/12/2020,Ein Frankfurt,M'gladbach,3,3,D,3,1,H,,11,8,4,4,18,15,4,5,6,4,1,0
15/12/2020,Hertha,Mainz,0,0,D,0,0,D,,9,5,0,0,17,11,5,4,3,1,0,0
15/12/2020,Stuttgart,Union Berlin,2,2,D,0,1,A,,13,15,6,6,15,14,2,3,3,3,0,0
15/12/2020,Werder Bremen,Dortmund,1,2,A,1,1,D,,7,15,3,9,10,13,4,4,3,2,0,0
16/12/2020,Schalke 04,Freiburg,0,2,A,0,0,D,,10,11,2,5,15,9,2,3,2,1,0,0
16/12/2020,Bayern Munich,Wolfsburg,2,1,H,1,1,D,,13,17,2,7,14,16,7,7,3,1,0,0
16/12/2020,Bielefeld,Augsburg,0,1,A,0,0,D,,12,8,2,2,14,15,1,3,1,2,0,0
16/12/2020,FC Koln,Leverkusen,0,4,A,0,2,A,,7,14,1,7,12,12,2,6,1,1,0,0
16/12/2020,Hoffenheim,RB Leipzig,0,1,A,0,0,D,,7,4,3,3,16,14,5,5,2,0,0,0
18/12/2020,Union Berlin,Dortmund,2,1,H,0,0,D,,12,16,5,4,9,7,8,6,1,1,0,0
19/12/2020,Augsburg,Ein Frankfurt,0,2,A,0,0,D,,15,15,4,6,9,10,2,4,1,4,0,0
19/12/2020,Mainz,Werder Bremen,0,1,A,0,0,D,,9,13,1,7,15,11,2,5,2,2,0,0
19/12/2020,M'gladbach,Hoffenheim,1,2,A,1,0,H,,15,14,5,5,13,22,3,3,1,3,1,0
19/12/2020,RB Leipzig,FC Koln,0,0,D,0,0,D,,14,4,6,1,11,8,8,2,1,0,0,0
19/12/2020,Schalke 04,Bielefeld,0,1,A,0,0,D,,11,8,5,3,17,19,1,6,6,5,0,0
19/12/2020,Leverkusen,Bayern Munich,1,2,A,1,1,D,,8,14,3,3,13,6,5,7,1,1,0,0
20/12/2020,Freiburg,Hertha,4,1,H,1,0,H,,17,10,9,3,9,16,7,3,0,0,0,0
20/12/2020,Wolfsburg,Stuttgart,1,0,H,0,0,D,,13,9,4,1,15,7,4,6,2,3,0,0
02/01/2021,Bielefeld,M'gladbach,0,1,A,0,0,D,,7,22,0,7,8,7,3,14,2,1,0,0
02/01/2021,Ein Frankfurt,Leverkusen,2,1,H,1,1,D,,10,10,4,2,9,6,2,7,0,0,0,0
02/01/2021,FC Koln,Augsburg,0,1,A,0,0,D,,12,11,2,4,20,12,8,3,2,3,0,0
02/01/2021,Hoffenheim,Freiburg,1,3,A,0,3,A,,13,7,6,4,14,22,8,3,2,2,0,0
02/01/2021,Werder Bremen,Union Berlin,0,2,A,0,2,A,,10,9,2,2,15,14,6,5,2,4,0,0
02/01/2021,Hertha,Schalke 04,3,0,H,1,0,H,,20,10,10,4,11,18,9,5,2,2,0,0
02/01/2021,Stuttgart,RB Leipzig,0,1,A,0,0,D,,10,22,1,9,10,10,3,6,2,1,0,0
03/01/2021,Dortmund,Wolfsburg,2,0,H,0,0,D,,14,22,7,5,9,12,10,5,3,1,0,0
03/01/2021,Bayern Munich,Mainz,5,2,H,0,2,A,,19,12,12,7,11,9,10,2,2,1,0,0
08/01/2021,M'gladbach,Bayern Munich,3,2,H,2,2,D,,8,15,4,4,9,11,3,8,1,1,0,0
09/01/2021,Freiburg,FC Koln,5,0,H,2,0,H,,12,5,6,2,14,10,1,3,0,0,0,0
09/01/2021,Leverkusen,Werder Bremen,1,1,D,0,0,D,,12,3,3,1,22,13,3,1,2,2,0,0
09/01/2021,Mainz,Ein Frankfurt,0,2,A,0,1,A,,8,15,0,7,17,15,3,7,2,1,0,0
09/01/2021,Schalke 04,Hoffenheim,4,0,H,1,0,H,,12,18,5,5,14,13,5,4,2,4,0,0
09/01/2021,Union Berlin,Wolfsburg,2,2,D,1,1,D,,13,11,6,5,16,13,5,3,3,1,0,1
09/01/2021,RB Leipzig,Dortmund,1,3,A,0,0,D,,12,15,4,7,8,12,3,3,0,2,0,0
10/01/2021,Augsburg,Stuttgart,1,4,A,0,2,A,,14,27,4,11,7,12,4,11,3,2,1,0
10/01/2021,Bielefeld,Hertha,1,0,H,0,0,D,,12,10,2,6,8,18,8,3,1,1,0,0
15/01/2021,Union Berlin,Leverkusen,1,0,H,0,0,D,,10,12,2,4,9,10,2,3,1,2,0,0
16/01/2021,Dortmund,Mainz,1,1,D,0,0,D,,17,8,7,3,10,19,1,2,1,2,0,0
16/01/2021,FC Koln,Hertha,0,0,D,0,0,D,,8,14,2,3,13,19,5,4,2,3,0,0
16/01/2021,Hoffenheim,Bielefeld,0,0,D,0,0,D,,11,8,5,2,9,21,5,3,1,1,0,0
16/01/2021,Werder Bremen,Augsburg,2,0,H,0,0,D,,10,6,5,2,10,18,4,4,0,1,0,0
16/01/2021,Wolfsburg,RB Leipzig,2,2,D,2,1,H,,8,13,2,9,16,9,6,6,4,3,0,0
16/01/2021,Stuttgart,M'gladbach,2,2,D,0,1,A,,19,8,7,5,11,20,5,2,2,3,0,0
17/01/2021,Bayern Munich,Freiburg,2,1,H,1,0,H,,25,8,9,3,4,14,14,3,1,2,0,0
17/01/2021,Ein Frankfurt,Schalke 04,3,1,H,1,1,D,,20,5,11,1,8,10,8,2,0,1,0,0
19/01/2021,M'gladbach,Werder Bremen,1,0,H,0,0,D,,11,11,6,2,15,11,7,5,2,2,0,0
19/01/2021,Hertha,Hoffenheim,0,3,A,0,1,A,,13,11,2,6,16,16,3,2,1,1,0,0
19/01/2021,Leverkusen,Dortmund,2,1,H,1,0,H,,23,15,13,3,13,8,6,5,2,2,0,0
19/01/2021,Mainz,Wolfsburg,0,2,A,0,0,D,,8,8,0,2,17,15,2,5,1,2,0,0
20/01/2021,Schalke 04,FC Koln,1,2,A,0,1,A,,15,12,8,4,7,11,5,8,2,1,0,0
20/01/2021,Augsburg,Bayern Munich,0,1,A,0,1,A,,9,17,0,4,15,11,5,7,2,0,0,0
20/01/2021,Bielefeld,Stuttgart,3,0,H,1,0,H,,9,11,3,3,9,9,2,6,1,0,0,0
20/01/2021,Freiburg,Ein Frankfurt,2,2,D,1,1,D,,11,17,4,4,10,15,4,5,3,3,0,0
20/01/2021,RB Leipzig,Union Berlin,1,0,H,0,0,D,,15,4,5,1,6,11,5,1,1,1,0,0
22/01/2021,M'gladbach,Dortmund,4,2,H,2,2,D,,10,16,7,7,9,9,3,7,1,0,0,0
23/01/2021,Augsburg,Union Berlin,2,1,H,1,1,D,,8,9,4,5,13,21,2,3,3,1,0,0
23/01/2021,Bielefeld,Ein Frankfurt,1,5,A,1,3,A,,8,15,4,8,14,22,0,8,2,2,0,0
23/01/2021,Freiburg,Stuttgart,2,1,H,2,1,H,,9,27,4,11,20,12,3,5,2,0,0,0
23/01/2021,Leverkusen,Wolfsburg,0,1,A,0,1,A,,10,8,4,4,13,7,6,2,1,1,0,0
23/01/2021,Mainz,RB Leipzig,3,2,H,2,2,D,,10,12,4,5,13,16,3,9,2,4,0,0
23/01/2021,Hertha,Werder Bremen,1,4,A,1,2,A,,18,7,10,5,16,12,7,1,2,3,0,0
24/01/2021,Schalke 04,Bayern Munich,0,4,A,0,1,A,,14,32,4,14,5,9,3,7,1,1,0,0
24/01/2021,Hoffenheim,FC Koln,3,0,H,2,0,H,,13,13,4,4,8,13,6,9,2,3,0,0
29/01/2021,Stuttgart,Mainz,2,0,H,0,0,D,,9,10,3,2,9,20,2,4,1,4,0,0
30/01/2021,Bayern Munich,Hoffenheim,4,1,H,2,1,H,,15,15,9,5,10,8,10,4,1,0,0,0
30/01/2021,Dortmund,Augsburg,3,1,H,1,1,D,,14,5,5,1,12,11,10,1,0,1,0,0
30/01/2021,Ein Frankfurt,Hertha,3,1,H,0,0,D,,17,11,8,4,17,14,4,7,1,4,0,0
30/01/2021,Union Berlin,M'gladbach,1,1,D,1,0,H,,13,12,3,4,12,13,2,9,1,3,0,0
30/01/2021,Werder Bremen,Schalke 04,1,1,D,0,1,A,,15,6,6,1,11,20,6,1,0,4,0,0
30/01/2021,RB Leipzig,Leverkusen,1,0,H,0,0,D,,16,8,2,4,11,15,6,6,2,2,0,0
31/01/2021,FC Koln,Bielefeld,3,1,H,2,0,H,,14,9,7,3,15,17,3,5,2,1,0,0
31/01/2021,Wolfsburg,Freiburg,3,0,H,2,0,H,,12,9,6,2,13,10,5,10,0,0,0,0
05/02/2021,Hertha,Bayern Munich,0,1,A,0,1,A,,11,17,7,7,12,15,3,11,2,1,0,0
06/02/2021,Augsburg,Wolfsburg,0,2,A,0,1,A,,9,17,1,9,10,15,7,4,2,0,0,0
06/02/2021,Freiburg,Dortmund,2,1,H,0,0,D,,6,16,3,5,12,12,1,1,1,2,0,0
06/02/2021,Leverkusen,Stuttgart,5,2,H,2,0,H,,25,14,11,7,12,9,4,4,0,0,0,0
06/02/2021,Mainz,Union Berlin,1,0,H,1,0,H,,9,10,5,3,12,11,3,1,2,5,0,1
06/02/2021,Schalke 04,RB Leipzig,0,3,A,0,1,A,,3,24,1,10,14,16,1,7,2,1,0,0
06/02/2021,M'gladbach,FC Koln,1,2,A,1,1,D,,10,7,2,3,17,11,4,1,4,2,0,0
07/02/2021,Hoffenheim,Ein Frankfurt,1,3,A,0,1,A,,8,9,2,5,15,12,4,7,0,3,0,0
12/02/2021,RB Leipzig,Augsburg,2,1,H,2,0,H,,16,4,6,2,23,15,3,4,3,5,0,0
13/02/2021,Dortmund,Hoffenheim,2,2,D,1,1,D,,6,12,3,6,21,16,1,7,3,7,0,0
13/02/2021,Leverkusen,Mainz,2,2,D,1,0,H,,11,19,5,6,13,17,2,2,5,1,0,0
13/02/2021,Stuttgart,Hertha,1,1,D,1,0,H,,11,11,3,3,21,17,1,5,2,2,0,0
13/02/2021,Werder Bremen,Freiburg,0,0,D,0,0,D,,12,8,4,2,4,20,4,1,0,2,0,0
13/02/2021,Union Berlin,Schalke 04,0,0,D,0,0,D,,19,6,3,1,14,15,1,6,3,2,0,0
14/02/2021,Ein Frankfurt,FC Koln,2,0,H,0,0,D,,17,6,7,1,14,4,7,2,3,1,0,0
14/02/2021,Wolfsburg,M'gladbach,0,0,D,0,0,D,,18,12,6,4,10,11,9,6,1,3,0,0
15/02/2021,Bayern Munich,Bielefeld,3,3,D,0,2,A,,19,7,11,3,7,13,5,2,1,1,0,0
19/02/2021,Bielefeld,Wolfsburg,0,3,A,0,1,A,,7,11,2,6,10,14,3,8,0,2,0,0
20/02/2021,Ein Frankfurt,Bayern Munich,2,1,H,2,0,H,,12,22,6,6,12,7,6,10,2,1,0,0
20/02/2021,FC Koln,Stuttgart,0,1,A,0,0,D,,9,9,0,3,15,10,0,6,2,1,0,0
20/02/2021,Freiburg,Union Berlin,0,1,A,0,0,D,,9,15,1,4,15,14,2,4,2,2,0,0
20/02/2021,M'gladbach,Mainz,1,2,A,1,1,D,,12,8,3,6,10,16,4,4,1,1,0,0
20/02/2021,Schalke 04,Dortmund,0,4,A,0,2,A,,13,9,2,6,9,13,4,2,2,2,0,0
21/02/2021,Augsburg,Leverkusen,1,1,D,1,0,H,,6,10,3,3,16,13,1,4,2,4,0,0
21/02/2021,Hertha,RB Leipzig,0,3,A,0,1,A,,8,14,4,7,10,8,3,4,1,1,0,0
21/02/2021,Hoffenheim,Werder Bremen,4,0,H,2,0,H,,12,3,6,1,16,12,6,3,2,2,0,0
26/02/2021,Werder Bremen,Ein Frankfurt,2,1,H,0,1,A,,9,13,5,4,9,15,2,8,4,3,0,0
27/02/2021,Bayern Munich,FC Koln,5,1,H,2,0,H,,15,6,7,3,7,9,4,4,2,1,0,0
27/02/2021,Dortmund,Bielefeld,3,0,H,0,0,D,,20,8,9,2,12,16,5,2,0,3,0,0
27/02/2021,Stuttgart,Schalke 04,5,1,H,3,1,H,,19,11,10,5,15,18,11,9,2,3,0,0
27/02/2021,Wolfsburg,Hertha,2,0,H,1,0,H,,11,7,2,2,15,14,3,5,5,0,1,0
27/02/2021,RB Leipzig,M'gladbach,3,2,H,0,2,A,,21,5,11,2,20,15,3,4,2,2,0,0
28/02/2021,Union Berlin,Hoffenheim,1,1,D,1,1,D,,4,15,1,4,13,12,3,4,0,2,0,0
28/02/2021,Mainz,Augsburg,0,1,A,0,1,A,,10,8,5,3,9,7,5,3,1,2,0,0
28/02/2021,Leverkusen,Freiburg,1,2,A,0,0,D,,21,6,5,3,12,11,8,3,2,3,0,0
05/03/2021,Schalke 04,Mainz,0,0,D,0,0,D,,2,19,2,2,10,16,2,6,2,2,0,0
06/03/2021,Ein Frankfurt,Stuttgart,1,1,D,0,0,D,,19,8,8,1,15,17,13,4,2,3,0,0
06/03/2021,Freiburg,RB Leipzig,0,3,A,0,1,A,,5,13,1,8,10,13,1,2,1,1,0,0
06/03/2021,Hertha,Augsburg,2,1,H,0,1,A,,17,7,7,4,15,13,6,1,2,3,0,0
06/03/2021,Hoffenheim,Wolfsburg,2,1,H,2,1,H,,9,17,4,5,13,15,2,6,2,4,0,1
06/03/2021,M'gladbach,Leverkusen,0,1,A,0,0,D,,7,13,3,5,6,10,7,8,0,2,0,0
06/03/2021,Bayern Munich,Dortmund,4,2,H,2,2,D,,25,4,9,3,8,13,6,0,1,1,0,0
07/03/2021,FC Koln,Werder Bremen,1,1,D,0,0,D,,16,11,4,5,13,10,9,3,2,0,0,0
07/03/2021,Bielefeld,Union Berlin,0,0,D,0,0,D,,5,7,3,3,9,5,3,3,0,0,0,0
10/03/2021,Bielefeld,Werder Bremen,0,2,A,0,0,D,,22,5,7,2,12,9,9,0,0,2,1,0
12/03/2021,Augsburg,M'gladbach,3,1,H,0,0,D,,10,28,3,7,6,10,1,10,0,0,0,0
13/03/2021,Mainz,Freiburg,1,0,H,0,0,D,,10,13,7,3,25,15,0,4,1,3,0,0
13/03/2021,Union Berlin,FC Koln,2,1,H,0,1,A,,13,9,8,5,20,13,6,6,2,3,0,0
13/03/2021,Werder Bremen,Bayern Munich,1,3,A,0,2,A,,9,22,4,6,5,9,3,8,1,0,0,0
13/03/2021,Wolfsburg,Schalke 04,5,0,H,1,0,H,,16,7,7,2,12,8,3,8,0,1,0,0
13/03/2021,Dortmund,Hertha,2,0,H,0,0,D,,14,4,4,0,6,11,7,0,1,1,0,1
14/03/2021,Leverkusen,Bielefeld,1,2,A,0,1,A,,20,10,8,5,16,9,9,5,2,1,0,0
14/03/2021,RB Leipzig,Ein Frankfurt,1,1,D,0,0,D,,14,5,8,2,14,21,4,3,2,3,0,0
14/03/2021,Stuttgart,Hoffenheim,2,0,H,1,0,H,,7,16,4,5,14,9,4,4,0,2,0,0
19/03/2021,Bielefeld,RB Leipzig,0,1,A,0,0,D,,5,20,0,8,10,12,1,7,2,1,0,0
20/03/2021,Bayern Munich,Stuttgart,4,0,H,4,0,H,,15,12,7,4,10,12,1,3,1,2,1,0
20/03/2021,Ein Frankfurt,Union Berlin,5,2,H,4,2,H,,9,24,5,8,9,10,2,4,1,2,0,0
20/03/2021,FC Koln,Dortmund,2,2,D,1,1,D,,10,13,2,4,4,12,5,2,1,1,0,0
20/03/2021,Werder Bremen,Wolfsburg,1,2,A,1,2,A,,11,16,4,5,15,15,3,9,3,1,0,0
20/03/2021,Schalke 04,M'gladbach,0,3,A,0,1,A,,4,21,1,7,8,8,2,7,1,2,0,0
21/03/2021,Hoffenheim,Mainz,1,2,A,1,2,A,,8,16,2,7,14,12,2,9,0,0,0,0
21/03/2021,Hertha,Leverkusen,3,0,H,3,0,H,,13,9,10,1,10,20,4,8,0,2,0,0
21/03/2021,Freiburg,Augsburg,2,0,H,0,0,D,,10,19,3,8,21,13,3,5,7,2,0,0
03/04/2021,Augsburg,Hoffenheim,2,1,H,2,0,H,,7,16,2,6,7,11,2,10,1,1,0,0
03/04/2021,Dortmund,Ein Frankfurt,1,2,A,1,1,D,,20,15,7,3,9,12,10,2,0,3,0,0
03/04/2021,Leverkusen,Schalke 04,2,1,H,1,0,H,,6,4,2,2,13,9,5,4,1,0,0,0
03/04/2021,Mainz,Bielefeld,1,1,D,0,0,D,,12,9,5,2,27,10,2,3,4,1,0,0
03/04/2021,Wolfsburg,FC Koln,1,0,H,0,0,D,,13,10,6,1,18,11,5,4,2,1,0,0
03/04/2021,RB Leipzig,Bayern Munich,0,1,A,0,1,A,,13,9,3,5,13,9,8,4,3,2,0,0
03/04/2021,M'gladbach,Freiburg,2,1,H,0,1,A,,19,7,5,4,11,14,0,3,1,3,0,0
04/04/2021,Stuttgart,Werder Bremen,1,0,H,0,0,D,,14,9,3,2,8,8,6,0,1,2,0,0
04/04/2021,Union Berlin,Hertha,1,1,D,1,1,D,,11,4,3,1,13,12,2,3,2,4,0,0
09/04/2021,Bielefeld,Freiburg,1,0,H,0,0,D,,14,10,4,2,8,10,4,2,3,2,0,0
10/04/2021,Bayern Munich,Union Berlin,1,1,D,0,0,D,,14,6,2,2,10,12,8,1,2,0,0,0
10/04/2021,Ein Frankfurt,Wolfsburg,4,3,H,2,1,H,,9,20,5,7,11,13,3,7,3,2,0,0
10/04/2021,Hertha,M'gladbach,2,2,D,1,2,A,,24,7,8,4,12,17,11,3,2,1,0,1
10/04/2021,Werder Bremen,RB Leipzig,1,4,A,0,3,A,,11,8,2,4,13,10,2,2,0,0,0,0
10/04/2021,Stuttgart,Dortmund,2,3,A,1,0,H,,13,18,3,7,13,11,3,8,4,2,0,0
11/04/2021,Schalke 04,Augsburg,1,0,H,1,0,H,,7,13,2,4,10,14,4,6,0,2,0,0
11/04/2021,FC Koln,Mainz,2,3,A,1,1,D,,22,9,4,6,14,14,2,5,2,1,0,0
12/04/2021,Hoffenheim,Leverkusen,0,0,D,0,0,D,,2,7,0,5,14,12,1,1,1,1,0,0
16/04/2021,RB Leipzig,Hoffenheim,0,0,D,0,0,D,,14,6,2,0,14,13,4,1,0,2,0,0
17/04/2021,Augsburg,Bielefeld,0,0,D,0,0,D,,9,8,3,1,10,9,7,3,4,1,0,0
17/04/2021,Freiburg,Schalke 04,4,0,H,2,0,H,,13,4,8,2,15,12,3,4,2,1,0,0
17/04/2021,M'gladbach,Ein Frankfurt,4,0,H,1,0,H,,19,16,4,5,11,10,7,8,2,4,0,0
17/04/2021,Union Berlin,Stuttgart,2,1,H,2,0,H,,9,9,4,2,15,12,4,4,2,3,0,0
17/04/2021,Wolfsburg,Bayern Munich,2,3,A,1,3,A,,7,14,3,9,16,8,6,5,2,1,0,0
17/04/2021,Leverkusen,FC Koln,3,0,H,1,0,H,,8,14,5,2,12,12,2,3,1,1,0,0
18/04/2021,Dortmund,Werder Bremen,4,1,H,3,1,H,,19,10,9,3,8,14,7,4,1,4,0,0
20/04/2021,FC Koln,RB Leipzig,2,1,H,0,0,D,,5,23,3,6,9,16,0,8,2,3,0,0
20/04/2021,Bayern Munich,Leverkusen,2,0,H,2,0,H,,26,6,9,3,6,14,7,3,0,0,0,0
20/04/2021,Bielefeld,Schalke 04,1,0,H,0,0,D,,10,3,5,0,14,12,4,2,3,5,0,1
20/04/2021,Ein Frankfurt,Augsburg,2,0,H,1,0,H,,12,14,4,4,18,8,7,5,3,1,0,0
21/04/2021,Dortmund,Union Berlin,2,0,H,1,0,H,,21,6,11,2,12,10,4,3,2,1,0,0
21/04/2021,Hoffenheim,M'gladbach,3,2,H,0,2,A,,19,5,6,3,9,5,5,4,3,0,0,0
21/04/2021,Stuttgart,Wolfsburg,1,3,A,0,2,A,,11,13,4,4,12,11,4,1,3,0,0,0
21/04/2021,Werder Bremen,Mainz,0,1,A,0,1,A,,18,13,4,5,7,13,10,4,1,2,0,0
23/04/2021,Augsburg,FC Koln,2,3,A,0,3,A,,13,14,5,6,17,13,6,3,2,3,0,0
24/04/2021,Freiburg,Hoffenheim,1,1,D,0,1,A,,15,16,7,4,10,12,6,5,1,2,0,0
24/04/2021,Mainz,Bayern Munich,2,1,H,2,0,H,,8,17,4,4,12,15,2,3,3,4,0,0
24/04/2021,Union Berlin,Werder Bremen,3,1,H,0,0,D,,17,9,6,5,10,8,11,2,0,0,0,0
24/04/2021,Wolfsburg,Dortmund,0,2,A,0,1,A,,21,8,2,4,10,12,10,2,1,3,0,1
24/04/2021,Leverkusen,Ein Frankfurt,3,1,H,0,0,D,,18,12,10,4,9,8,5,6,1,1,0,0
25/04/2021,RB Leipzig,Stuttgart,2,0,H,0,0,D,,24,2,11,0,19,8,10,1,2,0,0,1
25/04/2021,M'gladbach,Bielefeld,5,0,H,3,0,H,,20,10,12,5,11,8,4,1,1,1,0,0
03/05/2021,Mainz,Hertha,1,1,D,1,1,D,,16,7,9,5,18,13,6,4,2,3,0,0
06/05/2021,Hertha,Freiburg,3,0,H,2,0,H,,13,15,6,4,10,13,4,6,4,3,0,0
07/05/2021,Stuttgart,Augsburg,2,1,H,1,0,H,,14,20,6,9,14,12,2,12,0,0,0,0
08/05/2021,Dortmund,RB Leipzig,3,2,H,1,0,H,,15,14,4,7,8,13,7,7,1,1,0,0
08/05/2021,Hoffenheim,Schalke 04,4,2,H,0,2,A,,20,6,12,3,11,12,9,3,1,2,0,0
08/05/2021,Werder Bremen,Leverkusen,0,0,D,0,0,D,,13,14,2,4,9,14,4,6,3,2,1,0
08/05/2021,Wolfsburg,Union Berlin,3,0,H,1,0,H,,17,9,8,1,9,9,4,3,1,0,0,0
08/05/2021,Bayern Munich,M'gladbach,6,0,H,4,0,H,,22,14,7,2,3,9,5,3,0,2,1,0
09/05/2021,FC Koln,Freiburg,1,4,A,0,2,A,,18,11,2,6,15,16,3,2,2,2,0,0
09/05/2021,Ein Frankfurt,Mainz,1,1,D,0,1,A,,14,6,4,3,10,14,8,2,2,0,0,0
09/05/2021,Hertha,Bielefeld,0,0,D,0,0,D,,11,12,4,5,13,9,4,3,3,4,0,0
12/05/2021,Schalke 04,Hertha,1,2,A,1,1,D,,12,18,1,6,9,11,1,7,3,5,0,1
15/05/2021,Augsburg,Werder Bremen,2,0,H,0,0,D,,15,16,7,5,12,17,5,5,3,3,1,1
15/05/2021,Bielefeld,Hoffenheim,1,1,D,1,1,D,,17,7,6,3,5,8,10,4,1,2,0,0
15/05/2021,Freiburg,Bayern Munich,2,2,D,1,1,D,,13,16,4,6,10,13,4,8,1,2,0,0
15/05/2021,Hertha,FC Koln,0,0,D,0,0,D,,1,11,1,3,11,12,1,5,2,2,0,0
15/05/2021,Leverkusen,Union Berlin,1,1,D,1,0,H,,9,15,4,6,9,16,4,5,2,2,0,0
15/05/2021,M'gladbach,Stuttgart,1,2,A,1,0,H,,9,11,4,7,14,14,2,1,2,4,0,0
15/05/2021,Schalke 04,Ein Frankfurt,4,3,H,1,1,D,,11,24,6,9,9,11,1,13,0,2,0,0
16/05/2021,Mainz,Dortmund,1,3,A,0,2,A,,9,13,5,4,9,11,4,2,0,0,0,0
16/05/2021,RB Leipzig,Wolfsburg,2,2,D,0,2,A,,14,12,4,4,13,15,11,3,3,3,0,0
22/05/2021,Bayern Munich,Augsburg,5,2,H,4,0,H,,24,9,13,5,6,9,10,2,1,1,0,0
22/05/2021,Dortmund,Leverkusen,3,1,H,1,0,H,,10,16,4,7,6,8,3,6,0,0,0,0
22/05/2021,Ein Frankfurt,Freiburg,3,1,H,0,0,D,,18,11,11,6,7,10,8,1,1,0,0,0
22/05/2021,FC Koln,Schalke 04,1,0,H,0,0,D,,20,7,10,1,14,12,8,4,1,2,0,0
22/05/2021,Hoffenheim,Hertha,2,1,H,0,1,A,,21,9,5,5,8,5,4,3,0,0,0,0
22/05/2021,Stuttgart,Bielefeld,0,2,A,0,0,D,,11,11,0,3,12,11,3,6,1,0,0,0
22/05/2021,Union Berlin,RB Leipzig,2,1,H,0,0,D,,11,17,5,7,15,10,7,3,2,1,0,0
22/05/2021,Werder Bremen,M'gladbach,2,4,A,0,1,A,,16,15,8,8,19,12,3,5,1,2,0,0
22/05/2021,Wolfsburg,Mainz,2,3,A,0,1,A,,16,14,5,8,12,19,7,7,3,3,0,0
13/08/2021,M'gladbach,Bayern Munich,1,1,D,1,1,D,,11,20,5,10,7,4,3,8,2,0,0,0
14/08/2021,Augsburg,Hoffenheim,0,4,A,0,1,A,,7,15,0,8,8,9,6,5,1,2,0,0
14/08/2021,Bielefeld,Freiburg,0,0,D,0,0,D,,10,14,4,6,13,10,4,9,3,4,0,0
14/08/2021,Stuttgart,Greuther Furth,5,1,H,2,0,H,,30,8,15,4,11,8,9,2,0,1,0,0
14/08/2021,Union Berlin,Leverkusen,1,1,D,1,1,D,,8,16,5,4,13,5,1,6,0,1,0,0
14/08/2021,Wolfsburg,Bochum,1,0,H,1,0,H,,21,7,9,1,9,7,5,2,0,2,0,1
14/08/2021,Dortmund,Ein Frankfurt,5,2,H,3,1,H,,12,12,7,3,5,14,7,3,0,0,0,0
15/08/2021,Mainz,RB Leipzig,1,0,H,1,0,H,,7,15,2,2,10,8,5,11,1,2,0,0
15/08/2021,FC Koln,Hertha,3,1,H,1,1,D,,15,11,5,5,18,14,4,5,4,2,0,0
20/08/2021,RB Leipzig,Stuttgart,4,0,H,1,0,H,,26,11,11,5,10,11,6,2,0,3,0,0
21/08/2021,Bochum,Mainz,2,0,H,1,0,H,,9,16,5,3,15,19,2,7,4,3,0,0
21/08/2021,Ein Frankfurt,Augsburg,0,0,D,0,0,D,,20,4,5,0,8,10,6,1,3,3,0,0
21/08/2021,Freiburg,Dortmund,2,1,H,1,0,H,,8,19,4,2,14,14,0,10,1,4,0,0
21/08/2021,Greuther Furth,Bielefeld,1,1,D,0,1,A,,20,9,5,2,12,15,5,0,4,2,0,1
21/08/2021,Hertha,Wolfsburg,1,2,A,0,0,D,,12,12,4,3,12,21,4,4,1,2,0,0
21/08/2021,Leverkusen,M'gladbach,4,0,H,2,0,H,,13,11,6,6,9,11,7,3,4,2,0,0
22/08/2021,Hoffenheim,Union Berlin,2,2,D,2,1,H,,7,11,3,8,8,11,6,5,1,3,0,1
22/08/2021,Bayern Munich,FC Koln,3,2,H,0,0,D,,18,10,6,3,14,10,3,4,1,1,0,0
27/08/2021,Dortmund,Hoffenheim,3,2,H,0,0,D,,23,9,13,5,9,12,4,7,2,3,0,0
28/08/2021,Augsburg,Leverkusen,1,4,A,1,2,A,,13,13,4,5,12,10,4,4,0,1,0,0
28/08/2021,Bielefeld,Ein Frankfurt,1,1,D,0,1,A,,14,12,5,3,13,17,4,4,0,3,0,0
28/08/2021,FC Koln,Bochum,2,1,H,0,0,D,,21,10,5,1,11,21,5,5,2,1,0,0
28/08/2021,Mainz,Greuther Furth,3,0,H,2,0,H,,17,8,9,1,21,14,7,4,2,2,0,0
28/08/2021,Stuttgart,Freiburg,2,3,A,2,3,A,,17,14,7,7,10,14,8,5,2,1,0,0
28/08/2021,Bayern Munich,Hertha,5,0,H,2,0,H,,17,8,6,3,4,5,8,3,0,0,0,0
29/08/2021,Union Berlin,M'gladbach,2,1,H,2,0,H,,12,18,4,5,15,6,4,8,2,0,0,0
29/08/2021,Wolfsburg,RB Leipzig,1,0,H,0,0,D,,8,12,2,2,13,18,7,7,4,2,0,0
11/09/2021,Freiburg,FC Koln,1,1,D,0,1,A,,10,15,3,5,14,12,4,2,1,3,0,1
11/09/2021,Greuther Furth,Wolfsburg,0,2,A,0,1,A,,7,10,3,4,17,15,3,5,2,3,0,0
11/09/2021,Hoffenheim,Mainz,0,2,A,0,1,A,,12,11,0,4,15,16,4,5,2,1,0,0
11/09/2021,Leverkusen,Dortmund,3,4,A,2,1,H,,11,15,5,7,10,11,4,3,4,3,0,0
11/09/2021,Union Berlin,Augsburg,0,0,D,0,0,D,,15,13,6,6,10,12,6,4,1,2,0,0
11/09/2021,RB Leipzig,Bayern Munich,1,4,A,0,1,A,,10,18,4,6,9,13,2,6,0,0,0,0
12/09/2021,Ein Frankfurt,Stuttgart,1,1,D,0,0,D,,18,9,5,3,13,12,6,6,1,4,0,1
12/09/2021,Bochum,Hertha,1,3,A,0,2,A,,19,5,5,4,9,17,7,2,0,3,0,0
12/09/2021,M'gladbach,Bielefeld,3,1,H,1,1,D,,17,18,4,7,10,18,3,4,1,1,0,0
17/09/2021,Hertha,Greuther Furth,2,1,H,0,0,D,,15,10,3,3,12,13,9,4,1,2,0,0
18/09/2021,Augsburg,M'gladbach,1,0,H,0,0,D,,8,11,1,1,13,9,2,6,1,2,0,0
18/09/2021,Bayern Munich,Bochum,7,0,H,4,0,H,,22,5,15,1,5,9,2,2,1,1,0,0
18/09/2021,Bielefeld,Hoffenheim,0,0,D,0,0,D,,9,16,2,3,16,3,5,6,2,1,0,0
18/09/2021,Mainz,Freiburg,0,0,D,0,0,D,,10,7,3,2,18,16,4,4,2,1,0,0
18/09/2021,FC Koln,RB Leipzig,1,1,D,0,0,D,,14,18,6,9,12,6,4,10,3,1,0,0
19/09/2021,Stuttgart,Leverkusen,1,3,A,1,2,A,,18,7,8,4,11,11,2,6,2,3,0,1
19/09/2021,Dortmund,Union Berlin,4,2,H,2,0,H,,13,9,4,6,10,12,3,6,2,3,0,0
19/09/2021,Wolfsburg,Ein Frankfurt,1,1,D,0,1,A,,15,6,6,2,14,18,7,4,2,6,0,0
24/09/2021,Greuther Furth,Bayern Munich,1,3,A,0,2,A,,11,12,6,4,18,13,6,3,4,1,0,1
25/09/2021,Ein Frankfurt,FC Koln,1,1,D,1,1,D,,10,15,3,2,11,19,7,6,2,3,0,0
25/09/2021,Hoffenheim,Wolfsburg,3,1,H,1,1,D,,11,13,3,2,13,9,5,2,2,2,0,0
25/09/2021,Leverkusen,Mainz,1,0,H,0,0,D,,16,14,9,5,11,12,6,3,4,3,0,0
25/09/2021,RB Leipzig,Hertha,6,0,H,3,0,H,,18,5,11,3,8,19,2,1,1,3,0,0
25/09/2021,Union Berlin,Bielefeld,1,0,H,0,0,D,,17,9,4,2,9,5,5,4,1,0,0,0
25/09/2021,M'gladbach,Dortmund,1,0,H,1,0,H,,14,8,3,0,17,15,5,1,4,4,0,1
26/09/2021,Bochum,Stuttgart,0,0,D,0,0,D,,14,8,4,3,15,12,7,2,2,5,0,0
26/09/2021,Freiburg,Augsburg,3,0,H,3,0,H,,19,8,9,2,11,13,6,3,0,1,0,0
01/10/2021,FC Koln,Greuther Furth,3,1,H,0,1,A,,18,7,8,3,16,18,8,1,1,1,0,0
02/10/2021,Dortmund,Augsburg,2,1,H,1,1,D,,17,5,3,3,9,16,7,3,1,3,0,0
02/10/2021,Hertha,Freiburg,1,2,A,0,1,A,,12,9,3,4,17,15,4,9,3,0,0,0
02/10/2021,Stuttgart,Hoffenheim,3,1,H,1,0,H,,12,13,6,4,14,12,9,4,0,1,0,0
02/10/2021,Wolfsburg,M'gladbach,1,3,A,1,2,A,,10,19,5,11,17,10,4,6,7,3,1,0
02/10/2021,RB Leipzig,Bochum,3,0,H,0,0,D,,15,9,9,2,10,16,2,3,1,1,0,0
03/10/2021,Mainz,Union Berlin,1,2,A,1,0,H,,11,15,4,3,15,6,2,5,2,4,1,0
03/10/2021,Bayern Munich,Ein Frankfurt,1,2,A,1,1,D,,21,5,11,3,6,8,10,1,2,1,0,0
03/10/2021,Bielefeld,Leverkusen,0,4,A,0,2,A,,10,19,3,7,13,7,2,4,4,1,0,0
15/10/2021,Hoffenheim,FC Koln,5,0,H,1,0,H,,14,10,8,0,13,7,3,3,1,1,0,0
16/10/2021,Dortmund,Mainz,3,1,H,1,0,H,,11,5,5,2,7,12,6,2,2,4,0,0
16/10/2021,Ein Frankfurt,Hertha,1,2,A,0,1,A,,13,12,5,6,17,16,7,4,1,2,0,0
16/10/2021,Freiburg,RB Leipzig,1,1,D,0,1,A,,15,13,2,4,10,17,8,5,0,4,0,0
16/10/2021,Greuther Furth,Bochum,0,1,A,0,0,D,,12,9,3,2,16,16,4,3,2,4,0,0
16/10/2021,Union Berlin,Wolfsburg,2,0,H,0,0,D,,6,13,3,4,7,16,3,3,3,1,0,0
16/10/2021,M'gladbach,Stuttgart,1,1,D,1,1,D,,31,5,8,2,14,21,9,1,3,3,0,0
17/10/2021,Leverkusen,Bayern Munich,1,5,A,0,5,A,,7,27,4,11,9,9,4,7,0,0,0,0
17/10/2021,Augsburg,Bielefeld,1,1,D,1,0,H,,14,10,6,3,8,15,9,5,3,1,0,0
22/10/2021,Mainz,Augsburg,4,1,H,3,0,H,,19,6,8,2,9,11,6,2,1,3,0,0
23/10/2021,Bayern Munich,Hoffenheim,4,0,H,2,0,H,,15,9,7,2,4,18,4,2,0,4,0,0
23/10/2021,Bielefeld,Dortmund,1,3,A,0,2,A,,13,14,6,7,13,9,7,2,1,0,0,0
23/10/2021,RB Leipzig,Greuther Furth,4,1,H,0,1,A,,13,8,5,4,15,12,3,4,2,0,0,0
23/10/2021,Wolfsburg,Freiburg,0,2,A,0,1,A,,17,11,4,4,17,15,7,1,3,0,0,0
23/10/2021,Hertha,M'gladbach,1,0,H,1,0,H,,10,10,4,1,11,21,2,6,2,2,0,0
24/10/2021,FC Koln,Leverkusen,2,2,D,0,2,A,,17,9,5,6,10,15,6,6,1,3,0,0
24/10/2021,Stuttgart,Union Berlin,1,1,D,0,1,A,,8,11,2,3,16,13,1,2,3,1,1,0
24/10/2021,Bochum,Ein Frankfurt,2,0,H,1,0,H,,19,14,7,6,9,11,4,7,0,2,0,0
29/10/2021,Hoffenheim,Hertha,2,0,H,2,0,H,,14,5,3,2,15,9,9,4,2,1,0,1
30/10/2021,Bielefeld,Mainz,1,2,A,1,1,D,,15,16,7,6,16,9,6,6,2,3,0,0
30/10/2021,Dortmund,FC Koln,2,0,H,1,0,H,,7,19,4,6,10,11,4,3,2,3,0,0
30/10/2021,Freiburg,Greuther Furth,3,1,H,2,0,H,,12,8,5,4,10,13,5,2,0,2,0,0
30/10/2021,Leverkusen,Wolfsburg,0,2,A,0,0,D,,12,13,1,8,11,15,10,2,3,2,0,1
30/10/2021,Union Berlin,Bayern Munich,2,5,A,1,3,A,,9,14,6,6,9,7,6,1,1,1,0,0
30/10/2021,Ein Frankfurt,RB Leipzig,1,1,D,0,1,A,,12,15,3,7,11,9,5,5,1,1,0,0
31/10/2021,Augsburg,Stuttgart,4,1,H,1,1,D,,20,12,12,3,15,12,7,5,3,4,0,0
31/10/2021,M'gladbach,Bochum,2,1,H,2,0,H,,14,11,5,4,7,15,9,1,1,1,0,0
05/11/2021,Mainz,M'gladbach,1,1,D,0,1,A,,19,11,8,5,15,8,9,1,3,3,0,0
06/11/2021,Bayern Munich,Freiburg,2,1,H,1,0,H,,29,14,11,4,5,13,6,4,0,0,0,0
06/11/2021,Bochum,Hoffenheim,2,0,H,0,0,D,,14,9,4,1,7,20,2,4,1,5,0,0
06/11/2021,Stuttgart,Bielefeld,0,1,A,0,1,A,,9,15,4,2,11,11,8,4,0,3,0,0
06/11/2021,Wolfsburg,Augsburg,1,0,H,1,0,H,,9,13,4,3,14,13,0,8,2,3,0,0
06/11/2021,RB Leipzig,Dortmund,2,1,H,1,0,H,,15,9,7,3,12,18,5,6,3,5,0,0
07/11/2021,Hertha,Leverkusen,1,1,D,1,0,H,,15,8,5,3,13,13,5,6,1,3,0,0
07/11/2021,FC Koln,Union Berlin,2,2,D,1,2,A,,16,9,5,3,8,19,5,2,2,2,0,0
07/11/2021,Greuther Furth,Ein Frankfurt,1,2,A,0,0,D,,20,14,2,4,12,17,6,3,4,1,0,0
19/11/2021,Augsburg,Bayern Munich,2,1,H,2,1,H,,6,18,3,4,18,9,1,10,2,1,0,0
20/11/2021,Bielefeld,Wolfsburg,2,2,D,1,0,H,,10,13,3,5,15,9,6,5,4,1,0,0
20/11/2021,Dortmund,Stuttgart,2,1,H,0,0,D,,20,12,4,4,11,14,2,3,0,2,0,0
20/11/2021,Hoffenheim,RB Leipzig,2,0,H,1,0,H,,24,4,8,0,17,18,7,2,2,2,0,0
20/11/2021,Leverkusen,Bochum,1,0,H,1,0,H,,11,19,5,7,10,13,7,7,3,2,0,0
20/11/2021,M'gladbach,Greuther Furth,4,0,H,3,0,H,,19,4,11,2,11,13,7,7,1,3,0,0
20/11/2021,Union Berlin,Hertha,2,0,H,2,0,H,,16,6,5,3,17,13,7,6,1,1,0,0
21/11/2021,Freiburg,Ein Frankfurt,0,2,A,0,2,A,,20,13,6,7,10,16,10,4,0,4,0,0
21/11/2021,Mainz,FC Koln,1,1,D,1,0,H,,11,12,2,6,18,7,5,7,2,1,0,0
26/11/2021,Stuttgart,Mainz,2,1,H,1,1,D,,8,18,3,5,7,17,5,6,2,2,0,0
27/11/2021,Bochum,Freiburg,2,1,H,0,0,D,,13,22,5,11,12,13,4,7,2,1,0,0
27/11/2021,FC Koln,M'gladbach,4,1,H,0,0,D,,15,15,9,5,15,11,4,4,1,3,0,0
27/11/2021,Greuther Furth,Hoffenheim,3,6,A,1,2,A,,14,20,7,11,17,17,4,10,1,0,0,0
27/11/2021,Hertha,Augsburg,1,1,D,1,0,H,,10,20,4,7,11,14,5,6,2,3,0,0
27/11/2021,Wolfsburg,Dortmund,1,3,A,1,1,D,,15,16,7,8,9,11,7,7,4,1,0,0
27/11/2021,Bayern Munich,Bielefeld,1,0,H,0,0,D,,23,8,9,0,8,13,13,4,1,1,0,0
28/11/2021,Ein Frankfurt,Union Berlin,2,1,H,1,0,H,,17,7,4,4,4,7,7,2,0,4,0,0
28/11/2021,RB Leipzig,Leverkusen,1,3,A,0,2,A,,14,11,3,4,10,9,7,2,1,3,0,0
03/12/2021,Union Berlin,RB Leipzig,2,1,H,1,1,D,,14,11,5,2,12,8,5,7,1,1,0,0
04/12/2021,Augsburg,Bochum,2,3,A,0,3,A,,16,12,7,6,9,6,13,6,0,2,0,0
04/12/2021,Bielefeld,FC Koln,1,1,D,0,1,A,,18,9,5,3,14,10,7,1,1,1,0,0
04/12/2021,Hoffenheim,Ein Frankfurt,3,2,H,2,1,H,,8,17,4,2,9,12,4,6,2,2,0,0
04/12/2021,Leverkusen,Greuther Furth,7,1,H,3,1,H,,13,8,8,3,13,8,4,3,0,1,0,0
04/12/2021,Mainz,Wolfsburg,3,0,H,2,0,H,,12,16,5,0,18,10,6,5,1,1,0,0
04/12/2021,Dortmund,Bayern Munich,2,3,A,1,2,A,,11,16,4,6,10,10,4,6,2,2,0,0
05/12/2021,Stuttgart,Hertha,2,2,D,2,1,H,,10,15,3,8,9,16,7,5,0,1,0,0
05/12/2021,M'gladbach,Freiburg,0,6,A,0,6,A,,19,15,3,8,12,15,3,3,2,1,0,0
10/12/2021,FC Koln,Augsburg,0,2,A,0,0,D,,14,12,4,4,12,15,9,4,2,4,0,0
11/12/2021,Bayern Munich,Mainz,2,1,H,0,1,A,,21,9,7,4,9,10,7,2,3,3,0,0
11/12/2021,Bochum,Dortmund,1,1,D,1,0,H,,4,23,3,8,8,18,0,15,0,3,0,0
11/12/2021,Freiburg,Hoffenheim,1,2,A,1,1,D,,14,14,6,8,13,9,6,7,4,3,0,0
11/12/2021,Hertha,Bielefeld,2,0,H,0,0,D,,18,9,9,1,10,15,6,4,1,1,0,0
11/12/2021,RB Leipzig,M'gladbach,4,1,H,2,0,H,,19,12,10,4,20,15,6,0,3,2,0,0
11/12/2021,Wolfsburg,Stuttgart,0,2,A,0,1,A,,19,12,3,3,17,9,5,3,2,2,0,0
12/12/2021,Greuther Furth,Union Berlin,1,0,H,0,0,D,,5,14,3,4,12,6,3,7,3,0,0,0
12/12/2021,Ein Frankfurt,Leverkusen,5,2,H,2,2,D,,15,11,7,4,11,11,7,4,0,3,0,0
14/12/2021,Stuttgart,Bayern Munich,0,5,A,0,1,A,,13,25,1,12,7,7,1,3,1,1,0,0
14/12/2021,Bielefeld,Bochum,2,0,H,0,0,D,,13,5,4,3,13,9,6,2,2,2,0,0
14/12/2021,Mainz,Hertha,4,0,H,2,0,H,,21,7,11,1,10,14,4,1,0,2,0,0
14/12/2021,Wolfsburg,FC Koln,2,3,A,1,1,D,,19,19,5,6,18,9,9,5,3,2,0,0
15/12/2021,M'gladbach,Ein Frankfurt,2,3,A,1,1,D,,19,12,8,5,8,19,7,1,2,5,0,1
15/12/2021,Augsburg,RB Leipzig,1,1,D,0,1,A,,9,13,2,4,14,7,6,8,2,0,0,0
15/12/2021,Dortmund,Greuther Furth,3,0,H,1,0,H,,12,7,5,1,10,10,5,8,2,2,0,0
15/12/2021,Leverkusen,Hoffenheim,2,2,D,1,0,H,,17,14,9,6,12,4,6,3,5,3,1,0
15/12/2021,Union Berlin,Freiburg,0,0,D,0,0,D,,18,8,5,2,10,12,4,3,1,1,0,0
17/12/2021,Bayern Munich,Wolfsburg,4,0,H,1,0,H,,24,7,9,2,10,4,5,3,0,0,0,0
18/12/2021,Bochum,Union Berlin,0,1,A,0,1,A,,13,9,3,3,13,9,1,5,2,0,0,0
18/12/2021,Ein Frankfurt,Mainz,1,0,H,1,0,H,,13,11,4,5,11,9,8,6,0,1,0,0
18/12/2021,Greuther Furth,Augsburg,0,0,D,0,0,D,,4,14,1,5,8,13,6,5,2,3,0,0
18/12/2021,Hoffenheim,M'gladbach,1,1,D,0,1,A,,21,11,8,5,6,9,15,3,2,2,0,0
18/12/2021,RB Leipzig,Bielefeld,0,2,A,0,0,D,,15,4,4,4,6,16,10,1,0,2,0,1
18/12/2021,Hertha,Dortmund,3,2,H,0,1,A,,14,9,5,3,4,19,1,5,0,1,0,0
19/12/2021,Freiburg,Leverkusen,2,1,H,1,1,D,,14,6,6,4,6,8,4,8,2,3,0,0
19/12/2021,FC Koln,Stuttgart,1,0,H,0,0,D,,8,6,2,2,17,13,2,1,3,1,0,0
07/01/2022,Bayern Munich,M'gladbach,1,2,A,1,2,A,,19,9,8,3,18,11,6,6,0,1,0,0
08/01/2022,Freiburg,Bielefeld,2,2,D,1,0,H,,18,15,6,5,6,5,7,12,2,1,0,0
08/01/2022,Greuther Furth,Stuttgart,0,0,D,0,0,D,,10,18,3,3,8,12,1,5,0,1,0,0
08/01/2022,Hoffenheim,Augsburg,3,1,H,2,1,H,,12,9,5,4,17,8,2,4,1,0,0,0
08/01/2022,Leverkusen,Union Berlin,2,2,D,1,1,D,,17,17,8,7,8,11,11,5,1,2,0,0
08/01/2022,RB Leipzig,Mainz,4,1,H,1,0,H,,16,2,8,1,6,10,6,1,0,2,0,1
08/01/2022,Ein Frankfurt,Dortmund,2,3,A,2,0,H,,12,21,5,8,14,6,4,11,3,2,0,0
09/01/2022,Hertha,FC Koln,1,3,A,0,2,A,,10,14,5,8,9,16,10,4,3,1,0,0
09/01/2022,Bochum,Wolfsburg,1,0,H,0,0,D,,12,12,3,4,15,18,4,2,1,2,0,0
14/01/2022,Dortmund,Freiburg,5,1,H,3,0,H,,20,4,8,4,8,8,9,2,2,0,0,0
15/01/2022,FC Koln,Bayern Munich,0,4,A,0,2,A,,11,19,3,9,6,10,5,12,1,0,0,0
15/01/2022,Mainz,Bochum,1,0,H,0,0,D,,20,12,5,3,19,14,7,3,3,3,0,0
15/01/2022,Stuttgart,RB Leipzig,0,2,A,0,1,A,,16,7,10,3,12,13,5,1,3,1,0,0
15/01/2022,Union Berlin,Hoffenheim,2,1,H,1,1,D,,6,12,3,5,10,11,0,8,0,3,0,0
15/01/2022,Wolfsburg,Hertha,0,0,D,0,0,D,,7,6,3,2,12,12,3,2,1,1,0,0
15/01/2022,M'gladbach,Leverkusen,1,2,A,0,0,D,,16,29,6,13,8,18,5,7,2,3,0,0
16/01/2022,Augsburg,Ein Frankfurt,1,1,D,1,1,D,,12,14,5,4,12,14,4,3,3,3,0,0
16/01/2022,Bielefeld,Greuther Furth,2,2,D,1,1,D,,13,6,5,3,16,6,3,5,4,1,0,0
21/01/2022,Ein Frankfurt,Bielefeld,0,2,A,0,2,A,,17,8,7,5,7,10,10,1,4,2,0,0
22/01/2022,Freiburg,Stuttgart,2,0,H,1,0,H,,16,7,4,1,12,7,6,3,1,1,0,0
22/01/2022,Greuther Furth,Mainz,2,1,H,1,0,H,,11,16,7,4,12,15,7,8,1,1,0,0
22/01/2022,Hoffenheim,Dortmund,2,3,A,1,1,D,,14,3,2,2,14,7,7,3,2,2,0,0
22/01/2022,Leverkusen,Augsburg,5,1,H,2,0,H,,22,14,12,5,8,7,9,5,1,2,0,0
22/01/2022,M'gladbach,Union Berlin,1,2,A,1,1,D,,12,6,5,3,11,19,4,1,1,2,0,0
22/01/2022,Bochum,FC Koln,2,2,D,1,2,A,,17,7,7,3,11,12,1,5,0,3,0,0
23/01/2022,RB Leipzig,Wolfsburg,2,0,H,0,0,D,,12,9,4,3,17,16,4,3,5,1,0,0
23/01/2022,Hertha,Bayern Munich,1,4,A,0,2,A,,5,29,2,20,9,9,4,9,1,0,0,0
04/02/2022,Hertha,Bochum,1,1,D,1,0,H,,13,9,2,4,14,22,4,7,3,1,0,0
05/02/2022,Augsburg,Union Berlin,2,0,H,1,0,H,,14,14,9,4,8,16,4,6,0,2,0,0
05/02/2022,Bielefeld,M'gladbach,1,1,D,1,1,D,,10,22,5,4,15,10,5,11,3,3,0,0
05/02/2022,FC Koln,Freiburg,1,0,H,1,0,H,,14,18,3,2,14,16,8,8,2,2,0,0
05/02/2022,Mainz,Hoffenheim,2,0,H,0,0,D,,9,12,4,2,12,13,5,3,0,2,0,0
05/02/2022,Stuttgart,Ein Frankfurt,2,3,A,1,1,D,,15,15,6,6,7,12,3,14,0,0,0,0
05/02/2022,Bayern Munich,RB Leipzig,3,2,H,2,1,H,,25,13,8,7,11,12,2,0,1,3,0,0
06/02/2022,Dortmund,Leverkusen,2,5,A,1,3,A,,14,10,6,7,8,10,7,6,1,1,0,0
06/02/2022,Wolfsburg,Greuther Furth,4,1,H,1,1,D,,11,8,6,4,11,13,2,3,1,2,0,0
11/02/2022,RB Leipzig,FC Koln,3,1,H,1,0,H,,6,9,4,2,6,11,5,6,1,2,0,0
12/02/2022,Bochum,Bayern Munich,4,2,H,4,1,H,,12,22,7,4,13,7,4,9,2,1,0,0
12/02/2022,Ein Frankfurt,Wolfsburg,0,2,A,0,1,A,,16,11,2,3,12,9,10,1,1,2,0,0
12/02/2022,Freiburg,Mainz,1,1,D,0,1,A,,16,20,5,5,14,15,7,3,0,2,0,0
12/02/2022,Greuther Furth,Hertha,2,1,H,1,0,H,,19,24,10,8,11,12,8,8,2,4,0,0
12/02/2022,M'gladbach,Augsburg,3,2,H,1,0,H,,14,14,5,8,8,12,3,2,2,2,0,0
12/02/2022,Leverkusen,Stuttgart,4,2,H,1,0,H,,20,8,6,5,10,6,10,0,3,2,0,0
13/02/2022,Union Berlin,Dortmund,0,3,A,0,2,A,,12,10,2,6,20,9,2,5,4,1,0,0
13/02/2022,Hoffenheim,Bielefeld,2,0,H,1,0,H,,25,8,9,4,12,12,13,3,2,0,0,0
18/02/2022,Mainz,Leverkusen,3,2,H,0,1,A,,17,8,5,6,15,13,6,2,2,2,0,0
19/02/2022,Augsburg,Freiburg,1,2,A,1,2,A,,18,15,4,5,11,8,11,4,1,1,0,0
19/02/2022,Bielefeld,Union Berlin,1,0,H,0,0,D,,11,11,3,4,6,15,6,4,0,2,0,0
19/02/2022,Stuttgart,Bochum,1,1,D,0,0,D,,15,13,7,5,7,17,6,0,0,4,0,0
19/02/2022,Wolfsburg,Hoffenheim,1,2,A,1,0,H,,14,10,6,4,10,17,5,2,1,2,0,0
19/02/2022,FC Koln,Ein Frankfurt,1,0,H,0,0,D,,13,10,8,2,9,16,5,6,1,2,0,0
20/02/2022,Bayern Munich,Greuther Furth,4,1,H,0,1,A,,22,8,8,3,15,17,6,4,2,1,0,0
20/02/2022,Dortmund,M'gladbach,6,0,H,2,0,H,,16,8,10,5,17,11,5,5,2,1,0,0
20/02/2022,Hertha,RB Leipzig,1,6,A,0,1,A,,8,16,4,10,10,8,3,10,2,3,1,0
25/02/2022,Hoffenheim,Stuttgart,2,1,H,0,0,D,,19,13,7,4,14,13,9,3,3,2,0,0
26/02/2022,Freiburg,Hertha,3,0,H,1,0,H,,16,17,5,2,13,10,6,6,1,2,0,0
26/02/2022,Greuther Furth,FC Koln,1,1,D,0,0,D,,13,17,5,5,15,13,7,11,1,2,0,0
26/02/2022,Leverkusen,Bielefeld,3,0,H,1,0,H,,21,8,9,3,8,10,6,3,0,1,0,0
26/02/2022,M'gladbach,Wolfsburg,2,2,D,1,2,A,,23,6,11,3,12,14,7,4,2,4,0,1
26/02/2022,Union Berlin,Mainz,3,1,H,1,0,H,,7,14,3,1,13,18,2,6,4,4,0,1
26/02/2022,Ein Frankfurt,Bayern Munich,0,1,A,0,0,D,,7,20,2,9,16,3,2,8,1,2,0,0
27/02/2022,Bochum,RB Leipzig,0,1,A,0,0,D,,13,6,2,1,15,9,5,0,1,1,0,0
27/02/2022,Augsburg,Dortmund,1,1,D,0,1,A,,8,11,3,7,15,8,5,5,2,1,0,0
04/03/2022,Bielefeld,Augsburg,0,1,A,0,0,D,,6,7,1,1,12,10,6,1,3,5,0,0
05/03/2022,Bayern Munich,Leverkusen,1,1,D,1,1,D,,20,9,6,2,10,14,7,2,1,2,0,0
05/03/2022,Bochum,Greuther Furth,2,1,H,1,0,H,,15,9,9,2,16,14,3,6,2,4,0,0
05/03/2022,Hertha,Ein Frankfurt,1,4,A,0,1,A,,10,12,4,6,10,16,3,8,2,2,0,0
05/03/2022,RB Leipzig,Freiburg,1,1,D,0,1,A,,14,4,5,3,8,15,4,1,1,0,0,0
05/03/2022,Wolfsburg,Union Berlin,1,0,H,1,0,H,,9,17,3,5,12,15,6,10,0,1,0,0
05/03/2022,Stuttgart,M'gladbach,3,2,H,1,2,A,,18,9,7,3,7,10,5,2,1,2,0,0
06/03/2022,FC Koln,Hoffenheim,0,1,A,0,0,D,,10,13,3,3,9,12,4,1,1,4,0,0
12/03/2022,Freiburg,Wolfsburg,3,2,H,2,0,H,,16,11,8,5,11,9,7,5,2,0,0,0
12/03/2022,Hoffenheim,Bayern Munich,1,1,D,1,1,D,,9,18,6,8,12,9,3,8,4,1,0,0
12/03/2022,Union Berlin,Stuttgart,1,1,D,1,0,H,,11,11,3,3,25,12,3,3,3,2,0,0
12/03/2022,M'gladbach,Hertha,2,0,H,1,0,H,,12,12,5,3,7,17,3,6,3,0,0,0
13/03/2022,Leverkusen,FC Koln,0,1,A,0,0,D,,15,6,3,3,13,19,7,0,2,2,0,0
13/03/2022,Dortmund,Bielefeld,1,0,H,1,0,H,,20,11,3,4,6,10,4,5,1,1,0,0
13/03/2022,Ein Frankfurt,Bochum,2,1,H,0,1,A,,14,8,3,4,10,15,9,3,3,4,0,0
13/03/2022,Greuther Furth,RB Leipzig,1,6,A,1,4,A,,7,12,1,7,9,8,0,2,2,0,0,0
16/03/2022,Mainz,Dortmund,0,1,A,0,0,D,,10,11,1,4,18,10,5,5,3,4,0,0
18/03/2022,Bochum,M'gladbach,0,2,A,0,0,D,,15,8,7,5,12,10,7,3,2,1,0,0
19/03/2022,Greuther Furth,Freiburg,0,0,D,0,0,D,,8,13,1,3,15,9,1,11,1,0,0,0
19/03/2022,Hertha,Hoffenheim,3,0,H,1,0,H,,13,8,6,0,10,13,1,6,2,1,0,0
19/03/2022,Mainz,Bielefeld,4,0,H,1,0,H,,14,6,6,0,10,14,6,1,1,0,0,0
19/03/2022,Stuttgart,Augsburg,3,2,H,1,2,A,,24,10,9,4,13,17,8,0,2,3,0,0
19/03/2022,Bayern Munich,Union Berlin,4,0,H,3,0,H,,16,9,7,4,8,7,3,2,2,1,0,0
20/03/2022,RB Leipzig,Ein Frankfurt,0,0,D,0,0,D,,14,5,7,0,6,21,3,2,1,5,0,0
20/03/2022,Wolfsburg,Leverkusen,0,2,A,0,0,D,,18,17,4,7,6,13,7,7,2,3,0,0
20/03/2022,FC Koln,Dortmund,1,1,D,1,1,D,,10,9,1,3,13,16,7,5,2,3,0,0
01/04/2022,Union Berlin,FC Koln,1,0,H,0,0,D,,13,6,5,1,17,11,2,4,3,3,0,0
02/04/2022,Bielefeld,Stuttgart,1,1,D,0,1,A,,10,14,4,4,13,12,6,2,1,5,0,0
02/04/2022,Ein Frankfurt,Greuther Furth,0,0,D,0,0,D,,20,4,6,2,10,14,9,0,1,0,0,0
02/04/2022,Freiburg,Bayern Munich,1,4,A,0,0,D,,8,21,3,11,13,6,1,6,1,1,0,0
02/04/2022,Hoffenheim,Bochum,1,2,A,0,1,A,,14,20,7,6,9,11,5,6,3,2,0,0
02/04/2022,Leverkusen,Hertha,2,1,H,2,1,H,,18,7,7,4,13,11,3,3,0,1,0,0
02/04/2022,Dortmund,RB Leipzig,1,4,A,0,2,A,,10,11,2,5,7,10,7,5,3,1,0,0
03/04/2022,Augsburg,Wolfsburg,3,0,H,1,0,H,,13,17,5,5,15,11,3,5,1,0,0,0
03/04/2022,M'gladbach,Mainz,1,1,D,1,0,H,,17,22,8,10,13,20,3,7,2,1,0,0
06/04/2022,Augsburg,Mainz,2,1,H,1,0,H,,14,17,4,3,16,18,5,7,3,2,0,0
08/04/2022,Stuttgart,Dortmund,0,2,A,0,1,A,,13,10,2,4,8,6,4,5,2,1,0,0
09/04/2022,Bayern Munich,Augsburg,1,0,H,0,0,D,,13,6,4,1,10,22,3,3,1,2,0,0
09/04/2022,FC Koln,Mainz,3,2,H,0,1,A,,13,9,5,6,19,23,8,5,2,2,0,0
09/04/2022,Greuther Furth,M'gladbach,0,2,A,0,2,A,,10,18,1,7,12,8,3,5,1,0,0,0
09/04/2022,Wolfsburg,Bielefeld,4,0,H,2,0,H,,11,6,6,3,11,13,3,2,0,1,0,0
09/04/2022,Hertha,Union Berlin,1,4,A,0,1,A,,12,17,3,13,11,11,2,8,4,0,0,0
10/04/2022,Bochum,Leverkusen,0,0,D,0,0,D,,11,9,2,2,10,9,2,3,0,0,0,0
10/04/2022,Ein Frankfurt,Freiburg,1,2,A,0,1,A,,17,12,5,4,13,9,2,4,1,2,0,0
10/04/2022,RB Leipzig,Hoffenheim,3,0,H,3,0,H,,11,4,4,0,11,15,2,1,1,2,0,0
16/04/2022,Augsburg,Hertha,0,1,A,0,0,D,,13,11,2,1,14,17,1,7,4,4,0,0
16/04/2022,Dortmund,Wolfsburg,6,1,H,5,0,H,,12,9,8,4,14,9,4,6,0,2,0,0
16/04/2022,Freiburg,Bochum,3,0,H,2,0,H,,14,10,8,2,8,10,3,4,0,0,0,1
16/04/2022,Mainz,Stuttgart,0,0,D,0,0,D,,9,6,0,3,17,12,5,3,0,1,0,0
16/04/2022,M'gladbach,FC Koln,1,3,A,0,3,A,,18,17,4,6,15,19,5,5,3,2,0,0
17/04/2022,Bielefeld,Bayern Munich,0,3,A,0,2,A,,8,24,3,9,11,11,5,4,1,2,0,0
17/04/2022,Hoffenheim,Greuther Furth,0,0,D,0,0,D,,16,7,3,1,19,15,10,1,3,3,0,0
17/04/2022,Union Berlin,Ein Frankfurt,2,0,H,2,0,H,,14,10,4,3,10,8,4,3,2,1,0,0
17/04/2022,Leverkusen,RB Leipzig,0,1,A,0,0,D,,12,4,4,1,18,7,7,1,2,1,0,0
22/04/2022,Wolfsburg,Mainz,5,0,H,5,0,H,,15,5,7,3,10,10,2,3,0,2,0,1
23/04/2022,Ein Frankfurt,Hoffenheim,2,2,D,1,1,D,,17,11,7,4,10,9,9,7,1,3,0,0
23/04/2022,FC Koln,Bielefeld,3,1,H,2,1,H,,19,16,6,4,7,15,5,10,2,3,0,0
23/04/2022,Freiburg,M'gladbach,3,3,D,0,2,A,,19,7,8,4,12,12,8,0,1,4,0,0
23/04/2022,Greuther Furth,Leverkusen,1,4,A,1,2,A,,9,10,4,5,4,13,6,3,0,0,0,0
23/04/2022,RB Leipzig,Union Berlin,1,2,A,0,0,D,,5,12,1,4,13,9,2,5,2,2,0,0
23/04/2022,Bayern Munich,Dortmund,3,1,H,2,0,H,,13,7,6,3,9,11,3,1,0,1,0,0
24/04/2022,Bochum,Augsburg,0,2,A,0,2,A,,18,12,3,4,10,17,10,4,1,3,0,0
24/04/2022,Hertha,Stuttgart,2,0,H,1,0,H,,7,12,2,5,10,8,4,6,1,1,0,0
29/04/2022,Union Berlin,Greuther Furth,1,1,D,0,1,A,,6,7,3,2,14,14,2,4,2,2,0,0
30/04/2022,Augsburg,FC Koln,1,4,A,0,2,A,,14,18,5,8,14,14,5,7,2,4,0,0
30/04/2022,Bielefeld,Hertha,1,1,D,0,0,D,,6,9,1,5,14,14,2,6,3,1,0,0
30/04/2022,Dortmund,Bochum,3,4,A,2,2,D,,19,12,10,5,14,18,10,3,4,3,0,0
30/04/2022,Mainz,Bayern Munich,3,1,H,2,1,H,,24,4,7,1,11,11,7,8,0,4,0,0
30/04/2022,Stuttgart,Wolfsburg,1,1,D,0,1,A,,18,15,5,5,9,11,7,9,3,2,0,0
30/04/2022,Hoffenheim,Freiburg,3,4,A,1,1,D,,17,9,7,5,12,6,4,5,1,0,0,0
02/05/2022,Leverkusen,Ein Frankfurt,2,0,H,1,0,H,,11,9,3,4,5,8,4,4,0,0,0,0
02/05/2022,M'gladbach,RB Leipzig,3,1,H,2,1,H,,9,10,6,7,11,20,3,8,4,2,1,0
06/05/2022,Bochum,Bielefeld,2,1,H,1,1,D,,16,14,9,5,9,12,6,2,0,0,0,0
07/05/2022,FC Koln,Wolfsburg,0,1,A,0,1,A,,17,5,9,3,12,12,9,2,0,2,0,0
07/05/2022,Freiburg,Union Berlin,1,4,A,0,3,A,,18,13,4,5,12,14,4,6,1,2,0,0
07/05/2022,Greuther Furth,Dortmund,1,3,A,0,1,A,,8,8,3,4,15,10,5,2,1,1,0,0
07/05/2022,Hoffenheim,Leverkusen,2,4,A,2,1,H,,12,15,5,8,14,10,6,7,1,0,0,0
07/05/2022,Hertha,Mainz,1,2,A,1,1,D,,10,13,1,6,19,18,3,8,3,1,0,0
08/05/2022,Ein Frankfurt,M'gladbach,1,1,D,0,1,A,,18,11,4,7,6,7,9,1,1,0,0,0
08/05/2022,Bayern Munich,Stuttgart,2,2,D,2,1,H,,25,15,8,5,10,8,7,4,2,3,1,0
08/05/2022,RB Leipzig,Augsburg,4,0,H,1,0,H,,14,6,8,1,8,16,5,1,1,2,0,0
14/05/2022,Augsburg,Greuther Furth,2,1,H,1,1,D,,8,6,3,3,21,20,3,5,2,3,0,0
14/05/2022,Bielefeld,RB Leipzig,1,1,D,0,0,D,,8,18,4,9,11,8,2,6,1,1,0,0
14/05/2022,Dortmund,Hertha,2,1,H,0,1,A,,9,4,3,1,11,16,3,1,0,2,0,0
14/05/2022,Leverkusen,Freiburg,2,1,H,0,0,D,,11,13,5,2,6,12,6,9,2,3,0,0
14/05/2022,Mainz,Ein Frankfurt,2,2,D,1,2,A,,13,13,4,4,7,11,5,3,2,0,0,0
14/05/2022,M'gladbach,Hoffenheim,5,1,H,3,1,H,,19,10,9,2,8,12,6,2,1,2,0,0
14/05/2022,Stuttgart,FC Koln,2,1,H,1,0,H,,24,16,12,3,15,10,8,10,1,4,0,0
14/05/2022,Union Berlin,Bochum,3,2,H,2,0,H,,17,5,11,3,12,7,1,3,3,2,0,0
14/05/2022,Wolfsburg,Bayern Munich,2,2,D,1,2,A,,10,25,2,10,5,10,2,12,1,2,0,0
05/08/2022,Ein Frankfurt,Bayern Munich,1,6,A,0,5,A,,8,23,2,10,10,11,5,6,2,0,0,0
06/08/2022,Augsburg,Freiburg,0,4,A,0,0,D,,10,19,2,7,13,13,5,8,0,0,0,0
06/08/2022,Bochum,Mainz,1,2,A,1,1,D,,16,13,3,6,11,16,3,5,2,3,0,0
06/08/2022,M'gladbach,Hoffenheim,3,1,H,1,1,D,,18,2,8,1,18,12,4,2,1,4,0,1
06/08/2022,Union Berlin,Hertha,3,1,H,1,0,H,,18,9,8,3,23,17,5,4,2,3,0,0
06/08/2022,Wolfsburg,Werder Bremen,2,2,D,1,2,A,,13,10,3,5,11,14,2,5,2,2,0,0
06/08/2022,Dortmund,Leverkusen,1,0,H,1,0,H,,13,8,4,3,14,13,3,3,2,4,0,1
07/08/2022,Stuttgart,RB Leipzig,1,1,D,1,1,D,,11,27,2,9,14,9,1,9,2,1,0,0
07/08/2022,FC Koln,Schalke 04,3,1,H,0,0,D,,30,6,10,2,8,10,9,1,0,1,0,1
12/08/2022,Freiburg,Dortmund,1,3,A,1,0,H,,16,16,7,7,16,10,9,2,1,3,0,0
13/08/2022,Hertha,Ein Frankfurt,1,1,D,1,0,H,,11,11,5,1,11,11,4,5,3,1,0,0
13/08/2022,Hoffenheim,Bochum,3,2,H,2,2,D,,24,11,13,5,13,10,8,2,1,1,0,0
13/08/2022,Leverkusen,Augsburg,1,2,A,1,1,D,,23,6,10,4,7,16,7,3,1,6,0,0
13/08/2022,RB Leipzig,FC Koln,2,2,D,1,1,D,,9,12,5,3,8,18,2,7,1,4,1,0
13/08/2022,Werder Bremen,Stuttgart,2,2,D,1,1,D,,5,14,3,7,6,10,2,5,4,2,0,0
13/08/2022,Schalke 04,M'gladbach,2,2,D,1,0,H,,14,14,5,9,12,8,2,7,4,2,0,0
14/08/2022,Mainz,Union Berlin,0,0,D,0,0,D,,10,10,5,2,9,14,4,4,1,0,0,0
14/08/2022,Bayern Munich,Wolfsburg,2,0,H,2,0,H,,24,7,8,1,7,10,8,4,2,1,0,0
19/08/2022,M'gladbach,Hertha,1,0,H,1,0,H,,11,18,6,5,7,11,5,5,1,2,0,1
20/08/2022,Augsburg,Mainz,1,2,A,1,1,D,,6,14,2,7,13,19,3,3,2,2,0,0
20/08/2022,Dortmund,Werder Bremen,2,3,A,1,0,H,,5,14,3,7,13,9,3,5,4,1,0,0
20/08/2022,Leverkusen,Hoffenheim,0,3,A,0,2,A,,14,10,3,5,15,18,3,1,1,4,0,0
20/08/2022,Stuttgart,Freiburg,0,1,A,0,1,A,,18,9,5,3,8,12,3,1,4,2,0,0
20/08/2022,Wolfsburg,Schalke 04,0,0,D,0,0,D,,16,9,6,2,13,10,12,4,1,3,0,0
20/08/2022,Union Berlin,RB Leipzig,2,1,H,2,0,H,,9,16,4,2,14,8,1,13,2,1,0,0
21/08/2022,Ein Frankfurt,FC Koln,1,1,D,0,0,D,,10,6,3,2,15,11,5,9,0,1,0,0
21/08/2022,Bochum,Bayern Munich,0,7,A,0,4,A,,13,22,7,12,10,6,5,5,1,0,0,0
26/08/2022,Freiburg,Bochum,1,0,H,0,0,D,,28,15,12,5,15,13,2,5,2,2,0,0
27/08/2022,Hertha,Dortmund,0,1,A,0,1,A,,12,24,3,7,8,9,6,10,1,0,0,0
27/08/2022,Hoffenheim,Augsburg,1,0,H,1,0,H,,24,12,6,1,14,9,4,6,1,1,0,0
27/08/2022,Mainz,Leverkusen,0,3,A,0,3,A,,17,7,3,5,10,12,3,4,1,6,0,2
27/08/2022,RB Leipzig,Wolfsburg,2,0,H,1,0,H,,16,9,7,4,20,15,8,4,3,3,0,0
27/08/2022,Schalke 04,Union Berlin,1,6,A,1,3,A,,12,12,4,7,9,11,8,2,1,0,0,0
27/08/2022,Bayern Munich,M'gladbach,1,1,D,0,1,A,,35,5,20,3,14,7,14,1,4,2,0,0
28/08/2022,FC Koln,Stuttgart,0,0,D,0,0,D,,6,13,2,5,14,12,6,8,2,2,0,1
28/08/2022,Werder Bremen,Ein Frankfurt,3,4,A,2,3,A,,10,12,4,7,17,17,5,7,1,3,0,0
02/09/2022,Dortmund,Hoffenheim,1,0,H,1,0,H,,16,7,5,2,14,15,5,8,3,4,0,0
03/09/2022,Bochum,Werder Bremen,0,2,A,0,0,D,,19,16,6,6,15,10,7,3,2,2,0,0
03/09/2022,Leverkusen,Freiburg,2,3,A,1,0,H,,15,5,6,3,15,10,8,4,2,2,0,0
03/09/2022,Stuttgart,Schalke 04,1,1,D,1,1,D,,13,13,3,4,11,10,5,7,4,2,1,0
03/09/2022,Union Berlin,Bayern Munich,1,1,D,1,1,D,,10,21,3,6,19,7,5,7,1,2,0,0
03/09/2022,Wolfsburg,FC Koln,2,4,A,1,3,A,,9,18,3,5,13,14,5,4,2,1,0,0
03/09/2022,Ein Frankfurt,RB Leipzig,4,0,H,2,0,H,,14,5,9,0,14,10,4,3,1,1,0,0
04/09/2022,Augsburg,Hertha,0,2,A,0,0,D,,8,16,2,6,12,15,5,1,2,1,0,0
04/09/2022,M'gladbach,Mainz,0,1,A,0,0,D,,13,12,3,5,8,15,4,8,1,4,1,0
09/09/2022,Werder Bremen,Augsburg,0,1,A,0,0,D,,11,14,6,5,12,12,3,7,4,5,0,0
10/09/2022,Bayern Munich,Stuttgart,2,2,D,1,0,H,,18,8,7,3,11,9,3,0,2,5,0,0
10/09/2022,Ein Frankfurt,Wolfsburg,0,1,A,0,0,D,,11,6,0,3,16,13,10,5,2,4,0,0
10/09/2022,Hertha,Leverkusen,2,2,D,0,0,D,,17,11,6,5,15,16,3,5,3,1,0,0
10/09/2022,Hoffenheim,Mainz,4,1,H,0,0,D,,21,10,9,2,9,13,7,5,3,2,0,1
10/09/2022,RB Leipzig,Dortmund,3,0,H,2,0,H,,14,4,5,0,12,6,5,8,2,1,0,0
10/09/2022,Schalke 04,Bochum,3,1,H,1,0,H,,20,9,8,2,12,16,3,8,2,3,0,0
11/09/2022,FC Koln,Union Berlin,0,1,A,0,1,A,,7,12,2,3,15,12,7,8,4,1,1,0
11/09/2022,Freiburg,M'gladbach,0,0,D,0,0,D,,13,14,8,5,13,6,7,6,1,1,0,0
16/09/2022,Mainz,Hertha,1,1,D,0,1,A,,12,4,2,2,12,10,4,3,3,5,0,0
17/09/2022,Augsburg,Bayern Munich,1,0,H,0,0,D,,9,21,4,7,16,9,2,8,3,1,0,0
17/09/2022,Dortmund,Schalke 04,1,0,H,0,0,D,,19,3,7,0,12,14,11,2,3,2,0,0
17/09/2022,Leverkusen,Werder Bremen,1,1,D,0,0,D,,19,19,7,7,5,14,9,6,2,3,0,0
17/09/2022,Stuttgart,Ein Frankfurt,1,3,A,0,1,A,,15,13,2,8,9,11,7,4,2,0,0,0
17/09/2022,M'gladbach,RB Leipzig,3,0,H,2,0,H,,21,13,10,6,14,14,8,3,2,2,0,0
18/09/2022,Union Berlin,Wolfsburg,2,0,H,0,0,D,,16,5,4,0,18,6,4,1,0,0,0,0
18/09/2022,Bochum,FC Koln,1,1,D,1,0,H,,7,18,0,3,12,8,4,8,0,1,0,0
18/09/2022,Hoffenheim,Freiburg,0,0,D,0,0,D,,10,14,3,4,15,9,5,3,1,2,0,0
30/09/2022,Bayern Munich,Leverkusen,4,0,H,3,0,H,,20,10,10,5,10,6,6,2,0,0,0,0
01/10/2022,Ein Frankfurt,Union Berlin,2,0,H,2,0,H,,14,14,4,5,4,11,4,7,3,4,1,0
01/10/2022,FC Koln,Dortmund,3,2,H,0,1,A,,20,21,16,13,14,10,7,11,4,3,0,0
01/10/2022,Freiburg,Mainz,2,1,H,2,0,H,,13,17,6,7,9,15,5,5,2,4,0,0
01/10/2022,RB Leipzig,Bochum,4,0,H,2,0,H,,17,2,9,1,8,8,7,2,0,2,0,0
01/10/2022,Wolfsburg,Stuttgart,3,2,H,2,2,D,,20,15,7,7,16,14,8,5,3,5,0,0
01/10/2022,Werder Bremen,M'gladbach,5,1,H,4,0,H,,14,13,9,9,8,8,4,5,0,1,0,0
02/10/2022,Hertha,Hoffenheim,1,1,D,1,1,D,,13,16,5,4,5,15,2,6,2,1,0,0
02/10/2022,Schalke 04,Augsburg,2,3,A,1,2,A,,16,11,5,5,11,10,8,4,2,6,0,1
07/10/2022,Hoffenheim,Werder Bremen,1,2,A,1,1,D,,16,8,6,3,12,18,3,3,3,3,0,0
08/10/2022,Augsburg,Wolfsburg,1,1,D,0,1,A,,18,12,5,7,19,11,11,5,5,3,0,0
08/10/2022,Bochum,Ein Frankfurt,3,0,H,0,0,D,,11,11,6,2,12,10,9,4,2,1,0,0
08/10/2022,Leverkusen,Schalke 04,4,0,H,2,0,H,,13,2,7,1,9,17,3,3,1,1,0,0
08/10/2022,Mainz,RB Leipzig,1,1,D,1,0,H,,9,12,3,3,12,12,4,2,1,1,0,0
08/10/2022,Dortmund,Bayern Munich,2,2,D,0,1,A,,13,9,6,3,8,11,7,4,3,6,0,1
09/10/2022,M'gladbach,FC Koln,5,2,H,2,1,H,,13,5,6,3,8,14,7,4,2,3,0,1
09/10/2022,Hertha,Freiburg,2,2,D,1,1,D,,11,10,3,4,14,13,4,2,2,1,0,0
09/10/2022,Stuttgart,Union Berlin,0,1,A,0,0,D,,9,7,3,4,12,10,2,5,3,3,1,0
14/10/2022,Schalke 04,Hoffenheim,0,3,A,0,2,A,,14,18,2,7,12,8,4,5,2,2,0,0
15/10/2022,Ein Frankfurt,Leverkusen,5,1,H,1,0,H,,20,5,11,2,10,9,7,1,0,4,0,1
15/10/2022,Stuttgart,Bochum,4,1,H,2,1,H,,16,14,7,4,6,17,3,3,0,3,0,0
15/10/2022,Werder Bremen,Mainz,0,2,A,0,1,A,,14,11,4,5,3,11,3,3,1,2,0,0
15/10/2022,Wolfsburg,M'gladbach,2,2,D,1,1,D,,16,10,4,5,13,11,7,6,3,3,0,0
15/10/2022,RB Leipzig,Hertha,3,2,H,3,0,H,,14,16,5,5,17,9,8,4,2,3,0,0
16/10/2022,FC Koln,Augsburg,3,2,H,0,1,A,,14,7,6,3,11,15,5,3,2,4,0,0
16/10/2022,Union Berlin,Dortmund,2,0,H,2,0,H,,14,13,5,6,15,5,5,8,1,2,0,0
16/10/2022,Bayern Munich,Freiburg,5,0,H,2,0,H,,18,6,8,0,8,9,5,5,0,2,0,0
21/10/2022,Mainz,FC Koln,5,0,H,3,0,H,,15,6,7,2,13,14,5,4,1,5,0,1
22/10/2022,Augsburg,RB Leipzig,3,3,D,1,0,H,,11,19,3,8,15,11,3,6,7,1,1,0
22/10/2022,Dortmund,Stuttgart,5,0,H,3,0,H,,19,10,10,1,7,8,9,2,1,0,0,0
22/10/2022,Freiburg,Werder Bremen,2,0,H,0,0,D,,25,10,7,2,14,12,6,2,2,2,0,1
22/10/2022,Hoffenheim,Bayern Munich,0,2,A,0,2,A,,7,23,3,10,12,8,7,5,3,2,0,0
22/10/2022,Leverkusen,Wolfsburg,2,2,D,1,1,D,,13,9,5,3,19,5,3,3,3,1,0,0
22/10/2022,M'gladbach,Ein Frankfurt,1,3,A,0,3,A,,8,16,3,5,9,20,3,2,3,2,0,0
23/10/2022,Bochum,Union Berlin,2,1,H,1,0,H,,8,6,5,3,14,10,3,7,1,3,0,0
23/10/2022,Hertha,Schalke 04,2,1,H,0,0,D,,11,9,4,2,14,14,5,6,5,1,0,0
28/10/2022,Werder Bremen,Hertha,1,0,H,0,0,D,,15,9,4,1,14,11,4,5,2,3,0,0
29/10/2022,Bayern Munich,Mainz,6,2,H,3,1,H,,25,13,12,5,10,11,8,5,1,1,0,0
29/10/2022,RB Leipzig,Leverkusen,2,0,H,1,0,H,,10,4,6,1,9,7,3,3,3,3,0,0
29/10/2022,Stuttgart,Augsburg,2,1,H,1,1,D,,31,12,8,6,7,12,10,3,1,2,0,0
29/10/2022,Wolfsburg,Bochum,4,0,H,2,0,H,,22,10,7,3,7,17,7,2,1,1,0,0
29/10/2022,Ein Frankfurt,Dortmund,1,2,A,1,1,D,,20,8,8,2,15,11,4,3,5,5,0,0
30/10/2022,Union Berlin,M'gladbach,2,1,H,0,1,A,,14,7,5,3,17,6,6,5,3,2,0,0
30/10/2022,Schalke 04,Freiburg,0,2,A,0,1,A,,12,19,3,9,20,7,4,8,3,2,0,0
30/10/2022,FC Koln,Hoffenheim,1,1,D,1,1,D,,11,9,3,4,11,10,5,4,1,2,0,1
04/11/2022,M'gladbach,Stuttgart,3,1,H,2,1,H,,11,13,6,4,13,16,3,5,2,1,0,0
05/11/2022,Augsburg,Ein Frankfurt,1,2,A,1,1,D,,9,12,5,7,17,15,3,6,0,1,0,0
05/11/2022,Dortmund,Bochum,3,0,H,3,0,H,,6,7,3,1,7,14,2,5,1,1,0,0
05/11/2022,Hertha,Bayern Munich,2,3,A,2,3,A,,7,14,5,4,13,9,2,7,0,0,0,0
05/11/2022,Hoffenheim,RB Leipzig,1,3,A,0,1,A,,11,17,3,8,9,9,6,3,4,2,0,0
05/11/2022,Mainz,Wolfsburg,0,3,A,0,1,A,,16,10,3,3,15,6,9,4,1,1,0,0
05/11/2022,Werder Bremen,Schalke 04,2,1,H,1,0,H,,11,19,5,3,11,12,3,3,3,2,0,0
06/11/2022,Leverkusen,Union Berlin,5,0,H,0,0,D,,11,6,8,1,11,17,1,5,1,4,0,0
06/11/2022,Freiburg,FC Koln,2,0,H,0,0,D,,13,6,5,2,9,10,5,3,0,1,0,0
08/11/2022,Wolfsburg,Dortmund,2,0,H,1,0,H,,15,20,8,6,10,12,6,9,4,2,0,0
08/11/2022,Bayern Munich,Werder Bremen,6,1,H,4,1,H,,21,4,10,1,9,8,8,4,0,0,0,0
08/11/2022,Bochum,M'gladbach,2,1,H,2,0,H,,13,8,4,2,11,14,6,3,1,3,0,0
08/11/2022,Stuttgart,Hertha,2,1,H,1,1,D,,16,11,7,4,9,15,8,5,3,2,0,0
09/11/2022,FC Koln,Leverkusen,1,2,A,1,0,H,,17,10,7,3,9,7,6,1,1,2,0,0
09/11/2022,Ein Frankfurt,Hoffenheim,4,2,H,3,1,H,,15,12,8,3,9,22,4,5,0,3,0,0
09/11/2022,RB Leipzig,Freiburg,3,1,H,0,0,D,,18,4,8,2,9,21,6,2,1,4,0,0
09/11/2022,Schalke 04,Mainz,1,0,H,1,0,H,,13,11,4,1,16,17,1,6,3,1,0,0
09/11/2022,Union Berlin,Augsburg,2,2,D,2,2,D,,18,7,6,2,7,10,6,3,1,4,0,0
11/11/2022,M'gladbach,Dortmund,4,2,H,3,2,H,,11,20,6,10,12,12,2,9,1,2,0,0
12/11/2022,Augsburg,Bochum,0,1,A,0,0,D,,19,11,5,4,12,9,6,2,1,1,0,0
12/11/2022,Hertha,FC Koln,2,0,H,1,0,H,,17,10,8,2,15,10,10,5,3,1,0,0
12/11/2022,Hoffenheim,Wolfsburg,1,2,A,1,1,D,,22,6,8,3,15,11,7,1,0,3,0,0
12/11/2022,Leverkusen,Stuttgart,2,0,H,1,0,H,,11,7,3,1,11,10,4,2,2,3,0,0
12/11/2022,Werder Bremen,RB Leipzig,1,2,A,0,1,A,,7,14,5,3,14,8,0,4,1,2,0,0
12/11/2022,Schalke 04,Bayern Munich,0,2,A,0,1,A,,6,22,2,6,7,4,4,5,0,0,0,0
13/11/2022,Mainz,Ein Frankfurt,1,1,D,1,0,H,,19,10,6,3,12,8,5,2,2,2,0,0
13/11/2022,Freiburg,Union Berlin,4,1,H,4,0,H,,7,4,5,2,13,9,2,1,0,1,0,1
20/01/2023,RB Leipzig,Bayern Munich,1,1,D,0,1,A,,10,7,3,2,17,12,3,2,2,3,0,0
21/01/2023,Bochum,Hertha,3,1,H,2,0,H,,10,10,3,2,13,13,1,6,1,1,0,0
21/01/2023,Ein Frankfurt,Schalke 04,3,0,H,1,0,H,,11,18,3,4,14,10,5,4,2,3,0,0
21/01/2023,Stuttgart,Mainz,1,1,D,1,1,D,,16,12,4,2,15,17,3,5,1,3,0,0
21/01/2023,Union Berlin,Hoffenheim,3,1,H,0,1,A,,23,10,5,5,11,13,9,4,2,1,0,0
21/01/2023,Wolfsburg,Freiburg,6,0,H,3,0,H,,13,9,11,1,11,12,0,5,1,2,0,0
21/01/2023,FC Koln,Werder Bremen,7,1,H,5,1,H,,15,4,7,2,10,14,2,2,0,0,0,0
22/01/2023,Dortmund,Augsburg,4,3,H,2,2,D,,27,14,10,4,6,9,7,3,1,4,0,0
22/01/2023,M'gladbach,Leverkusen,2,3,A,0,2,A,,15,13,8,5,12,14,2,3,3,2,0,0
24/01/2023,Schalke 04,RB Leipzig,1,6,A,0,4,A,,9,21,1,14,16,13,1,6,1,1,0,0
24/01/2023,Bayern Munich,FC Koln,1,1,D,0,1,A,,22,2,7,1,7,10,9,4,0,1,0,0
24/01/2023,Hertha,Wolfsburg,0,5,A,0,3,A,,8,15,2,7,20,13,6,4,2,0,0,0
24/01/2023,Hoffenheim,Stuttgart,2,2,D,1,1,D,,13,8,5,4,12,4,6,4,1,3,0,1
25/01/2023,Mainz,Dortmund,1,2,A,1,1,D,,12,12,4,6,15,7,2,3,2,0,0,0
25/01/2023,Augsburg,M'gladbach,1,0,H,0,0,D,,14,7,4,2,15,15,3,2,1,2,0,0
25/01/2023,Freiburg,Ein Frankfurt,1,1,D,0,1,A,,12,4,5,2,15,15,4,3,3,3,0,0
25/01/2023,Leverkusen,Bochum,2,0,H,1,0,H,,11,9,4,2,15,14,3,4,2,4,0,0
25/01/2023,Werder Bremen,Union Berlin,1,2,A,1,1,D,,8,11,3,5,11,17,5,7,0,0,0,0
27/01/2023,RB Leipzig,Stuttgart,2,1,H,1,0,H,,9,10,4,3,8,6,3,6,0,0,0,0
28/01/2023,Freiburg,Augsburg,3,1,H,2,1,H,,15,16,9,4,14,9,3,7,3,3,0,0
28/01/2023,Hertha,Union Berlin,0,2,A,0,1,A,,10,7,3,3,12,13,3,2,1,2,0,0
28/01/2023,Hoffenheim,M'gladbach,1,4,A,0,2,A,,15,10,5,5,23,10,4,3,2,1,0,0
28/01/2023,Mainz,Bochum,5,2,H,3,0,H,,14,14,7,4,17,11,3,2,0,1,0,0
28/01/2023,Werder Bremen,Wolfsburg,2,1,H,1,0,H,,14,7,5,3,16,12,2,6,3,3,0,0
28/01/2023,Bayern Munich,Ein Frankfurt,1,1,D,1,0,H,,14,7,6,1,6,4,7,6,3,1,0,0
29/01/2023,Schalke 04,FC Koln,0,0,D,0,0,D,,15,7,2,0,13,16,7,7,3,4,0,0
29/01/2023,Leverkusen,Dortmund,0,2,A,0,1,A,,20,6,7,2,13,20,8,4,2,4,0,0
03/02/2023,Augsburg,Leverkusen,1,0,H,0,0,D,,10,12,5,4,14,8,2,1,3,2,0,0
04/02/2023,Bochum,Hoffenheim,5,2,H,3,0,H,,17,10,11,4,13,15,6,6,2,3,0,0
04/02/2023,Dortmund,Freiburg,5,1,H,1,1,D,,24,6,8,3,13,14,14,0,3,4,0,1
04/02/2023,Ein Frankfurt,Hertha,3,0,H,2,0,H,,10,13,4,3,12,10,7,1,1,2,0,0
04/02/2023,FC Koln,RB Leipzig,0,0,D,0,0,D,,9,7,0,2,10,15,5,1,3,4,0,0
04/02/2023,Union Berlin,Mainz,2,1,H,1,0,H,,9,9,5,2,12,10,5,5,1,1,0,0
04/02/2023,M'gladbach,Schalke 04,0,0,D,0,0,D,,17,18,4,5,9,15,9,5,2,3,0,0
05/02/2023,Stuttgart,Werder Bremen,0,2,A,0,0,D,,16,9,5,4,8,17,8,4,2,5,0,0
05/02/2023,Wolfsburg,Bayern Munich,2,4,A,1,3,A,,19,9,5,4,10,9,7,4,2,6,0,1
10/02/2023,Schalke 04,Wolfsburg,0,0,D,0,0,D,,17,8,5,2,10,20,9,3,1,4,0,0
11/02/2023,Bayern Munich,Bochum,3,0,H,1,0,H,,25,7,12,1,10,12,6,3,1,1,0,0
11/02/2023,Freiburg,Stuttgart,2,1,H,0,1,A,,9,14,5,3,13,10,4,3,3,3,0,0
11/02/2023,Hoffenheim,Leverkusen,1,3,A,0,1,A,,11,12,6,5,15,9,5,8,3,1,0,0
11/02/2023,Mainz,Augsburg,3,1,H,2,1,H,,13,11,7,3,12,6,4,12,1,1,0,0
11/02/2023,Werder Bremen,Dortmund,0,2,A,0,0,D,,8,17,3,9,7,7,3,7,1,0,0,0
11/02/2023,RB Leipzig,Union Berlin,1,2,A,1,0,H,,9,6,1,5,15,13,3,4,4,4,0,0
12/02/2023,Hertha,M'gladbach,4,1,H,1,1,D,,17,7,7,3,12,11,4,6,1,1,0,0
12/02/2023,FC Koln,Ein Frankfurt,3,0,H,0,0,D,,9,7,4,1,15,11,3,9,3,2,0,0
17/02/2023,Augsburg,Hoffenheim,1,0,H,0,0,D,,16,8,3,2,13,14,6,1,3,3,0,0
18/02/2023,Bochum,Freiburg,0,2,A,0,1,A,,15,15,6,5,15,10,5,5,4,2,1,0
18/02/2023,M'gladbach,Bayern Munich,3,2,H,1,1,D,,17,13,7,4,9,9,4,0,0,1,0,1
18/02/2023,Stuttgart,FC Koln,3,0,H,1,0,H,,18,11,7,4,10,12,3,6,3,4,0,0
18/02/2023,Wolfsburg,RB Leipzig,0,3,A,0,1,A,,7,17,2,5,16,15,2,5,1,1,0,0
18/02/2023,Ein Frankfurt,Werder Bremen,2,0,H,1,0,H,,11,3,6,0,15,9,5,2,1,1,0,0
19/02/2023,Union Berlin,Schalke 04,0,0,D,0,0,D,,9,6,4,2,13,19,6,4,2,1,0,0
19/02/2023,Dortmund,Hertha,4,1,H,2,0,H,,12,15,5,8,8,15,3,4,1,2,0,0
19/02/2023,Leverkusen,Mainz,2,3,A,1,2,A,,17,12,7,7,14,19,4,5,5,5,1,0
24/02/2023,Mainz,M'gladbach,4,0,H,1,0,H,,14,8,8,2,17,6,3,3,2,3,0,0
25/02/2023,FC Koln,Wolfsburg,0,2,A,0,1,A,,11,6,5,4,9,16,10,2,1,2,0,0
25/02/2023,Hertha,Augsburg,2,0,H,0,0,D,,11,9,3,2,16,19,1,6,1,3,0,0
25/02/2023,Hoffenheim,Dortmund,0,1,A,0,1,A,,13,23,4,11,11,7,12,11,3,1,0,0
25/02/2023,RB Leipzig,Ein Frankfurt,2,1,H,2,0,H,,10,8,5,4,11,11,2,6,2,3,0,0
25/02/2023,Werder Bremen,Bochum,3,0,H,2,0,H,,12,9,6,2,16,16,2,0,3,2,0,0
25/02/2023,Schalke 04,Stuttgart,2,1,H,2,0,H,,11,17,6,5,12,13,6,9,2,2,0,0
26/02/2023,Freiburg,Leverkusen,1,1,D,1,0,H,,9,16,4,4,14,13,1,3,2,1,0,0
26/02/2023,Bayern Munich,Union Berlin,3,0,H,3,0,H,,19,4,10,1,8,9,10,4,1,1,0,0
03/03/2023,Dortmund,RB Leipzig,2,1,H,2,0,H,,8,14,3,6,8,20,4,6,2,5,0,0
04/03/2023,Augsburg,Werder Bremen,2,1,H,1,1,D,,9,17,5,8,10,9,3,7,2,2,0,0
04/03/2023,Bochum,Schalke 04,0,2,A,0,1,A,,6,9,4,5,17,11,4,4,2,1,0,0
04/03/2023,Mainz,Hoffenheim,1,0,H,1,0,H,,16,15,6,4,12,15,11,3,1,4,0,0
04/03/2023,M'gladbach,Freiburg,0,0,D,0,0,D,,10,8,4,3,11,15,6,5,5,2,1,0
04/03/2023,Union Berlin,FC Koln,0,0,D,0,0,D,,8,12,2,4,9,10,5,4,1,0,0,0
04/03/2023,Stuttgart,Bayern Munich,1,2,A,0,1,A,,11,13,4,6,6,12,3,6,0,0,0,0
05/03/2023,Leverkusen,Hertha,4,1,H,2,0,H,,18,7,9,2,11,14,9,2,1,2,0,0
05/03/2023,Wolfsburg,Ein Frankfurt,2,2,D,2,2,D,,13,10,8,2,11,16,4,5,3,3,0,0
10/03/2023,FC Koln,Bochum,0,2,A,0,1,A,,11,9,5,3,9,14,10,1,2,2,0,0
11/03/2023,Bayern Munich,Augsburg,5,3,H,4,1,H,,24,13,9,6,8,10,8,5,2,1,0,0
11/03/2023,Ein Frankfurt,Stuttgart,1,1,D,0,0,D,,10,9,1,5,16,11,3,2,4,1,0,0
11/03/2023,Hertha,Mainz,1,1,D,1,0,H,,9,6,4,3,10,15,7,8,2,1,0,0
11/03/2023,RB Leipzig,M'gladbach,3,0,H,0,0,D,,14,7,9,3,9,9,11,0,1,0,0,0
11/03/2023,Schalke 04,Dortmund,2,2,D,0,1,A,,10,20,5,8,16,8,3,6,1,1,0,0
12/03/2023,Freiburg,Hoffenheim,2,1,H,1,0,H,,9,12,3,1,11,25,2,2,2,5,0,1
12/03/2023,Werder Bremen,Leverkusen,2,3,A,1,1,D,,12,13,6,5,12,12,2,3,2,1,0,0
12/03/2023,Wolfsburg,Union Berlin,1,1,D,0,0,D,,15,11,6,2,11,14,3,5,1,4,0,0
17/03/2023,M'gladbach,Werder Bremen,2,2,D,0,0,D,,21,6,9,3,9,12,6,5,1,1,0,0
18/03/2023,Augsburg,Schalke 04,1,1,D,0,0,D,,9,13,3,5,11,14,9,6,4,4,1,0
18/03/2023,Bochum,RB Leipzig,1,0,H,0,0,D,,8,21,2,8,10,8,2,7,2,3,0,0
18/03/2023,Hoffenheim,Hertha,3,1,H,2,0,H,,15,11,7,5,10,11,8,9,0,3,1,0
18/03/2023,Stuttgart,Wolfsburg,0,1,A,0,0,D,,12,9,2,3,10,8,3,8,1,0,0,0
18/03/2023,Dortmund,FC Koln,6,1,H,4,1,H,,11,11,8,5,7,10,1,6,1,0,0,0
19/03/2023,Union Berlin,Ein Frankfurt,2,0,H,0,0,D,,14,19,3,4,19,15,3,7,3,2,0,0
19/03/2023,Leverkusen,Bayern Munich,2,1,H,0,1,A,,12,11,6,6,10,11,5,3,2,3,0,0
19/03/2023,Mainz,Freiburg,1,1,D,0,0,D,,10,11,6,5,18,10,3,5,2,3,0,0
31/03/2023,Ein Frankfurt,Bochum,1,1,D,1,1,D,,18,8,7,2,14,13,15,2,3,2,0,0
01/04/2023,Freiburg,Hertha,1,1,D,0,0,D,,16,10,8,3,7,11,2,2,1,1,0,0
01/04/2023,RB Leipzig,Mainz,0,3,A,0,1,A,,12,19,3,7,13,20,3,4,3,3,0,0
01/04/2023,Schalke 04,Leverkusen,0,3,A,0,0,D,,12,18,3,10,20,13,7,5,2,1,0,0
01/04/2023,Union Berlin,Stuttgart,3,0,H,0,0,D,,13,17,5,8,11,12,3,5,1,1,0,0
01/04/2023,Wolfsburg,Augsburg,2,2,D,0,2,A,,23,5,5,2,9,15,4,7,3,2,0,0
01/04/2023,Bayern Munich,Dortmund,4,2,H,3,0,H,,16,10,9,4,11,7,6,2,1,1,0,0
02/04/2023,FC Koln,M'gladbach,0,0,D,0,0,D,,12,8,5,2,18,8,11,1,3,3,0,0
02/04/2023,Werder Bremen,Hoffenheim,1,2,A,0,0,D,,12,8,5,2,11,16,1,6,3,4,0,0
08/04/2023,Augsburg,FC Koln,1,3,A,1,2,A,,13,11,1,5,5,11,6,1,3,4,0,0
08/04/2023,Dortmund,Union Berlin,2,1,H,1,0,H,,14,7,6,2,8,11,8,0,5,2,0,0
08/04/2023,Freiburg,Bayern Munich,0,1,A,0,0,D,,10,23,2,8,10,14,2,6,2,2,0,0
08/04/2023,Leverkusen,Ein Frankfurt,3,1,H,2,0,H,,13,9,8,3,9,13,2,5,1,5,0,0
08/04/2023,Mainz,Werder Bremen,2,2,D,0,0,D,,16,9,10,4,11,22,1,2,1,5,0,0
08/04/2023,Hertha,RB Leipzig,0,1,A,0,1,A,,11,18,1,6,12,13,4,4,4,3,0,0
09/04/2023,M'gladbach,Wolfsburg,2,0,H,1,0,H,,13,9,6,2,12,11,5,8,0,1,0,0
09/04/2023,Bochum,Stuttgart,2,3,A,0,1,A,,11,14,5,7,12,8,7,4,3,3,0,0
09/04/2023,Hoffenheim,Schalke 04,2,0,H,1,0,H,,15,10,4,3,14,13,9,8,3,0,0,0
14/04/2023,Schalke 04,Hertha,5,2,H,2,1,H,,14,11,7,5,12,19,7,8,2,3,0,0
15/04/2023,Bayern Munich,Hoffenheim,1,1,D,1,0,H,,22,4,7,3,7,10,13,4,2,1,0,0
15/04/2023,FC Koln,Mainz,1,1,D,0,1,A,,12,5,4,1,10,15,3,3,3,2,0,0
15/04/2023,RB Leipzig,Augsburg,3,2,H,3,1,H,,13,14,6,3,8,11,3,5,2,3,0,0
15/04/2023,Stuttgart,Dortmund,3,3,D,0,2,A,,12,15,5,6,7,14,5,7,5,3,1,0
15/04/2023,Ein Frankfurt,M'gladbach,1,1,D,0,1,A,,16,4,5,2,16,5,10,2,1,2,0,0
16/04/2023,Werder Bremen,Freiburg,1,2,A,0,0,D,,13,6,5,3,13,12,5,2,2,3,0,0
16/04/2023,Union Berlin,Bochum,1,1,D,1,0,H,,10,14,2,8,10,7,5,7,2,1,1,0
16/04/2023,Wolfsburg,Leverkusen,0,0,D,0,0,D,,11,13,3,4,10,17,2,6,0,5,0,0
21/04/2023,Augsburg,Stuttgart,1,1,D,1,0,H,,4,6,1,3,17,12,1,3,5,3,0,0
22/04/2023,Bochum,Wolfsburg,1,5,A,0,3,A,,23,15,6,7,11,8,10,3,3,3,0,0
22/04/2023,Hertha,Werder Bremen,2,4,A,0,2,A,,13,11,5,4,11,12,8,4,2,2,0,0
22/04/2023,Hoffenheim,FC Koln,1,3,A,0,2,A,,11,14,4,7,11,11,2,5,1,2,0,0
22/04/2023,Mainz,Bayern Munich,3,1,H,0,1,A,,13,11,4,2,14,6,2,7,2,0,0,0
22/04/2023,Dortmund,Ein Frankfurt,4,0,H,3,0,H,,14,9,7,2,10,13,5,2,2,3,0,0
23/04/2023,Freiburg,Schalke 04,4,0,H,2,0,H,,25,10,12,4,9,10,6,5,1,2,0,0
23/04/2023,Leverkusen,RB Leipzig,2,0,H,1,0,H,,8,26,6,8,10,9,0,9,3,5,0,1
23/04/2023,M'gladbach,Union Berlin,0,1,A,0,0,D,,8,14,4,4,10,12,2,2,3,2,0,0
28/04/2023,Bochum,Dortmund,1,1,D,1,1,D,,10,21,4,6,13,9,4,11,1,2,0,0
29/04/2023,Ein Frankfurt,Augsburg,1,1,D,1,0,H,,7,9,1,3,6,11,5,7,2,2,0,0
29/04/2023,FC Koln,Freiburg,0,1,A,0,0,D,,21,12,8,6,15,7,9,6,1,1,0,0
29/04/2023,RB Leipzig,Hoffenheim,1,0,H,1,0,H,,16,5,2,2,9,14,7,1,0,2,0,0
29/04/2023,Stuttgart,M'gladbach,2,1,H,1,0,H,,18,9,5,4,11,14,5,8,2,2,0,1
29/04/2023,Union Berlin,Leverkusen,0,0,D,0,0,D,,7,8,1,2,9,8,6,4,1,1,0,0
29/04/2023,Schalke 04,Werder Bremen,2,1,H,0,1,A,,21,11,10,1,9,17,11,3,4,3,0,0
30/04/2023,Bayern Munich,Hertha,2,0,H,0,0,D,,25,2,9,1,5,8,18,1,2,0,0,0
30/04/2023,Wolfsburg,Mainz,3,0,H,3,0,H,,10,10,4,2,6,10,3,5,1,3,0,0
05/05/2023,Leverkusen,FC Koln,1,2,A,1,2,A,,14,7,4,5,8,13,9,2,1,6,0,0
05/05/2023,Mainz,Schalke 04,2,3,A,0,1,A,,9,15,4,10,12,10,7,6,4,1,0,0
06/05/2023,Augsburg,Union Berlin,1,0,H,0,0,D,,11,12,3,4,10,14,3,7,2,2,0,0
06/05/2023,Freiburg,RB Leipzig,0,1,A,0,0,D,,5,13,2,6,9,11,3,3,2,4,0,0
06/05/2023,Hertha,Stuttgart,2,1,H,2,1,H,,7,16,3,4,9,19,3,5,4,1,0,0
06/05/2023,Hoffenheim,Ein Frankfurt,3,1,H,3,0,H,,8,19,5,6,17,14,1,11,2,4,1,0
06/05/2023,M'gladbach,Bochum,2,0,H,1,0,H,,25,14,9,3,7,13,11,3,2,1,0,0
06/05/2023,Werder Bremen,Bayern Munich,1,2,A,0,0,D,,12,12,2,4,14,11,1,11,2,1,0,0
07/05/2023,Dortmund,Wolfsburg,6,0,H,3,0,H,,20,10,10,3,11,14,10,6,0,1,0,0
12/05/2023,FC Koln,Hertha,5,2,H,3,2,H,,28,9,15,3,11,14,12,3,2,7,0,0
13/05/2023,Bayern Munich,Schalke 04,6,0,H,2,0,H,,23,8,14,0,10,10,4,3,0,3,0,0
13/05/2023,Bochum,Augsburg,3,2,H,1,1,D,,15,12,8,2,13,16,7,7,3,2,0,0
13/05/2023,Ein Frankfurt,Mainz,3,0,H,2,0,H,,17,10,7,4,4,10,5,1,1,3,0,0
13/05/2023,Union Berlin,Freiburg,4,2,H,3,0,H,,10,13,4,8,18,13,1,7,3,1,0,0
13/05/2023,Wolfsburg,Hoffenheim,2,1,H,1,0,H,,8,10,3,2,17,12,3,7,2,2,0,0
13/05/2023,Dortmund,M'gladbach,5,2,H,4,0,H,,33,13,13,8,10,12,10,4,0,2,0,0
14/05/2023,Stuttgart,Leverkusen,1,1,D,0,0,D,,9,12,1,3,7,14,7,3,3,4,0,0
14/05/2023,RB Leipzig,Werder Bremen,2,1,H,0,0,D,,20,6,7,2,12,20,3,2,2,5,0,0
19/05/2023,Freiburg,Wolfsburg,2,0,H,0,0,D,,16,9,7,2,15,16,4,4,1,3,1,0
20/05/2023,Hertha,Bochum,1,1,D,0,0,D,,14,17,4,6,7,10,9,5,1,1,0,0
20/05/2023,Hoffenheim,Union Berlin,4,2,H,2,1,H,,10,20,5,4,15,15,1,5,4,5,0,0
20/05/2023,Schalke 04,Ein Frankfurt,2,2,D,1,1,D,,11,6,4,3,11,16,8,3,3,4,0,0
20/05/2023,Werder Bremen,FC Koln,1,1,D,0,1,A,,13,13,6,4,10,9,4,9,4,2,0,0
20/05/2023,Bayern Munich,RB Leipzig,1,3,A,1,0,H,,17,16,4,8,8,11,7,2,1,1,0,0
21/05/2023,Mainz,Stuttgart,1,4,A,1,1,D,,9,8,6,6,18,11,6,3,3,1,0,0
21/05/2023,Augsburg,Dortmund,0,3,A,0,0,D,,4,28,1,10,12,9,3,8,3,3,1,0
21/05/2023,Leverkusen,M'gladbach,2,2,D,2,0,H,,13,9,6,5,12,15,2,3,3,3,1,0
27/05/2023,Bochum,Leverkusen,3,0,H,2,0,H,,10,11,5,2,12,12,2,5,5,5,0,1
27/05/2023,Dortmund,Mainz,2,2,D,0,2,A,,30,10,12,4,5,14,6,3,1,1,0,0
27/05/2023,Ein Frankfurt,Freiburg,2,1,H,0,1,A,,14,13,8,7,13,10,3,6,4,2,0,0
27/05/2023,FC Koln,Bayern Munich,1,2,A,0,1,A,,9,11,3,3,11,8,7,3,3,0,0,0
27/05/2023,M'gladbach,Augsburg,2,0,H,2,0,H,,17,9,7,3,5,19,4,4,0,1,0,1
27/05/2023,RB Leipzig,Schalke 04,4,2,H,2,1,H,,19,16,12,4,13,11,4,5,2,2,0,0
27/05/2023,Stuttgart,Hoffenheim,1,1,D,0,0,D,,19,8,4,2,12,10,9,2,0,0,0,0
27/05/2023,Union Berlin,Werder Bremen,1,0,H,0,0,D,,16,7,4,4,9,10,15,1,1,3,0,0
27/05/2023,Wolfsburg,Hertha,1,2,A,1,0,H,,19,9,9,5,9,18,7,3,1,5,0,0
18/08/2023,Werder Bremen,Bayern Munich,0,4,A,0,1,A,,6,25,1,10,16,11,0,6,2,1,0,0
19/08/2023,Augsburg,M'gladbach,4,4,D,3,3,D,,20,9,8,6,9,14,8,7,1,2,0,0
19/08/2023,Hoffenheim,Freiburg,1,2,A,0,2,A,,24,17,5,8,9,9,4,2,0,1,0,0
19/08/2023,Leverkusen,RB Leipzig,3,2,H,2,1,H,,11,13,7,6,13,10,4,5,1,2,0,0
19/08/2023,Stuttgart,Bochum,5,0,H,2,0,H,,19,4,9,1,5,12,7,0,1,1,0,0
19/08/2023,Wolfsburg,Heidenheim,2,0,H,2,0,H,,18,13,8,1,10,9,1,7,3,0,0,0
19/08/2023,Dortmund,FC Koln,1,0,H,0,0,D,,12,11,2,4,13,11,6,3,1,0,0,0
20/08/2023,Union Berlin,Mainz,4,1,H,2,0,H,,12,9,7,3,15,16,3,1,1,5,0,0
20/08/2023,Ein Frankfurt,Darmstadt,1,0,H,1,0,H,,10,11,4,2,9,14,7,3,2,3,0,0
25/08/2023,RB Leipzig,Stuttgart,5,1,H,0,1,A,,20,8,11,3,12,10,4,4,1,1,0,0
26/08/2023,Bochum,Dortmund,1,1,D,1,0,H,,17,13,6,3,21,7,5,4,2,1,0,0
26/08/2023,Darmstadt,Union Berlin,1,4,A,1,3,A,,18,12,6,6,15,12,3,5,2,2,0,1
26/08/2023,FC Koln,Wolfsburg,1,2,A,0,0,D,,14,9,2,6,6,10,6,1,1,5,0,0
26/08/2023,Freiburg,Werder Bremen,1,0,H,0,0,D,,23,16,6,2,9,8,5,5,2,2,0,0
26/08/2023,Heidenheim,Hoffenheim,2,3,A,1,0,H,,19,16,9,6,13,9,10,6,1,5,0,0
26/08/2023,M'gladbach,Leverkusen,0,3,A,0,2,A,,13,24,2,10,7,8,5,8,2,3,0,0
27/08/2023,Mainz,Ein Frankfurt,1,1,D,1,0,H,,13,8,7,2,23,12,5,4,3,4,0,1
27/08/2023,Bayern Munich,Augsburg,3,1,H,2,0,H,,19,11,6,2,13,8,10,4,1,2,0,0
01/09/2023,Dortmund,Heidenheim,2,2,D,2,0,H,,20,15,9,6,9,22,3,6,3,3,0,0
02/09/2023,Augsburg,Bochum,2,2,D,1,1,D,,11,22,3,9,15,13,3,5,2,2,0,0
02/09/2023,Hoffenheim,Wolfsburg,3,1,H,1,1,D,,11,14,5,7,12,15,3,3,2,2,0,0
02/09/2023,Leverkusen,Darmstadt,5,1,H,1,1,D,,24,5,13,1,8,11,4,2,3,2,0,0
02/09/2023,Stuttgart,Freiburg,5,0,H,3,0,H,,13,11,6,5,9,10,2,4,1,1,0,0
02/09/2023,Werder Bremen,Mainz,4,0,H,1,0,H,,12,12,6,3,18,14,1,7,2,2,0,0
02/09/2023,M'gladbach,Bayern Munich,1,2,A,1,0,H,,8,25,3,9,5,20,1,15,0,2,0,0
03/09/2023,Ein Frankfurt,FC Koln,1,1,D,0,1,A,,12,6,4,2,10,10,8,1,1,3,0,0
03/09/2023,Union Berlin,RB Leipzig,0,3,A,0,0,D,,4,15,1,8,16,9,3,7,3,1,1,0
15/09/2023,Bayern Munich,Leverkusen,2,2,D,1,1,D,,15,12,9,5,6,6,7,4,0,3,0,0
16/09/2023,FC Koln,Hoffenheim,1,3,A,0,2,A,,17,17,7,5,15,14,13,4,4,4,1,0
16/09/2023,Freiburg,Dortmund,2,4,A,2,1,H,,14,14,4,6,12,16,6,8,2,3,1,0
16/09/2023,Mainz,Stuttgart,1,3,A,0,0,D,,15,16,3,6,12,9,6,4,1,2,0,0
16/09/2023,RB Leipzig,Augsburg,3,0,H,3,0,H,,9,16,6,4,16,12,1,6,0,0,0,0
16/09/2023,Wolfsburg,Union Berlin,2,1,H,2,1,H,,8,17,3,5,6,8,3,7,1,0,0,0
16/09/2023,Bochum,Ein Frankfurt,1,1,D,0,0,D,,24,8,10,6,13,14,8,2,3,2,0,0
17/09/2023,Heidenheim,Werder Bremen,4,2,H,2,0,H,,19,11,4,4,21,9,10,1,1,1,0,0
17/09/2023,Darmstadt,M'gladbach,3,3,D,3,0,H,,15,21,8,10,12,8,6,6,1,1,1,0
22/09/2023,Stuttgart,Darmstadt,3,1,H,2,1,H,,18,3,11,0,7,12,5,4,1,6,0,0
23/09/2023,Augsburg,Mainz,2,1,H,2,1,H,,6,13,3,3,16,14,3,4,2,3,1,0
23/09/2023,Bayern Munich,Bochum,7,0,H,4,0,H,,26,4,16,1,8,10,8,1,0,1,0,0
23/09/2023,Dortmund,Wolfsburg,1,0,H,0,0,D,,18,8,4,2,9,14,5,3,0,1,0,0
23/09/2023,M'gladbach,RB Leipzig,0,1,A,0,0,D,,13,8,1,4,14,7,11,6,1,1,0,0
23/09/2023,Union Berlin,Hoffenheim,0,2,A,0,2,A,,22,11,6,4,11,13,11,6,1,3,0,0
23/09/2023,Werder Bremen,FC Koln,2,1,H,1,1,D,,17,13,6,5,18,16,9,8,2,1,0,0
24/09/2023,Leverkusen,Heidenheim,4,1,H,1,0,H,,20,1,10,1,9,10,7,2,1,1,0,0
24/09/2023,Ein Frankfurt,Freiburg,0,0,D,0,0,D,,13,9,5,2,12,5,7,3,4,2,0,0
29/09/2023,Hoffenheim,Dortmund,1,3,A,1,2,A,,15,6,5,5,14,16,4,3,3,4,0,1
30/09/2023,Bochum,M'gladbach,1,3,A,0,3,A,,23,25,5,9,12,12,5,10,2,3,0,0
30/09/2023,FC Koln,Stuttgart,0,2,A,0,0,D,,14,18,5,4,16,8,8,4,2,1,0,0
30/09/2023,Heidenheim,Union Berlin,1,0,H,0,0,D,,9,19,4,8,11,14,5,7,1,2,0,0
30/09/2023,Mainz,Leverkusen,0,3,A,0,1,A,,10,6,3,3,13,11,3,1,4,1,0,0
30/09/2023,Wolfsburg,Ein Frankfurt,2,0,H,1,0,H,,19,7,7,3,11,18,7,4,1,6,0,1
30/09/2023,RB Leipzig,Bayern Munich,2,2,D,2,0,H,,7,11,2,5,10,11,5,1,2,5,0,0
01/10/2023,Darmstadt,Werder Bremen,4,2,H,2,0,H,,14,10,5,7,19,19,2,4,3,2,0,0
01/10/2023,Freiburg,Augsburg,2,0,H,1,0,H,,7,13,3,4,13,17,2,3,2,2,0,0
06/10/2023,M'gladbach,Mainz,2,2,D,1,1,D,,20,13,9,7,9,9,10,3,3,1,0,0
07/10/2023,Augsburg,Darmstadt,1,2,A,0,0,D,,17,17,3,5,13,12,4,4,4,2,0,0
07/10/2023,Dortmund,Union Berlin,4,2,H,1,2,A,,12,12,7,6,7,15,4,6,1,1,0,0
07/10/2023,RB Leipzig,Bochum,0,0,D,0,0,D,,18,9,5,2,10,13,9,1,2,4,0,0
07/10/2023,Stuttgart,Wolfsburg,3,1,H,0,1,A,,13,12,7,5,13,14,5,6,1,3,0,0
07/10/2023,Werder Bremen,Hoffenheim,2,3,A,1,2,A,,13,11,3,4,15,6,4,4,5,4,0,0
08/10/2023,Leverkusen,FC Koln,3,0,H,2,0,H,,21,7,10,3,9,7,11,4,3,0,0,0
08/10/2023,Bayern Munich,Freiburg,3,0,H,2,0,H,,21,2,5,0,7,8,7,1,1,0,0,0
08/10/2023,Ein Frankfurt,Heidenheim,2,0,H,1,0,H,,12,7,6,2,14,10,3,6,2,3,0,0
20/10/2023,Dortmund,Werder Bremen,1,0,H,0,0,D,,22,6,5,1,5,10,10,4,1,5,0,0
21/10/2023,Darmstadt,RB Leipzig,1,3,A,1,2,A,,16,10,3,7,16,12,6,0,6,3,0,0
21/10/2023,Freiburg,Bochum,2,1,H,2,1,H,,15,13,5,5,11,16,5,2,3,4,0,0
21/10/2023,Hoffenheim,Ein Frankfurt,1,3,A,1,3,A,,14,13,5,5,7,7,6,3,3,0,0,0
21/10/2023,Union Berlin,Stuttgart,0,3,A,0,1,A,,10,10,2,5,12,12,4,2,2,1,0,0
21/10/2023,Wolfsburg,Leverkusen,1,2,A,1,1,D,,18,13,7,6,15,14,4,3,3,5,0,0
21/10/2023,Mainz,Bayern Munich,1,3,A,1,2,A,,14,12,3,5,12,10,2,7,3,2,0,0
22/10/2023,FC Koln,M'gladbach,3,1,H,1,0,H,,21,5,8,2,13,10,8,3,0,2,0,1
22/10/2023,Heidenheim,Augsburg,2,5,A,2,3,A,,16,9,5,6,11,11,6,5,3,2,0,0
27/10/2023,Bochum,Mainz,2,2,D,1,0,H,,10,10,4,4,14,21,5,4,3,3,0,0
28/10/2023,Augsburg,Wolfsburg,3,2,H,1,2,A,,9,13,5,6,19,14,5,5,6,4,1,0
28/10/2023,Bayern Munich,Darmstadt,8,0,H,0,0,D,,28,10,16,4,15,13,7,1,1,2,1,2
28/10/2023,M'gladbach,Heidenheim,2,1,H,1,1,D,,11,8,6,3,5,18,6,4,0,3,0,0
28/10/2023,Stuttgart,Hoffenheim,2,3,A,0,2,A,,23,7,10,5,13,11,6,0,2,1,0,0
28/10/2023,Werder Bremen,Union Berlin,2,0,H,1,0,H,,9,7,3,2,12,14,3,3,1,4,0,1
28/10/2023,RB Leipzig,FC Koln,6,0,H,4,0,H,,24,6,13,1,8,13,11,1,2,4,0,1
29/10/2023,Ein Frankfurt,Dortmund,3,3,D,2,1,H,,11,14,7,4,11,10,0,4,3,2,0,0
29/10/2023,Leverkusen,Freiburg,2,1,H,1,0,H,,19,10,4,4,9,10,11,4,0,2,0,0
03/11/2023,Darmstadt,Bochum,1,2,A,1,1,D,,15,9,4,4,7,16,11,2,2,5,1,0
04/11/2023,FC Koln,Augsburg,1,1,D,1,1,D,,28,18,12,3,10,10,10,2,1,4,0,0
04/11/2023,Freiburg,M'gladbach,3,3,D,1,3,A,,15,10,8,5,7,10,8,2,2,2,0,0
04/11/2023,Hoffenheim,Leverkusen,2,3,A,0,2,A,,12,10,7,4,6,10,4,3,3,2,0,0
04/11/2023,Mainz,RB Leipzig,2,0,H,0,0,D,,10,10,3,2,13,9,2,7,3,1,0,0
04/11/2023,Union Berlin,Ein Frankfurt,0,3,A,0,2,A,,10,4,3,3,13,8,9,1,0,1,0,0
04/11/2023,Dortmund,Bayern Munich,0,4,A,0,2,A,,15,14,1,8,14,6,3,2,3,2,0,0
05/11/2023,Wolfsburg,Werder Bremen,2,2,D,1,1,D,,15,13,5,4,14,17,5,2,4,1,1,0
05/11/2023,Heidenheim,Stuttgart,2,0,H,0,0,D,,19,14,2,2,7,13,9,6,2,2,0,0
10/11/2023,M'gladbach,Wolfsburg,4,0,H,2,0,H,,16,12,8,4,7,12,8,5,1,3,0,0
11/11/2023,Augsburg,Hoffenheim,1,1,D,0,1,A,,11,12,6,6,9,11,3,5,1,2,0,0
11/11/2023,Bayern Munich,Heidenheim,4,2,H,2,0,H,,18,7,8,2,8,8,7,2,1,0,0,0
11/11/2023,Darmstadt,Mainz,0,0,D,0,0,D,,9,9,3,0,20,15,0,5,3,3,0,0
11/11/2023,Stuttgart,Dortmund,2,1,H,1,1,D,,22,5,10,1,13,16,6,1,2,3,0,0
11/11/2023,Bochum,FC Koln,1,1,D,1,0,H,,25,10,9,6,14,19,3,3,4,1,0,0
12/11/2023,Leverkusen,Union Berlin,4,0,H,1,0,H,,19,2,10,2,8,5,10,1,0,1,0,0
12/11/2023,Werder Bremen,Ein Frankfurt,2,2,D,1,0,H,,14,14,5,3,3,10,3,7,1,3,0,0
12/11/2023,RB Leipzig,Freiburg,3,1,H,1,1,D,,15,9,6,3,10,12,7,3,2,0,0,0
24/11/2023,FC Koln,Bayern Munich,0,1,A,0,1,A,,6,19,2,5,6,4,3,12,0,1,0,0
25/11/2023,Dortmund,M'gladbach,4,2,H,3,2,H,,20,10,13,3,11,11,5,4,1,2,0,0
25/11/2023,Freiburg,Darmstadt,1,1,D,1,1,D,,16,7,3,1,15,15,11,2,2,0,0,0
25/11/2023,Union Berlin,Augsburg,1,1,D,0,1,A,,16,11,6,2,10,15,3,4,2,2,0,0
25/11/2023,Werder Bremen,Leverkusen,0,3,A,0,2,A,,2,13,1,4,15,4,1,6,3,1,0,0
25/11/2023,Wolfsburg,RB Leipzig,2,1,H,1,0,H,,10,26,4,10,18,11,1,12,4,2,0,0
25/11/2023,Ein Frankfurt,Stuttgart,1,2,A,1,2,A,,14,11,1,5,14,8,4,2,0,1,0,0
26/11/2023,Heidenheim,Bochum,0,0,D,0,0,D,,9,9,3,2,14,7,6,5,4,3,0,0
26/11/2023,Hoffenheim,Mainz,1,1,D,0,1,A,,15,15,6,6,9,14,4,5,4,4,0,0
01/12/2023,Darmstadt,FC Koln,0,1,A,0,0,D,,11,11,1,6,12,12,1,6,1,3,0,0
02/12/2023,Bochum,Wolfsburg,3,1,H,2,1,H,,19,15,9,6,14,13,6,6,6,2,0,0
02/12/2023,M'gladbach,Hoffenheim,2,1,H,0,0,D,,9,17,3,5,12,14,6,3,2,2,0,0
02/12/2023,RB Leipzig,Heidenheim,2,1,H,2,1,H,,23,7,8,1,13,16,5,3,2,2,0,0
02/12/2023,Stuttgart,Werder Bremen,2,0,H,1,0,H,,17,11,6,3,7,9,6,7,1,0,0,0
03/12/2023,Mainz,Freiburg,0,1,A,0,0,D,,19,13,6,5,16,11,14,3,1,1,0,0
03/12/2023,Leverkusen,Dortmund,1,1,D,0,1,A,,22,6,6,2,12,12,16,1,3,2,0,0
03/12/2023,Augsburg,Ein Frankfurt,2,1,H,1,0,H,,9,12,4,6,9,10,2,4,1,1,0,0
08/12/2023,Hoffenheim,Bochum,3,1,H,2,0,H,,18,22,7,5,18,11,4,5,3,2,0,0
09/12/2023,Ein Frankfurt,Bayern Munich,5,1,H,3,1,H,,14,17,6,6,8,7,1,9,1,2,0,0
09/12/2023,Heidenheim,Darmstadt,3,2,H,1,0,H,,16,20,7,7,17,13,8,3,2,2,0,0
09/12/2023,Union Berlin,M'gladbach,3,1,H,1,0,H,,16,13,6,4,9,8,6,7,1,3,0,0
09/12/2023,Werder Bremen,Augsburg,2,0,H,1,0,H,,12,11,5,1,13,9,5,2,1,2,0,0
09/12/2023,Wolfsburg,Freiburg,0,1,A,0,0,D,,10,4,3,1,11,16,5,3,1,4,0,0
09/12/2023,Dortmund,RB Leipzig,2,3,A,1,1,D,,18,24,6,8,6,11,6,6,1,3,1,0
10/12/2023,Stuttgart,Leverkusen,1,1,D,1,0,H,,22,20,12,6,8,7,8,8,1,1,0,0
10/12/2023,FC Koln,Mainz,0,0,D,0,0,D,,7,13,3,5,10,10,1,7,2,4,0,0
15/12/2023,M'gladbach,Werder Bremen,2,2,D,1,1,D,,15,10,4,5,10,12,4,3,4,2,0,0
16/12/2023,Augsburg,Dortmund,1,1,D,1,1,D,,20,24,4,6,13,4,4,7,2,1,0,0
16/12/2023,Bochum,Union Berlin,3,0,H,1,0,H,,21,10,7,2,12,13,6,4,2,2,0,0
16/12/2023,Darmstadt,Wolfsburg,0,1,A,0,0,D,,14,11,4,3,16,10,7,7,2,0,0,1
16/12/2023,Mainz,Heidenheim,0,1,A,0,1,A,,16,5,4,2,9,20,8,1,3,3,0,0
16/12/2023,RB Leipzig,Hoffenheim,3,1,H,1,1,D,,23,10,11,4,11,9,9,2,3,2,0,0
17/12/2023,Freiburg,FC Koln,2,0,H,0,0,D,,23,7,7,1,13,10,5,2,1,4,0,1
17/12/2023,Leverkusen,Ein Frankfurt,3,0,H,1,0,H,,14,4,6,2,4,13,5,5,1,1,0,0
17/12/2023,Bayern Munich,Stuttgart,3,0,H,1,0,H,,17,5,8,2,7,8,6,2,0,3,0,0
19/12/2023,Werder Bremen,RB Leipzig,1,1,D,0,0,D,,11,18,3,9,15,9,1,4,4,2,0,0
19/12/2023,Dortmund,Mainz,1,1,D,1,1,D,,21,11,8,6,11,14,6,1,0,4,0,0
19/12/2023,Hoffenheim,Darmstadt,3,3,D,2,1,H,,13,14,4,3,9,15,8,3,2,4,0,0
20/12/2023,Union Berlin,FC Koln,2,0,H,0,0,D,,12,15,8,7,10,7,4,5,0,0,0,0
20/12/2023,Ein Frankfurt,M'gladbach,2,1,H,0,1,A,,15,7,7,2,11,14,8,2,1,6,0,1
20/12/2023,Heidenheim,Freiburg,3,2,H,0,1,A,,14,10,3,4,20,12,7,4,3,4,0,0
20/12/2023,Leverkusen,Bochum,4,0,H,3,0,H,,15,6,8,1,7,12,4,3,0,2,0,0
20/12/2023,Stuttgart,Augsburg,3,0,H,2,0,H,,17,6,7,5,8,14,4,4,0,4,0,0
20/12/2023,Wolfsburg,Bayern Munich,1,2,A,1,2,A,,5,20,4,7,14,12,0,6,4,2,0,0
12/01/2024,Bayern Munich,Hoffenheim,3,0,H,1,0,H,,27,12,12,4,8,6,11,2,1,3,0,1
13/01/2024,Augsburg,Leverkusen,0,1,A,0,0,D,,2,25,0,6,11,4,0,12,3,1,0,0
13/01/2024,FC Koln,Heidenheim,1,1,D,1,0,H,,13,10,6,2,12,11,9,6,2,1,0,0
13/01/2024,Freiburg,Union Berlin,0,0,D,0,0,D,,14,8,4,4,7,9,4,3,0,2,0,0
13/01/2024,Mainz,Wolfsburg,1,1,D,0,1,A,,12,9,4,4,21,16,7,3,3,4,0,0
13/01/2024,RB Leipzig,Ein Frankfurt,0,1,A,0,1,A,,26,5,7,1,7,16,15,4,0,2,0,0
13/01/2024,Darmstadt,Dortmund,0,3,A,0,1,A,,10,17,2,8,10,13,3,4,1,3,0,0
14/01/2024,Bochum,Werder Bremen,1,1,D,0,0,D,,13,15,4,4,14,14,3,4,6,5,0,0
14/01/2024,M'gladbach,Stuttgart,3,1,H,2,0,H,,8,14,4,2,7,11,0,3,3,3,0,0
20/01/2024,Bochum,Stuttgart,1,0,H,0,0,D,,6,17,1,4,16,16,1,7,5,3,0,0
20/01/2024,Darmstadt,Ein Frankfurt,2,2,D,0,1,A,,13,7,3,4,11,7,4,1,1,1,0,0
20/01/2024,FC Koln,Dortmund,0,4,A,0,1,A,,16,11,5,7,16,7,13,4,2,2,0,0
20/01/2024,Freiburg,Hoffenheim,3,2,H,1,0,H,,16,16,8,4,18,10,2,2,3,3,1,0
20/01/2024,Heidenheim,Wolfsburg,1,1,D,1,1,D,,12,12,3,3,11,10,4,2,0,1,0,0
20/01/2024,RB Leipzig,Leverkusen,2,3,A,1,0,H,,11,18,6,5,11,11,1,9,2,3,0,0
21/01/2024,Bayern Munich,Werder Bremen,0,1,A,0,0,D,,21,8,6,3,12,7,10,2,2,1,0,0
21/01/2024,M'gladbach,Augsburg,1,2,A,1,0,H,,18,15,4,7,10,20,5,7,1,2,0,0
24/01/2024,Bayern Munich,Union Berlin,1,0,H,0,0,D,,24,4,10,1,5,9,12,1,2,4,0,0
26/01/2024,Ein Frankfurt,Mainz,1,0,H,0,0,D,,13,7,4,0,10,12,2,1,2,1,0,0
27/01/2024,Augsburg,Bayern Munich,2,3,A,0,2,A,,14,13,7,4,12,11,4,5,2,6,0,0
27/01/2024,Hoffenheim,Heidenheim,1,1,D,1,1,D,,20,15,8,3,11,13,9,5,4,0,0,0
27/01/2024,Stuttgart,RB Leipzig,5,2,H,2,1,H,,19,4,11,2,9,11,9,3,1,4,0,0
27/01/2024,Werder Bremen,Freiburg,3,1,H,1,1,D,,14,7,4,4,14,10,5,5,2,1,0,0
27/01/2024,Wolfsburg,FC Koln,1,1,D,1,1,D,,12,6,5,2,17,12,6,3,5,3,0,0
27/01/2024,Leverkusen,M'gladbach,0,0,D,0,0,D,,28,4,8,3,15,6,8,2,3,1,0,0
28/01/2024,Union Berlin,Darmstadt,1,0,H,0,0,D,,19,15,6,1,13,9,4,3,3,2,0,0
28/01/2024,Dortmund,Bochum,3,1,H,1,1,D,,15,10,6,4,10,16,8,4,1,3,0,0
02/02/2024,Heidenheim,Dortmund,0,0,D,0,0,D,,11,13,0,5,7,7,4,6,0,2,0,0
03/02/2024,Bayern Munich,M'gladbach,3,1,H,1,1,D,,21,11,6,4,11,9,6,5,0,1,0,0
03/02/2024,Bochum,Augsburg,1,1,D,1,0,H,,9,12,4,6,17,14,3,5,3,1,0,0
03/02/2024,Darmstadt,Leverkusen,0,2,A,0,1,A,,8,18,6,7,14,8,4,3,2,2,0,0
03/02/2024,Freiburg,Stuttgart,1,3,A,1,2,A,,7,17,4,9,10,7,1,6,4,2,1,0
03/02/2024,Mainz,Werder Bremen,0,1,A,0,1,A,,20,6,5,1,22,16,11,1,4,3,0,0
03/02/2024,FC Koln,Ein Frankfurt,2,0,H,0,0,D,,14,11,4,4,8,13,7,7,1,4,0,2
04/02/2024,Wolfsburg,Hoffenheim,2,2,D,0,1,A,,14,17,8,7,12,16,7,2,2,3,0,0
04/02/2024,RB Leipzig,Union Berlin,2,0,H,1,0,H,,16,10,6,2,13,11,5,4,1,2,0,1
07/02/2024,Mainz,Union Berlin,1,1,D,1,1,D,,16,15,7,4,14,15,8,3,2,4,0,0
09/02/2024,Dortmund,Freiburg,3,0,H,2,0,H,,17,6,8,3,13,7,5,3,2,0,0,0
10/02/2024,Augsburg,RB Leipzig,2,2,D,1,1,D,,11,9,4,6,15,10,1,3,5,1,0,0
10/02/2024,Ein Frankfurt,Bochum,1,1,D,1,1,D,,8,14,2,5,6,12,8,3,2,2,0,0
10/02/2024,M'gladbach,Darmstadt,0,0,D,0,0,D,,22,10,8,1,11,15,7,2,0,5,0,0
10/02/2024,Union Berlin,Wolfsburg,1,0,H,1,0,H,,7,15,2,5,12,9,6,10,1,2,0,0
10/02/2024,Werder Bremen,Heidenheim,1,2,A,1,2,A,,14,10,3,3,10,13,5,10,1,2,0,0
10/02/2024,Leverkusen,Bayern Munich,3,0,H,1,0,H,,14,8,8,1,13,13,4,6,3,2,0,0
11/02/2024,Stuttgart,Mainz,3,1,H,2,0,H,,10,16,7,6,7,9,4,5,1,1,0,0
11/02/2024,Hoffenheim,FC Koln,1,1,D,0,0,D,,10,5,4,1,12,13,10,3,3,4,0,0
16/02/2024,FC Koln,Werder Bremen,0,1,A,0,0,D,,10,13,2,4,16,11,5,3,4,4,0,0
17/02/2024,Darmstadt,Stuttgart,1,2,A,0,1,A,,21,13,9,4,15,14,5,3,4,5,0,1
17/02/2024,Heidenheim,Leverkusen,1,2,A,0,1,A,,6,17,3,4,15,5,4,5,2,1,0,0
17/02/2024,Hoffenheim,Union Berlin,0,1,A,0,0,D,,16,10,4,3,10,7,6,2,3,4,1,1
17/02/2024,Mainz,Augsburg,1,0,H,1,0,H,,19,10,4,4,8,16,7,7,3,2,0,1
17/02/2024,Wolfsburg,Dortmund,1,1,D,0,1,A,,9,12,4,5,18,5,5,3,3,1,0,0
17/02/2024,RB Leipzig,M'gladbach,2,0,H,1,0,H,,16,13,9,0,12,13,8,4,1,5,0,0
18/02/2024,Freiburg,Ein Frankfurt,3,3,D,2,2,D,,13,10,8,6,8,10,6,1,0,0,0,0
18/02/2024,Bochum,Bayern Munich,3,2,H,2,1,H,,14,26,5,10,12,10,4,9,2,4,0,1
23/02/2024,Leverkusen,Mainz,2,1,H,1,1,D,,18,13,7,4,14,16,11,2,3,5,0,1
24/02/2024,M'gladbach,Bochum,5,2,H,2,0,H,,22,15,6,5,13,13,5,6,2,4,0,0
24/02/2024,Stuttgart,FC Koln,1,1,D,0,0,D,,13,12,5,6,11,13,9,4,1,0,0,0
24/02/2024,Union Berlin,Heidenheim,2,2,D,2,1,H,,12,9,3,4,9,12,4,2,2,1,0,0
24/02/2024,Werder Bremen,Darmstadt,1,1,D,1,1,D,,13,11,4,3,10,13,4,6,3,4,0,0
24/02/2024,Bayern Munich,RB Leipzig,2,1,H,0,0,D,,16,11,4,5,11,10,6,4,3,3,0,0
25/02/2024,Ein Frankfurt,Wolfsburg,2,2,D,1,2,A,,12,14,5,8,9,7,5,3,2,1,0,0
25/02/2024,Dortmund,Hoffenheim,2,3,A,2,1,H,,19,7,7,5,7,10,10,3,2,3,0,0
25/02/2024,Augsburg,Freiburg,2,1,H,0,1,A,,21,5,8,1,16,11,10,2,3,1,0,0
01/03/2024,Freiburg,Bayern Munich,2,2,D,1,1,D,,17,21,5,9,11,7,3,6,1,2,0,0
02/03/2024,Bochum,RB Leipzig,1,4,A,1,1,D,,15,10,4,4,13,10,2,5,3,2,1,0
02/03/2024,Darmstadt,Augsburg,0,6,A,0,5,A,,10,21,5,6,4,12,3,6,2,0,0,0
02/03/2024,Heidenheim,Ein Frankfurt,1,2,A,0,1,A,,16,11,3,6,6,10,7,3,1,4,0,0
02/03/2024,Mainz,M'gladbach,1,1,D,1,0,H,,21,14,5,5,12,15,12,6,5,1,1,0
02/03/2024,Union Berlin,Dortmund,0,2,A,0,1,A,,13,12,5,7,11,8,8,7,2,1,0,0
02/03/2024,Wolfsburg,Stuttgart,2,3,A,0,1,A,,12,7,2,3,20,12,5,4,3,2,0,0
03/03/2024,FC Koln,Leverkusen,0,2,A,0,1,A,,6,17,0,6,10,9,1,9,2,2,1,0
03/03/2024,Hoffenheim,Werder Bremen,2,1,H,2,0,H,,14,18,7,8,11,10,3,3,5,1,1,0
08/03/2024,Stuttgart,Union Berlin,2,0,H,1,0,H,,14,10,5,4,7,14,4,3,1,2,0,1
09/03/2024,Augsburg,Heidenheim,1,0,H,1,0,H,,8,6,4,1,14,20,5,2,1,3,0,0
09/03/2024,Bayern Munich,Mainz,8,1,H,3,1,H,,25,13,12,3,8,7,6,7,1,1,0,0
09/03/2024,M'gladbach,FC Koln,3,3,D,1,1,D,,16,12,5,5,15,15,8,3,3,4,0,0
09/03/2024,RB Leipzig,Darmstadt,2,0,H,1,0,H,,28,9,8,4,3,14,8,4,0,3,0,0
09/03/2024,Werder Bremen,Dortmund,1,2,A,0,2,A,,15,13,5,6,6,8,10,4,1,2,0,1
10/03/2024,Bochum,Freiburg,1,2,A,0,1,A,,18,9,6,5,11,11,12,5,3,7,0,0
10/03/2024,Ein Frankfurt,Hoffenheim,3,1,H,1,1,D,,17,6,7,2,11,10,5,1,2,3,0,2
10/03/2024,Leverkusen,Wolfsburg,2,0,H,1,0,H,,19,2,7,1,6,7,9,2,1,3,0,1
15/03/2024,FC Koln,RB Leipzig,1,5,A,1,1,D,,9,23,2,7,11,12,3,6,2,2,0,0
16/03/2024,Darmstadt,Bayern Munich,2,5,A,1,2,A,,7,26,3,6,9,6,2,9,1,0,0,0
16/03/2024,Heidenheim,M'gladbach,1,1,D,0,1,A,,16,6,5,2,16,8,10,4,1,3,0,0
16/03/2024,Mainz,Bochum,2,0,H,1,0,H,,13,11,4,4,15,15,7,6,4,3,0,0
16/03/2024,Union Berlin,Werder Bremen,2,1,H,0,0,D,,11,10,5,2,16,16,4,3,3,5,0,0
16/03/2024,Wolfsburg,Augsburg,1,3,A,1,1,D,,15,14,4,5,12,19,8,6,1,3,1,0
16/03/2024,Hoffenheim,Stuttgart,0,3,A,0,2,A,,8,25,1,12,8,12,5,6,1,0,0,0
17/03/2024,Freiburg,Leverkusen,2,3,A,1,2,A,,9,18,3,7,13,6,2,8,1,0,0,0
17/03/2024,Dortmund,Ein Frankfurt,3,1,H,1,1,D,,16,8,6,6,5,9,8,3,1,2,0,0
30/03/2024,Ein Frankfurt,Union Berlin,0,0,D,0,0,D,,18,10,4,2,8,14,6,2,3,1,0,0
30/03/2024,Leverkusen,Hoffenheim,2,1,H,0,1,A,,36,6,12,2,9,8,9,2,0,1,0,0
30/03/2024,M'gladbach,Freiburg,0,3,A,0,1,A,,18,13,4,8,11,7,14,1,1,0,0,0
30/03/2024,RB Leipzig,Mainz,0,0,D,0,0,D,,23,8,10,2,10,15,12,2,2,5,0,0
30/03/2024,Werder Bremen,Wolfsburg,0,2,A,0,1,A,,6,15,1,5,13,15,3,6,4,4,1,1
30/03/2024,Bayern Munich,Dortmund,0,2,A,0,1,A,,16,11,3,5,7,7,7,4,0,0,0,0
31/03/2024,Augsburg,FC Koln,1,1,D,1,1,D,,24,12,6,2,9,13,12,6,0,3,0,0
31/03/2024,Stuttgart,Heidenheim,3,3,D,1,0,H,,20,6,6,3,5,9,6,7,1,0,0,1
31/03/2024,Bochum,Darmstadt,2,2,D,1,0,H,,20,13,7,3,7,15,6,5,2,2,0,0
05/04/2024,Ein Frankfurt,Werder Bremen,1,1,D,0,0,D,,19,10,5,7,10,14,9,0,3,2,1,1
06/04/2024,FC Koln,Bochum,2,1,H,0,0,D,,17,8,6,2,16,13,9,4,3,3,0,0
06/04/2024,Freiburg,RB Leipzig,1,4,A,0,3,A,,15,15,4,6,7,12,8,4,3,4,0,0
06/04/2024,Heidenheim,Bayern Munich,3,2,H,0,2,A,,9,15,4,8,9,8,3,3,2,0,0,0
06/04/2024,Mainz,Darmstadt,4,0,H,1,0,H,,18,14,9,2,16,9,5,1,2,3,0,0
06/04/2024,Union Berlin,Leverkusen,0,1,A,0,1,A,,8,19,1,8,10,14,7,10,3,2,1,0
06/04/2024,Dortmund,Stuttgart,0,1,A,0,0,D,,14,10,7,2,8,8,8,3,2,4,0,0
07/04/2024,Hoffenheim,Augsburg,3,1,H,2,0,H,,17,14,6,7,8,14,11,6,3,1,0,0
07/04/2024,Wolfsburg,M'gladbach,1,3,A,1,0,H,,13,10,4,6,9,12,4,4,2,2,0,0
12/04/2024,Augsburg,Union Berlin,2,0,H,0,0,D,,12,17,4,4,15,14,5,4,1,1,0,0
13/04/2024,Bayern Munich,FC Koln,2,0,H,0,0,D,,17,11,7,5,3,15,5,5,0,3,0,0
13/04/2024,Bochum,Heidenheim,1,1,D,0,0,D,,24,10,5,3,12,22,6,2,4,1,0,0
13/04/2024,Mainz,Hoffenheim,4,1,H,0,1,A,,23,5,8,1,12,14,9,3,0,2,0,0
13/04/2024,M'gladbach,Dortmund,1,2,A,1,2,A,,16,12,5,4,13,11,2,4,1,4,0,1
13/04/2024,RB Leipzig,Wolfsburg,3,0,H,1,0,H,,15,10,6,3,12,7,6,4,2,4,0,0
13/04/2024,Stuttgart,Ein Frankfurt,3,0,H,3,0,H,,9,10,6,3,4,15,4,5,1,3,0,0
14/04/2024,Darmstadt,Freiburg,0,1,A,0,1,A,,16,9,4,3,6,12,2,2,0,1,0,0
14/04/2024,Leverkusen,Werder Bremen,5,0,H,1,0,H,,19,7,10,3,10,4,7,0,2,1,0,0
19/04/2024,Ein Frankfurt,Augsburg,3,1,H,0,1,A,,12,6,7,1,2,19,6,5,3,3,0,0
20/04/2024,FC Koln,Darmstadt,0,2,A,0,0,D,,18,12,4,6,10,13,4,3,0,1,0,0
20/04/2024,Heidenheim,RB Leipzig,1,2,A,0,1,A,,9,11,5,4,14,7,2,6,3,1,0,0
20/04/2024,Hoffenheim,M'gladbach,4,3,H,1,1,D,,27,13,9,7,6,11,6,5,1,3,0,0
20/04/2024,Wolfsburg,Bochum,1,0,H,1,0,H,,10,9,5,1,11,16,5,8,4,3,0,0
20/04/2024,Union Berlin,Bayern Munich,1,5,A,0,2,A,,15,18,4,9,5,4,5,3,0,0,0,0
21/04/2024,Werder Bremen,Stuttgart,2,1,H,1,0,H,,9,14,2,5,11,10,1,7,3,3,0,0
21/04/2024,Dortmund,Leverkusen,1,1,D,0,0,D,,9,13,2,5,14,11,2,6,4,3,0,0
21/04/2024,Freiburg,Mainz,1,1,D,1,1,D,,7,17,3,4,17,15,2,4,3,4,0,0
26/04/2024,Bochum,Hoffenheim,3,2,H,2,0,H,,35,12,13,4,13,10,10,4,1,1,0,0
27/04/2024,Augsburg,Werder Bremen,0,3,A,0,0,D,,14,16,1,8,18,8,6,4,1,2,0,0
27/04/2024,Bayern Munich,Ein Frankfurt,2,1,H,1,1,D,,19,10,9,3,11,7,4,2,0,3,0,0
27/04/2024,Freiburg,Wolfsburg,1,2,A,1,0,H,,16,13,3,5,12,7,3,6,4,2,1,0
27/04/2024,RB Leipzig,Dortmund,4,1,H,2,1,H,,21,12,7,5,11,7,5,8,1,2,0,0
27/04/2024,Leverkusen,Stuttgart,2,2,D,0,0,D,,14,11,6,4,10,19,5,2,4,3,0,0
28/04/2024,M'gladbach,Union Berlin,0,0,D,0,0,D,,13,14,4,7,3,13,3,4,2,2,0,0
28/04/2024,Mainz,FC Koln,1,1,D,1,0,H,,16,16,4,6,17,13,6,6,4,4,1,0
28/04/2024,Darmstadt,Heidenheim,0,1,A,0,0,D,,12,19,4,6,14,12,3,8,2,1,0,0
03/05/2024,Hoffenheim,RB Leipzig,1,1,D,0,1,A,,18,8,8,5,6,8,4,4,1,3,0,1
04/05/2024,Dortmund,Augsburg,5,1,H,4,1,H,,21,20,10,4,4,11,6,9,0,1,0,0
04/05/2024,Stuttgart,Bayern Munich,3,1,H,1,1,D,,24,10,11,3,10,8,3,1,1,2,0,0
04/05/2024,Werder Bremen,M'gladbach,2,2,D,1,1,D,,17,17,6,7,6,7,7,2,0,0,0,0
04/05/2024,Wolfsburg,Darmstadt,3,0,H,2,0,H,,18,6,6,1,11,13,9,2,0,3,0,0
04/05/2024,FC Koln,Freiburg,0,0,D,0,0,D,,20,4,7,0,10,9,7,1,1,1,0,0
05/05/2024,Union Berlin,Bochum,3,4,A,0,3,A,,12,17,6,5,13,16,6,4,0,1,0,0
05/05/2024,Ein Frankfurt,Leverkusen,1,5,A,1,2,A,,16,10,5,6,10,4,10,5,0,0,0,0
05/05/2024,Heidenheim,Mainz,1,1,D,0,1,A,,16,10,6,4,8,8,6,3,2,3,0,0
10/05/2024,Augsburg,Stuttgart,0,1,A,0,0,D,,9,19,1,7,15,9,5,5,4,2,0,0
11/05/2024,FC Koln,Union Berlin,3,2,H,1,2,A,,18,14,5,6,15,16,6,8,3,2,0,0
11/05/2024,Freiburg,Heidenheim,1,1,D,1,1,D,,19,9,3,3,9,11,2,4,1,1,0,0
11/05/2024,M'gladbach,Ein Frankfurt,1,1,D,1,1,D,,6,16,3,1,9,10,2,8,1,0,0,0
11/05/2024,RB Leipzig,Werder Bremen,1,1,D,0,1,A,,13,10,5,1,12,6,4,3,1,0,0,0
11/05/2024,Mainz,Dortmund,3,0,H,3,0,H,,14,10,6,2,14,11,4,2,2,2,0,0
12/05/2024,Darmstadt,Hoffenheim,0,6,A,0,5,A,,9,12,1,7,9,3,2,3,3,0,0,0
12/05/2024,Bayern Munich,Wolfsburg,2,0,H,2,0,H,,5,5,3,2,7,8,4,0,0,2,0,0
12/05/2024,Bochum,Leverkusen,0,5,A,0,2,A,,2,28,0,10,5,10,2,6,2,1,1,0
18/05/2024,Dortmund,Darmstadt,4,0,H,2,0,H,,21,7,10,1,4,10,7,3,0,3,0,0
18/05/2024,Ein Frankfurt,RB Leipzig,2,2,D,0,1,A,,19,9,6,5,10,11,8,3,2,2,0,0
18/05/2024,Heidenheim,FC Koln,4,1,H,3,0,H,,13,19,7,9,9,20,5,12,1,3,0,0
18/05/2024,Hoffenheim,Bayern Munich,4,2,H,1,2,A,,17,12,9,4,7,9,6,5,3,1,0,0
18/05/2024,Leverkusen,Augsburg,2,1,H,2,0,H,,19,8,8,2,6,7,5,4,0,1,0,0
18/05/2024,Stuttgart,M'gladbach,4,0,H,2,0,H,,21,13,11,5,4,9,8,4,1,2,0,0
18/05/2024,Union Berlin,Freiburg,2,1,H,0,0,D,,14,11,5,5,14,9,3,7,7,4,0,0
18/05/2024,Werder Bremen,Bochum,4,1,H,1,0,H,,25,26,12,8,12,12,8,8,1,1,0,0
18/05/2024,Wolfsburg,Mainz,1,3,A,1,1,D,,12,12,4,6,13,15,1,3,2,3,0,0
23/08/2024,M'gladbach,Leverkusen,2,3,A,0,2,A,,14,25,7,9,11,7,2,4,1,0,0,0
24/08/2024,Augsburg,Werder Bremen,2,2,D,2,1,H,,10,12,3,6,11,10,4,2,3,1,0,0
24/08/2024,Freiburg,Stuttgart,3,1,H,1,1,D,,15,9,4,2,7,10,6,3,2,1,0,0
24/08/2024,Hoffenheim,Holstein Kiel,3,2,H,2,0,H,,20,15,8,6,8,14,8,6,2,3,0,1
24/08/2024,Mainz,Union Berlin,1,1,D,0,0,D,,15,15,3,4,9,15,8,9,1,3,0,0
24/08/2024,RB Leipzig,Bochum,1,0,H,0,0,D,,12,10,3,4,9,17,9,3,1,3,1,0
24/08/2024,Dortmund,Ein Frankfurt,2,0,H,0,0,D,,17,7,5,2,6,3,7,7,0,1,0,0
25/08/2024,Wolfsburg,Bayern Munich,2,3,A,0,1,A,,11,14,2,8,13,11,1,7,2,3,0,0
25/08/2024,St Pauli,Heidenheim,0,2,A,0,0,D,,11,6,3,3,10,15,4,2,2,3,0,0
30/08/2024,Union Berlin,St Pauli,1,0,H,1,0,H,,10,8,5,2,10,11,5,4,3,1,0,0
31/08/2024,Bochum,M'gladbach,0,2,A,0,0,D,,16,15,4,6,9,10,3,4,1,0,0,0
31/08/2024,Ein Frankfurt,Hoffenheim,3,1,H,2,0,H,,17,10,7,3,10,10,1,4,0,3,0,0
31/08/2024,Holstein Kiel,Wolfsburg,0,2,A,0,2,A,,12,12,5,4,17,14,1,7,4,7,0,0
31/08/2024,Stuttgart,Mainz,3,3,D,2,1,H,,28,9,13,7,6,12,11,2,4,2,0,0
31/08/2024,Werder Bremen,Dortmund,0,0,D,0,0,D,,5,9,1,4,11,16,5,6,2,7,0,1
31/08/2024,Leverkusen,RB Leipzig,2,3,A,2,1,H,,27,10,10,4,7,8,18,2,3,1,0,0
01/09/2024,Heidenheim,Augsburg,4,0,H,2,0,H,,17,15,9,1,15,11,5,6,0,3,0,0
01/09/2024,Bayern Munich,Freiburg,2,0,H,1,0,H,,11,8,4,4,13,12,2,4,1,0,0,0
13/09/2024,Dortmund,Heidenheim,4,2,H,3,1,H,,13,11,7,4,13,18,8,1,2,2,0,0
14/09/2024,Freiburg,Bochum,2,1,H,0,1,A,,27,13,9,2,5,16,5,6,0,3,0,0
14/09/2024,Hoffenheim,Leverkusen,1,4,A,1,2,A,,14,20,5,8,9,10,4,12,2,2,0,0
14/09/2024,M'gladbach,Stuttgart,1,3,A,1,1,D,,15,12,7,7,14,12,6,2,2,2,0,0
14/09/2024,RB Leipzig,Union Berlin,0,0,D,0,0,D,,16,11,3,3,9,19,6,5,2,3,0,0
14/09/2024,Wolfsburg,Ein Frankfurt,1,2,A,0,1,A,,17,15,4,7,7,18,5,4,1,2,0,0
14/09/2024,Holstein Kiel,Bayern Munich,1,6,A,0,4,A,,5,23,1,13,12,11,2,10,0,1,0,0
15/09/2024,Augsburg,St Pauli,3,1,H,0,0,D,,18,12,10,3,12,10,7,7,4,3,0,0
15/09/2024,Mainz,Werder Bremen,1,2,A,1,1,D,,11,11,5,5,12,7,10,4,3,1,0,1
20/09/2024,Augsburg,Mainz,2,3,A,1,2,A,,30,5,9,3,7,12,14,1,3,5,1,1
21/09/2024,Bochum,Holstein Kiel,2,2,D,2,1,H,,14,13,3,4,20,9,2,5,4,1,0,0
21/09/2024,Heidenheim,Freiburg,0,3,A,0,0,D,,7,14,2,5,6,7,3,9,1,1,0,0
21/09/2024,Union Berlin,Hoffenheim,2,1,H,2,0,H,,12,6,2,3,17,18,5,5,3,3,0,0
21/09/2024,Werder Bremen,Bayern Munich,0,5,A,0,2,A,,0,25,0,7,4,13,1,4,0,3,0,0
21/09/2024,Ein Frankfurt,M'gladbach,2,0,H,1,0,H,,14,22,4,7,10,12,8,5,1,1,0,0
22/09/2024,Leverkusen,Wolfsburg,4,3,H,2,3,A,,20,8,7,4,6,14,6,2,4,5,0,1
22/09/2024,Stuttgart,Dortmund,5,1,H,2,0,H,,16,6,9,3,10,6,6,4,1,3,0,0
22/09/2024,St Pauli,RB Leipzig,0,0,D,0,0,D,,15,10,4,5,6,9,3,1,2,1,0,0
27/09/2024,Dortmund,Bochum,4,2,H,1,2,A,,23,10,8,6,12,9,11,0,2,0,0,0
28/09/2024,Freiburg,St Pauli,0,3,A,0,2,A,,6,10,2,4,7,18,4,2,3,3,0,0
28/09/2024,Mainz,Heidenheim,0,2,A,0,1,A,,7,14,2,7,10,10,7,6,4,4,1,1
28/09/2024,M'gladbach,Union Berlin,1,0,H,0,0,D,,8,9,3,3,10,12,2,4,3,1,0,0
28/09/2024,RB Leipzig,Augsburg,4,0,H,2,0,H,,14,7,7,1,9,13,8,5,1,2,0,0
28/09/2024,Wolfsburg,Stuttgart,2,2,D,1,1,D,,5,17,2,5,20,10,1,3,5,2,0,1
28/09/2024,Bayern Munich,Leverkusen,1,1,D,1,1,D,,18,3,3,3,11,15,6,1,1,3,0,0
29/09/2024,Holstein Kiel,Ein Frankfurt,2,4,A,1,1,D,,10,18,5,10,12,13,4,9,1,3,0,0
29/09/2024,Hoffenheim,Werder Bremen,3,4,A,3,3,D,,10,18,5,10,12,19,2,6,3,3,1,0
04/10/2024,Augsburg,M'gladbach,2,1,H,1,0,H,,13,11,5,5,13,15,6,5,2,4,0,0
05/10/2024,Bochum,Wolfsburg,1,3,A,0,2,A,,17,15,5,5,11,12,7,6,1,2,0,0
05/10/2024,Leverkusen,Holstein Kiel,2,2,D,2,1,H,,24,8,7,4,5,9,12,3,2,2,0,0
05/10/2024,Union Berlin,Dortmund,2,1,H,2,0,H,,13,9,5,5,15,17,3,3,4,4,0,0
05/10/2024,Werder Bremen,Freiburg,0,1,A,0,0,D,,11,13,3,3,7,9,7,5,1,2,0,0
05/10/2024,St Pauli,Mainz,0,3,A,0,2,A,,17,8,4,4,12,16,2,2,0,3,0,0
06/10/2024,Heidenheim,RB Leipzig,0,1,A,0,0,D,,15,12,4,2,12,13,3,2,2,2,0,0
06/10/2024,Ein Frankfurt,Bayern Munich,3,3,D,2,2,D,,5,22,4,13,10,6,0,11,1,1,0,0
06/10/2024,Stuttgart,Hoffenheim,1,1,D,0,1,A,,18,7,7,5,10,7,10,5,1,4,0,0
18/10/2024,Dortmund,St Pauli,2,1,H,1,0,H,,20,10,7,3,8,7,7,1,2,1,0,0
19/10/2024,Freiburg,Augsburg,3,1,H,3,0,H,,15,9,6,3,11,7,5,4,1,1,0,0
19/10/2024,Hoffenheim,Bochum,3,1,H,1,0,H,,12,13,7,4,10,12,4,2,1,1,0,0
19/10/2024,Leverkusen,Ein Frankfurt,2,1,H,1,1,D,,27,9,9,2,9,5,8,3,2,1,0,0
19/10/2024,Mainz,RB Leipzig,0,2,A,0,2,A,,16,11,2,5,12,15,5,3,1,3,0,0
19/10/2024,M'gladbach,Heidenheim,3,2,H,1,1,D,,20,19,10,6,15,9,6,3,3,3,0,0
19/10/2024,Bayern Munich,Stuttgart,4,0,H,0,0,D,,22,4,10,1,6,10,7,3,0,2,0,0
20/10/2024,Holstein Kiel,Union Berlin,0,2,A,0,1,A,,12,14,5,4,8,11,7,3,2,1,0,0
20/10/2024,Wolfsburg,Werder Bremen,2,4,A,1,1,D,,14,15,6,7,15,9,4,4,1,1,1,0
25/10/2024,Mainz,M'gladbach,1,1,D,0,0,D,,23,9,6,5,16,16,2,4,3,2,0,0
26/10/2024,Augsburg,Dortmund,2,1,H,1,1,D,,12,11,4,4,13,10,3,5,3,3,0,1
26/10/2024,RB Leipzig,Freiburg,3,1,H,0,1,A,,12,15,9,5,9,7,3,3,3,2,0,0
26/10/2024,St Pauli,Wolfsburg,0,0,D,0,0,D,,14,10,5,4,9,12,7,6,0,3,0,0
26/10/2024,Stuttgart,Holstein Kiel,2,1,H,1,0,H,,16,9,6,3,6,17,9,5,3,6,1,1
26/10/2024,Werder Bremen,Leverkusen,2,2,D,0,1,A,,13,15,8,6,9,11,3,5,1,1,0,0
27/10/2024,Bochum,Bayern Munich,0,5,A,0,2,A,,6,17,2,9,15,6,2,5,1,1,0,0
27/10/2024,Union Berlin,Ein Frankfurt,1,1,D,0,1,A,,13,17,4,5,13,7,4,5,5,3,0,1
27/10/2024,Heidenheim,Hoffenheim,0,0,D,0,0,D,,17,12,3,4,12,16,7,3,1,2,0,0
01/11/2024,Leverkusen,Stuttgart,0,0,D,0,0,D,,19,4,5,1,13,14,10,2,3,4,0,0
02/11/2024,Bayern Munich,Union Berlin,3,0,H,2,0,H,,16,8,7,1,2,9,7,4,0,2,0,0
02/11/2024,Ein Frankfurt,Bochum,7,2,H,4,1,H,,18,11,9,8,6,15,5,2,1,2,0,0
02/11/2024,Hoffenheim,St Pauli,0,2,A,0,1,A,,12,7,6,3,10,10,7,2,0,2,0,0
02/11/2024,Holstein Kiel,Heidenheim,1,0,H,1,0,H,,11,17,6,4,16,14,5,6,4,5,0,0
02/11/2024,Wolfsburg,Augsburg,1,1,D,0,1,A,,18,3,6,1,7,14,8,1,1,3,0,0
02/11/2024,Dortmund,RB Leipzig,2,1,H,1,1,D,,19,7,7,3,11,12,4,0,3,4,0,0
03/11/2024,Freiburg,Mainz,0,0,D,0,0,D,,10,9,2,2,9,12,8,4,1,2,0,0
03/11/2024,M'gladbach,Werder Bremen,4,1,H,3,0,H,,16,15,8,5,12,10,7,7,1,4,0,1
08/11/2024,Union Berlin,Freiburg,0,0,D,0,0,D,,12,14,6,4,11,8,4,1,2,0,0,0
09/11/2024,Bochum,Leverkusen,1,1,D,0,1,A,,15,11,3,3,10,9,6,4,0,1,0,0
09/11/2024,Mainz,Dortmund,3,1,H,2,1,H,,13,2,9,1,17,5,8,0,3,1,0,1
09/11/2024,St Pauli,Bayern Munich,0,1,A,0,1,A,,3,13,0,6,10,7,5,10,2,2,0,0
09/11/2024,Werder Bremen,Holstein Kiel,2,1,H,1,0,H,,16,12,5,5,10,19,6,3,3,2,0,0
09/11/2024,RB Leipzig,M'gladbach,0,0,D,0,0,D,,11,14,4,4,14,7,8,4,2,2,0,0
10/11/2024,Augsburg,Hoffenheim,0,0,D,0,0,D,,16,11,4,2,16,7,10,6,2,3,0,0
10/11/2024,Stuttgart,Ein Frankfurt,2,3,A,0,1,A,,22,8,11,5,10,15,8,3,2,3,0,0
10/11/2024,Heidenheim,Wolfsburg,1,3,A,0,2,A,,19,13,4,6,9,23,5,5,1,6,0,0
22/11/2024,Bayern Munich,Augsburg,3,0,H,0,0,D,,33,2,14,1,9,9,8,0,0,2,0,1
23/11/2024,Dortmund,Freiburg,4,0,H,2,0,H,,19,7,7,3,11,4,7,0,1,2,0,2
23/11/2024,Hoffenheim,RB Leipzig,4,3,H,1,2,A,,20,14,7,6,14,12,4,3,2,1,0,0
23/11/2024,Leverkusen,Heidenheim,5,2,H,2,2,D,,20,6,10,3,8,11,6,0,0,0,0,0
23/11/2024,Stuttgart,Bochum,2,0,H,0,0,D,,15,9,5,2,7,16,7,4,2,3,0,0
23/11/2024,Wolfsburg,Union Berlin,1,0,H,0,0,D,,10,11,5,4,7,15,8,5,1,2,0,0
23/11/2024,Ein Frankfurt,Werder Bremen,1,0,H,1,0,H,,15,8,5,1,15,9,5,6,2,2,0,0
24/11/2024,Holstein Kiel,Mainz,0,3,A,0,2,A,,7,18,2,7,11,7,2,6,1,0,0,0
24/11/2024,M'gladbach,St Pauli,2,0,H,2,0,H,,15,15,4,3,7,8,5,4,1,0,0,0
29/11/2024,St Pauli,Holstein Kiel,3,1,H,1,0,H,,11,10,4,3,10,11,4,4,2,5,0,0
30/11/2024,Augsburg,Bochum,1,0,H,1,0,H,,16,7,4,1,8,22,6,1,3,3,0,0
30/11/2024,Freiburg,M'gladbach,3,1,H,1,0,H,,17,15,7,4,5,14,4,6,1,1,0,0
30/11/2024,RB Leipzig,Wolfsburg,1,5,A,0,3,A,,9,13,4,8,11,6,7,3,2,1,0,0
30/11/2024,Union Berlin,Leverkusen,1,2,A,1,1,D,,8,8,2,3,18,11,1,3,4,2,0,0
30/11/2024,Werder Bremen,Stuttgart,2,2,D,1,1,D,,20,10,6,4,8,13,11,2,1,1,0,0
30/11/2024,Dortmund,Bayern Munich,1,1,D,1,0,H,,7,14,2,5,11,7,2,3,2,2,0,0
01/12/2024,Mainz,Hoffenheim,2,0,H,2,0,H,,18,10,8,2,13,12,8,3,1,3,0,0
01/12/2024,Heidenheim,Ein Frankfurt,0,4,A,0,1,A,,8,14,1,8,7,9,6,5,0,2,0,0
06/12/2024,Stuttgart,Union Berlin,3,2,H,0,1,A,,7,14,5,3,14,19,1,6,1,6,0,0
07/12/2024,Bayern Munich,Heidenheim,4,2,H,1,0,H,,21,2,10,2,4,5,8,0,1,0,0,0
07/12/2024,Bochum,Werder Bremen,0,1,A,0,0,D,,12,9,2,1,12,10,9,5,1,1,0,0
07/12/2024,Ein Frankfurt,Augsburg,2,2,D,0,0,D,,16,8,4,3,17,9,4,0,2,2,0,0
07/12/2024,Holstein Kiel,RB Leipzig,0,2,A,0,1,A,,17,9,5,5,11,13,6,1,4,3,0,0
07/12/2024,Leverkusen,St Pauli,2,1,H,2,0,H,,6,12,2,4,8,10,7,4,1,3,0,0
07/12/2024,M'gladbach,Dortmund,1,1,D,0,0,D,,9,16,3,3,16,11,7,4,3,2,1,0
08/12/2024,Wolfsburg,Mainz,4,3,H,1,2,A,,10,12,5,5,10,15,3,5,3,4,0,0
08/12/2024,Hoffenheim,Freiburg,1,1,D,0,0,D,,15,11,5,4,10,5,6,1,1,1,0,0
13/12/2024,Freiburg,Wolfsburg,3,2,H,1,0,H,,18,20,9,5,11,3,5,6,4,1,0,0
14/12/2024,Augsburg,Leverkusen,0,2,A,0,2,A,,8,14,4,3,12,5,4,9,3,0,0,0
14/12/2024,Mainz,Bayern Munich,2,1,H,1,0,H,,8,13,4,1,21,12,3,2,3,2,0,0
14/12/2024,M'gladbach,Holstein Kiel,4,1,H,3,1,H,,15,11,6,3,10,14,5,2,1,1,0,0
14/12/2024,Union Berlin,Bochum,0,2,A,,,,,,,,,,,,,,,,
14/12/2024,St Pauli,Werder Bremen,0,2,A,0,1,A,,15,8,4,4,10,9,4,5,2,3,0,0
15/12/2024,Heidenheim,Stuttgart,1,3,A,1,2,A,,9,18,2,7,25,13,9,6,4,3,0,0
15/12/2024,Dortmund,Hoffenheim,1,1,D,0,0,D,,6,12,2,1,9,10,3,9,5,2,0,0
15/12/2024,RB Leipzig,Ein Frankfurt,2,1,H,1,1,D,,19,16,9,3,15,10,6,7,1,3,0,0
20/12/2024,Bayern Munich,RB Leipzig,5,1,H,3,1,H,,22,4,9,1,9,10,8,1,5,2,0,0
21/12/2024,Ein Frankfurt,Mainz,1,3,A,0,2,A,,34,9,9,3,10,10,17,2,1,1,0,1
21/12/2024,Hoffenheim,M'gladbach,1,2,A,0,1,A,,18,5,8,3,14,6,8,4,0,0,0,0
21/12/2024,Holstein Kiel,Augsburg,5,1,H,4,1,H,,8,17,6,4,11,13,3,8,0,4,0,0
21/12/2024,Stuttgart,St Pauli,0,1,A,0,1,A,,25,11,5,5,10,11,9,1,2,2,0,0
21/12/2024,Werder Bremen,Union Berlin,4,1,H,3,1,H,,11,16,6,4,9,12,4,9,2,2,0,0
21/12/2024,Leverkusen,Freiburg,5,1,H,1,0,H,,20,8,12,2,8,9,4,2,1,2,0,0
22/12/2024,Bochum,Heidenheim,2,0,H,2,0,H,,14,10,4,2,18,15,5,2,2,7,0,0
22/12/2024,Wolfsburg,Dortmund,1,3,A,0,3,A,,14,12,5,4,8,8,10,4,3,2,0,1
10/01/2025,Dortmund,Leverkusen,2,3,A,1,3,A,,12,7,5,5,8,6,6,1,1,2,0,0
11/01/2025,Freiburg,Holstein Kiel,3,2,H,2,0,H,,14,14,5,7,9,12,7,1,2,3,0,0
11/01/2025,Heidenheim,Union Berlin,2,0,H,1,0,H,,16,10,9,6,8,10,5,4,0,1,0,1
11/01/2025,Hoffenheim,Wolfsburg,0,1,A,0,1,A,,15,12,2,3,15,14,4,8,1,2,0,0
11/01/2025,Mainz,Bochum,2,0,H,1,0,H,,10,11,5,2,6,16,5,6,0,2,0,0
11/01/2025,St Pauli,Ein Frankfurt,0,1,A,0,1,A,,18,14,4,6,8,7,3,3,0,3,0,0
11/01/2025,M'gladbach,Bayern Munich,0,1,A,0,0,D,,5,23,0,10,10,7,4,10,3,1,0,0
12/01/2025,RB Leipzig,Werder Bremen,4,2,H,2,1,H,,18,7,7,2,7,12,4,1,1,1,0,0
12/01/2025,Augsburg,Stuttgart,0,1,A,0,0,D,,8,13,2,5,11,14,3,9,5,1,0,0
14/01/2025,Holstein Kiel,Dortmund,4,2,H,3,0,H,,11,16,7,4,13,11,1,9,2,2,1,0
14/01/2025,Ein Frankfurt,Freiburg,4,1,H,1,1,D,,23,7,8,5,8,11,8,1,1,1,0,0
14/01/2025,Leverkusen,Mainz,1,0,H,0,0,D,,20,7,9,4,4,14,8,4,2,3,0,0
14/01/2025,Wolfsburg,M'gladbach,5,1,H,1,0,H,,16,9,5,5,10,7,4,7,1,0,0,0
15/01/2025,Bochum,St Pauli,1,0,H,0,0,D,,13,12,5,1,7,15,6,7,1,3,0,1
15/01/2025,Bayern Munich,Hoffenheim,5,0,H,3,0,H,,25,5,10,2,8,10,13,1,1,1,0,0
15/01/2025,Stuttgart,RB Leipzig,2,1,H,0,1,A,,14,6,6,3,10,19,5,0,2,7,0,2
15/01/2025,Union Berlin,Augsburg,0,2,A,0,2,A,,13,11,2,5,15,9,7,4,1,2,0,0
15/01/2025,Werder Bremen,Heidenheim,3,3,D,1,1,D,,12,14,5,5,10,15,4,2,5,3,0,0
17/01/2025,Ein Frankfurt,Dortmund,2,0,H,1,0,H,,13,12,5,3,8,6,5,7,0,2,0,0
18/01/2025,Bayern Munich,Wolfsburg,3,2,H,2,1,H,,25,7,10,3,10,9,6,2,2,3,0,0
18/01/2025,Bochum,RB Leipzig,3,3,D,0,3,A,,14,11,3,3,14,7,6,3,4,0,0,0
18/01/2025,Heidenheim,St Pauli,0,2,A,0,1,A,,8,7,1,4,11,17,4,4,1,2,0,0
18/01/2025,Holstein Kiel,Hoffenheim,1,3,A,0,2,A,,12,11,3,6,13,14,4,3,2,1,0,0
18/01/2025,Stuttgart,Freiburg,4,0,H,3,0,H,,12,4,7,0,8,12,4,1,5,3,0,0
18/01/2025,Leverkusen,M'gladbach,3,1,H,1,0,H,,10,7,5,4,12,10,7,6,0,2,0,0
19/01/2025,Union Berlin,Mainz,2,1,H,2,1,H,,12,9,4,1,12,10,2,2,2,2,0,0
19/01/2025,Werder Bremen,Augsburg,0,2,A,0,2,A,,20,9,2,4,8,14,6,2,1,2,0,0
24/01/2025,Wolfsburg,Holstein Kiel,2,2,D,0,1,A,,22,5,5,2,9,10,10,3,2,4,0,0
25/01/2025,Augsburg,Heidenheim,2,1,H,1,0,H,,11,11,7,6,8,9,6,4,1,0,0,0
25/01/2025,Dortmund,Werder Bremen,2,2,D,1,0,H,,8,13,4,4,11,15,5,5,1,4,1,0
25/01/2025,Freiburg,Bayern Munich,1,2,A,0,1,A,,7,7,2,3,15,9,2,4,4,2,0,0
25/01/2025,Mainz,Stuttgart,2,0,H,1,0,H,,11,10,4,5,12,8,9,2,4,3,0,0
25/01/2025,RB Leipzig,Leverkusen,2,2,D,1,2,A,,8,13,4,7,12,6,7,3,0,0,0,0
25/01/2025,M'gladbach,Bochum,3,0,H,1,0,H,,16,10,6,4,6,15,8,7,1,3,0,0
26/01/2025,Hoffenheim,Ein Frankfurt,2,2,D,0,1,A,,24,12,8,7,16,8,9,3,3,0,0,0
26/01/2025,St Pauli,Union Berlin,3,0,H,1,0,H,,16,14,5,2,6,15,5,7,0,3,0,0
31/01/2025,Werder Bremen,Mainz,1,0,H,1,0,H,,12,13,5,2,14,13,3,8,8,4,3,0
01/02/2025,Bayern Munich,Holstein Kiel,4,3,H,2,0,H,,29,10,12,6,7,10,12,1,1,1,0,0
01/02/2025,Bochum,Freiburg,0,1,A,0,1,A,,22,13,4,5,15,10,9,7,3,2,0,0
01/02/2025,Heidenheim,Dortmund,1,2,A,0,1,A,,11,16,5,5,11,9,4,5,0,0,0,0
01/02/2025,St Pauli,Augsburg,1,1,D,1,0,H,,5,2,1,1,16,18,3,1,1,3,0,0
01/02/2025,Stuttgart,M'gladbach,1,2,A,0,1,A,,10,12,3,6,11,11,2,0,2,2,0,0
01/02/2025,Union Berlin,RB Leipzig,0,0,D,0,0,D,,21,6,6,2,5,12,4,5,3,2,0,0
02/02/2025,Ein Frankfurt,Wolfsburg,1,1,D,0,0,D,,16,11,4,2,8,8,9,1,1,3,0,0
02/02/2025,Leverkusen,Hoffenheim,3,1,H,2,0,H,,9,16,5,7,14,7,3,3,4,3,1,0
07/02/2025,Bayern Munich,Werder Bremen,3,0,H,0,0,D,,21,2,12,0,9,8,5,2,1,3,0,0
08/02/2025,Dortmund,Stuttgart,1,2,A,0,0,D,,16,4,5,2,13,14,9,4,5,2,1,0
08/02/2025,Freiburg,Heidenheim,1,0,H,1,0,H,,9,11,3,5,11,8,6,3,3,1,0,0
08/02/2025,Hoffenheim,Union Berlin,0,4,A,0,1,A,,16,22,4,7,9,16,8,4,2,1,0,0
08/02/2025,Mainz,Augsburg,0,0,D,0,0,D,,9,9,5,2,12,9,1,3,3,3,0,0
08/02/2025,Wolfsburg,Leverkusen,0,0,D,0,0,D,,13,15,8,1,7,8,3,9,2,3,0,0
08/02/2025,M'gladbach,Ein Frankfurt,1,1,D,1,1,D,,8,15,3,7,10,9,6,1,3,3,0,0
09/02/2025,Holstein Kiel,Bochum,2,2,D,1,2,A,,10,21,3,6,11,17,3,5,2,2,0,0
09/02/2025,RB Leipzig,St Pauli,2,0,H,2,0,H,,11,7,6,4,12,8,5,4,2,2,1,0
14/02/2025,Augsburg,RB Leipzig,0,0,D,0,0,D,,11,14,2,4,12,12,8,9,2,1,0,0
15/02/2025,Bochum,Dortmund,2,0,H,2,0,H,,18,17,9,2,12,4,2,8,1,0,0,0
15/02/2025,St Pauli,Freiburg,0,1,A,0,0,D,,5,6,1,4,10,10,2,6,1,0,0,0
15/02/2025,Stuttgart,Wolfsburg,1,2,A,0,0,D,,10,7,4,3,10,15,7,5,3,4,0,0
15/02/2025,Union Berlin,M'gladbach,1,2,A,0,2,A,,18,9,3,5,9,8,4,5,0,1,0,0
15/02/2025,Leverkusen,Bayern Munich,0,0,D,0,0,D,,15,2,3,0,16,13,6,0,2,3,0,0
16/02/2025,Werder Bremen,Hoffenheim,1,3,A,1,2,A,,14,16,1,7,14,12,6,4,2,3,0,0
16/02/2025,Ein Frankfurt,Holstein Kiel,3,1,H,2,0,H,,20,10,9,4,16,10,4,6,2,0,0,0
16/02/2025,Heidenheim,Mainz,0,2,A,0,1,A,,12,6,3,5,9,16,8,4,1,3,0,0
21/02/2025,Freiburg,Werder Bremen,5,0,H,2,0,H,,13,9,8,3,14,8,3,7,3,0,0,0
22/02/2025,Holstein Kiel,Leverkusen,0,2,A,0,2,A,,4,18,3,8,11,10,5,11,4,1,0,0
22/02/2025,Mainz,St Pauli,2,0,H,0,0,D,,10,12,5,0,9,10,6,5,3,3,0,0
22/02/2025,M'gladbach,Augsburg,0,3,A,0,0,D,,8,17,5,4,10,9,2,4,3,2,1,0
22/02/2025,Wolfsburg,Bochum,1,1,D,0,0,D,,13,11,6,5,8,15,3,5,2,3,0,0
22/02/2025,Dortmund,Union Berlin,6,0,H,2,0,H,,24,6,8,1,10,11,5,3,2,2,0,0
23/02/2025,RB Leipzig,Heidenheim,2,2,D,1,2,A,,17,4,6,2,15,15,7,4,3,3,0,0
23/02/2025,Bayern Munich,Ein Frankfurt,4,0,H,1,0,H,,19,7,12,2,8,7,4,1,1,1,0,0
23/02/2025,Hoffenheim,Stuttgart,1,1,D,0,1,A,,9,14,2,7,8,10,4,8,0,0,0,0
28/02/2025,Stuttgart,Bayern Munich,1,3,A,1,1,D,,12,17,3,8,12,13,4,6,5,3,0,0
01/03/2025,Bochum,Hoffenheim,0,1,A,0,0,D,,12,10,3,2,16,17,8,5,0,1,0,0
01/03/2025,Heidenheim,M'gladbach,0,3,A,0,2,A,,20,13,5,5,9,15,6,2,2,3,0,0
01/03/2025,RB Leipzig,Mainz,1,2,A,1,0,H,,13,15,4,3,8,15,7,1,1,1,0,0
01/03/2025,St Pauli,Dortmund,0,2,A,0,0,D,,7,14,1,3,11,13,7,1,1,2,0,0
01/03/2025,Werder Bremen,Wolfsburg,1,2,A,0,1,A,,15,9,7,3,13,9,8,2,2,0,0,0
01/03/2025,Ein Frankfurt,Leverkusen,1,4,A,1,3,A,,7,20,3,9,9,7,2,6,1,1,0,0
02/03/2025,Union Berlin,Holstein Kiel,0,1,A,0,1,A,,14,10,3,3,16,12,11,3,4,0,0,0
02/03/2025,Augsburg,Freiburg,0,0,D,0,0,D,,13,7,5,3,13,9,5,2,1,1,0,0
07/03/2025,M'gladbach,Mainz,1,3,A,0,1,A,,12,16,4,8,6,6,4,3,0,1,0,0
08/03/2025,Bayern Munich,Bochum,2,3,A,2,1,H,,14,8,5,5,7,14,9,3,0,6,1,0
08/03/2025,Dortmund,Augsburg,0,1,A,0,1,A,,14,6,1,1,6,12,12,3,1,4,0,0
08/03/2025,Holstein Kiel,Stuttgart,2,2,D,1,1,D,,17,5,5,2,8,9,3,1,1,2,1,0
08/03/2025,Leverkusen,Werder Bremen,0,2,A,0,1,A,,18,11,4,7,12,10,10,3,4,4,0,0
08/03/2025,Wolfsburg,St Pauli,1,1,D,0,1,A,,16,14,4,4,11,13,6,6,1,0,0,0
08/03/2025,Freiburg,RB Leipzig,0,0,D,0,0,D,,10,18,2,3,6,11,2,6,0,3,0,0
09/03/2025,Ein Frankfurt,Union Berlin,1,2,A,1,0,H,,14,11,3,3,10,8,1,5,3,0,0,0
09/03/2025,Hoffenheim,Heidenheim,1,1,D,1,0,H,,16,23,3,5,9,11,6,4,2,3,0,0
14/03/2025,St Pauli,Hoffenheim,1,0,H,0,0,D,,10,4,5,0,6,8,11,2,0,1,0,0
15/03/2025,Augsburg,Wolfsburg,1,0,H,0,0,D,,9,13,2,2,7,9,1,4,1,2,0,0
15/03/2025,Mainz,Freiburg,2,2,D,1,0,H,,9,24,4,8,7,7,1,4,1,2,1,0
15/03/2025,Union Berlin,Bayern Munich,1,1,D,0,0,D,,7,18,3,4,13,8,2,14,1,2,0,0
15/03/2025,Werder Bremen,M'gladbach,2,4,A,2,2,D,,23,13,2,7,10,7,4,1,1,2,0,1
15/03/2025,RB Leipzig,Dortmund,2,0,H,1,0,H,,15,25,5,9,14,10,3,12,3,3,0,0
16/03/2025,Bochum,Ein Frankfurt,1,3,A,0,2,A,,17,18,7,7,7,9,8,3,4,1,0,0
16/03/2025,Heidenheim,Holstein Kiel,3,1,H,1,0,H,,14,16,5,4,15,13,3,5,1,3,0,0
16/03/2025,Stuttgart,Leverkusen,3,4,A,1,0,H,,11,16,6,4,13,14,1,10,3,2,0,0
28/03/2025,Leverkusen,Bochum,3,1,H,1,1,D,,14,8,5,3,6,12,3,2,0,1,0,0
29/03/2025,Bayern Munich,St Pauli,3,2,H,1,1,D,,19,10,9,4,13,4,5,4,3,0,0,0
29/03/2025,Hoffenheim,Augsburg,1,1,D,0,0,D,,13,11,4,4,14,12,2,2,1,2,0,0
29/03/2025,Holstein Kiel,Werder Bremen,0,3,A,0,1,A,,11,14,0,7,13,8,3,4,4,1,0,0
29/03/2025,M'gladbach,RB Leipzig,1,0,H,0,0,D,,16,19,3,3,5,9,5,8,2,2,0,0
29/03/2025,Wolfsburg,Heidenheim,0,1,A,0,1,A,,11,11,2,4,8,10,4,5,2,4,0,0
29/03/2025,Ein Frankfurt,Stuttgart,1,0,H,0,0,D,,19,8,6,2,9,6,6,10,1,3,0,1
30/03/2025,Freiburg,Union Berlin,1,2,A,1,1,D,,9,10,3,6,8,11,3,3,3,4,0,0
30/03/2025,Dortmund,Mainz,3,1,H,2,0,H,,18,12,7,3,10,8,6,4,2,0,0,0
04/04/2025,Augsburg,Bayern Munich,1,3,A,1,1,D,,6,19,3,7,8,8,2,4,4,0,1,0
05/04/2025,Bochum,Stuttgart,0,4,A,0,2,A,,11,14,2,6,17,13,2,4,1,1,0,0
05/04/2025,Freiburg,Dortmund,1,4,A,0,1,A,,12,18,3,7,8,6,3,4,1,0,0,0
05/04/2025,Heidenheim,Leverkusen,0,1,A,0,0,D,,10,6,2,2,14,10,4,0,1,0,0,0
05/04/2025,Mainz,Holstein Kiel,1,1,D,0,1,A,,13,10,3,5,12,8,4,4,4,4,0,0
05/04/2025,RB Leipzig,Hoffenheim,3,1,H,2,1,H,,16,9,5,5,10,12,8,2,0,3,0,1
05/04/2025,Werder Bremen,Ein Frankfurt,2,0,H,1,0,H,,12,9,4,0,8,15,5,6,3,3,0,0
06/04/2025,St Pauli,M'gladbach,1,1,D,0,1,A,,26,5,9,3,6,13,11,2,0,2,0,0
06/04/2025,Union Berlin,Wolfsburg,1,0,H,0,0,D,,13,12,3,3,13,14,6,4,0,1,0,0
11/04/2025,Wolfsburg,RB Leipzig,2,3,A,0,2,A,,17,16,6,5,14,13,8,5,2,3,0,0
12/04/2025,Bochum,Augsburg,1,2,A,0,1,A,,25,12,9,5,14,9,7,6,2,1,0,1
12/04/2025,Hoffenheim,Mainz,2,0,H,2,0,H,,8,14,5,1,18,11,4,7,4,2,0,1
12/04/2025,Holstein Kiel,St Pauli,1,2,A,1,1,D,,6,14,2,6,15,11,3,3,3,4,0,0
12/04/2025,Leverkusen,Union Berlin,0,0,D,0,0,D,,16,7,3,3,10,13,7,3,2,1,0,0
12/04/2025,M'gladbach,Freiburg,1,2,A,1,1,D,,10,19,1,7,4,11,4,6,0,1,0,0
12/04/2025,Bayern Munich,Dortmund,2,2,D,0,0,D,,28,11,11,3,8,5,6,5,0,0,0,0
13/04/2025,Stuttgart,Werder Bremen,1,2,A,1,1,D,,12,14,4,5,12,13,3,4,3,2,1,0
13/04/2025,Ein Frankfurt,Heidenheim,3,0,H,2,0,H,,19,14,8,3,6,7,5,3,1,1,0,0
19/04/2025,Freiburg,Hoffenheim,3,2,H,2,2,D,,12,19,6,6,14,13,2,6,3,2,0,0
19/04/2025,Heidenheim,Bayern Munich,0,4,A,0,3,A,,4,18,1,11,8,11,4,4,3,1,0,0
19/04/2025,Mainz,Wolfsburg,2,2,D,2,1,H,,18,16,7,4,15,8,7,5,2,3,0,0
19/04/2025,RB Leipzig,Holstein Kiel,1,1,D,0,1,A,,10,13,4,3,5,9,9,7,1,2,0,0
19/04/2025,Werder Bremen,Bochum,1,0,H,0,0,D,,14,12,4,1,9,20,2,7,3,3,0,1
19/04/2025,Union Berlin,Stuttgart,4,4,D,4,4,D,,12,13,5,6,8,9,3,5,0,2,0,0
20/04/2025,Augsburg,Ein Frankfurt,0,0,D,0,0,D,,13,8,2,5,6,8,3,9,2,1,0,0
20/04/2025,Dortmund,M'gladbach,3,2,H,3,1,H,,14,6,6,3,13,10,6,2,1,2,0,0
20/04/2025,St Pauli,Leverkusen,1,1,D,0,1,A,,10,6,5,4,12,12,4,4,1,4,0,0
25/04/2025,Stuttgart,Heidenheim,0,1,A,0,0,D,,19,6,3,2,14,16,6,5,0,4,0,0
26/04/2025,Bayern Munich,Mainz,3,0,H,2,0,H,,14,8,6,3,13,17,4,4,2,2,0,0
26/04/2025,Hoffenheim,Dortmund,2,3,A,0,1,A,,11,16,3,8,17,9,2,5,5,1,0,0
26/04/2025,Holstein Kiel,M'gladbach,4,3,H,2,0,H,,22,16,11,7,13,11,7,8,2,1,0,0
26/04/2025,Leverkusen,Augsburg,2,0,H,2,0,H,,14,11,5,2,10,10,3,7,0,1,0,0
26/04/2025,Wolfsburg,Freiburg,0,1,A,0,0,D,,8,15,1,2,6,9,3,2,3,1,1,0
26/04/2025,Ein Frankfurt,RB Leipzig,4,0,H,1,0,H,,9,7,6,3,10,13,8,4,1,2,0,1
27/04/2025,Bochum,Union Berlin,1,1,D,0,1,A,,10,5,4,1,11,9,10,4,3,2,0,0
27/04/2025,Werder Bremen,St Pauli,0,0,D,0,0,D,,11,10,2,4,9,16,1,3,2,3,0,1
02/05/2025,Heidenheim,Bochum,0,0,D,0,0,D,,11,14,3,3,8,14,6,4,0,1,0,0
03/05/2025,M'gladbach,Hoffenheim,4,4,D,2,1,H,,12,26,7,8,6,8,4,7,0,0,0,0
03/05/2025,RB Leipzig,Bayern Munich,3,3,D,2,0,H,,8,20,6,6,9,6,2,7,3,1,0,0
03/05/2025,St Pauli,Stuttgart,0,1,A,0,0,D,,6,21,1,8,17,12,4,4,6,3,2,0
03/05/2025,Union Berlin,Werder Bremen,2,2,D,1,2,A,,17,13,7,6,9,8,5,5,2,3,0,0
03/05/2025,Dortmund,Wolfsburg,4,0,H,1,0,H,,11,11,5,2,13,6,4,3,0,1,0,0
04/05/2025,Augsburg,Holstein Kiel,1,3,A,0,2,A,,27,7,10,5,4,20,12,0,0,2,0,0
04/05/2025,Freiburg,Leverkusen,2,2,D,1,0,H,,8,5,4,2,10,16,4,1,1,2,0,0
04/05/2025,Mainz,Ein Frankfurt,1,1,D,0,1,A,,12,8,3,2,10,10,8,1,1,0,0,0
09/05/2025,Wolfsburg,Hoffenheim,2,2,D,1,1,D,,14,17,5,7,11,10,5,6,0,2,0,0
10/05/2025,Bochum,Mainz,1,4,A,0,1,A,,11,22,6,8,9,6,6,6,3,0,0,0
10/05/2025,Holstein Kiel,Freiburg,1,2,A,1,1,D,,15,9,3,4,9,13,2,5,1,0,0,0
10/05/2025,Union Berlin,Heidenheim,0,3,A,0,1,A,,10,8,1,4,14,7,1,2,2,0,0,0
10/05/2025,Werder Bremen,RB Leipzig,0,0,D,0,0,D,,21,16,6,4,6,13,11,4,1,3,0,0
10/05/2025,Bayern Munich,M'gladbach,2,0,H,1,0,H,,24,16,9,6,3,8,4,9,1,1,0,0
11/05/2025,Leverkusen,Dortmund,2,4,A,1,2,A,,19,9,10,5,7,8,12,0,0,2,0,0
11/05/2025,Ein Frankfurt,St Pauli,2,2,D,1,2,A,,13,5,5,2,11,12,3,1,2,2,0,0
11/05/2025,Stuttgart,Augsburg,4,0,H,1,0,H,,29,7,11,0,9,7,11,2,1,1,0,1
17/05/2025,Augsburg,Union Berlin,1,2,A,1,0,H,,19,6,4,4,6,5,4,0,0,0,0,0
17/05/2025,Dortmund,Holstein Kiel,3,0,H,1,0,H,,19,4,6,2,12,6,7,1,3,1,0,1
17/05/2025,Freiburg,Ein Frankfurt,1,3,A,1,1,D,,8,11,1,6,13,16,4,7,2,4,0,0
17/05/2025,Heidenheim,Werder Bremen,1,4,A,0,2,A,,21,13,8,7,11,11,6,4,2,2,0,0
17/05/2025,Hoffenheim,Bayern Munich,0,4,A,0,1,A,,6,14,2,5,9,7,1,4,0,0,0,0
17/05/2025,Mainz,Leverkusen,2,2,D,1,0,H,,20,7,6,4,14,13,7,3,2,6,0,0
17/05/2025,M'gladbach,Wolfsburg,0,1,A,0,0,D,,16,17,3,6,6,4,7,10,0,0,0,0
17/05/2025,RB Leipzig,Stuttgart,2,3,A,2,1,H,,8,15,5,7,9,9,5,8,1,0,0,0
17/05/2025,St Pauli,Bochum,0,2,A,0,1,A,,10,9,2,6,3,11,7,4,0,0,0,0
22/08/2025,Bayern Munich,RB Leipzig,6,0,H,3,0,H,,19,12,10,1,13,13,5,5,4,1,0,0
23/08/2025,Ein Frankfurt,Werder Bremen,4,1,H,2,0,H,,18,10,5,5,9,9,7,1,1,3,0,0
23/08/2025,Freiburg,Augsburg,1,3,A,0,3,A,,16,14,4,5,14,18,5,5,4,5,0,0
23/08/2025,Heidenheim,Wolfsburg,1,3,A,1,1,D,,7,15,2,5,12,12,2,5,2,3,0,0
23/08/2025,Leverkusen,Hoffenheim,1,2,A,1,1,D,,7,10,2,5,9,17,6,4,0,4,0,0
23/08/2025,Union Berlin,Stuttgart,2,1,H,2,0,H,,8,21,2,6,21,13,5,11,4,4,0,0
23/08/2025,St Pauli,Dortmund,3,3,D,0,1,A,,11,8,7,7,13,12,5,2,2,3,0,1
24/08/2025,Mainz,FC Koln,0,1,A,0,0,D,,19,12,2,2,7,9,8,3,0,2,1,0
24/08/2025,M'gladbach,Hamburg,0,0,D,0,0,D,,17,7,4,2,10,10,7,6,2,1,0,0
29/08/2025,Hamburg,St Pauli,0,2,A,0,1,A,,5,17,2,6,13,19,2,5,3,3,1,0
30/08/2025,Hoffenheim,Ein Frankfurt,1,3,A,0,2,A,,17,9,5,6,14,10,4,5,2,3,0,0
30/08/2025,RB Leipzig,Heidenheim,2,0,H,0,0,D,,19,5,5,3,7,13,4,3,2,5,0,0
30/08/2025,Stuttgart,M'gladbach,1,0,H,0,0,D,,13,15,5,6,5,13,6,10,2,1,0,0
30/08/2025,Werder Bremen,Leverkusen,3,3,D,1,2,A,,12,10,5,4,11,10,3,7,4,3,1,0
30/08/2025,Augsburg,Bayern Munich,2,3,A,0,2,A,,10,20,3,10,14,11,7,5,3,4,0,0
31/08/2025,Wolfsburg,Mainz,1,1,D,1,0,H,,11,17,3,3,15,14,3,10,3,5,1,0
31/08/2025,Dortmund,Union Berlin,3,0,H,1,0,H,,11,12,6,3,14,7,4,6,0,0,0,0
31/08/2025,FC Koln,Freiburg,4,1,H,1,0,H,,18,12,6,2,12,9,3,5,2,1,0,0
12/09/2025,Leverkusen,Ein Frankfurt,3,1,H,2,0,H,,18,13,8,2,10,9,4,8,5,3,2,0
13/09/2025,Freiburg,Stuttgart,3,1,H,0,1,A,,14,7,6,2,8,13,7,1,1,1,1,0
13/09/2025,Heidenheim,Dortmund,0,2,A,0,2,A,,6,17,1,8,5,9,5,4,2,3,1,0
13/09/2025,Mainz,RB Leipzig,0,1,A,0,1,A,,13,19,2,3,12,11,3,5,1,0,0,0
13/09/2025,Union Berlin,Hoffenheim,2,4,A,0,2,A,,20,9,7,8,13,12,9,2,1,1,1,0
13/09/2025,Wolfsburg,FC Koln,3,3,D,1,1,D,,14,14,6,8,15,11,7,4,2,3,0,0
13/09/2025,Bayern Munich,Hamburg,5,0,H,4,0,H,,22,9,12,2,11,14,5,3,2,2,0,0
14/09/2025,St Pauli,Augsburg,2,1,H,1,1,D,,13,10,7,5,10,12,3,1,1,4,0,0
14/09/2025,M'gladbach,Werder Bremen,0,4,A,0,2,A,,19,12,3,7,12,9,9,4,1,0,0,0
19/09/2025,Stuttgart,St Pauli,2,0,H,1,0,H,,17,9,8,2,13,15,8,4,0,2,0,0
20/09/2025,Augsburg,Mainz,1,4,A,0,2,A,,18,12,5,4,13,10,6,6,1,2,0,1
20/09/2025,Hamburg,Heidenheim,2,1,H,1,0,H,,22,20,9,8,15,10,1,12,5,1,0,0
20/09/2025,Hoffenheim,Bayern Munich,1,4,A,0,1,A,,12,18,4,10,17,9,5,5,1,2,0,0
20/09/2025,Werder Bremen,Freiburg,0,3,A,0,1,A,,12,10,5,5,13,7,2,0,5,2,0,0
20/09/2025,RB Leipzig,FC Koln,3,1,H,3,1,H,,18,13,8,2,10,8,9,5,1,1,0,0
21/09/2025,Ein Frankfurt,Union Berlin,3,4,A,1,2,A,,19,11,10,5,10,11,5,1,3,2,0,0
21/09/2025,Leverkusen,M'gladbach,1,1,D,0,0,D,,13,13,9,7,12,15,3,4,5,5,0,0
21/09/2025,Dortmund,Wolfsburg,1,0,H,1,0,H,,12,10,4,1,10,9,9,3,1,0,0,0
26/09/2025,Bayern Munich,Werder Bremen,4,0,H,2,0,H,,26,9,13,3,9,4,7,6,2,0,0,0
27/09/2025,Heidenheim,Augsburg,2,1,H,0,0,D,,11,8,5,2,16,20,3,2,1,6,0,0
27/09/2025,Mainz,Dortmund,0,2,A,0,2,A,,8,10,2,4,12,14,7,5,2,1,1,0
27/09/2025,St Pauli,Leverkusen,1,2,A,1,1,D,,13,5,6,4,13,11,13,1,3,5,0,0
27/09/2025,Wolfsburg,RB Leipzig,0,1,A,0,1,A,,22,20,4,6,7,9,6,11,2,2,0,0
27/09/2025,M'gladbach,Ein Frankfurt,4,6,A,0,5,A,,11,21,8,7,14,8,4,6,1,2,0,0
28/09/2025,Freiburg,Hoffenheim,1,1,D,1,1,D,,6,15,1,4,9,15,6,8,3,1,0,0
28/09/2025,FC Koln,Stuttgart,1,2,A,1,1,D,,14,15,6,5,12,12,8,8,2,2,0,0
28/09/2025,Union Berlin,Hamburg,0,0,D,0,0,D,,11,16,2,6,18,17,5,3,2,2,0,1
03/10/2025,Hoffenheim,FC Koln,0,1,A,0,1,A,,15,10,4,4,15,6,11,6,3,1,0,0
04/10/2025,Augsburg,Wolfsburg,3,1,H,1,0,H,,10,14,5,4,9,7,10,5,2,1,0,0
04/10/2025,Dortmund,RB Leipzig,1,1,D,1,1,D,,15,13,3,3,13,14,7,7,1,3,0,0
04/10/2025,Leverkusen,Union Berlin,2,0,H,1,0,H,,20,10,3,3,11,13,4,4,1,3,0,0
04/10/2025,Werder Bremen,St Pauli,1,0,H,1,0,H,,15,13,5,3,8,9,4,1,3,1,0,0
04/10/2025,Ein Frankfurt,Bayern Munich,0,3,A,0,2,A,,6,12,1,3,11,11,4,3,1,2,0,0
05/10/2025,Stuttgart,Heidenheim,1,0,H,0,0,D,,18,5,6,1,11,12,1,1,1,1,0,0
05/10/2025,Hamburg,Mainz,4,0,H,2,0,H,,15,11,9,4,14,13,1,4,2,3,0,0
05/10/2025,M'gladbach,Freiburg,0,0,D,0,0,D,,9,12,5,1,15,7,4,1,3,1,0,0
17/10/2025,Union Berlin,M'gladbach,3,1,H,2,1,H,,16,8,5,2,21,15,6,6,5,3,0,0
18/10/2025,FC Koln,Augsburg,1,1,D,0,0,D,,9,10,2,4,10,17,5,2,2,2,0,0
18/10/2025,Heidenheim,Werder Bremen,2,2,D,0,0,D,,31,11,11,4,9,11,12,2,1,3,0,0
18/10/2025,Mainz,Leverkusen,3,4,A,1,3,A,,12,20,4,8,20,12,2,3,4,4,0,0
18/10/2025,RB Leipzig,Hamburg,2,1,H,1,0,H,,10,15,4,3,13,12,3,5,3,1,0,0
18/10/2025,Wolfsburg,Stuttgart,0,3,A,0,1,A,,11,15,3,7,12,8,3,8,1,1,0,0
18/10/2025,Bayern Munich,Dortmund,2,1,H,1,0,H,,15,8,7,1,12,17,4,3,1,3,0,0
19/10/2025,Freiburg,Ein Frankfurt,2,2,D,1,2,A,,12,8,5,3,6,15,3,1,2,3,0,0
19/10/2025,St Pauli,Hoffenheim,0,3,A,0,0,D,,10,14,2,5,10,17,9,7,1,3,0,0
24/10/2025,Werder Bremen,Union Berlin,1,0,H,0,0,D,,16,12,3,2,6,13,5,6,4,0,0,0
25/10/2025,Augsburg,RB Leipzig,0,6,A,0,4,A,,15,15,2,8,9,10,2,3,3,1,0,0
25/10/2025,Ein Frankfurt,St Pauli,2,0,H,1,0,H,,10,9,6,1,11,6,1,3,0,1,0,0
25/10/2025,Hamburg,Wolfsburg,0,1,A,0,1,A,,27,6,6,2,8,18,11,1,1,5,0,0
25/10/2025,Hoffenheim,Heidenheim,3,1,H,2,0,H,,14,12,7,3,14,13,7,5,1,1,0,0
25/10/2025,M'gladbach,Bayern Munich,0,3,A,0,0,D,,1,27,0,11,6,9,1,8,0,3,1,0
25/10/2025,Dortmund,FC Koln,1,0,H,0,0,D,,27,5,9,0,10,8,17,2,2,2,0,0
26/10/2025,Leverkusen,Freiburg,2,0,H,1,0,H,,19,10,4,3,9,8,2,3,1,2,0,1
26/10/2025,Stuttgart,Mainz,2,1,H,1,1,D,,19,13,8,2,11,12,7,5,4,3,0,0
31/10/2025,Augsburg,Dortmund,0,1,A,0,1,A,,9,5,1,1,14,16,4,3,4,1,0,0
01/11/2025,Heidenheim,Ein Frankfurt,1,1,D,1,0,H,,9,16,4,3,7,11,2,8,0,2,0,0
01/11/2025,Mainz,Werder Bremen,1,1,D,1,0,H,,10,5,5,3,19,11,2,0,1,3,0,0
01/11/2025,RB Leipzig,Stuttgart,3,1,H,1,0,H,,16,14,9,4,8,10,5,5,1,2,0,0
01/11/2025,St Pauli,M'gladbach,0,4,A,0,2,A,,16,15,4,11,11,8,8,1,4,0,0,0
01/11/2025,Union Berlin,Freiburg,0,0,D,0,0,D,,11,13,2,4,20,13,5,5,6,1,0,0
01/11/2025,Bayern Munich,Leverkusen,3,0,H,3,0,H,,18,7,4,1,11,3,10,4,1,1,0,0
02/11/2025,FC Koln,Hamburg,4,1,H,1,0,H,,23,11,10,5,8,18,2,3,1,6,0,2
02/11/2025,Wolfsburg,Hoffenheim,2,3,A,1,1,D,,12,10,6,4,10,17,2,2,0,2,0,0
07/11/2025,Werder Bremen,Wolfsburg,2,1,H,0,1,A,,20,7,7,4,13,8,13,3,2,0,0,0
08/11/2025,Hamburg,Dortmund,1,1,D,0,0,D,,9,17,3,1,14,8,2,6,1,1,0,0
08/11/2025,Hoffenheim,RB Leipzig,3,1,H,2,1,H,,12,17,4,5,13,5,5,5,3,2,0,0
08/11/2025,Leverkusen,Heidenheim,6,0,H,5,0,H,,25,1,10,0,5,7,11,1,0,1,0,0
08/11/2025,Union Berlin,Bayern Munich,2,2,D,1,1,D,,12,12,4,4,8,8,6,5,2,4,0,0
08/11/2025,M'gladbach,FC Koln,3,1,H,1,0,H,,9,19,4,5,11,13,2,6,2,3,0,0
09/11/2025,Freiburg,St Pauli,2,1,H,1,0,H,,8,7,4,2,8,12,9,3,2,2,0,0
09/11/2025,Stuttgart,Augsburg,3,2,H,2,2,D,,17,17,6,6,13,10,4,4,2,3,0,0
09/11/2025,Ein Frankfurt,Mainz,1,0,H,0,0,D,,14,3,4,0,8,14,4,3,0,5,0,0
21/11/2025,Mainz,Hoffenheim,1,1,D,0,1,A,,17,19,3,5,13,13,7,4,3,2,1,0
22/11/2025,Augsburg,Hamburg,1,0,H,0,0,D,,13,15,6,6,13,10,4,3,2,3,1,0
22/11/2025,Bayern Munich,Freiburg,6,2,H,2,2,D,,22,8,8,2,9,7,3,5,1,0,0,0
22/11/2025,Dortmund,Stuttgart,3,3,D,2,0,H,,14,16,6,6,12,10,2,4,1,1,0,0
22/11/2025,Heidenheim,M'gladbach,0,3,A,0,1,A,,7,16,2,4,13,12,4,5,2,0,0,0
22/11/2025,Wolfsburg,Leverkusen,1,3,A,0,3,A,,21,7,10,3,12,7,9,1,2,1,0,0
22/11/2025,FC Koln,Ein Frankfurt,3,4,A,1,2,A,,11,11,5,7,6,5,3,3,0,0,0,0
23/11/2025,RB Leipzig,Werder Bremen,2,0,H,0,0,D,,22,15,13,6,5,7,13,7,1,2,0,0
23/11/2025,St Pauli,Union Berlin,0,1,A,0,1,A,,12,8,3,3,10,8,8,2,1,1,0,0
28/11/2025,M'gladbach,RB Leipzig,0,0,D,0,0,D,,8,20,1,4,9,9,5,6,0,3,0,0
29/11/2025,Bayern Munich,St Pauli,3,1,H,1,1,D,,19,10,4,1,5,8,10,2,1,1,0,0
29/11/2025,Hoffenheim,Augsburg,3,0,H,3,0,H,,17,14,3,4,17,9,7,2,1,0,0,0
29/11/2025,Union Berlin,Heidenheim,1,2,A,1,0,H,,9,10,2,2,13,10,5,5,3,2,0,0
29/11/2025,Werder Bremen,FC Koln,1,1,D,1,0,H,,17,10,4,2,11,11,4,0,2,4,1,0
29/11/2025,Leverkusen,Dortmund,1,2,A,0,1,A,,14,7,4,4,7,9,10,3,3,4,0,0
30/11/2025,Hamburg,Stuttgart,2,1,H,1,0,H,,9,14,2,3,16,12,4,6,2,4,1,0
30/11/2025,Ein Frankfurt,Wolfsburg,1,1,D,0,0,D,,15,10,3,3,7,9,14,1,1,4,0,0
30/11/2025,Freiburg,Mainz,4,0,H,2,0,H,,23,1,10,1,9,12,6,2,0,2,0,1
05/12/2025,Mainz,M'gladbach,0,1,A,0,0,D,,8,14,2,5,12,4,8,6,2,1,0,0
06/12/2025,Augsburg,Leverkusen,2,0,H,2,0,H,,13,20,6,2,12,6,5,7,4,3,0,0
06/12/2025,FC Koln,St Pauli,1,1,D,0,0,D,,11,5,8,1,6,6,5,4,0,1,0,0
06/12/2025,Heidenheim,Freiburg,2,1,H,0,1,A,,16,16,3,2,11,10,8,6,2,1,0,0
06/12/2025,Stuttgart,Bayern Munich,0,5,A,0,1,A,,13,19,1,11,6,11,3,4,2,4,1,0
06/12/2025,Wolfsburg,Union Berlin,3,1,H,2,0,H,,4,21,3,6,13,10,0,11,4,1,0,0
06/12/2025,RB Leipzig,Ein Frankfurt,6,0,H,2,0,H,,16,8,7,2,9,17,4,0,1,2,0,0
07/12/2025,Hamburg,Werder Bremen,3,2,H,0,1,A,,12,10,6,3,8,13,5,3,1,6,0,0
07/12/2025,Dortmund,Hoffenheim,2,0,H,1,0,H,,8,11,4,3,7,9,7,5,0,2,0,0
12/12/2025,Union Berlin,RB Leipzig,3,1,H,0,0,D,,12,9,6,3,7,8,4,6,2,2,0,0
13/12/2025,Ein Frankfurt,Augsburg,1,0,H,0,0,D,,11,12,4,1,14,10,2,6,2,3,0,0
13/12/2025,Hoffenheim,Hamburg,4,1,H,2,0,H,,10,14,6,5,16,10,3,3,1,3,0,0
13/12/2025,M'gladbach,Wolfsburg,1,3,A,1,3,A,,14,11,4,6,6,8,6,3,0,1,0,0
13/12/2025,St Pauli,Heidenheim,2,1,H,1,0,H,,8,20,5,7,6,15,4,11,2,3,1,0
13/12/2025,Leverkusen,FC Koln,2,0,H,0,0,D,,17,6,6,4,8,6,8,3,2,1,0,0
14/12/2025,Freiburg,Dortmund,1,1,D,0,1,A,,21,9,6,4,11,10,6,0,3,2,0,1
14/12/2025,Bayern Munich,Mainz,2,2,D,1,1,D,,24,5,11,2,7,8,7,0,2,2,0,0
14/12/2025,Werder Bremen,Stuttgart,0,4,A,0,2,A,,9,24,3,12,11,6,0,9,2,0,1,0
19/12/2025,Dortmund,M'gladbach,2,0,H,1,0,H,,10,6,4,1,15,13,6,4,2,1,0,0
20/12/2025,Augsburg,Werder Bremen,0,0,D,0,0,D,,14,9,6,0,10,20,6,11,3,4,0,0
20/12/2025,FC Koln,Union Berlin,0,1,A,0,0,D,,13,11,2,3,9,18,3,6,2,5,1,0
20/12/2025,Hamburg,Ein Frankfurt,1,1,D,1,1,D,,9,9,3,3,8,12,5,5,0,0,0,0
20/12/2025,Stuttgart,Hoffenheim,0,0,D,0,0,D,,10,4,3,1,10,17,4,2,3,2,0,0
20/12/2025,Wolfsburg,Freiburg,3,4,A,1,1,D,,13,15,6,8,16,8,2,6,1,1,0,0
20/12/2025,RB Leipzig,Leverkusen,1,3,A,1,2,A,,19,15,7,8,10,12,2,8,1,2,0,0
21/12/2025,Mainz,St Pauli,0,0,D,0,0,D,,13,5,1,1,5,9,9,5,1,1,0,0
21/12/2025,Heidenheim,Bayern Munich,0,4,A,0,2,A,,8,23,1,11,8,6,0,6,0,0,0,0
09/01/2026,Ein Frankfurt,Dortmund,3,3,D,1,1,D,,12,16,6,6,14,6,2,5,3,3,0,0
10/01/2026,Freiburg,Hamburg,2,1,H,0,0,D,,20,10,7,5,13,11,0,3,3,5,0,1
10/01/2026,Heidenheim,FC Koln,2,2,D,2,1,H,,14,21,6,9,9,7,5,4,2,1,0,0
10/01/2026,Union Berlin,Mainz,2,2,D,0,1,A,,17,9,5,6,9,8,2,1,2,0,0,0
10/01/2026,Leverkusen,Stuttgart,1,4,A,0,4,A,,16,10,4,7,13,11,5,3,4,2,0,0
11/01/2026,M'gladbach,Augsburg,4,0,H,3,0,H,,12,17,7,2,16,9,2,2,0,1,0,0
11/01/2026,Bayern Munich,Wolfsburg,8,1,H,2,1,H,,16,8,10,3,7,6,6,2,0,1,0,0
13/01/2026,Stuttgart,Ein Frankfurt,3,2,H,2,1,H,,20,12,11,5,8,15,10,2,2,2,0,0
13/01/2026,Dortmund,Werder Bremen,3,0,H,1,0,H,,18,6,8,3,14,8,3,3,2,0,0,0
13/01/2026,Mainz,Heidenheim,2,1,H,1,0,H,,13,15,6,4,11,10,4,1,2,2,0,0
14/01/2026,Wolfsburg,St Pauli,2,1,H,1,1,D,,13,9,5,4,10,9,7,4,1,2,0,0
14/01/2026,FC Koln,Bayern Munich,1,3,A,1,1,D,,8,19,3,8,3,4,4,6,0,0,0,0
14/01/2026,Hoffenheim,M'gladbach,5,1,H,4,0,H,,18,7,10,5,16,10,6,2,1,1,0,0
14/01/2026,RB Leipzig,Freiburg,2,0,H,0,0,D,,21,3,7,1,12,16,7,2,0,4,0,0
15/01/2026,Augsburg,Union Berlin,1,1,D,1,0,H,,9,16,5,3,9,18,3,3,1,0,0,1
16/01/2026,Werder Bremen,Ein Frankfurt,3,3,D,1,1,D,,13,8,4,4,8,15,4,1,1,4,0,0
17/01/2026,Dortmund,St Pauli,3,2,H,1,0,H,,10,9,6,5,9,11,5,5,3,1,0,0
17/01/2026,FC Koln,Mainz,2,1,H,0,1,A,,20,11,6,7,6,10,9,5,4,4,0,0
17/01/2026,Hamburg,M'gladbach,0,0,D,0,0,D,,25,6,12,0,16,18,2,5,1,2,0,0
17/01/2026,Hoffenheim,Leverkusen,1,0,H,1,0,H,,19,8,8,2,17,7,3,5,2,1,0,0
17/01/2026,Wolfsburg,Heidenheim,1,1,D,0,1,A,,13,13,4,3,10,12,9,6,4,3,0,0
17/01/2026,RB Leipzig,Bayern Munich,1,5,A,1,0,H,,17,19,4,12,7,6,5,9,1,0,0,0
18/01/2026,Stuttgart,Union Berlin,1,1,D,0,0,D,,13,20,4,3,6,11,3,8,1,1,0,0
18/01/2026,Augsburg,Freiburg,2,2,D,0,0,D,,13,12,5,5,11,14,9,6,3,2,0,0
23/01/2026,St Pauli,Hamburg,0,0,D,0,0,D,,8,5,3,2,15,13,5,4,1,1,0,0
24/01/2026,Bayern Munich,Augsburg,1,2,A,1,0,H,,15,16,6,6,10,5,9,3,1,1,0,0
24/01/2026,Ein Frankfurt,Hoffenheim,1,3,A,1,0,H,,9,10,3,5,8,16,6,6,0,4,0,0
24/01/2026,Heidenheim,RB Leipzig,0,3,A,0,0,D,,7,11,2,8,10,9,4,0,1,0,0,0
24/01/2026,Leverkusen,Werder Bremen,1,0,H,1,0,H,,13,17,4,3,6,9,5,5,2,3,0,0
24/01/2026,Mainz,Wolfsburg,3,1,H,0,1,A,,20,7,9,2,8,11,15,1,3,2,0,0
24/01/2026,Union Berlin,Dortmund,0,3,A,0,1,A,,10,15,3,5,10,16,7,2,0,1,0,0
25/01/2026,M'gladbach,Stuttgart,0,3,A,0,1,A,,12,17,3,8,11,7,1,4,1,1,0,0
25/01/2026,Freiburg,FC Koln,2,1,H,2,1,H,,13,19,5,4,5,9,5,5,1,2,0,0
27/01/2026,St Pauli,RB Leipzig,1,1,D,0,0,D,,7,12,2,5,6,8,4,3,0,1,0,0
27/01/2026,Werder Bremen,Hoffenheim,0,2,A,0,1,A,,26,12,3,3,7,10,6,7,2,2,0,1
30/01/2026,FC Koln,Wolfsburg,1,0,H,1,0,H,,15,14,3,3,8,16,3,4,1,4,0,0
31/01/2026,Augsburg,St Pauli,2,1,H,1,1,D,,12,17,6,5,15,13,5,5,3,1,0,0
31/01/2026,Ein Frankfurt,Leverkusen,1,3,A,0,2,A,,11,11,4,4,11,10,8,3,3,1,1,0
31/01/2026,Hoffenheim,Union Berlin,3,1,H,2,0,H,,9,16,4,3,11,18,3,10,2,2,0,0
31/01/2026,RB Leipzig,Mainz,1,2,A,1,1,D,,15,11,4,4,4,13,5,4,0,4,0,0
31/01/2026,Werder Bremen,M'gladbach,1,1,D,0,0,D,,18,7,6,2,10,14,7,3,0,1,0,0
31/01/2026,Hamburg,Bayern Munich,2,2,D,1,1,D,,14,13,4,7,12,16,3,9,6,4,0,0
01/02/2026,Stuttgart,Freiburg,1,0,H,0,0,D,,18,11,7,2,14,14,6,2,3,1,0,0
01/02/2026,Dortmund,Heidenheim,3,2,H,1,1,D,,19,12,5,3,11,11,12,3,2,2,0,0
06/02/2026,Union Berlin,Ein Frankfurt,1,1,D,0,0,D,,11,3,3,1,9,11,5,2,4,3,0,1
07/02/2026,Freiburg,Werder Bremen,1,0,H,1,0,H,,7,17,2,5,9,12,4,8,0,1,1,0
07/02/2026,Heidenheim,Hamburg,0,2,A,0,1,A,,20,14,4,5,6,11,10,8,0,2,0,0
07/02/2026,Mainz,Augsburg,2,0,H,1,0,H,,10,14,6,6,12,10,6,4,2,2,0,0
07/02/2026,St Pauli,Stuttgart,2,1,H,1,0,H,,15,7,7,3,9,10,5,5,0,2,0,0
07/02/2026,Wolfsburg,Dortmund,1,2,A,0,1,A,,12,21,2,4,13,10,4,8,1,1,0,0
07/02/2026,M'gladbach,Leverkusen,1,1,D,1,1,D,,9,10,6,2,7,11,2,2,2,3,0,0
08/02/2026,FC Koln,RB Leipzig,1,2,A,0,1,A,,10,19,3,4,7,13,4,3,1,4,0,0
08/02/2026,Bayern Munich,Hoffenheim,5,1,H,3,1,H,,27,9,14,4,11,9,8,3,2,2,0,1
13/02/2026,Dortmund,Mainz,4,0,H,3,0,H,,14,10,8,5,10,5,7,2,3,2,0,0
14/02/2026,Ein Frankfurt,M'gladbach,3,0,H,2,0,H,,12,20,9,3,11,11,2,8,3,2,0,0
14/02/2026,Hamburg,Union Berlin,3,2,H,2,1,H,,13,12,4,5,12,7,6,3,3,0,0,0
14/02/2026,Hoffenheim,Freiburg,3,0,H,0,0,D,,25,13,7,3,8,6,6,6,3,1,0,0
14/02/2026,Leverkusen,St Pauli,4,0,H,2,0,H,,12,11,7,1,7,11,8,3,0,1,0,0
14/02/2026,Werder Bremen,Bayern Munich,0,3,A,0,2,A,,14,11,3,8,10,6,2,4,3,1,0,0
14/02/2026,Stuttgart,FC Koln,3,1,H,1,0,H,,13,10,4,3,10,10,2,5,4,1,0,0
15/02/2026,Augsburg,Heidenheim,1,0,H,0,0,D,,12,16,4,2,9,9,4,5,1,2,0,0
15/02/2026,RB Leipzig,Wolfsburg,2,2,D,0,0,D,,20,10,10,3,6,10,6,2,1,2,0,0
20/02/2026,Mainz,Hamburg,1,1,D,1,0,H,,17,14,3,5,16,13,7,2,3,2,0,0
21/02/2026,Bayern Munich,Ein Frankfurt,3,2,H,2,0,H,,24,9,11,3,9,10,8,2,0,3,0,0
21/02/2026,FC Koln,Hoffenheim,2,2,D,1,1,D,,9,18,4,6,6,12,3,10,1,3,0,0
21/02/2026,Union Berlin,Leverkusen,1,0,H,1,0,H,,8,16,4,1,15,7,4,5,5,2,0,0
21/02/2026,Wolfsburg,Augsburg,2,3,A,1,0,H,,10,15,4,6,10,16,4,10,3,4,0,0
21/02/2026,RB Leipzig,Dortmund,2,2,D,2,0,H,,13,11,3,5,11,17,6,2,3,4,0,0
22/02/2026,Freiburg,M'gladbach,2,1,H,1,0,H,,10,12,6,2,9,8,3,3,1,2,0,0
22/02/2026,St Pauli,Werder Bremen,2,1,H,0,0,D,,5,13,4,4,6,10,1,5,2,6,0,0
22/02/2026,Heidenheim,Stuttgart,3,3,D,2,2,D,,10,12,6,8,13,7,3,4,1,2,0,0
27/02/2026,Augsburg,FC Koln,2,0,H,0,0,D,,14,10,4,3,15,4,6,9,4,1,0,0
28/02/2026,Hoffenheim,St Pauli,0,1,A,0,1,A,,20,11,11,3,13,7,10,3,1,2,0,0
28/02/2026,Leverkusen,Mainz,1,1,D,0,0,D,,12,8,5,4,9,13,6,2,1,2,0,0
28/02/2026,M'gladbach,Union Berlin,1,0,H,0,0,D,,21,6,7,2,5,18,6,2,4,5,0,0
28/02/2026,Werder Bremen,Heidenheim,2,0,H,0,0,D,,17,9,6,0,14,9,3,2,1,0,0,0
28/02/2026,Dortmund,Bayern Munich,2,3,A,1,0,H,,10,14,2,6,15,10,5,2,1,0,0,0
01/03/2026,Stuttgart,Wolfsburg,4,0,H,3,0,H,,24,10,11,3,5,17,7,3,1,0,0,0
01/03/2026,Ein Frankfurt,Freiburg,2,0,H,0,0,D,,15,4,7,2,9,11,5,6,1,2,0,0
01/03/2026,Hamburg,RB Leipzig,1,2,A,1,1,D,,7,13,3,5,8,12,4,9,3,2,0,0
04/03/2026,Hamburg,Leverkusen,0,1,A,0,0,D,,10,14,3,4,12,11,2,7,0,2,0,0
06/03/2026,Bayern Munich,M'gladbach,4,1,H,2,0,H,,18,10,9,5,7,12,7,1,1,0,0,1
07/03/2026,Freiburg,Leverkusen,3,3,D,2,2,D,,21,17,9,5,7,8,5,2,3,3,0,0
07/03/2026,Heidenheim,Hoffenheim,2,4,A,0,2,A,,8,16,2,7,7,15,4,3,0,0,0,0
07/03/2026,Mainz,Stuttgart,2,2,D,1,0,H,,18,11,6,4,7,12,5,6,0,2,0,0
07/03/2026,RB Leipzig,Augsburg,2,1,H,0,1,A,,17,16,8,5,8,9,6,8,0,2,0,0
07/03/2026,Wolfsburg,Hamburg,1,2,A,1,1,D,,14,10,4,7,18,6,7,3,3,3,1,0
07/03/2026,FC Koln,Dortmund,1,2,A,0,1,A,,14,13,4,5,9,13,9,4,1,1,1,0
08/03/2026,St Pauli,Ein Frankfurt,0,0,D,0,0,D,,11,8,2,2,13,8,6,5,2,1,0,0
08/03/2026,Union Berlin,Werder Bremen,1,4,A,1,2,A,,9,15,2,5,5,13,1,3,1,3,1,0
13/03/2026,M'gladbach,St Pauli,2,0,H,1,0,H,,10,8,4,1,9,7,2,2,1,2,0,0
14/03/2026,Dortmund,Augsburg,2,0,H,1,0,H,,16,7,5,3,7,7,12,2,0,0,0,0
14/03/2026,Ein Frankfurt,Heidenheim,1,0,H,0,0,D,,12,3,4,1,5,9,5,4,3,2,1,0
14/03/2026,Hoffenheim,Wolfsburg,1,1,D,0,0,D,,21,4,6,2,10,10,16,4,0,3,0,0
14/03/2026,Leverkusen,Bayern Munich,1,1,D,1,0,H,,21,11,7,5,12,13,4,1,3,4,0,2
14/03/2026,Hamburg,FC Koln,1,1,D,1,1,D,,5,10,1,2,11,12,1,8,2,4,0,0
15/03/2026,Werder Bremen,Mainz,0,2,A,0,1,A,,16,11,3,2,7,7,9,4,2,1,0,0
15/03/2026,Freiburg,Union Berlin,0,1,A,0,0,D,,19,9,6,4,6,19,6,2,0,2,0,0
15/03/2026,Stuttgart,RB Leipzig,1,0,H,0,0,D,,13,9,4,4,5,16,5,6,1,2,0,0
20/03/2026,RB Leipzig,Hoffenheim,5,0,H,4,0,H,,14,8,9,2,8,16,1,3,1,1,0,0
21/03/2026,Bayern Munich,Union Berlin,4,0,H,2,0,H,,31,5,9,1,5,8,12,1,1,2,0,0
21/03/2026,FC Koln,M'gladbach,3,3,D,2,2,D,,12,9,5,3,8,14,5,3,8,2,1,0
21/03/2026,Heidenheim,Leverkusen,3,3,D,0,2,A,,9,14,5,5,11,12,2,5,4,4,0,0
21/03/2026,Wolfsburg,Werder Bremen,0,1,A,0,0,D,,11,8,4,3,16,6,8,4,3,0,1,0
21/03/2026,Dortmund,Hamburg,3,2,H,0,2,A,,24,4,8,4,10,8,11,3,2,3,0,0
22/03/2026,Mainz,Ein Frankfurt,2,1,H,1,1,D,,8,12,5,4,12,5,5,3,2,1,0,0
22/03/2026,St Pauli,Freiburg,1,2,A,1,0,H,,12,15,5,6,9,6,3,2,1,1,0,0
22/03/2026,Augsburg,Stuttgart,2,5,A,0,3,A,,13,13,7,8,11,14,2,5,1,3,0,0
04/04/2026,Freiburg,Bayern Munich,2,3,A,0,0,D,,13,21,4,9,9,13,5,8,3,3,0,0
04/04/2026,Hamburg,Augsburg,1,1,D,0,1,A,,18,18,4,3,12,12,9,2,2,3,1,0
04/04/2026,Hoffenheim,Mainz,1,2,A,1,1,D,,16,9,5,5,11,5,7,3,4,1,0,0
04/04/2026,Leverkusen,Wolfsburg,6,3,H,2,3,A,,25,11,11,5,8,11,12,2,1,3,0,0
04/04/2026,M'gladbach,Heidenheim,2,2,D,1,1,D,,15,15,7,7,12,11,2,3,4,0,0,0
04/04/2026,Werder Bremen,RB Leipzig,1,2,A,0,1,A,,13,7,5,2,13,14,1,0,2,1,0,0
04/04/2026,Stuttgart,Dortmund,0,2,A,0,0,D,,13,5,3,3,10,12,5,2,2,4,0,0
05/04/2026,Union Berlin,St Pauli,1,1,D,0,1,A,,16,9,8,2,10,8,7,2,0,2,0,1
05/04/2026,Ein Frankfurt,FC Koln,2,2,D,0,0,D,,20,14,7,9,10,7,8,0,1,2,0,0
10/04/2026,Augsburg,Hoffenheim,2,2,D,2,2,D,,17,13,8,4,6,18,4,4,5,3,0,0
11/04/2026,Dortmund,Leverkusen,0,1,A,0,1,A,,14,11,1,4,5,6,5,5,3,0,0,0
11/04/2026,Heidenheim,Union Berlin,3,1,H,2,0,H,,7,10,3,3,7,13,3,5,0,2,0,0
11/04/2026,RB Leipzig,M'gladbach,1,0,H,0,0,D,,24,15,11,3,9,6,11,4,4,1,0,0
11/04/2026,Wolfsburg,Ein Frankfurt,1,2,A,0,2,A,,22,10,7,4,9,8,7,7,2,1,0,0
11/04/2026,St Pauli,Bayern Munich,0,5,A,0,1,A,,6,20,3,8,9,7,3,4,1,2,0,0
12/04/2026,FC Koln,Werder Bremen,3,1,H,1,0,H,,25,6,8,2,16,7,8,5,3,2,0,1
12/04/2026,Stuttgart,Hamburg,4,0,H,2,0,H,,23,9,11,5,10,14,8,2,2,1,0,0
12/04/2026,Mainz,Freiburg,0,1,A,0,0,D,,10,8,3,3,10,13,6,4,1,3,0,0
17/04/2026,St Pauli,FC Koln,1,1,D,0,0,D,,14,10,6,1,6,2,8,5,4,1,0,0
18/04/2026,Hoffenheim,Dortmund,2,1,H,1,0,H,,13,8,4,3,14,11,4,3,2,3,0,0
18/04/2026,Leverkusen,Augsburg,1,2,A,1,1,D,,35,11,10,5,5,8,11,4,2,1,0,0
18/04/2026,Union Berlin,Wolfsburg,1,2,A,0,1,A,,25,5,7,4,13,15,11,4,1,1,0,0
18/04/2026,Werder Bremen,Hamburg,3,1,H,1,1,D,,18,11,10,3,14,14,7,3,4,3,0,1
18/04/2026,Ein Frankfurt,RB Leipzig,1,3,A,1,1,D,,16,19,5,8,7,7,4,6,0,1,0,0
19/04/2026,Freiburg,Heidenheim,2,1,H,1,0,H,,17,13,4,2,10,9,5,4,1,0,0,0
19/04/2026,Bayern Munich,Stuttgart,4,2,H,3,1,H,,28,11,9,7,6,3,11,3,0,0,0,0
19/04/2026,M'gladbach,Mainz,1,1,D,1,0,H,,9,17,4,7,12,8,0,6,5,2,0,0
24/04/2026,RB Leipzig,Union Berlin,3,1,H,2,0,H,,20,5,10,1,6,10,10,4,1,1,0,0
25/04/2026,Augsburg,Ein Frankfurt,1,1,D,1,0,H,,17,19,3,7,11,13,9,7,1,2,0,0
25/04/2026,FC Koln,Leverkusen,1,2,A,0,1,A,,25,8,10,3,11,5,2,5,1,2,0,0
25/04/2026,Heidenheim,St Pauli,2,0,H,1,0,H,,12,11,5,2,7,6,6,6,0,1,0,0
25/04/2026,Mainz,Bayern Munich,3,4,A,3,0,H,,21,11,8,6,14,10,4,4,1,2,0,0
25/04/2026,Wolfsburg,M'gladbach,0,0,D,0,0,D,,12,10,4,2,11,5,8,5,1,3,0,1
25/04/2026,Hamburg,Hoffenheim,1,2,A,1,2,A,,12,15,4,6,11,18,4,9,2,4,0,0
26/04/2026,Stuttgart,Werder Bremen,1,1,D,0,1,A,,20,9,4,3,8,10,14,2,0,1,0,0
26/04/2026,Dortmund,Freiburg,4,0,H,3,0,H,,17,7,5,4,19,10,5,0,1,0,0,0
02/05/2026,Bayern Munich,Heidenheim,3,3,D,1,2,A,,23,12,7,5,6,7,13,5,3,2,0,0
02/05/2026,Ein Frankfurt,Hamburg,1,2,A,0,0,D,,8,9,5,4,13,5,9,4,6,1,1,0
02/05/2026,Hoffenheim,Stuttgart,3,3,D,2,1,H,,22,14,9,5,18,9,4,5,3,1,0,1
02/05/2026,Union Berlin,FC Koln,2,2,D,0,1,A,,13,8,3,4,7,10,2,5,2,3,0,0
02/05/2026,Werder Bremen,Augsburg,1,3,A,0,2,A,,15,14,4,7,11,4,8,2,1,1,0,0
02/05/2026,Leverkusen,RB Leipzig,4,1,H,2,0,H,,23,14,8,5,7,12,7,3,1,3,0,0
03/05/2026,St Pauli,Mainz,1,2,A,0,2,A,,10,17,3,6,10,8,7,7,3,1,0,0
03/05/2026,M'gladbach,Dortmund,1,0,H,0,0,D,,12,6,4,1,14,17,1,1,3,1,0,0
03/05/2026,Freiburg,Wolfsburg,1,1,D,0,0,D,,11,13,3,4,5,11,1,7,1,1,0,0
08/05/2026,Dortmund,Ein Frankfurt,3,2,H,2,1,H,,13,9,8,4,14,8,6,2,3,0,0,0
09/05/2026,Augsburg,M'gladbach,3,1,H,2,0,H,,15,16,10,4,11,9,2,2,2,2,0,0
09/05/2026,Hoffenheim,Werder Bremen,1,0,H,1,0,H,,15,11,4,2,4,3,8,3,1,2,0,1
09/05/2026,RB Leipzig,St Pauli,2,1,H,1,0,H,,13,7,5,3,5,9,3,5,2,0,0,0
09/05/2026,Stuttgart,Leverkusen,3,1,H,2,1,H,,20,6,9,5,13,8,7,6,2,1,0,0
09/05/2026,Wolfsburg,Bayern Munich,0,1,A,0,0,D,,17,16,5,9,8,5,6,3,1,0,0,0
10/05/2026,Hamburg,Freiburg,3,2,H,1,1,D,,14,5,5,3,15,8,2,4,2,2,0,0
10/05/2026,FC Koln,Heidenheim,1,3,A,1,2,A,,18,11,7,5,9,8,6,4,2,2,0,0
10/05/2026,Mainz,Union Berlin,1,3,A,0,1,A,,14,16,3,9,11,10,7,8,2,1,0,0
16/05/2026,Bayern Munich,FC Koln,5,1,H,3,1,H,,19,9,7,2,6,4,5,5,1,1,0,0
16/05/2026,Ein Frankfurt,Stuttgart,2,2,D,0,2,A,,16,13,7,7,14,12,6,6,2,3,0,0
16/05/2026,Freiburg,RB Leipzig,4,1,H,2,1,H,,11,14,5,6,13,7,1,2,0,1,0,0
16/05/2026,Heidenheim,Mainz,0,2,A,0,2,A,,15,15,5,9,8,12,6,3,1,1,0,0
16/05/2026,Leverkusen,Hamburg,1,1,D,0,0,D,,26,19,9,6,8,11,8,3,1,2,0,0
16/05/2026,M'gladbach,Hoffenheim,4,0,H,2,0,H,,9,11,6,3,11,15,2,9,4,6,0,1
16/05/2026,St Pauli,Wolfsburg,1,3,A,0,1,A,,11,19,2,10,6,9,8,9,2,3,0,0
16/05/2026,Union Berlin,Augsburg,4,0,H,2,0,H,,17,11,9,1,6,7,4,9,3,1,0,0
16/05/2026,Werder Bremen,Dortmund,0,2,A,0,0,D,,9,17,3,9,8,5,4,5,0,0,0,0
