Date,HomeTeam,AwayTeam,FTHG,FTAG,FTR,HTHG,HTAG,HTR,Referee,HS,AS,HST,AST,HF,AF,HC,AC,HY,AY,HR,AR
09/08/2019,Monaco,Lyon,0,3,A,0,2,A,,7,13,1,3,10,17,2,5,2,2,1,0
09/08/2019,Liverpool,Norwich,4,1,H,4,0,H,M Oliver,15,12,7,5,9,9,11,2,0,2,0,0
10/08/2019,Marseille,Reims,0,2,A,0,0,D,,10,8,2,5,18,8,5,3,1,0,0,0
10/08/2019,Angers,Bordeaux,3,1,H,3,1,H,,14,8,4,3,11,15,4,3,2,1,0,0
10/08/2019,Brest,Toulouse,1,1,D,1,0,H,,16,13,5,3,11,14,4,7,0,0,0,0
10/08/2019,Dijon,St Etienne,1,2,A,1,2,A,,15,12,7,4,17,10,12,5,0,2,0,0
10/08/2019,Montpellier,Rennes,0,1,A,0,1,A,,24,9,5,3,20,19,7,1,3,3,0,1
10/08/2019,Nice,Amiens,2,1,H,1,0,H,,17,8,6,2,10,8,7,3,3,4,0,1
10/08/2019,West Ham,Man City,0,5,A,0,1,A,M Dean,5,14,3,9,6,13,1,1,2,2,0,0
10/08/2019,Bournemouth,Sheffield United,1,1,D,0,0,D,K Friend,13,8,3,3,10,19,3,4,2,1,0,0
10/08/2019,Burnley,Southampton,3,0,H,0,0,D,G Scott,10,11,4,3,6,12,2,7,0,0,0,0
10/08/2019,Crystal Palace,Everton,0,0,D,0,0,D,J Moss,6,10,2,3,16,14,6,2,2,1,0,1
10/08/2019,Watford,Brighton,0,3,A,0,1,A,C Pawson,11,5,3,3,15,11,5,2,0,1,0,0
10/08/2019,Tottenham,Aston Villa,3,1,H,0,1,A,C Kavanagh,31,7,7,4,13,9,14,0,1,0,0,0
11/08/2019,Lille,Nantes,2,1,H,1,0,H,,13,13,3,3,13,17,5,11,2,4,0,0
11/08/2019,Strasbourg,Metz,1,1,D,1,0,H,,13,7,2,3,6,12,3,4,0,1,0,0
11/08/2019,Paris SG,Nimes,3,0,H,1,0,H,,12,5,5,1,17,8,2,6,2,0,0,0
11/08/2019,Leicester,Wolves,0,0,D,0,0,D,A Marriner,15,8,1,2,3,13,12,3,0,2,0,0
11/08/2019,Newcastle,Arsenal,0,1,A,0,0,D,M Atkinson,9,8,2,2,12,7,5,3,1,3,0,0
11/08/2019,Man United,Chelsea,4,0,H,1,0,H,A Taylor,11,18,5,7,15,13,3,5,3,4,0,0
16/08/2019,Bayern Munich,Hertha,2,2,D,1,2,A,,17,6,7,3,6,17,12,0,3,3,0,0
16/08/2019,Ath Bilbao,Barcelona,1,0,H,0,0,D,,11,11,5,2,14,9,3,8,1,1,0,0
16/08/2019,Lyon,Angers,6,0,H,3,0,H,,11,10,9,3,7,14,2,5,1,2,0,0
17/08/2019,Dortmund,Augsburg,5,1,H,1,1,D,,23,5,10,1,8,6,10,0,0,0,0,0
17/08/2019,Freiburg,Mainz,3,0,H,0,0,D,,19,19,8,5,6,15,5,5,1,3,0,0
17/08/2019,Leverkusen,Paderborn,3,2,H,2,2,D,,13,11,4,6,8,9,6,6,2,0,0,0
17/08/2019,Werder Bremen,Fortuna Dusseldorf,1,3,A,0,1,A,,23,12,10,7,8,13,14,5,0,2,0,0
17/08/2019,Wolfsburg,FC Koln,2,1,H,1,0,H,,14,11,5,2,14,18,2,6,1,3,0,0
17/08/2019,M'gladbach,Schalke 04,0,0,D,0,0,D,,16,8,4,1,8,10,8,3,3,2,0,0
17/08/2019,Celta,Real Madrid,1,3,A,0,1,A,,7,17,4,11,17,12,6,4,5,2,0,1
17/08/2019,Valencia,Sociedad,1,1,D,0,0,D,,14,12,6,3,13,14,3,3,4,4,1,0
17/08/2019,Mallorca,Eibar,2,1,H,1,0,H,,16,11,4,5,13,14,9,3,2,3,0,0
17/08/2019,Leganes,Osasuna,0,1,A,0,0,D,,13,4,2,2,17,11,8,0,1,4,1,0
17/08/2019,Villarreal,Granada,4,4,D,1,1,D,,12,14,7,7,10,16,2,7,3,1,0,0
17/08/2019,Nantes,Marseille,0,0,D,0,0,D,,13,9,6,2,16,18,7,3,0,3,0,0
17/08/2019,Amiens,Lille,1,0,H,0,0,D,,8,10,3,1,13,7,3,10,1,1,0,1
17/08/2019,Bordeaux,Montpellier,1,1,D,0,1,A,,13,10,4,4,15,21,3,5,2,1,0,0
17/08/2019,Metz,Monaco,3,0,H,1,0,H,,18,12,10,6,16,7,6,4,1,2,0,1
17/08/2019,Nimes,Nice,1,2,A,1,2,A,,18,6,5,3,21,12,2,1,5,5,2,1
17/08/2019,Toulouse,Dijon,1,0,H,0,0,D,,18,18,7,5,11,5,7,5,2,0,0,0
17/08/2019,Arsenal,Burnley,2,1,H,1,1,D,M Dean,16,18,9,5,13,11,10,7,2,1,0,0
17/08/2019,Aston Villa,Bournemouth,1,2,A,0,2,A,M Atkinson,22,12,7,4,10,13,10,5,0,2,0,0
17/08/2019,Brighton,West Ham,1,1,D,0,0,D,A Taylor,16,8,4,3,11,10,8,6,0,2,0,0
17/08/2019,Everton,Watford,1,0,H,1,0,H,L Mason,12,8,2,2,11,11,4,7,2,3,0,0
17/08/2019,Norwich,Newcastle,3,1,H,1,0,H,S Attwell,15,10,8,3,9,11,7,5,1,3,0,0
17/08/2019,Southampton,Liverpool,1,2,A,0,1,A,A Marriner,14,15,3,6,10,6,5,9,2,1,0,0
17/08/2019,Man City,Tottenham,2,2,D,2,1,H,M Oliver,30,3,10,2,14,4,13,2,1,0,0,0
18/08/2019,Ein Frankfurt,Hoffenheim,1,0,H,1,0,H,,17,10,8,1,16,9,10,5,3,1,0,0
18/08/2019,Union Berlin,RB Leipzig,0,4,A,0,3,A,,13,14,2,8,14,5,3,6,1,0,0,0
18/08/2019,Alaves,Levante,1,0,H,0,0,D,,9,16,2,4,18,15,2,9,2,1,0,0
18/08/2019,Espanol,Sevilla,0,2,A,0,1,A,,7,12,2,4,11,17,8,4,2,2,0,0
18/08/2019,Betis,Valladolid,1,2,A,0,0,D,,13,14,4,3,11,19,6,1,2,6,1,0
18/08/2019,Ath Madrid,Getafe,1,0,H,1,0,H,,5,6,5,0,19,22,3,4,3,4,1,1
18/08/2019,St Etienne,Brest,1,1,D,0,1,A,,19,9,5,4,16,8,4,2,1,2,0,0
18/08/2019,Reims,Strasbourg,0,0,D,0,0,D,,11,4,1,1,18,19,2,4,2,0,0,0
18/08/2019,Rennes,Paris SG,2,1,H,1,1,D,,11,9,4,2,15,19,4,7,1,5,0,0
18/08/2019,Sheffield United,Crystal Palace,1,0,H,0,0,D,D Coote,15,6,3,4,16,11,8,4,3,1,0,0
18/08/2019,Chelsea,Leicester,1,1,D,1,0,H,O Langford,14,12,5,3,9,14,4,5,1,0,0,0
19/08/2019,Wolves,Man United,1,1,D,0,1,A,J Moss,6,9,2,2,17,8,4,6,2,2,0,0
23/08/2019,FC Koln,Dortmund,1,3,A,1,0,H,,13,14,1,6,11,10,7,8,2,1,0,0
23/08/2019,Granada,Sevilla,0,1,A,0,0,D,,12,11,0,6,13,14,6,6,1,1,0,0
23/08/2019,Levante,Villarreal,2,1,H,0,1,A,,16,23,4,6,5,9,7,3,1,2,0,0
23/08/2019,Aston Villa,Everton,2,0,H,1,0,H,M Oliver,7,12,3,1,10,18,0,6,2,3,0,0
24/08/2019,Parma,Juventus,0,1,A,0,1,A,,5,9,4,4,12,14,5,8,2,3,0,0
24/08/2019,Fiorentina,Napoli,3,4,A,1,2,A,,10,8,6,6,21,16,4,5,2,4,0,0
24/08/2019,Augsburg,Union Berlin,1,1,D,0,0,D,,12,13,4,1,16,19,3,4,3,1,0,1
24/08/2019,Fortuna Dusseldorf,Leverkusen,1,3,A,0,3,A,,11,11,6,7,14,10,1,5,3,2,0,0
24/08/2019,Hoffenheim,Werder Bremen,3,2,H,0,1,A,,10,18,3,6,13,15,3,6,2,5,0,1
24/08/2019,Mainz,M'gladbach,1,3,A,1,1,D,,21,15,4,6,12,14,3,5,2,2,0,0
24/08/2019,Paderborn,Freiburg,1,3,A,1,2,A,,15,9,2,4,20,6,9,5,3,1,0,0
24/08/2019,Schalke 04,Bayern Munich,0,3,A,0,1,A,,9,10,2,6,11,10,3,4,0,0,0,0
24/08/2019,Osasuna,Eibar,0,0,D,0,0,D,,6,12,2,0,15,12,6,6,4,4,0,0
24/08/2019,Real Madrid,Valladolid,1,1,D,0,0,D,,22,9,4,2,12,11,4,3,2,2,0,0
24/08/2019,Celta,Valencia,1,0,H,1,0,H,,11,9,6,1,8,12,6,4,1,2,0,0
24/08/2019,Getafe,Ath Bilbao,1,1,D,1,1,D,,6,4,2,2,15,11,4,6,2,1,0,0
24/08/2019,Amiens,Nantes,1,2,A,0,0,D,,3,25,1,6,9,13,2,5,1,1,1,0
24/08/2019,Angers,Metz,3,0,H,2,0,H,,15,4,5,2,15,8,2,1,1,2,0,0
24/08/2019,Brest,Reims,1,0,H,0,0,D,,8,10,4,2,18,14,6,5,1,1,0,0
24/08/2019,Dijon,Bordeaux,0,2,A,0,1,A,,10,10,1,3,12,18,3,7,0,2,0,0
24/08/2019,Norwich,Chelsea,2,3,A,2,2,D,M Atkinson,6,23,5,8,9,9,1,8,1,1,0,0
24/08/2019,Brighton,Southampton,0,2,A,0,0,D,K Friend,12,12,3,4,9,10,8,5,1,3,1,0
24/08/2019,Man United,Crystal Palace,1,2,A,0,1,A,P Tierney,22,5,3,3,8,18,8,1,2,4,0,0
24/08/2019,Sheffield United,Leicester,1,2,A,0,1,A,A Madley,8,10,3,2,11,6,7,4,1,0,0,0
24/08/2019,Watford,West Ham,1,3,A,1,1,D,C Kavanagh,23,16,3,10,12,11,8,7,1,1,0,0
24/08/2019,Liverpool,Arsenal,3,1,H,1,0,H,A Taylor,25,9,5,3,8,5,6,4,1,1,0,0
25/08/2019,Udinese,Milan,1,0,H,0,0,D,,11,6,6,0,14,11,9,4,1,3,0,0
25/08/2019,Cagliari,Brescia,0,1,A,0,0,D,,9,8,5,3,10,11,8,8,2,2,0,0
25/08/2019,Roma,Genoa,3,3,D,2,2,D,,17,6,9,4,15,13,5,1,3,1,0,0
25/08/2019,Sampdoria,Lazio,0,3,A,0,1,A,,12,16,8,10,13,11,5,9,2,2,0,0
25/08/2019,Spal,Atalanta,2,3,A,2,1,H,,8,18,3,14,13,16,2,10,2,1,0,0
25/08/2019,Torino,Sassuolo,2,1,H,1,0,H,,7,13,4,9,21,15,6,6,4,3,0,0
25/08/2019,Verona,Bologna,1,1,D,1,1,D,,5,14,2,5,12,13,1,6,1,3,1,0
25/08/2019,RB Leipzig,Ein Frankfurt,2,1,H,1,0,H,,13,11,5,5,10,13,4,1,2,3,0,0
25/08/2019,Hertha,Wolfsburg,0,3,A,0,1,A,,8,9,2,4,15,11,2,5,1,0,0,0
25/08/2019,Alaves,Espanol,0,0,D,0,0,D,,10,5,2,1,13,10,3,5,3,1,0,0
25/08/2019,Mallorca,Sociedad,0,1,A,0,0,D,,12,12,4,4,16,12,5,5,1,2,0,0
25/08/2019,Leganes,Ath Madrid,0,1,A,0,0,D,,10,6,4,4,12,13,9,4,4,5,0,0
25/08/2019,Barcelona,Betis,5,2,H,1,1,D,,20,4,7,3,14,12,11,0,1,1,0,0
25/08/2019,Monaco,Nimes,2,2,D,2,0,H,,16,14,6,4,14,17,6,7,2,1,1,0
25/08/2019,Strasbourg,Rennes,0,2,A,0,1,A,,19,7,3,4,13,13,6,0,4,2,1,0
25/08/2019,Paris SG,Toulouse,4,0,H,0,0,D,,21,3,11,0,8,13,12,1,0,1,0,0
25/08/2019,Bournemouth,Man City,1,3,A,1,2,A,A Marriner,10,19,7,5,7,13,4,5,1,3,0,0
25/08/2019,Tottenham,Newcastle,0,1,A,0,1,A,M Dean,17,8,2,3,10,5,6,6,2,2,0,0
25/08/2019,Wolves,Burnley,1,1,D,0,1,A,C Pawson,17,13,2,4,9,11,4,3,0,2,0,0
26/08/2019,Inter,Lecce,4,0,H,2,0,H,,16,10,7,4,14,8,7,7,1,2,0,1
27/08/2019,Montpellier,Lyon,1,0,H,1,0,H,,19,14,5,4,14,11,8,2,2,4,0,1
28/08/2019,Lille,St Etienne,3,0,H,1,0,H,,16,9,7,4,9,12,3,3,0,0,0,0
28/08/2019,Nice,Marseille,1,2,A,0,1,A,,12,12,3,5,7,13,4,3,1,1,0,0
30/08/2019,Bologna,Spal,1,0,H,0,0,D,,18,7,9,1,13,13,11,2,3,2,0,0
30/08/2019,M'gladbach,RB Leipzig,1,3,A,0,1,A,,11,14,3,6,17,19,9,5,3,2,0,0
30/08/2019,Sevilla,Celta,1,1,D,0,0,D,,19,2,5,1,16,9,9,1,4,2,0,0
30/08/2019,Ath Bilbao,Sociedad,2,0,H,2,0,H,,15,2,5,2,17,17,3,0,2,3,0,0
30/08/2019,Metz,Paris SG,0,2,A,0,2,A,,7,10,2,4,11,13,4,7,1,0,0,0
31/08/2019,Milan,Brescia,1,0,H,1,0,H,,11,4,6,2,14,18,5,3,3,4,0,0
31/08/2019,Juventus,Napoli,4,3,H,2,0,H,,10,12,8,7,13,13,2,5,3,3,0,0
31/08/2019,Bayern Munich,Mainz,6,1,H,2,1,H,,19,7,10,4,16,12,10,1,3,3,0,0
31/08/2019,Freiburg,FC Koln,1,2,A,1,0,H,,14,9,1,3,6,15,5,6,0,2,0,0
31/08/2019,Leverkusen,Hoffenheim,0,0,D,0,0,D,,20,6,2,1,7,11,19,0,2,2,0,0
31/08/2019,Schalke 04,Hertha,3,0,H,1,0,H,,9,9,2,3,13,9,5,3,1,1,0,0
31/08/2019,Wolfsburg,Paderborn,1,1,D,0,1,A,,15,7,5,3,8,12,8,3,0,3,0,0
31/08/2019,Union Berlin,Dortmund,3,1,H,1,1,D,,15,13,7,2,13,2,7,4,0,0,0,0
31/08/2019,Osasuna,Barcelona,2,2,D,1,0,H,,15,8,5,4,16,9,3,2,3,4,0,0
31/08/2019,Getafe,Alaves,1,1,D,1,1,D,,15,5,1,1,11,17,4,2,3,1,0,0
31/08/2019,Levante,Valladolid,2,0,H,0,0,D,,16,15,3,4,9,10,6,6,2,2,0,0
31/08/2019,Betis,Leganes,2,1,H,0,0,D,,17,19,5,7,14,15,11,8,4,2,0,0
31/08/2019,Lyon,Bordeaux,1,1,D,1,0,H,,10,18,3,6,12,14,4,5,4,3,1,0
31/08/2019,Angers,Dijon,2,0,H,0,0,D,,12,5,3,2,11,17,5,3,0,2,0,0
31/08/2019,Nantes,Montpellier,1,0,H,0,0,D,,14,8,7,1,14,12,6,2,2,2,0,0
31/08/2019,Nimes,Brest,3,0,H,2,0,H,,21,7,8,3,11,17,8,2,3,4,0,0
31/08/2019,Toulouse,Amiens,2,0,H,0,0,D,,13,10,4,1,15,8,4,3,0,1,0,0
31/08/2019,Southampton,Man United,1,1,D,0,1,A,M Dean,10,21,2,8,17,7,2,3,1,2,1,0
31/08/2019,Chelsea,Sheffield United,2,2,D,2,0,H,S Attwell,13,8,5,2,6,11,3,4,0,1,0,0
31/08/2019,Crystal Palace,Aston Villa,1,0,H,0,0,D,K Friend,22,10,5,2,15,16,13,2,2,4,0,1
31/08/2019,Leicester,Bournemouth,3,1,H,2,1,H,P Bankes,13,8,5,2,9,11,4,5,1,3,0,0
31/08/2019,Man City,Brighton,4,0,H,2,0,H,J Moss,15,6,6,2,10,6,8,1,1,1,0,0
31/08/2019,Newcastle,Watford,1,1,D,1,1,D,G Scott,13,13,5,3,5,11,6,5,2,3,0,0
31/08/2019,West Ham,Norwich,2,0,H,1,0,H,P Tierney,18,8,8,3,16,10,8,2,2,1,0,0
31/08/2019,Burnley,Liverpool,0,3,A,0,2,A,C Kavanagh,7,15,2,7,10,16,6,4,0,0,0,0
01/09/2019,Lazio,Roma,1,1,D,0,1,A,,21,8,13,5,15,13,8,4,4,3,0,0
01/09/2019,Atalanta,Torino,2,3,A,1,1,D,,19,8,12,6,13,15,12,5,2,2,0,0
01/09/2019,Cagliari,Inter,1,2,A,0,1,A,,7,9,3,8,12,11,5,5,5,3,0,0
01/09/2019,Genoa,Fiorentina,2,1,H,1,0,H,,18,15,10,7,17,15,9,8,2,0,0,0
01/09/2019,Lecce,Verona,0,1,A,0,0,D,,9,11,3,6,14,14,2,7,2,3,0,0
01/09/2019,Sassuolo,Sampdoria,4,1,H,3,0,H,,11,8,8,5,9,10,3,5,1,3,0,1
01/09/2019,Udinese,Parma,1,3,A,1,1,D,,17,6,12,3,11,11,8,1,1,3,0,0
01/09/2019,Werder Bremen,Augsburg,3,2,H,2,1,H,,15,12,5,6,9,11,4,2,1,4,0,1
01/09/2019,Ein Frankfurt,Fortuna Dusseldorf,2,1,H,0,1,A,,15,14,8,4,13,15,4,1,2,4,0,0
01/09/2019,Valencia,Mallorca,2,0,H,1,0,H,,9,12,4,1,6,19,7,4,0,1,0,0
01/09/2019,Ath Madrid,Eibar,3,2,H,1,2,A,,7,6,3,2,9,15,1,1,0,3,0,0
01/09/2019,Espanol,Granada,0,3,A,0,1,A,,15,14,3,6,6,13,8,6,2,3,0,0
01/09/2019,Villarreal,Real Madrid,2,2,D,1,1,D,,10,17,5,5,8,14,1,8,1,4,0,1
01/09/2019,Reims,Lille,2,0,H,0,0,D,,12,11,5,3,19,15,5,1,3,2,0,1
01/09/2019,Rennes,Nice,1,2,A,1,0,H,,11,11,3,7,13,13,8,6,2,3,0,0
01/09/2019,Strasbourg,Monaco,2,2,D,1,2,A,,14,16,5,6,14,17,6,4,4,3,0,0
01/09/2019,Marseille,St Etienne,1,0,H,1,0,H,,9,12,2,3,16,7,5,6,5,2,0,0
01/09/2019,Everton,Wolves,3,2,H,2,1,H,A Taylor,15,8,6,5,12,12,7,7,1,4,0,1
01/09/2019,Arsenal,Tottenham,2,2,D,1,2,A,M Atkinson,26,13,8,9,13,19,11,6,3,5,0,0
13/09/2019,Fortuna Dusseldorf,Wolfsburg,1,1,D,1,1,D,,12,15,3,6,7,14,3,8,0,2,0,0
13/09/2019,Mallorca,Ath Bilbao,0,0,D,0,0,D,,10,11,1,5,15,18,4,6,4,3,0,0
13/09/2019,Lille,Angers,2,1,H,1,0,H,,13,8,4,4,3,16,4,4,1,2,0,0
13/09/2019,Amiens,Lyon,2,2,D,1,2,A,,11,12,2,6,12,14,4,1,3,2,0,0
14/09/2019,Fiorentina,Juventus,0,0,D,0,0,D,,15,5,8,4,12,18,10,0,3,3,0,0
14/09/2019,Napoli,Sampdoria,2,0,H,1,0,H,,19,7,9,2,7,10,8,7,2,2,0,0
14/09/2019,Inter,Udinese,1,0,H,1,0,H,,15,6,10,4,9,10,8,3,2,1,0,1
14/09/2019,Augsburg,Ein Frankfurt,2,1,H,2,0,H,,9,23,6,3,8,8,2,11,2,1,0,0
14/09/2019,Dortmund,Leverkusen,4,0,H,1,0,H,,11,22,9,12,9,11,3,3,0,3,0,0
14/09/2019,FC Koln,M'gladbach,0,1,A,0,1,A,,14,15,7,4,22,17,4,7,2,2,0,0
14/09/2019,Mainz,Hertha,2,1,H,1,0,H,,14,16,5,8,16,11,6,3,2,2,0,0
14/09/2019,Union Berlin,Werder Bremen,1,2,A,1,1,D,,12,16,5,7,23,10,7,4,3,4,1,1
14/09/2019,RB Leipzig,Bayern Munich,1,1,D,1,1,D,,12,14,6,7,11,4,3,6,4,2,0,0
14/09/2019,Real Madrid,Levante,3,2,H,3,0,H,,25,8,11,3,13,10,9,6,2,2,0,0
14/09/2019,Leganes,Villarreal,0,3,A,0,2,A,,10,8,4,4,14,11,8,6,2,0,0,0
14/09/2019,Sociedad,Ath Madrid,2,0,H,0,0,D,,14,12,5,2,13,10,5,5,1,3,0,0
14/09/2019,Barcelona,Valencia,5,2,H,2,1,H,,17,9,10,3,11,11,2,5,1,4,0,0
14/09/2019,Paris SG,Strasbourg,1,0,H,0,0,D,,16,6,7,3,12,12,5,2,2,2,0,0
14/09/2019,Bordeaux,Metz,2,0,H,2,0,H,,15,15,6,3,18,15,4,6,2,2,0,0
14/09/2019,Brest,Rennes,0,0,D,0,0,D,,10,9,2,2,10,12,2,4,2,2,0,0
14/09/2019,Dijon,Nimes,0,0,D,0,0,D,,16,7,2,3,14,11,6,0,3,1,0,0
14/09/2019,Montpellier,Nice,2,1,H,1,1,D,,17,13,8,5,17,11,8,1,2,2,0,0
14/09/2019,Liverpool,Newcastle,3,1,H,2,1,H,A Marriner,21,8,9,1,5,4,10,1,0,0,0,0
14/09/2019,Brighton,Burnley,1,1,D,0,0,D,M Oliver,14,7,5,1,13,7,3,6,0,2,0,0
14/09/2019,Man United,Leicester,1,0,H,1,0,H,M Atkinson,10,9,5,3,14,14,3,9,1,2,0,0
14/09/2019,Sheffield United,Southampton,0,1,A,0,0,D,L Mason,17,11,4,7,10,7,12,6,1,1,1,0
14/09/2019,Tottenham,Crystal Palace,4,0,H,4,0,H,C Pawson,13,11,5,6,19,11,4,3,4,2,0,0
14/09/2019,Wolves,Chelsea,2,5,A,0,3,A,G Scott,11,15,4,6,8,11,7,5,1,2,0,0
14/09/2019,Norwich,Man City,3,2,H,2,1,H,K Friend,7,25,3,8,8,7,3,16,3,1,0,0
15/09/2019,Genoa,Atalanta,1,2,A,0,0,D,,8,11,3,6,12,14,8,7,3,3,0,0
15/09/2019,Brescia,Bologna,3,4,A,3,1,H,,9,17,7,6,14,17,2,10,2,6,1,0
15/09/2019,Parma,Cagliari,1,3,A,0,2,A,,14,6,8,4,12,16,12,3,0,5,0,0
15/09/2019,Spal,Lazio,2,1,H,0,1,A,,9,11,4,7,9,11,8,5,5,3,0,0
15/09/2019,Roma,Sassuolo,4,2,H,4,0,H,,14,10,10,5,13,9,8,2,1,2,0,0
15/09/2019,Verona,Milan,0,1,A,0,0,D,,6,11,2,6,13,16,2,7,4,3,1,1
15/09/2019,Hoffenheim,Freiburg,0,3,A,0,2,A,,22,16,5,8,10,6,12,4,0,2,0,0
15/09/2019,Paderborn,Schalke 04,1,5,A,1,1,D,,9,18,1,11,17,12,3,5,2,1,0,0
15/09/2019,Eibar,Espanol,1,2,A,0,0,D,,11,7,1,2,14,16,7,2,2,4,0,1
15/09/2019,Alaves,Sevilla,0,1,A,0,1,A,,7,19,0,7,13,7,2,6,5,5,0,0
15/09/2019,Celta,Granada,0,2,A,0,1,A,,4,13,0,3,11,13,3,5,4,2,2,0
15/09/2019,Valladolid,Osasuna,1,1,D,0,0,D,,11,17,1,5,9,10,10,6,0,1,0,0
15/09/2019,Betis,Getafe,1,1,D,0,1,A,,7,12,2,4,11,28,5,6,3,6,2,0
15/09/2019,Nantes,Reims,1,0,H,0,0,D,,8,9,4,1,18,15,7,5,1,3,0,0
15/09/2019,St Etienne,Toulouse,2,2,D,1,2,A,,14,10,4,7,15,13,9,7,3,0,0,0
15/09/2019,Monaco,Marseille,3,4,A,2,2,D,,12,13,8,6,9,14,6,4,3,3,0,0
15/09/2019,Bournemouth,Everton,3,1,H,1,1,D,P Tierney,13,14,6,5,5,14,7,7,0,4,0,0
15/09/2019,Watford,Arsenal,2,2,D,0,2,A,A Taylor,31,10,7,4,14,4,7,1,3,3,0,0
16/09/2019,Torino,Lecce,1,2,A,0,1,A,,12,12,3,5,11,19,7,3,1,6,0,0
16/09/2019,Aston Villa,West Ham,0,0,D,0,0,D,M Dean,10,13,5,1,13,12,2,4,2,1,0,1
20/09/2019,Cagliari,Genoa,3,1,H,0,0,D,,8,7,4,2,12,8,4,3,1,1,0,0
20/09/2019,Schalke 04,Mainz,2,1,H,1,0,H,,19,14,6,3,7,15,5,5,1,1,0,0
20/09/2019,Osasuna,Betis,0,0,D,0,0,D,,12,7,6,2,15,9,9,4,1,2,0,0
20/09/2019,Strasbourg,Nantes,2,1,H,0,1,A,,17,10,5,3,11,16,9,2,2,2,0,0
20/09/2019,Southampton,Bournemouth,1,3,A,0,2,A,C Kavanagh,25,6,6,3,8,9,4,5,1,3,0,0
21/09/2019,Udinese,Brescia,0,1,A,0,0,D,,6,5,3,3,22,16,3,9,4,4,0,0
21/09/2019,Juventus,Verona,2,1,H,1,1,D,,12,8,3,8,12,20,2,5,0,4,0,1
21/09/2019,Milan,Inter,0,2,A,0,0,D,,7,11,3,9,15,22,2,6,2,1,0,0
21/09/2019,Bayern Munich,FC Koln,4,0,H,1,0,H,,24,16,5,2,15,20,12,4,4,0,0,1
21/09/2019,Freiburg,Augsburg,1,1,D,1,1,D,,17,12,5,2,13,13,7,4,1,1,0,0
21/09/2019,Hertha,Paderborn,2,1,H,1,0,H,,6,17,4,8,13,15,1,8,4,4,0,0
21/09/2019,Leverkusen,Union Berlin,2,0,H,2,0,H,,20,4,7,0,10,10,8,1,0,1,0,1
21/09/2019,Werder Bremen,RB Leipzig,0,3,A,0,2,A,,11,14,1,7,11,13,4,7,0,3,0,1
21/09/2019,Villarreal,Valladolid,2,0,H,0,0,D,,18,7,6,3,12,8,4,8,2,1,0,0
21/09/2019,Levante,Eibar,0,0,D,0,0,D,,13,18,4,4,9,11,6,7,0,2,0,0
21/09/2019,Ath Madrid,Celta,0,0,D,0,0,D,,20,6,5,3,14,12,13,3,3,5,0,0
21/09/2019,Granada,Barcelona,2,0,H,1,0,H,,9,8,4,1,22,12,4,5,3,2,0,0
21/09/2019,Marseille,Montpellier,1,1,D,0,1,A,,24,3,5,2,11,17,15,1,4,3,2,1
21/09/2019,Bordeaux,Brest,2,2,D,1,2,A,,18,13,5,3,9,11,5,9,4,3,0,0
21/09/2019,Metz,Amiens,1,2,A,0,1,A,,13,9,4,5,13,12,4,6,1,1,0,0
21/09/2019,Nice,Dijon,2,1,H,1,1,D,,16,13,6,7,7,13,6,3,2,3,0,0
21/09/2019,Nimes,Toulouse,1,0,H,1,0,H,,19,9,4,2,14,11,5,7,1,3,0,1
21/09/2019,Reims,Monaco,0,0,D,0,0,D,,16,12,4,4,16,10,6,3,0,2,0,0
21/09/2019,Leicester,Tottenham,2,1,H,0,1,A,P Tierney,16,11,7,4,16,13,8,2,1,2,0,0
21/09/2019,Burnley,Norwich,2,0,H,2,0,H,D Coote,13,11,6,2,11,10,7,3,0,1,0,0
21/09/2019,Everton,Sheffield United,0,2,A,0,1,A,S Hooper,16,2,3,1,9,9,12,3,1,3,0,0
21/09/2019,Man City,Watford,8,0,H,5,0,H,M Dean,28,5,11,4,5,9,5,4,2,2,0,0
21/09/2019,Newcastle,Brighton,0,0,D,0,0,D,M Atkinson,11,16,4,3,12,8,5,3,2,1,0,0
22/09/2019,Sassuolo,Spal,3,0,H,2,0,H,,17,8,8,3,19,14,7,9,3,2,0,0
22/09/2019,Bologna,Roma,1,2,A,0,0,D,,5,14,3,7,13,16,3,4,3,6,0,1
22/09/2019,Lecce,Napoli,1,4,A,0,2,A,,8,12,3,10,12,9,4,6,3,3,0,0
22/09/2019,Sampdoria,Torino,1,0,H,0,0,D,,10,6,6,1,19,13,7,8,2,1,0,0
22/09/2019,Atalanta,Fiorentina,2,2,D,0,1,A,,15,6,5,3,14,11,9,1,2,5,0,0
22/09/2019,Lazio,Parma,2,0,H,1,0,H,,22,3,15,1,7,9,10,5,1,3,0,0
22/09/2019,M'gladbach,Fortuna Dusseldorf,2,1,H,0,1,A,,23,18,11,4,14,11,10,4,2,3,0,0
22/09/2019,Ein Frankfurt,Dortmund,2,2,D,1,1,D,,17,15,3,7,18,10,5,8,2,2,0,0
22/09/2019,Getafe,Mallorca,4,2,H,2,0,H,,14,7,5,3,15,17,7,2,4,5,0,0
22/09/2019,Espanol,Sociedad,1,3,A,0,2,A,,17,10,3,5,7,12,5,7,1,0,0,0
22/09/2019,Valencia,Leganes,1,1,D,1,1,D,,13,13,4,4,14,23,6,6,3,4,0,0
22/09/2019,Ath Bilbao,Alaves,2,0,H,1,0,H,,13,5,4,1,11,19,3,2,1,4,0,0
22/09/2019,Sevilla,Real Madrid,0,1,A,0,0,D,,9,7,0,4,16,15,9,6,3,2,0,0
22/09/2019,Rennes,Lille,1,1,D,0,0,D,,11,15,3,6,14,11,4,8,2,1,0,0
22/09/2019,Angers,St Etienne,4,1,H,0,1,A,,14,6,5,2,13,12,5,4,1,1,0,0
22/09/2019,Lyon,Paris SG,0,1,A,0,0,D,,12,21,0,7,8,6,2,11,1,1,0,0
22/09/2019,Crystal Palace,Wolves,1,1,D,0,0,D,S Attwell,13,14,4,4,7,10,6,7,2,1,0,1
22/09/2019,West Ham,Man United,2,0,H,1,0,H,A Taylor,8,9,6,3,8,9,3,7,2,2,0,0
22/09/2019,Arsenal,Aston Villa,3,2,H,0,1,A,J Moss,21,14,6,9,13,15,9,4,5,1,1,0
22/09/2019,Chelsea,Liverpool,1,2,A,0,2,A,M Oliver,13,6,2,3,8,13,6,4,3,3,0,0
23/09/2019,Wolfsburg,Hoffenheim,1,1,D,1,1,D,,12,11,4,5,11,18,4,6,2,4,0,0
24/09/2019,Verona,Udinese,0,0,D,0,0,D,,8,5,4,3,7,18,6,6,0,4,0,0
24/09/2019,Brescia,Juventus,1,2,A,1,1,D,,13,15,3,7,11,14,4,3,1,3,0,0
24/09/2019,Valladolid,Granada,1,1,D,1,1,D,,9,6,5,4,21,18,6,3,3,2,0,0
24/09/2019,Betis,Levante,3,1,H,1,1,D,,17,17,5,3,11,11,5,2,2,2,0,0
24/09/2019,Barcelona,Villarreal,2,1,H,2,1,H,,8,11,4,3,4,13,6,5,4,2,0,0
24/09/2019,Dijon,Marseille,0,0,D,0,0,D,,18,9,6,2,9,14,8,3,3,3,0,0
24/09/2019,Monaco,Nice,3,1,H,1,0,H,,17,10,5,3,10,14,5,7,2,3,0,0
25/09/2019,Roma,Atalanta,0,2,A,0,0,D,,8,11,4,4,18,11,5,1,2,1,0,0
25/09/2019,Fiorentina,Sampdoria,2,1,H,1,0,H,,12,7,8,4,11,16,3,1,4,5,0,1
25/09/2019,Genoa,Bologna,0,0,D,0,0,D,,8,14,4,2,16,11,5,4,5,4,0,0
25/09/2019,Inter,Lazio,1,0,H,1,0,H,,9,6,4,4,10,8,4,6,2,3,0,0
25/09/2019,Napoli,Cagliari,0,1,A,0,0,D,,17,5,8,1,9,13,13,1,1,1,1,0
25/09/2019,Parma,Sassuolo,1,0,H,0,0,D,,8,8,4,5,19,9,5,4,3,1,0,0
25/09/2019,Spal,Lecce,1,3,A,1,1,D,,14,9,7,5,13,11,10,1,1,2,0,0
25/09/2019,Leganes,Ath Bilbao,1,1,D,0,0,D,,7,9,3,2,11,12,4,5,0,1,0,0
25/09/2019,Mallorca,Ath Madrid,0,2,A,0,1,A,,9,13,3,3,8,15,8,5,3,5,0,1
25/09/2019,Valencia,Getafe,3,3,D,3,1,H,,8,18,4,5,14,26,4,5,1,4,0,0
25/09/2019,Real Madrid,Osasuna,2,0,H,1,0,H,,15,4,4,0,13,13,7,5,2,2,0,0
25/09/2019,Amiens,Bordeaux,1,3,A,1,2,A,,11,15,3,6,15,13,3,3,2,2,0,0
25/09/2019,Brest,Lyon,2,2,D,1,1,D,,13,11,5,5,9,10,2,6,0,0,0,0
25/09/2019,Lille,Strasbourg,2,0,H,1,0,H,,12,5,5,1,7,12,4,2,0,1,0,0
25/09/2019,Montpellier,Nimes,1,0,H,1,0,H,,12,15,4,3,14,19,4,8,3,4,0,0
25/09/2019,Nantes,Rennes,1,0,H,0,0,D,,8,6,2,2,16,17,2,4,2,4,0,0
25/09/2019,St Etienne,Metz,0,1,A,0,1,A,,15,12,3,1,12,12,8,5,4,2,0,0
25/09/2019,Toulouse,Angers,0,2,A,0,0,D,,6,22,1,6,15,12,5,11,1,0,0,0
25/09/2019,Paris SG,Reims,0,2,A,0,1,A,,12,13,3,2,10,11,6,6,1,2,0,0
26/09/2019,Torino,Milan,2,1,H,0,1,A,,11,16,5,4,15,20,3,5,4,5,0,1
26/09/2019,Eibar,Sevilla,3,2,H,0,2,A,,11,7,4,4,11,19,3,1,3,4,0,0
26/09/2019,Celta,Espanol,1,1,D,0,0,D,,14,10,3,4,5,17,6,4,2,5,0,0
26/09/2019,Sociedad,Alaves,3,0,H,3,0,H,,21,5,7,0,7,20,5,3,1,4,0,1
27/09/2019,Union Berlin,Ein Frankfurt,1,2,A,0,0,D,,12,14,5,6,11,12,4,5,1,1,0,0
27/09/2019,Villarreal,Betis,5,1,H,1,0,H,,17,11,10,6,13,8,3,7,2,2,0,0
28/09/2019,Juventus,Spal,2,0,H,1,0,H,,17,4,10,1,13,9,13,2,2,2,0,0
28/09/2019,Sampdoria,Inter,1,3,A,0,2,A,,15,11,2,7,11,13,7,5,2,4,0,1
28/09/2019,Sassuolo,Atalanta,1,4,A,0,4,A,,9,10,7,8,14,14,7,3,2,2,0,0
28/09/2019,Augsburg,Leverkusen,0,3,A,0,1,A,,8,11,1,5,16,9,1,3,4,0,0,0
28/09/2019,Hoffenheim,M'gladbach,0,3,A,0,1,A,,17,11,4,5,10,11,2,5,2,2,0,0
28/09/2019,Mainz,Wolfsburg,0,1,A,0,1,A,,15,4,5,3,9,15,10,1,2,3,0,0
28/09/2019,Paderborn,Bayern Munich,2,3,A,0,1,A,,10,18,5,6,7,6,11,5,1,1,0,0
28/09/2019,RB Leipzig,Schalke 04,1,3,A,0,2,A,,17,13,6,8,13,11,8,4,1,1,0,0
28/09/2019,Dortmund,Werder Bremen,2,2,D,2,1,H,,19,11,7,5,8,10,9,2,1,0,0,0
28/09/2019,Ath Bilbao,Valencia,0,1,A,0,1,A,,14,10,3,6,14,12,7,7,2,5,0,0
28/09/2019,Getafe,Barcelona,0,2,A,0,1,A,,8,10,1,6,23,17,4,1,4,4,0,1
28/09/2019,Granada,Leganes,1,0,H,1,0,H,,11,15,4,6,19,12,8,3,3,4,0,0
28/09/2019,Ath Madrid,Real Madrid,0,0,D,0,0,D,,7,14,1,3,14,14,5,7,1,2,0,0
28/09/2019,Lyon,Nantes,0,1,A,0,0,D,,14,11,7,2,10,10,7,8,2,2,0,0
28/09/2019,Bordeaux,Paris SG,0,1,A,0,0,D,,4,21,1,7,10,13,0,9,0,3,0,0
28/09/2019,Angers,Amiens,1,1,D,0,1,A,,23,8,6,4,10,13,10,2,1,0,0,0
28/09/2019,Metz,Toulouse,2,2,D,1,0,H,,13,15,3,6,10,17,3,6,1,1,0,0
28/09/2019,Monaco,Brest,4,1,H,1,0,H,,21,5,13,1,7,15,7,1,1,2,0,0
28/09/2019,Nice,Lille,1,1,D,1,1,D,,12,11,5,6,8,14,6,5,2,2,0,0
28/09/2019,Reims,Dijon,1,2,A,1,1,D,,18,11,2,4,8,21,5,4,1,2,0,0
28/09/2019,Sheffield United,Liverpool,0,1,A,0,0,D,A Taylor,12,16,2,4,8,4,6,5,1,1,0,0
28/09/2019,Aston Villa,Burnley,2,2,D,1,0,H,L Mason,16,10,3,3,10,16,7,3,1,4,0,0
28/09/2019,Bournemouth,West Ham,2,2,D,1,1,D,S Attwell,13,17,5,6,7,8,6,6,3,1,0,0
28/09/2019,Chelsea,Brighton,2,0,H,0,0,D,C Kavanagh,24,8,10,1,5,13,5,2,2,3,0,0
28/09/2019,Crystal Palace,Norwich,2,0,H,1,0,H,J Moss,15,10,3,3,14,10,5,5,3,1,0,0
28/09/2019,Tottenham,Southampton,2,1,H,2,1,H,G Scott,9,14,4,6,5,16,6,6,0,2,1,0
28/09/2019,Wolves,Watford,2,0,H,1,0,H,P Tierney,6,14,2,5,5,6,1,6,0,1,0,0
28/09/2019,Everton,Man City,1,3,A,1,1,D,M Oliver,12,20,8,9,4,8,5,2,2,2,0,0
29/09/2019,Napoli,Brescia,2,1,H,2,0,H,,16,7,7,3,11,8,7,7,2,1,0,0
29/09/2019,Lazio,Genoa,4,0,H,2,0,H,,13,12,11,6,8,11,5,7,1,2,0,0
29/09/2019,Lecce,Roma,0,1,A,0,0,D,,10,13,6,6,7,19,4,11,2,4,0,0
29/09/2019,Udinese,Bologna,1,0,H,1,0,H,,9,10,4,4,20,16,4,5,4,3,0,1
29/09/2019,Cagliari,Verona,1,1,D,1,0,H,,10,11,5,5,18,18,3,5,2,2,0,0
29/09/2019,Milan,Fiorentina,1,3,A,0,1,A,,7,13,3,8,10,14,4,6,2,4,1,0
29/09/2019,Fortuna Dusseldorf,Freiburg,1,2,A,1,1,D,,17,9,7,3,9,9,5,1,2,2,0,0
29/09/2019,FC Koln,Hertha,0,4,A,0,1,A,,8,10,3,6,11,13,8,4,1,0,1,0
29/09/2019,Espanol,Valladolid,0,2,A,0,1,A,,16,9,2,6,16,13,4,3,2,0,1,0
29/09/2019,Eibar,Celta,2,0,H,0,0,D,,7,3,3,2,17,15,6,5,3,1,0,0
29/09/2019,Alaves,Mallorca,2,0,H,0,0,D,,11,5,6,1,16,14,4,1,2,3,0,0
29/09/2019,Levante,Osasuna,1,1,D,1,0,H,,10,18,5,3,12,12,7,11,6,0,1,0
29/09/2019,Sevilla,Sociedad,3,2,H,1,1,D,,21,5,8,2,9,8,7,0,1,1,0,0
29/09/2019,Strasbourg,Montpellier,1,0,H,1,0,H,,8,11,3,3,18,13,1,6,4,2,0,0
29/09/2019,Nimes,St Etienne,0,1,A,0,0,D,,22,6,8,4,12,15,13,5,1,4,0,1
29/09/2019,Marseille,Rennes,1,1,D,0,1,A,,17,12,5,2,18,13,7,4,4,0,0,0
29/09/2019,Leicester,Newcastle,5,0,H,1,0,H,C Pawson,13,3,5,0,12,9,9,0,1,1,0,1
30/09/2019,Parma,Torino,3,2,H,2,2,D,,13,6,7,5,17,15,7,3,2,3,0,1
30/09/2019,Man United,Arsenal,1,1,D,1,0,H,K Friend,16,10,4,5,18,13,8,7,4,2,0,0
04/10/2019,Hertha,Fortuna Dusseldorf,3,1,H,2,1,H,,16,9,3,3,17,18,9,2,3,3,0,0
04/10/2019,Betis,Eibar,1,1,D,0,1,A,,12,8,3,2,7,20,4,9,3,6,0,1
04/10/2019,Amiens,Marseille,3,1,H,2,1,H,,11,13,5,4,16,15,3,7,1,3,0,0
05/10/2019,Spal,Parma,1,0,H,1,0,H,,12,5,7,2,9,13,5,8,5,2,1,0
05/10/2019,Verona,Sampdoria,2,0,H,1,0,H,,6,9,4,3,14,14,9,4,1,3,0,0
05/10/2019,Genoa,Milan,1,2,A,1,0,H,,11,9,6,7,23,14,7,0,4,4,2,2
05/10/2019,Bayern Munich,Hoffenheim,1,2,A,0,0,D,,20,8,4,5,8,12,9,3,2,0,0,0
05/10/2019,Freiburg,Dortmund,2,2,D,0,1,A,,6,8,1,4,10,8,3,11,0,3,0,0
05/10/2019,Leverkusen,RB Leipzig,1,1,D,0,0,D,,11,11,8,5,11,12,4,0,2,2,0,0
05/10/2019,Paderborn,Mainz,1,2,A,1,2,A,,16,18,7,7,8,18,7,10,1,4,0,0
05/10/2019,Schalke 04,FC Koln,1,1,D,0,0,D,,15,9,3,5,15,15,6,4,4,4,0,0
05/10/2019,Leganes,Levante,1,2,A,0,1,A,,25,9,10,2,10,7,9,4,3,5,0,0
05/10/2019,Real Madrid,Granada,4,2,H,2,0,H,,17,8,10,5,12,18,6,2,4,5,0,0
05/10/2019,Valencia,Alaves,2,1,H,1,0,H,,11,10,3,4,7,16,4,7,1,3,0,0
05/10/2019,Osasuna,Villarreal,2,1,H,0,1,A,,16,16,4,5,9,15,8,9,2,2,0,0
05/10/2019,Paris SG,Angers,4,0,H,2,0,H,,15,10,8,2,12,11,6,1,3,1,0,0
05/10/2019,Brest,Metz,2,0,H,2,0,H,,7,12,3,4,12,15,2,9,2,1,0,0
05/10/2019,Dijon,Strasbourg,1,0,H,1,0,H,,8,15,3,2,7,14,6,7,3,3,0,0
05/10/2019,Montpellier,Monaco,3,1,H,2,0,H,,17,14,10,4,18,11,6,8,1,2,0,1
05/10/2019,Nantes,Nice,1,0,H,0,0,D,,14,6,5,2,14,7,6,1,1,2,0,0
05/10/2019,Toulouse,Bordeaux,1,3,A,0,2,A,,15,10,4,4,16,16,5,4,4,2,0,0
05/10/2019,Brighton,Tottenham,3,0,H,2,0,H,J Moss,17,8,6,3,11,7,4,4,2,1,0,0
05/10/2019,Burnley,Everton,1,0,H,0,0,D,G Scott,9,11,3,2,5,12,7,9,2,1,0,1
05/10/2019,Liverpool,Leicester,2,1,H,1,0,H,C Kavanagh,18,2,8,1,9,17,4,6,1,4,0,0
05/10/2019,Norwich,Aston Villa,1,5,A,0,2,A,A Madley,21,22,5,12,14,17,10,6,1,3,0,0
05/10/2019,Watford,Sheffield United,0,0,D,0,0,D,A Marriner,8,9,2,3,7,6,7,7,0,2,0,0
05/10/2019,West Ham,Crystal Palace,1,2,A,0,0,D,M Oliver,9,7,4,4,11,7,2,2,3,2,0,0
06/10/2019,Fiorentina,Udinese,1,0,H,0,0,D,,8,5,4,1,9,11,12,3,1,2,0,0
06/10/2019,Atalanta,Lecce,3,1,H,2,0,H,,26,5,14,2,15,14,9,5,2,3,0,0
06/10/2019,Bologna,Lazio,2,2,D,2,2,D,,17,8,10,6,13,17,5,4,5,4,1,1
06/10/2019,Roma,Cagliari,1,1,D,1,1,D,,17,6,8,3,17,11,7,1,1,4,0,0
06/10/2019,Torino,Napoli,0,0,D,0,0,D,,11,10,6,3,11,12,4,5,1,2,0,0
06/10/2019,Inter,Juventus,1,2,A,1,1,D,,6,8,4,6,22,8,7,2,2,3,0,0
06/10/2019,M'gladbach,Augsburg,5,1,H,4,0,H,,13,13,9,3,9,9,2,7,1,2,0,0
06/10/2019,Wolfsburg,Union Berlin,1,0,H,0,0,D,,13,14,4,3,17,15,5,4,2,2,0,0
06/10/2019,Ein Frankfurt,Werder Bremen,2,2,D,0,1,A,,24,11,7,5,12,8,10,1,2,1,0,0
06/10/2019,Mallorca,Espanol,2,0,H,1,0,H,,9,11,3,3,11,11,2,4,1,3,0,0
06/10/2019,Celta,Ath Bilbao,1,0,H,0,0,D,,13,6,2,2,8,20,6,4,0,5,0,0
06/10/2019,Valladolid,Ath Madrid,0,0,D,0,0,D,,5,9,1,1,15,14,3,4,6,4,0,0
06/10/2019,Sociedad,Getafe,1,2,A,1,0,H,,6,13,3,4,20,15,3,8,2,4,1,0
06/10/2019,Barcelona,Sevilla,4,0,H,3,0,H,,15,16,8,4,10,12,7,10,5,3,2,0
06/10/2019,Lille,Nimes,2,2,D,1,1,D,,18,14,7,4,19,10,8,6,3,1,0,0
06/10/2019,Rennes,Reims,0,1,A,0,0,D,,18,13,3,7,13,19,5,3,1,3,0,0
06/10/2019,St Etienne,Lyon,1,0,H,0,0,D,,6,6,4,2,13,18,5,1,1,2,0,0
06/10/2019,Arsenal,Bournemouth,1,0,H,1,0,H,M Atkinson,12,10,2,2,12,6,14,5,1,2,0,0
06/10/2019,Man City,Wolves,0,2,A,0,0,D,C Pawson,18,7,2,2,11,14,9,1,5,2,0,0
06/10/2019,Southampton,Chelsea,1,4,A,1,3,A,P Tierney,10,13,3,7,8,15,3,4,0,1,0,0
06/10/2019,Newcastle,Man United,1,0,H,0,0,D,M Dean,12,12,2,3,12,10,4,6,3,3,0,0
18/10/2019,Ein Frankfurt,Leverkusen,3,0,H,2,0,H,,10,19,5,10,11,12,4,1,1,1,0,0
18/10/2019,Granada,Osasuna,1,0,H,1,0,H,,6,9,2,4,12,17,2,7,2,8,0,1
18/10/2019,Nice,Paris SG,1,4,A,0,2,A,,10,24,2,10,12,15,1,13,3,2,2,0
19/10/2019,Lazio,Atalanta,3,3,D,0,3,A,,12,18,5,9,13,12,3,1,5,2,0,0
19/10/2019,Napoli,Verona,2,0,H,1,0,H,,13,14,7,6,12,16,6,8,3,3,0,0
19/10/2019,Juventus,Bologna,2,1,H,1,1,D,,13,7,11,4,15,18,8,5,2,3,0,0
19/10/2019,Augsburg,Bayern Munich,2,2,D,1,1,D,,9,24,7,9,10,6,3,7,3,3,0,0
19/10/2019,Fortuna Dusseldorf,Mainz,1,0,H,0,0,D,,20,7,4,1,10,17,8,1,2,4,0,1
19/10/2019,RB Leipzig,Wolfsburg,1,1,D,0,0,D,,13,14,5,6,10,9,3,3,1,3,0,0
19/10/2019,Union Berlin,Freiburg,2,0,H,1,0,H,,18,12,5,4,21,13,3,4,3,0,0,0
19/10/2019,Werder Bremen,Hertha,1,1,D,1,0,H,,15,11,5,2,8,11,7,5,1,1,0,0
19/10/2019,Dortmund,M'gladbach,1,0,H,0,0,D,,20,13,7,3,13,15,10,8,1,2,0,0
19/10/2019,Eibar,Barcelona,0,3,A,0,1,A,,5,9,0,4,16,14,2,2,5,0,0,0
19/10/2019,Ath Madrid,Valencia,1,1,D,1,0,H,,15,11,4,3,18,12,2,4,2,1,0,1
19/10/2019,Getafe,Leganes,2,0,H,0,0,D,,5,7,2,3,17,19,2,3,1,4,0,0
19/10/2019,Mallorca,Real Madrid,1,0,H,1,0,H,,5,13,1,4,20,14,4,4,2,2,0,1
19/10/2019,Lyon,Dijon,0,0,D,0,0,D,,24,6,10,1,12,11,8,1,0,0,0,0
19/10/2019,Angers,Brest,0,1,A,0,0,D,,29,6,6,1,10,11,13,3,1,0,0,0
19/10/2019,Metz,Nantes,1,0,H,0,0,D,,10,9,2,2,16,13,3,3,2,1,0,1
19/10/2019,Nimes,Amiens,1,1,D,1,0,H,,11,13,3,5,11,15,1,11,2,4,0,0
19/10/2019,Reims,Montpellier,1,0,H,1,0,H,,12,9,5,0,19,11,4,8,2,0,0,0
19/10/2019,Toulouse,Lille,2,1,H,0,0,D,,17,9,6,2,15,11,3,4,2,4,0,0
19/10/2019,Everton,West Ham,2,0,H,1,0,H,P Tierney,19,8,10,4,15,15,11,2,2,2,0,0
19/10/2019,Aston Villa,Brighton,2,1,H,1,1,D,D Coote,24,20,8,5,9,17,7,5,1,2,0,1
19/10/2019,Bournemouth,Norwich,0,0,D,0,0,D,L Mason,11,10,2,1,8,11,6,7,1,3,0,0
19/10/2019,Chelsea,Newcastle,1,0,H,0,0,D,A Marriner,16,5,8,0,9,12,11,0,2,1,0,0
19/10/2019,Leicester,Burnley,2,1,H,1,1,D,J Moss,19,13,3,4,4,10,9,4,0,3,0,0
19/10/2019,Tottenham,Watford,1,1,D,0,1,A,C Kavanagh,12,7,2,2,5,9,11,2,4,3,0,0
19/10/2019,Wolves,Southampton,1,1,D,0,0,D,P Bankes,4,14,1,5,10,17,1,3,3,2,0,0
19/10/2019,Crystal Palace,Man City,0,2,A,0,2,A,A Taylor,7,21,2,10,8,10,1,8,1,1,0,0
20/10/2019,Sassuolo,Inter,3,4,A,1,3,A,,7,10,4,7,14,17,5,7,4,3,0,0
20/10/2019,Cagliari,Spal,2,0,H,1,0,H,,13,8,7,5,16,15,6,6,4,5,0,0
20/10/2019,Sampdoria,Roma,0,0,D,0,0,D,,7,5,2,1,14,11,7,9,3,4,0,1
20/10/2019,Udinese,Torino,1,0,H,1,0,H,,10,8,6,5,15,20,6,4,3,3,0,0
20/10/2019,Parma,Genoa,5,1,H,3,0,H,,15,11,7,6,9,12,3,7,1,2,0,0
20/10/2019,Milan,Lecce,2,2,D,1,0,H,,18,11,8,7,13,12,8,2,1,2,0,0
20/10/2019,FC Koln,Paderborn,3,0,H,1,0,H,,16,9,6,1,6,7,6,9,0,0,0,0
20/10/2019,Hoffenheim,Schalke 04,2,0,H,0,0,D,,9,11,3,1,12,14,3,8,2,2,0,0
20/10/2019,Alaves,Celta,2,0,H,0,0,D,,12,14,5,2,20,5,4,6,5,1,0,0
20/10/2019,Sociedad,Betis,3,1,H,2,1,H,,18,12,6,5,23,12,11,2,4,2,0,0
20/10/2019,Espanol,Villarreal,0,1,A,0,1,A,,18,11,3,5,11,14,7,3,2,1,0,0
20/10/2019,Ath Bilbao,Valladolid,1,1,D,1,0,H,,19,9,7,3,12,9,3,4,2,3,0,0
20/10/2019,Sevilla,Levante,1,0,H,0,0,D,,19,12,5,5,10,11,9,1,2,2,0,0
20/10/2019,Bordeaux,St Etienne,0,1,A,0,0,D,,12,6,6,3,7,18,8,5,0,3,0,0
20/10/2019,Monaco,Rennes,3,2,H,1,1,D,,14,10,5,3,15,15,3,3,2,3,0,0
20/10/2019,Marseille,Strasbourg,2,0,H,1,0,H,,11,10,6,2,13,15,5,7,3,2,0,0
20/10/2019,Man United,Liverpool,1,1,D,1,0,H,M Atkinson,7,10,2,4,6,14,3,1,0,1,0,0
21/10/2019,Brescia,Fiorentina,0,0,D,0,0,D,,3,10,1,6,10,16,6,9,0,3,0,0
21/10/2019,Sheffield United,Arsenal,1,0,H,1,0,H,M Dean,8,9,2,3,10,12,7,12,4,4,0,0
25/10/2019,Verona,Sassuolo,0,1,A,0,0,D,,7,9,5,5,18,13,9,6,5,5,0,0
25/10/2019,Mainz,FC Koln,3,1,H,1,1,D,,18,16,6,8,20,9,5,10,2,2,0,0
25/10/2019,Villarreal,Alaves,4,1,H,1,0,H,,19,12,8,3,12,13,5,4,2,2,0,0
25/10/2019,Nantes,Monaco,0,1,A,0,1,A,,15,7,4,2,9,13,5,3,2,2,0,0
25/10/2019,Southampton,Leicester,0,9,A,0,5,A,A Marriner,6,25,3,15,3,12,2,7,0,0,1,0
26/10/2019,Lecce,Juventus,1,1,D,0,0,D,,9,16,5,6,11,13,3,14,4,1,0,0
26/10/2019,Inter,Parma,2,2,D,1,2,A,,16,10,7,5,9,11,11,4,3,2,0,0
26/10/2019,Genoa,Brescia,3,1,H,0,1,A,,12,4,11,2,24,14,5,3,6,4,0,0
26/10/2019,Bayern Munich,Union Berlin,2,1,H,1,0,H,,21,6,10,4,9,15,8,2,0,1,0,0
26/10/2019,Freiburg,RB Leipzig,2,1,H,1,0,H,,14,25,3,6,10,9,5,4,3,1,0,0
26/10/2019,Hertha,Hoffenheim,2,3,A,0,2,A,,13,17,4,8,17,12,4,4,3,3,1,0
26/10/2019,Paderborn,Fortuna Dusseldorf,2,0,H,1,0,H,,14,18,6,4,21,17,4,7,5,4,0,0
26/10/2019,Schalke 04,Dortmund,0,0,D,0,0,D,,13,8,3,3,8,7,8,2,3,2,0,0
26/10/2019,Leverkusen,Werder Bremen,2,2,D,1,1,D,,21,10,4,3,12,13,10,1,2,1,0,0
26/10/2019,Leganes,Mallorca,1,0,H,1,0,H,,9,9,3,1,19,13,4,5,4,1,0,0
26/10/2019,Valladolid,Eibar,2,0,H,2,0,H,,8,13,4,3,13,13,4,3,1,2,0,0
26/10/2019,Ath Madrid,Ath Bilbao,2,0,H,1,0,H,,9,9,2,2,14,9,7,7,2,2,0,0
26/10/2019,Lille,Bordeaux,3,0,H,1,0,H,,11,5,3,1,17,18,3,3,0,2,0,0
26/10/2019,Brest,Dijon,2,0,H,0,0,D,,15,14,7,5,10,8,9,5,0,0,1,0
26/10/2019,Lyon,Metz,2,0,H,2,0,H,,18,16,7,3,12,9,7,2,1,2,0,0
26/10/2019,Montpellier,Angers,0,0,D,0,0,D,,14,13,3,6,14,12,5,2,2,3,0,0
26/10/2019,Reims,Nimes,0,0,D,0,0,D,,10,7,3,1,15,13,4,6,3,1,0,0
26/10/2019,Strasbourg,Nice,1,0,H,1,0,H,,20,9,6,5,22,12,4,7,1,3,0,1
26/10/2019,Man City,Aston Villa,3,0,H,0,0,D,G Scott,25,11,9,5,10,5,13,7,1,1,1,0
26/10/2019,Brighton,Everton,3,2,H,1,1,D,A Madley,8,10,4,6,12,12,0,5,2,1,0,0
26/10/2019,Watford,Bournemouth,0,0,D,0,0,D,M Dean,7,15,3,5,14,8,5,10,5,3,0,0
26/10/2019,West Ham,Sheffield United,1,1,D,1,0,H,D Coote,12,10,4,4,7,10,10,4,2,2,0,0
26/10/2019,Burnley,Chelsea,2,4,A,0,2,A,M Oliver,13,16,5,7,7,8,5,6,3,2,0,0
27/10/2019,Bologna,Sampdoria,2,1,H,0,0,D,,10,5,6,3,14,18,11,5,1,3,0,0
27/10/2019,Atalanta,Udinese,7,1,H,3,1,H,,23,6,16,3,10,5,6,2,2,3,0,1
27/10/2019,Spal,Napoli,1,1,D,1,1,D,,5,9,3,4,16,14,4,4,4,1,0,0
27/10/2019,Torino,Cagliari,1,1,D,0,1,A,,8,10,5,5,15,11,6,11,2,3,0,0
27/10/2019,Roma,Milan,2,1,H,1,0,H,,10,8,5,4,12,17,4,8,4,5,0,0
27/10/2019,Fiorentina,Lazio,1,2,A,1,1,D,,9,11,3,8,12,13,7,3,5,3,1,0
27/10/2019,Wolfsburg,Augsburg,0,0,D,0,0,D,,14,10,3,5,12,13,5,3,0,0,0,0
27/10/2019,M'gladbach,Ein Frankfurt,4,2,H,2,0,H,,12,15,7,3,12,11,5,6,1,1,0,0
27/10/2019,Celta,Sociedad,0,1,A,0,0,D,,9,9,1,4,20,12,3,7,5,2,1,0
27/10/2019,Granada,Betis,1,0,H,0,0,D,,13,12,3,0,13,8,4,2,3,4,0,0
27/10/2019,Levante,Espanol,0,1,A,0,1,A,,7,14,3,3,10,26,4,7,2,3,0,0
27/10/2019,Sevilla,Getafe,2,0,H,0,0,D,,15,9,8,4,13,18,5,0,2,3,0,0
27/10/2019,Osasuna,Valencia,3,1,H,1,1,D,,21,2,13,1,8,6,6,1,1,1,0,1
27/10/2019,Rennes,Toulouse,3,2,H,2,1,H,,14,15,6,5,18,20,7,5,1,2,0,0
27/10/2019,St Etienne,Amiens,2,2,D,1,0,H,,15,11,1,5,17,17,5,4,2,3,0,0
27/10/2019,Paris SG,Marseille,4,0,H,4,0,H,,11,5,7,1,10,6,5,3,2,1,0,0
27/10/2019,Newcastle,Wolves,1,1,D,1,0,H,K Friend,13,13,2,5,8,15,3,6,2,2,1,0
27/10/2019,Arsenal,Crystal Palace,2,2,D,2,1,H,M Atkinson,15,10,6,4,18,9,12,5,2,0,0,0
27/10/2019,Liverpool,Tottenham,2,1,H,0,1,A,A Taylor,21,11,13,4,9,11,8,3,3,3,0,0
27/10/2019,Norwich,Man United,1,3,A,0,2,A,S Attwell,10,21,3,11,13,10,1,10,2,2,0,0
29/10/2019,Parma,Verona,0,1,A,0,1,A,,15,6,7,2,13,16,12,3,1,5,0,0
29/10/2019,Brescia,Inter,1,2,A,0,1,A,,6,6,5,2,14,18,9,8,4,3,0,0
29/10/2019,Alaves,Ath Madrid,1,1,D,0,0,D,,11,9,3,3,23,16,4,1,3,3,0,0
29/10/2019,Barcelona,Valladolid,5,1,H,3,1,H,,18,9,9,1,9,14,6,3,0,3,0,0
30/10/2019,Napoli,Atalanta,2,2,D,1,1,D,,15,12,11,6,16,14,2,3,3,3,0,0
30/10/2019,Cagliari,Bologna,3,2,H,0,1,A,,12,6,5,3,15,20,4,1,2,1,0,0
30/10/2019,Juventus,Genoa,2,1,H,1,1,D,,18,7,11,3,24,11,10,2,5,3,1,2
30/10/2019,Lazio,Torino,4,0,H,2,0,H,,16,6,8,3,11,9,8,0,2,2,0,1
30/10/2019,Sampdoria,Lecce,1,1,D,0,1,A,,15,9,6,4,19,14,9,5,4,4,0,1
30/10/2019,Sassuolo,Fiorentina,1,2,A,1,0,H,,6,10,5,8,15,20,3,7,3,4,0,0
30/10/2019,Udinese,Roma,0,4,A,0,1,A,,8,10,5,6,16,16,5,3,4,2,0,1
30/10/2019,Sociedad,Levante,1,2,A,0,2,A,,17,13,5,4,15,12,9,5,3,4,0,0
30/10/2019,Valencia,Sevilla,1,1,D,0,1,A,,10,10,3,1,12,17,6,1,6,3,0,0
30/10/2019,Ath Bilbao,Espanol,3,0,H,2,0,H,,7,12,5,5,13,20,2,5,0,1,0,0
30/10/2019,Betis,Celta,2,1,H,1,0,H,,11,18,7,5,16,17,5,10,6,1,0,0
30/10/2019,Real Madrid,Leganes,5,0,H,3,0,H,,22,5,11,3,12,12,8,3,1,5,0,0
31/10/2019,Milan,Spal,1,0,H,0,0,D,,10,5,6,2,17,21,7,6,4,4,0,0
31/10/2019,Eibar,Villarreal,2,1,H,0,0,D,,25,9,8,2,11,12,8,3,0,3,0,0
31/10/2019,Mallorca,Osasuna,2,2,D,1,0,H,,11,12,3,4,9,10,5,3,1,5,0,0
31/10/2019,Getafe,Granada,3,1,H,2,0,H,,8,10,3,2,22,11,2,3,5,5,0,0
01/11/2019,Hoffenheim,Paderborn,3,0,H,3,0,H,,12,9,7,2,7,12,4,4,0,1,0,0
01/11/2019,Dijon,Paris SG,2,1,H,1,1,D,,10,20,6,4,12,9,3,6,3,2,0,0
02/11/2019,Roma,Napoli,2,1,H,1,0,H,,13,12,7,6,23,14,10,4,5,3,1,0
02/11/2019,Bologna,Inter,1,2,A,0,0,D,,8,11,3,9,12,24,2,7,3,4,0,0
02/11/2019,Torino,Juventus,0,1,A,0,0,D,,7,14,4,10,22,16,11,6,4,2,0,0
02/11/2019,Dortmund,Wolfsburg,3,0,H,0,0,D,,17,12,8,3,12,18,7,2,1,3,0,0
02/11/2019,Ein Frankfurt,Bayern Munich,5,1,H,2,1,H,,17,7,11,3,12,7,3,0,1,2,0,1
02/11/2019,Leverkusen,M'gladbach,1,2,A,1,2,A,,23,11,6,6,13,8,13,0,2,1,1,0
02/11/2019,RB Leipzig,Mainz,8,0,H,5,0,H,,19,10,12,2,10,7,3,4,0,1,0,0
02/11/2019,Werder Bremen,Freiburg,2,2,D,1,1,D,,20,13,10,3,17,9,5,0,3,4,0,1
02/11/2019,Union Berlin,Hertha,1,0,H,0,0,D,,16,8,6,3,14,9,1,4,1,1,0,0
02/11/2019,Espanol,Valencia,1,2,A,1,0,H,,13,11,4,4,20,14,5,5,0,1,0,0
02/11/2019,Levante,Barcelona,3,1,H,0,1,A,,9,9,3,6,9,13,2,3,1,6,0,0
02/11/2019,Sevilla,Ath Madrid,1,1,D,1,0,H,,11,14,4,5,13,16,6,3,4,3,0,0
02/11/2019,Real Madrid,Betis,0,0,D,0,0,D,,22,13,7,3,11,17,9,4,2,4,0,0
02/11/2019,Marseille,Lille,2,1,H,0,0,D,,11,6,1,2,13,15,4,4,1,3,0,0
02/11/2019,Amiens,Brest,1,0,H,1,0,H,,6,14,2,3,12,11,3,9,3,1,0,0
02/11/2019,Angers,Strasbourg,1,0,H,1,0,H,,9,8,5,3,13,20,4,8,1,1,0,0
02/11/2019,Metz,Montpellier,2,2,D,1,0,H,,11,12,4,4,12,19,5,3,1,2,0,0
02/11/2019,Toulouse,Lyon,2,3,A,1,1,D,,12,21,5,8,10,4,5,5,3,0,0,0
02/11/2019,Bournemouth,Man United,1,0,H,1,0,H,C Kavanagh,12,15,6,4,14,12,4,10,4,3,0,0
02/11/2019,Arsenal,Wolves,1,1,D,1,0,H,M Oliver,10,25,4,8,6,15,8,9,0,2,0,0
02/11/2019,Aston Villa,Liverpool,1,2,A,1,0,H,J Moss,5,25,2,6,12,9,2,10,1,2,0,0
02/11/2019,Brighton,Norwich,2,0,H,0,0,D,K Friend,21,7,5,0,11,8,8,3,0,1,0,0
02/11/2019,Man City,Southampton,2,1,H,0,1,A,L Mason,26,3,4,3,11,10,17,0,3,1,0,0
02/11/2019,Sheffield United,Burnley,3,0,H,3,0,H,S Hooper,13,6,6,0,8,12,7,6,1,2,0,0
02/11/2019,West Ham,Newcastle,2,3,A,0,2,A,S Attwell,16,12,6,9,10,7,7,3,2,1,0,0
02/11/2019,Watford,Chelsea,1,2,A,0,1,A,A Taylor,12,16,3,10,8,5,1,6,4,2,0,0
03/11/2019,Atalanta,Cagliari,0,2,A,0,1,A,,11,12,3,8,15,18,13,2,2,3,1,0
03/11/2019,Genoa,Udinese,1,3,A,1,1,D,,10,13,2,5,11,13,8,5,0,2,0,0
03/11/2019,Lecce,Sassuolo,2,2,D,2,1,H,,7,12,4,5,14,16,6,6,2,3,0,0
03/11/2019,Verona,Brescia,2,1,H,0,0,D,,11,11,6,5,17,17,5,1,1,4,0,1
03/11/2019,Fiorentina,Parma,1,1,D,0,1,A,,15,7,4,3,15,20,5,2,2,2,0,0
03/11/2019,Milan,Lazio,1,2,A,1,1,D,,9,8,4,7,12,13,8,4,3,5,0,0
03/11/2019,Fortuna Dusseldorf,FC Koln,2,0,H,1,0,H,,9,8,3,1,10,20,3,4,1,3,0,0
03/11/2019,Augsburg,Schalke 04,2,3,A,1,1,D,,12,11,4,3,12,10,1,6,3,5,0,0
03/11/2019,Valladolid,Mallorca,3,0,H,1,0,H,,12,14,6,1,15,20,2,6,5,4,0,0
03/11/2019,Villarreal,Ath Bilbao,0,0,D,0,0,D,,11,12,7,2,10,8,8,10,2,0,0,0
03/11/2019,Osasuna,Alaves,4,2,H,3,1,H,,19,11,6,3,13,17,5,1,4,2,0,0
03/11/2019,Celta,Getafe,0,1,A,0,1,A,,6,9,2,5,6,19,4,4,3,3,0,0
03/11/2019,Leganes,Eibar,1,2,A,1,1,D,,12,7,5,4,16,20,4,2,5,2,0,0
03/11/2019,Granada,Sociedad,1,2,A,1,1,D,,5,9,3,5,15,19,4,5,0,2,0,0
03/11/2019,Bordeaux,Nantes,2,0,H,1,0,H,,10,9,7,2,18,17,6,9,4,3,0,0
03/11/2019,Nice,Reims,2,0,H,2,0,H,,12,11,6,3,11,17,5,4,1,3,0,1
03/11/2019,St Etienne,Monaco,1,0,H,0,0,D,,12,11,5,2,13,10,2,1,1,1,0,1
03/11/2019,Crystal Palace,Leicester,0,2,A,0,0,D,P Tierney,12,14,3,5,15,16,5,6,2,2,0,0
03/11/2019,Everton,Tottenham,1,1,D,0,0,D,M Atkinson,7,4,3,2,9,8,5,2,1,2,0,1
04/11/2019,Spal,Sampdoria,0,1,A,0,0,D,,7,9,2,4,12,16,8,5,3,1,0,0
08/11/2019,Sassuolo,Bologna,3,1,H,1,0,H,,13,9,8,7,16,17,4,4,2,6,0,0
08/11/2019,FC Koln,Hoffenheim,1,2,A,1,0,H,,11,15,3,5,21,14,5,7,4,3,0,0
08/11/2019,Sociedad,Leganes,1,1,D,0,0,D,,11,6,5,2,14,23,5,1,2,6,0,1
08/11/2019,Nice,Bordeaux,1,1,D,1,0,H,,10,10,5,4,13,16,3,4,2,2,0,0
08/11/2019,Norwich,Watford,0,2,A,0,1,A,A Marriner,17,12,5,2,7,13,10,4,1,2,0,1
09/11/2019,Brescia,Torino,0,4,A,0,2,A,,5,12,3,7,18,17,4,4,5,3,1,0
09/11/2019,Inter,Verona,2,1,H,0,1,A,,19,5,13,2,14,11,9,3,3,1,0,0
09/11/2019,Napoli,Genoa,0,0,D,0,0,D,,13,8,8,3,15,19,5,2,1,4,0,0
09/11/2019,Hertha,RB Leipzig,2,4,A,1,2,A,,7,10,3,7,12,12,0,5,2,1,0,0
09/11/2019,Mainz,Union Berlin,2,3,A,0,2,A,,18,14,5,4,15,15,3,2,1,4,0,0
09/11/2019,Paderborn,Augsburg,0,1,A,0,1,A,,12,13,4,5,15,12,5,7,1,3,0,0
09/11/2019,Schalke 04,Fortuna Dusseldorf,3,3,D,1,0,H,,12,9,5,5,9,15,2,4,2,4,0,0
09/11/2019,Bayern Munich,Dortmund,4,0,H,1,0,H,,17,2,5,0,11,12,2,1,2,1,0,0
09/11/2019,Alaves,Valladolid,3,0,H,2,0,H,,14,7,5,1,21,16,6,7,3,3,0,0
09/11/2019,Valencia,Granada,2,0,H,0,0,D,,12,13,4,1,11,15,7,4,0,5,0,0
09/11/2019,Eibar,Real Madrid,0,4,A,0,3,A,,14,10,1,5,9,8,6,6,0,0,0,0
09/11/2019,Barcelona,Celta,4,1,H,2,1,H,,10,6,7,5,18,14,2,2,4,1,0,0
09/11/2019,Brest,Paris SG,1,2,A,0,1,A,,17,18,4,8,10,13,5,4,1,2,0,0
09/11/2019,Lille,Metz,0,0,D,0,0,D,,13,4,5,1,16,13,9,1,2,2,0,0
09/11/2019,Monaco,Dijon,1,0,H,1,0,H,,18,15,7,3,11,8,6,9,2,0,0,0
09/11/2019,Reims,Angers,0,0,D,0,0,D,,9,13,2,2,14,11,2,12,1,3,0,1
09/11/2019,Strasbourg,Nimes,4,1,H,2,0,H,,20,10,10,4,13,9,2,2,2,2,0,1
09/11/2019,Chelsea,Crystal Palace,2,0,H,0,0,D,M Dean,23,3,5,1,9,17,7,0,3,2,0,0
09/11/2019,Burnley,West Ham,3,0,H,2,0,H,K Friend,14,7,12,4,17,10,11,4,2,1,0,0
09/11/2019,Newcastle,Bournemouth,2,1,H,1,1,D,M Atkinson,20,16,9,3,10,5,5,4,2,0,0,0
09/11/2019,Southampton,Everton,1,2,A,0,1,A,P Tierney,4,24,3,5,12,12,5,9,1,1,0,0
09/11/2019,Tottenham,Sheffield United,1,1,D,0,0,D,G Scott,17,14,5,4,6,9,4,4,2,2,0,0
09/11/2019,Leicester,Arsenal,2,0,H,0,0,D,C Kavanagh,19,8,7,1,10,10,5,4,1,1,0,0
10/11/2019,Cagliari,Fiorentina,5,2,H,3,0,H,,12,10,8,7,12,15,5,6,1,3,0,0
10/11/2019,Lazio,Lecce,4,2,H,1,1,D,,17,18,7,10,8,10,9,3,2,3,0,0
10/11/2019,Sampdoria,Atalanta,0,0,D,0,0,D,,5,7,2,3,19,13,1,7,2,4,0,1
10/11/2019,Udinese,Spal,0,0,D,0,0,D,,11,10,4,4,14,14,3,7,3,5,0,0
10/11/2019,Parma,Roma,2,0,H,0,0,D,,13,10,8,7,16,9,5,10,3,2,0,0
10/11/2019,Juventus,Milan,1,0,H,0,0,D,,11,10,5,7,13,10,5,5,1,5,0,0
10/11/2019,M'gladbach,Werder Bremen,3,1,H,2,0,H,,17,16,7,7,17,11,3,8,5,4,1,0
10/11/2019,Wolfsburg,Leverkusen,0,2,A,0,1,A,,9,9,1,4,8,9,9,0,2,2,0,0
10/11/2019,Freiburg,Ein Frankfurt,1,0,H,0,0,D,,13,17,7,6,7,13,8,10,1,3,1,2
10/11/2019,Mallorca,Villarreal,3,1,H,2,0,H,,5,22,3,6,18,17,2,5,2,3,0,0
10/11/2019,Ath Bilbao,Levante,2,1,H,0,1,A,,23,8,10,2,13,13,10,2,3,2,0,0
10/11/2019,Ath Madrid,Espanol,3,1,H,1,1,D,,18,10,5,1,12,15,9,2,2,2,0,0
10/11/2019,Getafe,Osasuna,0,0,D,0,0,D,,14,4,5,1,15,16,9,5,2,4,0,0
10/11/2019,Betis,Sevilla,1,2,A,1,1,D,,18,10,5,6,12,21,4,4,2,3,0,0
10/11/2019,Rennes,Amiens,3,1,H,1,1,D,,22,13,11,6,12,17,5,3,3,4,0,0
10/11/2019,Montpellier,Toulouse,3,0,H,1,0,H,,8,6,3,2,19,17,1,3,2,2,0,0
10/11/2019,Nantes,St Etienne,2,3,A,2,2,D,,9,11,6,4,6,9,3,3,1,0,0,0
10/11/2019,Marseille,Lyon,2,1,H,2,0,H,,10,11,4,4,14,9,6,7,3,0,1,0
10/11/2019,Man United,Brighton,3,1,H,2,0,H,J Moss,21,6,11,2,10,14,5,2,2,5,0,0
10/11/2019,Wolves,Aston Villa,2,1,H,1,0,H,A Taylor,17,13,5,4,17,8,6,3,4,3,0,0
10/11/2019,Liverpool,Man City,3,1,H,2,0,H,M Oliver,12,18,5,3,10,5,4,13,0,2,0,0
22/11/2019,Dortmund,Paderborn,3,3,D,0,3,A,,18,10,7,4,8,7,10,2,3,1,0,0
22/11/2019,Levante,Mallorca,2,1,H,0,0,D,,13,14,6,7,13,9,3,6,2,1,1,0
22/11/2019,Paris SG,Lille,2,0,H,2,0,H,,11,13,4,8,13,11,6,5,2,0,0,0
23/11/2019,Atalanta,Juventus,1,3,A,0,0,D,,14,11,9,5,17,13,8,3,5,3,0,0
23/11/2019,Milan,Napoli,1,1,D,1,1,D,,11,12,4,6,19,15,3,4,3,2,0,0
23/11/2019,Torino,Inter,0,3,A,0,2,A,,5,6,2,5,10,18,12,4,2,3,0,0
23/11/2019,Ein Frankfurt,Wolfsburg,0,2,A,0,1,A,,17,9,9,6,13,22,12,1,3,5,0,1
23/11/2019,Fortuna Dusseldorf,Bayern Munich,0,4,A,0,3,A,,12,18,1,5,8,6,8,6,1,1,0,0
23/11/2019,Leverkusen,Freiburg,1,1,D,1,1,D,,27,7,9,2,9,14,13,3,0,3,0,0
23/11/2019,Union Berlin,M'gladbach,2,0,H,1,0,H,,11,12,6,2,12,7,2,6,1,1,0,0
23/11/2019,Werder Bremen,Schalke 04,1,2,A,0,1,A,,16,10,5,5,12,15,1,3,3,2,0,0
23/11/2019,RB Leipzig,FC Koln,4,1,H,3,1,H,,20,6,8,1,9,15,13,3,0,3,0,0
23/11/2019,Leganes,Barcelona,1,2,A,1,0,H,,9,11,4,6,11,10,0,6,1,2,0,0
23/11/2019,Betis,Valencia,2,1,H,1,1,D,,25,9,8,3,9,13,5,4,2,2,0,0
23/11/2019,Granada,Ath Madrid,1,1,D,0,0,D,,9,17,3,6,15,17,2,8,4,3,0,0
23/11/2019,Real Madrid,Sociedad,3,1,H,1,1,D,,18,11,10,6,13,16,4,3,1,1,0,0
23/11/2019,Lyon,Nice,2,1,H,2,0,H,,9,17,4,7,13,13,3,6,2,4,1,1
23/11/2019,Amiens,Strasbourg,0,4,A,0,1,A,,5,17,0,9,7,8,3,7,2,1,1,0
23/11/2019,Angers,Nimes,1,0,H,0,0,D,,21,10,7,2,12,6,3,2,2,1,0,0
23/11/2019,Brest,Nantes,1,1,D,0,1,A,,13,11,4,4,8,11,6,5,2,1,0,0
23/11/2019,Dijon,Rennes,2,1,H,0,0,D,,16,11,6,4,18,15,4,4,1,2,0,0
23/11/2019,Metz,Reims,1,1,D,0,1,A,,9,18,2,6,14,13,6,5,2,2,0,1
23/11/2019,West Ham,Tottenham,2,3,A,0,2,A,M Oliver,11,15,4,6,12,14,3,7,3,2,0,0
23/11/2019,Arsenal,Southampton,2,2,D,1,1,D,S Attwell,12,21,5,6,13,19,6,8,6,2,0,0
23/11/2019,Bournemouth,Wolves,1,2,A,0,2,A,S Hooper,9,17,2,7,10,12,5,9,2,1,1,0
23/11/2019,Brighton,Leicester,0,2,A,0,0,D,M Dean,7,19,0,9,9,1,6,7,2,0,0,0
23/11/2019,Crystal Palace,Liverpool,1,2,A,0,0,D,K Friend,16,12,6,4,8,7,9,8,0,1,0,0
23/11/2019,Everton,Norwich,0,2,A,0,0,D,A Taylor,18,13,7,5,12,11,7,7,3,5,0,0
23/11/2019,Watford,Burnley,0,3,A,0,0,D,P Tierney,15,11,4,5,14,13,7,5,0,3,0,0
23/11/2019,Man City,Chelsea,2,1,H,2,1,H,M Atkinson,15,11,4,2,5,9,8,2,1,1,0,0
24/11/2019,Bologna,Parma,2,2,D,1,1,D,,11,11,7,7,18,18,15,2,1,3,0,0
24/11/2019,Roma,Brescia,3,0,H,0,0,D,,14,5,6,2,17,10,17,6,1,1,0,0
24/11/2019,Sassuolo,Lazio,1,2,A,1,1,D,,5,10,2,6,14,14,5,8,1,3,0,0
24/11/2019,Verona,Fiorentina,1,0,H,0,0,D,,13,7,8,2,18,8,8,6,3,2,0,0
24/11/2019,Sampdoria,Udinese,2,1,H,1,1,D,,19,5,13,2,8,22,8,2,2,3,0,1
24/11/2019,Augsburg,Hertha,4,0,H,2,0,H,,14,5,5,1,8,18,3,3,0,2,0,1
24/11/2019,Hoffenheim,Mainz,1,5,A,0,1,A,,22,11,8,5,10,13,14,3,1,3,0,1
24/11/2019,Espanol,Getafe,1,1,D,1,1,D,,6,11,2,2,23,12,3,3,3,4,0,0
24/11/2019,Osasuna,Ath Bilbao,1,2,A,0,1,A,,12,6,7,4,15,18,6,2,4,3,0,0
24/11/2019,Eibar,Alaves,0,2,A,0,0,D,,18,7,7,5,10,11,10,4,1,2,0,0
24/11/2019,Villarreal,Celta,1,3,A,0,0,D,,15,11,1,7,12,9,8,2,3,2,0,0
24/11/2019,Valladolid,Sevilla,0,1,A,0,1,A,,7,4,1,2,13,25,8,4,3,4,0,1
24/11/2019,Bordeaux,Monaco,2,1,H,1,1,D,,17,11,6,3,16,20,5,12,3,5,0,1
24/11/2019,St Etienne,Montpellier,0,0,D,0,0,D,,9,8,2,2,18,19,1,5,3,3,0,0
24/11/2019,Toulouse,Marseille,0,2,A,0,0,D,,10,14,3,7,16,13,1,7,3,3,1,0
24/11/2019,Sheffield United,Man United,3,3,D,1,0,H,A Marriner,12,11,8,5,13,10,6,3,1,2,0,0
25/11/2019,Lecce,Cagliari,2,2,D,0,1,A,,17,6,8,2,13,19,11,2,2,2,1,2
25/11/2019,Spal,Genoa,1,1,D,0,0,D,,13,13,7,6,12,13,5,4,2,1,0,0
25/11/2019,Aston Villa,Newcastle,2,0,H,2,0,H,L Mason,17,11,8,5,10,9,11,6,1,1,0,0
29/11/2019,Schalke 04,Union Berlin,2,1,H,1,1,D,,17,17,8,7,12,13,7,4,1,4,0,0
29/11/2019,Celta,Valladolid,0,0,D,0,0,D,,13,9,5,2,11,17,11,3,1,3,0,0
29/11/2019,Marseille,Brest,2,1,H,0,0,D,,34,4,10,1,11,14,8,0,0,2,0,0
30/11/2019,Brescia,Atalanta,0,3,A,0,1,A,,9,19,5,12,15,15,2,11,1,3,0,0
30/11/2019,Genoa,Torino,0,1,A,0,0,D,,5,10,3,3,15,18,6,4,2,3,0,1
30/11/2019,Fiorentina,Lecce,0,1,A,0,0,D,,13,6,6,6,13,21,9,2,1,3,0,0
30/11/2019,FC Koln,Augsburg,1,1,D,0,1,A,,13,11,6,4,15,17,4,8,8,3,1,1
30/11/2019,Hertha,Dortmund,1,2,A,1,2,A,,13,7,3,5,13,8,2,2,3,2,0,1
30/11/2019,Hoffenheim,Fortuna Dusseldorf,1,1,D,1,0,H,,12,11,6,3,11,16,2,5,2,4,0,0
30/11/2019,Paderborn,RB Leipzig,2,3,A,0,3,A,,8,18,4,6,10,13,6,6,3,3,0,0
30/11/2019,Bayern Munich,Leverkusen,1,2,A,1,2,A,,24,11,11,7,9,16,8,2,1,3,0,1
30/11/2019,Alaves,Real Madrid,1,2,A,0,0,D,,8,12,2,6,18,11,9,4,4,3,0,0
30/11/2019,Sociedad,Eibar,4,1,H,1,1,D,,15,10,4,4,8,12,6,4,1,4,0,0
30/11/2019,Mallorca,Betis,1,2,A,0,2,A,,16,15,7,3,16,15,6,5,3,4,1,0
30/11/2019,Valencia,Villarreal,2,1,H,0,0,D,,13,24,7,7,8,17,6,4,1,2,0,0
30/11/2019,Strasbourg,Lyon,1,2,A,1,1,D,,9,8,2,4,12,11,3,1,3,1,0,0
30/11/2019,Lille,Dijon,1,0,H,1,0,H,,19,8,5,0,16,16,11,3,2,1,0,0
30/11/2019,Montpellier,Amiens,4,2,H,1,1,D,,20,6,10,2,13,15,4,2,1,2,0,1
30/11/2019,Nice,Angers,3,1,H,1,1,D,,10,10,7,4,10,13,0,7,2,1,0,0
30/11/2019,Nimes,Metz,1,1,D,0,1,A,,14,10,3,4,12,19,6,2,1,6,0,0
30/11/2019,Reims,Bordeaux,1,1,D,0,1,A,,19,5,6,1,14,14,15,2,2,1,1,0
30/11/2019,Newcastle,Man City,2,2,D,1,1,D,C Kavanagh,6,24,3,9,4,6,1,10,1,2,0,0
30/11/2019,Burnley,Crystal Palace,0,2,A,0,1,A,P Bankes,15,7,4,2,13,10,5,6,2,0,0,0
30/11/2019,Chelsea,West Ham,0,1,A,0,0,D,J Moss,19,5,6,4,0,16,9,3,0,3,0,0
30/11/2019,Liverpool,Brighton,2,1,H,2,0,H,M Atkinson,15,12,7,5,3,10,4,5,0,0,1,0
30/11/2019,Tottenham,Bournemouth,3,2,H,1,0,H,L Mason,15,20,5,6,10,12,4,8,0,2,0,0
30/11/2019,Southampton,Watford,2,1,H,0,1,A,M Oliver,11,6,6,3,6,10,6,7,1,0,0,0
01/12/2019,Juventus,Sassuolo,2,2,D,1,1,D,,17,8,9,4,11,13,9,2,1,5,0,0
01/12/2019,Inter,Spal,2,1,H,2,0,H,,16,8,10,3,15,17,8,0,1,4,0,0
01/12/2019,Lazio,Udinese,3,0,H,3,0,H,,15,4,6,0,9,12,2,2,0,1,0,0
01/12/2019,Parma,Milan,0,1,A,0,0,D,,6,19,0,8,13,15,1,7,1,3,0,0
01/12/2019,Napoli,Bologna,1,2,A,1,0,H,,20,9,5,6,12,10,7,0,1,5,0,0
01/12/2019,Verona,Roma,1,3,A,1,2,A,,7,12,3,5,11,14,6,5,3,3,0,0
01/12/2019,M'gladbach,Freiburg,4,2,H,1,1,D,,22,13,13,5,13,15,2,3,3,2,0,0
01/12/2019,Wolfsburg,Werder Bremen,2,3,A,1,2,A,,19,10,6,3,14,14,9,3,1,4,0,0
01/12/2019,Sevilla,Leganes,1,0,H,0,0,D,,16,8,8,4,16,7,7,4,3,3,0,0
01/12/2019,Ath Bilbao,Granada,2,0,H,1,0,H,,14,8,6,1,18,16,4,3,5,4,0,0
01/12/2019,Espanol,Osasuna,2,4,A,1,0,H,,12,14,5,8,12,16,2,3,1,4,0,1
01/12/2019,Getafe,Levante,4,0,H,0,0,D,,13,7,9,2,22,14,6,7,2,3,0,0
01/12/2019,Ath Madrid,Barcelona,0,1,A,0,0,D,,17,13,2,5,12,11,9,5,4,4,0,0
01/12/2019,Nantes,Toulouse,2,1,H,1,0,H,,21,7,8,3,15,15,10,4,1,3,0,1
01/12/2019,Rennes,St Etienne,2,1,H,1,1,D,,14,5,5,1,15,11,6,1,1,3,0,0
01/12/2019,Norwich,Arsenal,2,2,D,2,1,H,P Tierney,15,16,8,7,8,10,7,12,2,1,0,0
01/12/2019,Wolves,Sheffield United,1,1,D,0,1,A,D Coote,13,9,3,4,12,18,7,2,1,4,0,0
01/12/2019,Leicester,Everton,2,1,H,0,1,A,G Scott,16,11,6,3,7,9,4,4,0,1,0,0
01/12/2019,Man United,Aston Villa,2,2,D,1,1,D,C Pawson,16,9,6,3,16,8,9,9,4,1,0,0
02/12/2019,Cagliari,Sampdoria,4,3,H,0,1,A,,12,9,8,5,15,12,6,4,3,1,0,0
02/12/2019,Mainz,Ein Frankfurt,2,1,H,0,1,A,,18,14,8,4,13,10,8,6,1,2,0,1
03/12/2019,Angers,Marseille,0,2,A,0,2,A,,9,10,2,4,11,11,3,1,1,1,0,0
03/12/2019,Bordeaux,Nimes,6,0,H,2,0,H,,12,7,8,1,14,13,0,6,2,1,0,0
03/12/2019,Brest,Strasbourg,5,0,H,2,0,H,,11,9,8,3,9,11,3,7,2,1,0,0
03/12/2019,Lyon,Lille,0,1,A,0,0,D,,11,8,3,2,13,9,9,1,1,2,0,0
03/12/2019,Crystal Palace,Bournemouth,1,0,H,0,0,D,A Taylor,7,6,2,3,6,15,6,9,3,3,1,0
03/12/2019,Burnley,Man City,1,4,A,0,1,A,J Moss,4,17,2,8,9,6,3,6,1,1,0,0
04/12/2019,Dijon,Montpellier,2,2,D,1,2,A,,18,18,2,6,15,20,12,6,3,3,0,0
04/12/2019,Metz,Rennes,0,1,A,0,1,A,,20,12,4,2,13,8,8,8,2,0,0,0
04/12/2019,St Etienne,Nice,4,1,H,3,1,H,,15,16,7,4,15,11,8,5,2,3,0,0
04/12/2019,Toulouse,Monaco,1,2,A,1,1,D,,14,18,3,7,18,10,2,6,0,1,0,0
04/12/2019,Paris SG,Nantes,2,0,H,0,0,D,,10,11,6,4,11,14,5,9,1,2,0,0
04/12/2019,Chelsea,Aston Villa,2,1,H,1,1,D,C Kavanagh,25,9,9,3,18,10,9,5,2,1,0,0
04/12/2019,Leicester,Watford,2,0,H,0,0,D,C Pawson,12,4,6,1,13,16,7,2,3,2,0,0
04/12/2019,Man United,Tottenham,2,1,H,1,1,D,P Tierney,12,8,7,5,9,9,4,3,0,1,0,0
04/12/2019,Southampton,Norwich,2,1,H,2,0,H,K Friend,14,10,5,3,12,7,6,1,1,1,0,0
04/12/2019,Wolves,West Ham,2,0,H,1,0,H,A Marriner,13,6,7,3,8,9,5,4,1,2,0,0
04/12/2019,Liverpool,Everton,5,2,H,4,2,H,M Dean,11,12,5,4,13,17,5,6,1,2,0,0
05/12/2019,Sheffield United,Newcastle,0,2,A,0,1,A,S Attwell,13,6,6,4,10,6,8,1,2,0,0,0
05/12/2019,Arsenal,Brighton,1,2,A,0,1,A,G Scott,12,20,5,9,10,11,9,9,3,1,0,0
06/12/2019,Inter,Roma,0,0,D,0,0,D,,9,6,2,2,12,11,8,3,3,1,0,0
06/12/2019,Ein Frankfurt,Hertha,2,2,D,0,1,A,,25,9,6,3,11,15,16,1,3,4,0,0
06/12/2019,Villarreal,Ath Madrid,0,0,D,0,0,D,,23,18,3,3,11,11,11,6,2,1,0,0
06/12/2019,Lille,Brest,1,0,H,1,0,H,,16,6,10,0,10,9,7,3,0,1,0,0
06/12/2019,Nimes,Lyon,0,4,A,0,1,A,,6,22,2,8,10,15,1,5,2,2,2,0
07/12/2019,Atalanta,Verona,3,2,H,1,1,D,,21,7,10,2,14,16,13,4,1,5,0,1
07/12/2019,Udinese,Napoli,1,1,D,1,0,H,,5,12,1,3,20,15,3,10,3,4,0,1
07/12/2019,Lazio,Juventus,3,1,H,1,1,D,,12,8,8,5,14,10,4,5,4,3,0,1
07/12/2019,Augsburg,Mainz,2,1,H,1,1,D,,18,12,5,3,13,14,8,2,2,2,0,0
07/12/2019,Dortmund,Fortuna Dusseldorf,5,0,H,1,0,H,,23,2,10,0,8,10,6,0,0,3,0,0
07/12/2019,Freiburg,Wolfsburg,1,0,H,0,0,D,,10,10,3,0,13,20,2,7,0,2,0,0
07/12/2019,M'gladbach,Bayern Munich,2,1,H,0,0,D,,7,17,3,5,12,17,2,5,3,5,0,1
07/12/2019,RB Leipzig,Hoffenheim,3,1,H,1,0,H,,25,11,14,1,14,5,8,6,3,1,0,0
07/12/2019,Leverkusen,Schalke 04,2,1,H,1,0,H,,19,5,9,3,11,11,9,0,2,2,0,0
07/12/2019,Real Madrid,Espanol,2,0,H,1,0,H,,18,6,8,2,15,13,5,3,4,3,1,0
07/12/2019,Granada,Alaves,3,0,H,0,0,D,,13,5,3,1,16,17,6,2,1,4,0,2
07/12/2019,Levante,Valencia,2,4,A,2,1,H,,17,10,6,6,14,14,5,1,5,2,1,0
07/12/2019,Barcelona,Mallorca,5,2,H,4,1,H,,25,9,17,3,15,10,8,4,3,0,0,0
07/12/2019,Montpellier,Paris SG,1,3,A,1,0,H,,6,14,1,5,17,18,4,4,5,3,1,0
07/12/2019,Monaco,Amiens,3,0,H,0,0,D,,20,5,8,2,10,8,8,1,0,0,0,0
07/12/2019,Nice,Metz,4,1,H,2,0,H,,14,18,5,3,8,13,2,4,0,2,0,0
07/12/2019,Rennes,Angers,2,1,H,1,0,H,,8,12,3,1,15,12,4,4,3,1,0,0
07/12/2019,Strasbourg,Toulouse,4,2,H,2,1,H,,18,14,7,9,10,7,3,5,0,1,0,0
07/12/2019,Everton,Chelsea,3,1,H,1,0,H,C Pawson,13,15,7,4,14,9,1,5,3,0,0,0
07/12/2019,Bournemouth,Liverpool,0,3,A,0,2,A,C Kavanagh,3,21,0,9,5,6,1,3,0,1,0,0
07/12/2019,Tottenham,Burnley,5,0,H,3,0,H,K Friend,13,7,7,1,12,8,1,1,1,1,0,0
07/12/2019,Watford,Crystal Palace,0,0,D,0,0,D,M Atkinson,13,3,3,0,15,16,6,2,4,2,0,0
07/12/2019,Man City,Man United,1,2,A,0,2,A,A Taylor,22,11,5,7,10,10,16,3,3,2,0,0
08/12/2019,Lecce,Genoa,2,2,D,0,2,A,,22,14,5,4,17,18,11,3,5,6,0,2
08/12/2019,Sassuolo,Cagliari,2,2,D,2,0,H,,9,4,3,3,10,19,8,4,3,4,0,0
08/12/2019,Spal,Brescia,0,1,A,0,0,D,,18,12,4,7,17,18,3,1,3,3,0,0
08/12/2019,Torino,Fiorentina,2,1,H,1,0,H,,10,15,5,5,19,17,3,9,4,3,0,0
08/12/2019,Sampdoria,Parma,0,1,A,0,1,A,,18,10,6,2,15,12,3,2,3,2,0,0
08/12/2019,Bologna,Milan,2,3,A,1,2,A,,11,11,4,7,17,19,5,1,4,2,0,0
08/12/2019,Union Berlin,FC Koln,2,0,H,1,0,H,,11,14,5,4,21,19,3,5,1,3,0,0
08/12/2019,Werder Bremen,Paderborn,0,1,A,0,0,D,,12,18,3,5,10,13,13,6,1,4,0,0
08/12/2019,Eibar,Getafe,0,1,A,0,0,D,,6,6,3,3,16,15,3,8,5,1,1,0
08/12/2019,Betis,Ath Bilbao,3,2,H,3,1,H,,10,8,6,2,12,15,3,3,2,4,0,0
08/12/2019,Valladolid,Sociedad,0,0,D,0,0,D,,4,16,2,2,10,19,1,4,0,4,0,0
08/12/2019,Leganes,Celta,3,2,H,2,0,H,,15,9,8,4,14,11,3,5,3,3,0,1
08/12/2019,Osasuna,Sevilla,1,1,D,1,1,D,,10,13,1,4,22,10,2,6,4,4,1,0
08/12/2019,Reims,St Etienne,3,1,H,1,0,H,,10,11,3,4,10,14,1,2,2,2,0,0
08/12/2019,Nantes,Dijon,1,0,H,0,0,D,,17,5,6,1,12,14,9,1,1,2,0,0
08/12/2019,Marseille,Bordeaux,3,1,H,0,1,A,,25,3,6,2,10,9,7,0,2,1,0,0
08/12/2019,Aston Villa,Leicester,1,4,A,1,2,A,M Oliver,15,23,2,8,21,15,8,5,6,2,0,0
08/12/2019,Newcastle,Southampton,2,1,H,0,0,D,D Coote,12,19,6,4,11,17,3,12,1,3,0,0
08/12/2019,Norwich,Sheffield United,1,2,A,1,0,H,S Hooper,14,9,4,3,6,12,9,1,0,4,0,0
08/12/2019,Brighton,Wolves,2,2,D,2,2,D,J Moss,13,13,4,5,10,7,3,4,3,0,0,0
09/12/2019,West Ham,Arsenal,1,3,A,1,0,H,M Dean,11,10,4,3,12,6,4,3,2,0,0,0
13/12/2019,Hoffenheim,Augsburg,2,4,A,1,1,D,,19,6,8,4,10,7,11,1,1,0,0,0
13/12/2019,Alaves,Leganes,1,1,D,0,1,A,,10,3,3,1,14,17,2,0,2,3,0,0
13/12/2019,Lille,Montpellier,2,1,H,1,0,H,,14,10,9,4,13,15,4,5,3,1,0,0
14/12/2019,Brescia,Lecce,3,0,H,2,0,H,,13,11,9,4,17,26,4,6,4,6,0,0
14/12/2019,Napoli,Parma,1,2,A,0,1,A,,22,7,9,5,9,12,11,1,2,2,0,0
14/12/2019,Genoa,Sampdoria,0,1,A,0,0,D,,5,2,1,1,16,26,4,2,5,3,0,0
14/12/2019,Bayern Munich,Werder Bremen,6,1,H,2,1,H,,29,11,14,2,13,12,8,2,2,2,0,0
14/12/2019,FC Koln,Leverkusen,2,0,H,0,0,D,,13,6,5,2,12,9,3,4,2,3,0,2
14/12/2019,Hertha,Freiburg,1,0,H,0,0,D,,14,15,4,2,9,5,4,7,2,0,0,0
14/12/2019,Mainz,Dortmund,0,4,A,0,1,A,,9,18,0,7,8,10,3,5,1,0,0,0
14/12/2019,Paderborn,Union Berlin,1,1,D,1,1,D,,14,15,3,2,19,16,2,3,2,4,0,0
14/12/2019,Fortuna Dusseldorf,RB Leipzig,0,3,A,0,1,A,,4,21,1,7,11,7,3,9,2,1,0,0
14/12/2019,Granada,Levante,1,2,A,0,0,D,,18,13,4,6,14,12,8,6,4,3,0,0
14/12/2019,Sociedad,Barcelona,2,2,D,1,1,D,,19,9,5,5,7,8,8,5,0,1,0,0
14/12/2019,Ath Bilbao,Eibar,0,0,D,0,0,D,,8,8,3,2,7,12,6,7,3,3,0,0
14/12/2019,Ath Madrid,Osasuna,2,0,H,0,0,D,,19,15,9,3,16,10,6,5,2,1,0,0
14/12/2019,Metz,Marseille,1,1,D,1,0,H,,6,16,3,5,15,13,1,7,4,1,0,0
14/12/2019,Amiens,Dijon,1,1,D,1,1,D,,6,10,2,5,15,8,5,3,1,3,0,0
14/12/2019,Angers,Monaco,0,0,D,0,0,D,,10,7,5,2,16,15,7,6,4,3,0,0
14/12/2019,Brest,Nice,0,0,D,0,0,D,,16,15,4,7,13,11,5,6,3,2,0,0
14/12/2019,Nimes,Nantes,0,1,A,0,1,A,,16,10,4,5,17,21,9,3,0,3,0,0
14/12/2019,Toulouse,Reims,0,1,A,0,1,A,,9,10,5,4,17,14,4,8,0,2,0,0
14/12/2019,Liverpool,Watford,2,0,H,1,0,H,A Marriner,16,8,6,2,8,6,6,3,2,1,0,0
14/12/2019,Burnley,Newcastle,1,0,H,0,0,D,T Robinson,7,9,4,0,15,12,4,3,0,2,0,0
14/12/2019,Chelsea,Bournemouth,0,1,A,0,0,D,G Scott,18,11,5,2,9,14,9,4,1,2,0,0
14/12/2019,Leicester,Norwich,1,1,D,1,1,D,A Madley,18,10,5,3,11,15,12,4,0,4,0,0
14/12/2019,Sheffield United,Aston Villa,2,0,H,0,0,D,P Bankes,7,8,3,0,10,9,3,2,2,2,0,0
14/12/2019,Southampton,West Ham,0,1,A,0,1,A,M Atkinson,11,11,2,4,9,14,5,8,1,3,0,0
15/12/2019,Verona,Torino,3,3,D,0,1,A,,12,12,8,8,20,19,6,3,3,1,0,0
15/12/2019,Bologna,Atalanta,2,1,H,1,0,H,,8,15,5,7,14,18,4,4,5,1,1,0
15/12/2019,Juventus,Udinese,3,1,H,3,0,H,,14,9,12,7,10,4,9,8,2,1,0,0
15/12/2019,Milan,Sassuolo,0,0,D,0,0,D,,17,10,12,6,14,16,8,3,5,4,0,0
15/12/2019,Roma,Spal,3,1,H,0,1,A,,18,5,13,3,10,17,8,3,1,3,0,0
15/12/2019,Fiorentina,Inter,1,1,D,0,1,A,,10,7,5,5,15,17,5,1,3,4,0,0
15/12/2019,Wolfsburg,M'gladbach,2,1,H,1,1,D,,17,6,7,5,20,15,5,2,3,3,0,0
15/12/2019,Schalke 04,Ein Frankfurt,1,0,H,0,0,D,,11,17,5,3,15,12,7,6,1,4,1,0
15/12/2019,Getafe,Valladolid,2,0,H,1,0,H,,7,10,3,3,28,10,4,3,3,3,0,0
15/12/2019,Celta,Mallorca,2,2,D,1,1,D,,18,8,7,2,14,16,3,3,3,5,0,1
15/12/2019,Espanol,Betis,2,2,D,2,1,H,,16,10,4,5,26,13,7,5,4,1,0,0
15/12/2019,Sevilla,Villarreal,1,2,A,0,1,A,,24,9,5,3,12,11,14,2,2,0,0,0
15/12/2019,Valencia,Real Madrid,1,1,D,0,0,D,,9,19,6,6,11,15,1,2,1,2,0,0
15/12/2019,Bordeaux,Strasbourg,0,1,A,0,1,A,,13,7,3,4,12,13,5,7,3,2,0,0
15/12/2019,Lyon,Rennes,0,1,A,0,0,D,,10,12,3,6,20,15,5,7,3,3,0,0
15/12/2019,St Etienne,Paris SG,0,4,A,0,2,A,,11,21,2,13,4,9,5,2,1,1,1,0
15/12/2019,Man United,Everton,1,1,D,0,1,A,M Oliver,24,8,8,3,10,12,6,5,1,2,0,0
15/12/2019,Wolves,Tottenham,1,2,A,0,1,A,S Attwell,18,9,5,5,14,10,11,2,4,4,0,0
15/12/2019,Arsenal,Man City,0,3,A,0,3,A,P Tierney,6,14,1,7,9,24,3,3,1,4,0,0
16/12/2019,Cagliari,Lazio,1,2,A,1,0,H,,9,13,4,7,11,11,2,9,4,3,0,0
16/12/2019,Crystal Palace,Brighton,1,1,D,0,0,D,C Pawson,11,15,4,10,7,12,3,7,1,1,0,0
17/12/2019,Werder Bremen,Mainz,0,5,A,0,4,A,,15,19,5,8,13,13,8,5,2,2,0,0
17/12/2019,Augsburg,Fortuna Dusseldorf,3,0,H,1,0,H,,12,6,7,2,10,15,4,2,3,4,0,0
17/12/2019,Dortmund,RB Leipzig,3,3,D,2,0,H,,14,12,6,8,9,5,12,3,0,0,0,0
17/12/2019,Union Berlin,Hoffenheim,0,2,A,0,0,D,,16,7,2,4,16,13,6,1,2,6,0,0
18/12/2019,Sampdoria,Juventus,1,2,A,1,2,A,,13,10,4,4,7,17,5,5,5,2,1,0
18/12/2019,Brescia,Sassuolo,0,2,A,0,1,A,,15,11,6,6,16,17,4,4,2,3,0,0
18/12/2019,Leverkusen,Hertha,0,1,A,0,0,D,,17,10,7,5,12,16,5,4,2,3,0,0
18/12/2019,Ein Frankfurt,FC Koln,2,4,A,2,1,H,,17,21,6,9,12,10,7,10,2,4,0,0
18/12/2019,Freiburg,Bayern Munich,1,3,A,0,1,A,,15,22,5,10,5,8,6,8,0,3,0,0
18/12/2019,M'gladbach,Paderborn,2,0,H,0,0,D,,17,12,6,2,6,14,8,4,2,3,0,0
18/12/2019,Wolfsburg,Schalke 04,1,1,D,0,0,D,,29,8,11,2,13,11,12,5,1,1,0,0
18/12/2019,Barcelona,Real Madrid,0,0,D,0,0,D,,9,17,2,4,5,17,2,6,3,5,0,0
20/12/2019,Fiorentina,Roma,1,4,A,1,2,A,,7,8,4,6,20,16,5,4,4,3,0,0
20/12/2019,Hoffenheim,Dortmund,2,1,H,0,1,A,,11,12,3,5,8,12,0,8,0,1,0,0
20/12/2019,Eibar,Granada,3,0,H,2,0,H,,21,12,7,1,17,13,5,5,3,3,0,0
21/12/2019,Udinese,Cagliari,2,1,H,1,0,H,,9,13,2,2,13,14,2,1,3,4,0,1
21/12/2019,Inter,Genoa,4,0,H,2,0,H,,12,7,9,4,11,12,6,3,1,4,0,0
21/12/2019,Torino,Spal,1,2,A,1,1,D,,7,7,6,4,24,16,10,3,5,5,1,0
21/12/2019,Bayern Munich,Wolfsburg,2,0,H,0,0,D,,18,10,8,3,7,7,12,6,2,2,0,0
21/12/2019,FC Koln,Werder Bremen,1,0,H,1,0,H,,7,6,1,1,11,18,1,7,1,4,0,0
21/12/2019,Mainz,Leverkusen,0,1,A,0,0,D,,17,14,2,4,8,8,6,6,0,2,0,1
21/12/2019,RB Leipzig,Augsburg,3,1,H,0,1,A,,22,6,7,2,7,9,10,4,1,3,0,0
21/12/2019,Schalke 04,Freiburg,2,2,D,1,0,H,,19,19,6,7,9,12,7,5,1,1,0,0
21/12/2019,Hertha,M'gladbach,0,0,D,0,0,D,,8,11,0,5,11,11,1,7,2,2,0,0
21/12/2019,Mallorca,Sevilla,0,2,A,0,1,A,,8,13,1,6,15,12,3,6,6,3,0,0
21/12/2019,Barcelona,Alaves,4,1,H,2,0,H,,8,5,4,3,10,11,3,4,2,4,0,0
21/12/2019,Villarreal,Getafe,1,0,H,0,0,D,,11,7,4,0,8,18,2,5,2,5,0,1
21/12/2019,Valladolid,Valencia,1,1,D,0,0,D,,14,5,6,2,10,12,5,4,0,3,0,0
21/12/2019,Dijon,Metz,2,2,D,2,1,H,,19,9,5,3,13,10,3,5,2,3,0,1
21/12/2019,Marseille,Nimes,3,1,H,0,0,D,,19,12,9,5,12,8,7,4,3,2,0,0
21/12/2019,Monaco,Lille,5,1,H,2,1,H,,15,9,6,4,10,15,5,6,5,1,1,0
21/12/2019,Montpellier,Brest,4,0,H,2,0,H,,17,17,6,4,12,15,3,2,1,1,0,0
21/12/2019,Nantes,Angers,1,2,A,1,0,H,,9,13,1,7,15,6,5,4,1,0,0,0
21/12/2019,Nice,Toulouse,3,0,H,3,0,H,,15,8,5,0,9,18,12,4,1,4,0,0
21/12/2019,Paris SG,Amiens,4,1,H,1,0,H,,22,8,10,3,16,10,7,3,0,1,0,0
21/12/2019,Reims,Lyon,1,1,D,1,1,D,,12,15,3,4,11,16,4,4,2,3,0,0
21/12/2019,Rennes,Bordeaux,1,0,H,0,0,D,,12,13,5,2,11,13,2,8,0,3,0,0
21/12/2019,Strasbourg,St Etienne,2,1,H,1,0,H,,5,6,3,1,16,13,2,7,3,2,0,0
21/12/2019,Everton,Arsenal,0,0,D,0,0,D,K Friend,9,6,0,2,10,11,5,4,2,3,0,0
21/12/2019,Aston Villa,Southampton,1,3,A,0,2,A,C Pawson,19,17,6,8,16,15,7,5,2,1,0,0
21/12/2019,Bournemouth,Burnley,0,1,A,0,0,D,M Atkinson,3,2,0,1,13,21,4,5,2,4,0,0
21/12/2019,Brighton,Sheffield United,0,1,A,0,1,A,R Jones,9,7,2,2,6,11,4,3,1,3,0,0
21/12/2019,Newcastle,Crystal Palace,1,0,H,0,0,D,S Hooper,8,16,3,4,12,11,4,5,2,0,0,0
21/12/2019,Norwich,Wolves,1,2,A,1,0,H,P Bankes,13,14,7,4,7,14,3,11,2,4,0,0
21/12/2019,Man City,Leicester,3,1,H,2,1,H,M Dean,23,5,12,2,14,9,6,1,2,2,0,0
22/12/2019,Atalanta,Milan,5,0,H,1,0,H,,14,4,12,1,7,12,5,2,2,4,0,0
22/12/2019,Lecce,Bologna,2,3,A,0,1,A,,7,19,3,16,17,18,6,2,3,3,0,0
22/12/2019,Parma,Brescia,1,1,D,0,0,D,,13,11,6,4,16,10,9,5,3,2,0,0
22/12/2019,Sassuolo,Napoli,1,2,A,1,0,H,,12,14,5,11,16,13,7,11,2,2,0,0
22/12/2019,Fortuna Dusseldorf,Union Berlin,2,1,H,1,0,H,,22,17,8,6,8,18,7,5,2,4,0,0
22/12/2019,Paderborn,Ein Frankfurt,2,1,H,2,0,H,,19,20,5,5,11,11,3,8,3,2,0,0
22/12/2019,Leganes,Espanol,2,0,H,1,0,H,,11,9,5,3,11,15,1,5,1,6,0,0
22/12/2019,Osasuna,Sociedad,3,4,A,1,3,A,,19,13,7,7,11,12,8,3,6,2,1,0
22/12/2019,Betis,Ath Madrid,1,2,A,0,0,D,,15,8,2,5,11,14,5,3,4,3,0,0
22/12/2019,Levante,Celta,3,1,H,0,1,A,,13,12,7,5,8,15,8,7,3,6,0,0
22/12/2019,Real Madrid,Ath Bilbao,0,0,D,0,0,D,,20,8,8,2,8,14,6,4,1,0,0,0
22/12/2019,Watford,Man United,2,0,H,0,0,D,L Mason,11,17,3,8,16,11,3,5,3,1,0,0
22/12/2019,Tottenham,Chelsea,0,2,A,0,2,A,A Taylor,5,13,1,3,9,11,3,5,4,3,1,0
26/12/2019,Tottenham,Brighton,2,1,H,0,1,A,G Scott,11,11,5,5,10,9,9,2,4,2,0,0
26/12/2019,Aston Villa,Norwich,1,0,H,0,0,D,C Kavanagh,11,16,2,6,15,12,5,8,2,3,0,0
26/12/2019,Bournemouth,Arsenal,1,1,D,1,0,H,S Attwell,12,17,4,2,5,13,8,3,4,4,0,0
26/12/2019,Chelsea,Southampton,0,2,A,0,1,A,J Moss,10,5,3,3,10,9,8,1,3,2,0,0
26/12/2019,Crystal Palace,West Ham,2,1,H,0,0,D,A Marriner,13,10,4,2,5,10,7,6,0,2,0,0
26/12/2019,Everton,Burnley,1,0,H,0,0,D,A Taylor,21,6,5,0,15,14,10,2,0,0,0,0
26/12/2019,Sheffield United,Watford,1,1,D,1,1,D,D Coote,16,5,4,2,11,8,9,1,1,3,0,0
26/12/2019,Man United,Newcastle,4,1,H,3,1,H,K Friend,22,7,10,2,10,7,5,0,2,2,0,0
26/12/2019,Leicester,Liverpool,0,4,A,0,1,A,M Oliver,3,15,0,6,5,7,2,8,1,1,0,0
27/12/2019,Wolves,Man City,3,2,H,0,1,A,M Atkinson,20,7,8,3,7,13,3,1,0,1,0,1
28/12/2019,Brighton,Bournemouth,2,0,H,1,0,H,P Tierney,16,10,6,2,8,11,9,2,0,2,0,0
28/12/2019,Newcastle,Everton,1,2,A,0,1,A,L Mason,20,22,5,9,13,13,5,8,2,2,0,0
28/12/2019,Southampton,Crystal Palace,1,1,D,0,0,D,A Madley,14,5,5,2,13,7,12,4,1,2,0,0
28/12/2019,Watford,Aston Villa,3,0,H,1,0,H,S Hooper,20,11,6,2,16,9,6,3,3,1,1,0
28/12/2019,Norwich,Tottenham,2,2,D,1,0,H,K Friend,5,15,2,7,12,10,4,6,3,3,0,0
28/12/2019,West Ham,Leicester,1,2,A,1,1,D,D Coote,14,13,4,8,16,4,5,5,4,1,0,0
28/12/2019,Burnley,Man United,0,2,A,0,1,A,M Dean,8,14,1,5,17,10,5,4,4,3,0,0
29/12/2019,Arsenal,Chelsea,1,2,A,1,0,H,C Pawson,7,13,2,4,13,19,2,3,5,4,0,0
29/12/2019,Liverpool,Wolves,1,0,H,1,0,H,A Taylor,10,10,3,2,7,3,5,6,1,0,0,0
29/12/2019,Man City,Sheffield United,2,0,H,0,0,D,C Kavanagh,16,8,4,0,5,6,8,5,1,1,0,0
01/01/2020,Brighton,Chelsea,1,1,D,0,1,A,S Attwell,16,16,5,5,8,15,5,3,2,3,0,0
01/01/2020,Burnley,Aston Villa,1,2,A,0,2,A,M Oliver,20,11,1,6,12,10,8,4,1,1,0,0
01/01/2020,Newcastle,Leicester,0,3,A,0,2,A,M Atkinson,5,17,2,10,8,12,4,5,1,1,0,0
01/01/2020,Southampton,Tottenham,1,0,H,1,0,H,M Dean,12,11,3,5,21,8,6,9,3,4,0,0
01/01/2020,Watford,Wolves,2,1,H,1,0,H,A Madley,9,16,3,4,12,6,4,7,3,1,1,0
01/01/2020,Man City,Everton,2,1,H,0,0,D,A Marriner,16,7,7,2,11,11,3,6,0,4,0,0
01/01/2020,Norwich,Crystal Palace,1,1,D,1,0,H,J Moss,15,12,4,3,12,9,2,5,5,0,0,0
01/01/2020,West Ham,Bournemouth,4,0,H,3,0,H,G Scott,14,3,7,2,3,12,9,2,1,2,0,0
01/01/2020,Arsenal,Man United,2,0,H,2,0,H,C Kavanagh,10,10,4,4,11,15,1,4,2,0,0,0
02/01/2020,Liverpool,Sheffield United,2,0,H,1,0,H,P Tierney,19,3,7,2,5,8,8,4,0,0,0,0
03/01/2020,Valladolid,Leganes,2,2,D,1,2,A,,14,12,5,5,16,13,4,3,3,2,0,0
03/01/2020,Sevilla,Ath Bilbao,1,1,D,0,1,A,,9,6,2,1,16,20,9,1,2,4,0,0
04/01/2020,Valencia,Eibar,1,0,H,1,0,H,,9,10,1,3,13,20,6,5,1,3,0,1
04/01/2020,Getafe,Real Madrid,0,3,A,0,1,A,,15,10,4,8,20,14,7,4,3,2,0,0
04/01/2020,Ath Madrid,Levante,2,1,H,2,1,H,,17,6,8,3,9,10,5,5,1,3,0,0
04/01/2020,Espanol,Barcelona,2,2,D,1,0,H,,8,14,3,7,17,11,4,5,2,2,0,1
05/01/2020,Brescia,Lazio,1,2,A,1,1,D,,4,15,3,7,12,24,2,5,5,4,1,0
05/01/2020,Spal,Verona,0,2,A,0,1,A,,12,14,2,9,8,15,3,4,1,1,1,0
05/01/2020,Genoa,Sassuolo,2,1,H,1,1,D,,10,6,7,3,23,14,1,6,4,6,0,0
05/01/2020,Roma,Torino,0,2,A,0,1,A,,25,9,11,6,10,21,14,3,5,2,0,0
05/01/2020,Granada,Mallorca,1,0,H,1,0,H,,7,17,4,5,23,11,3,4,5,1,0,0
05/01/2020,Sociedad,Villarreal,1,2,A,1,0,H,,10,14,2,2,16,14,7,2,5,4,0,0
05/01/2020,Alaves,Betis,1,1,D,1,0,H,,6,10,1,3,18,15,3,6,7,3,0,1
05/01/2020,Celta,Osasuna,1,1,D,0,0,D,,20,8,7,1,14,19,6,1,4,3,0,0
06/01/2020,Bologna,Fiorentina,1,1,D,0,1,A,,12,7,7,4,14,23,14,2,2,4,0,0
06/01/2020,Atalanta,Parma,5,0,H,3,0,H,,18,3,11,1,12,13,2,2,2,4,0,0
06/01/2020,Juventus,Cagliari,4,0,H,0,0,D,,15,5,11,3,9,15,3,2,1,1,0,0
06/01/2020,Milan,Sampdoria,0,0,D,0,0,D,,14,6,12,4,12,20,7,5,1,5,0,0
06/01/2020,Lecce,Udinese,0,1,A,0,0,D,,10,7,6,4,17,11,7,8,1,1,0,0
06/01/2020,Napoli,Inter,1,3,A,1,2,A,,18,9,8,8,10,22,3,4,0,6,0,0
10/01/2020,Rennes,Marseille,0,1,A,0,0,D,,9,10,2,4,15,17,4,1,2,5,0,0
10/01/2020,Sheffield United,West Ham,1,0,H,0,0,D,M Oliver,13,7,3,2,11,6,7,3,1,0,0,0
11/01/2020,Cagliari,Milan,0,2,A,0,0,D,,6,8,2,4,14,13,3,6,3,1,0,0
11/01/2020,Lazio,Napoli,1,0,H,0,0,D,,7,11,6,7,9,7,6,6,2,2,0,0
11/01/2020,Inter,Atalanta,1,1,D,1,0,H,,8,12,5,7,21,13,0,4,3,4,0,0
11/01/2020,Bordeaux,Lyon,1,2,A,1,0,H,,5,22,2,6,12,12,5,4,1,3,0,0
11/01/2020,Amiens,Montpellier,1,2,A,1,0,H,,7,11,3,4,18,13,4,1,2,1,0,0
11/01/2020,Angers,Nice,1,1,D,1,1,D,,16,8,9,2,11,12,7,2,1,3,0,0
11/01/2020,Metz,Strasbourg,1,0,H,0,0,D,,9,14,4,3,12,16,1,6,1,2,0,0
11/01/2020,Nimes,Reims,2,0,H,1,0,H,,13,6,4,2,17,26,5,3,1,5,0,1
11/01/2020,Toulouse,Brest,2,5,A,2,1,H,,12,15,5,9,19,10,5,6,1,0,0,0
11/01/2020,Crystal Palace,Arsenal,1,1,D,0,1,A,P Tierney,6,7,3,4,14,22,1,4,2,3,0,1
11/01/2020,Chelsea,Burnley,3,0,H,2,0,H,K Friend,18,7,8,2,7,4,10,3,0,3,0,0
11/01/2020,Everton,Brighton,1,0,H,1,0,H,D Coote,14,9,6,2,7,7,4,3,2,1,0,0
11/01/2020,Leicester,Southampton,1,2,A,1,1,D,L Mason,5,16,5,10,9,17,2,4,0,3,0,0
11/01/2020,Man United,Norwich,4,0,H,1,0,H,A Taylor,13,8,6,3,18,7,4,2,0,0,0,0
11/01/2020,Wolves,Newcastle,1,1,D,1,1,D,P Bankes,9,5,4,1,13,12,5,2,0,3,0,0
11/01/2020,Tottenham,Liverpool,0,1,A,0,1,A,M Atkinson,14,13,4,7,4,8,4,3,0,2,0,0
12/01/2020,Udinese,Sassuolo,3,0,H,1,0,H,,13,10,9,5,13,13,6,11,0,0,0,0
12/01/2020,Fiorentina,Spal,1,0,H,0,0,D,,11,9,5,3,18,10,3,4,1,1,0,0
12/01/2020,Sampdoria,Brescia,5,1,H,2,1,H,,22,9,11,5,14,7,4,2,2,3,0,0
12/01/2020,Torino,Bologna,1,0,H,1,0,H,,4,10,3,7,16,14,3,9,6,3,0,0
12/01/2020,Verona,Genoa,2,1,H,0,1,A,,11,3,9,3,14,22,4,2,3,6,0,0
12/01/2020,Roma,Juventus,1,2,A,0,2,A,,16,5,9,4,12,13,13,2,6,3,0,0
12/01/2020,St Etienne,Nantes,0,2,A,0,1,A,,10,11,1,4,14,10,2,1,2,1,0,0
12/01/2020,Dijon,Lille,1,0,H,0,0,D,,15,12,7,6,11,20,2,7,2,4,1,1
12/01/2020,Paris SG,Monaco,3,3,D,3,2,H,,13,16,6,6,6,9,7,7,0,3,0,0
12/01/2020,Bournemouth,Watford,0,3,A,0,1,A,M Dean,10,18,1,6,3,13,5,5,1,1,0,0
12/01/2020,Aston Villa,Man City,1,6,A,0,4,A,J Moss,7,22,1,12,5,12,2,4,2,1,0,0
13/01/2020,Parma,Lecce,2,0,H,0,0,D,,9,11,5,6,19,10,6,5,4,2,0,0
15/01/2020,Amiens,Reims,1,1,D,0,1,A,,6,6,3,1,26,16,2,1,1,3,0,0
15/01/2020,Nimes,Rennes,0,1,A,0,0,D,,6,8,1,2,23,20,3,2,1,3,0,0
15/01/2020,Monaco,Paris SG,1,4,A,0,2,A,,13,17,4,12,9,14,3,5,2,3,0,0
17/01/2020,Schalke 04,M'gladbach,2,0,H,0,0,D,,13,14,7,5,13,17,8,8,3,4,0,0
17/01/2020,Leganes,Getafe,0,3,A,0,3,A,,8,8,2,4,22,18,4,4,6,4,0,0
18/01/2020,Lazio,Sampdoria,5,1,H,3,0,H,,16,6,12,4,12,13,6,4,1,2,0,1
18/01/2020,Sassuolo,Torino,2,1,H,0,1,A,,7,7,6,3,13,15,13,6,2,4,0,0
18/01/2020,Napoli,Fiorentina,0,2,A,0,1,A,,10,9,5,5,7,10,4,5,2,2,0,0
18/01/2020,Augsburg,Dortmund,3,5,A,1,0,H,,13,17,5,8,4,5,2,6,0,1,0,0
18/01/2020,FC Koln,Wolfsburg,3,1,H,2,0,H,,12,17,7,8,11,18,8,5,3,3,0,0
18/01/2020,Fortuna Dusseldorf,Werder Bremen,0,1,A,0,0,D,,17,13,2,4,16,12,6,4,4,5,0,1
18/01/2020,Hoffenheim,Ein Frankfurt,1,2,A,0,1,A,,12,13,5,3,10,13,8,6,2,2,0,0
18/01/2020,Mainz,Freiburg,1,2,A,0,2,A,,24,13,8,5,15,10,7,5,4,2,0,0
18/01/2020,RB Leipzig,Union Berlin,3,1,H,0,1,A,,19,15,8,5,6,18,4,4,1,3,0,0
18/01/2020,Levante,Alaves,0,1,A,0,0,D,,20,14,3,6,12,20,7,6,2,4,0,0
18/01/2020,Real Madrid,Sevilla,2,1,H,0,0,D,,13,8,4,3,17,12,2,4,3,1,0,0
18/01/2020,Osasuna,Valladolid,0,0,D,0,0,D,,21,5,5,3,16,10,9,1,2,2,0,0
18/01/2020,Eibar,Ath Madrid,2,0,H,1,0,H,,9,12,4,4,16,14,6,7,1,2,0,0
18/01/2020,Watford,Tottenham,0,0,D,0,0,D,M Oliver,15,17,2,5,13,13,3,3,2,3,0,0
18/01/2020,Arsenal,Sheffield United,1,1,D,1,0,H,M Dean,11,12,4,4,9,13,4,5,1,2,0,0
18/01/2020,Brighton,Aston Villa,1,1,D,1,0,H,A Madley,10,8,2,3,11,13,3,4,3,3,0,0
18/01/2020,Man City,Crystal Palace,2,2,D,0,1,A,S Scott,25,5,6,3,9,7,14,2,1,2,0,0
18/01/2020,Norwich,Bournemouth,1,0,H,1,0,H,P Tierney,16,6,5,3,10,10,4,5,2,2,1,1
18/01/2020,Southampton,Wolves,2,3,A,2,0,H,D England,11,8,5,4,13,12,1,3,2,1,0,0
18/01/2020,West Ham,Everton,1,1,D,1,1,D,A Marriner,12,11,6,3,11,13,7,6,1,0,0,0
18/01/2020,Newcastle,Chelsea,1,0,H,0,0,D,C Kavanagh,7,19,2,4,9,14,1,10,1,1,0,0
19/01/2020,Milan,Udinese,3,2,H,0,1,A,,19,10,10,7,17,8,9,3,5,1,0,0
19/01/2020,Bologna,Verona,1,1,D,1,0,H,,5,11,3,8,20,16,3,8,6,2,1,0
19/01/2020,Brescia,Cagliari,2,2,D,1,1,D,,9,18,6,10,10,18,2,7,4,4,1,0
19/01/2020,Lecce,Inter,1,1,D,0,0,D,,8,16,3,10,11,9,3,14,2,2,0,0
19/01/2020,Genoa,Roma,1,3,A,1,2,A,,9,14,8,7,12,13,7,3,2,3,0,0
19/01/2020,Juventus,Parma,2,1,H,1,0,H,,14,8,6,7,12,10,10,6,0,1,0,0
19/01/2020,Hertha,Bayern Munich,0,4,A,0,0,D,,6,20,1,10,7,14,0,4,3,1,0,0
19/01/2020,Paderborn,Leverkusen,1,4,A,0,3,A,,13,12,7,7,8,12,6,4,4,1,0,0
19/01/2020,Mallorca,Valencia,4,1,H,3,0,H,,13,8,6,1,18,11,1,6,4,4,0,1
19/01/2020,Betis,Sociedad,3,0,H,2,0,H,,14,7,6,0,8,10,6,2,3,1,0,0
19/01/2020,Villarreal,Espanol,1,2,A,0,1,A,,21,16,5,5,15,18,4,4,1,3,0,1
19/01/2020,Ath Bilbao,Celta,1,1,D,0,0,D,,22,7,6,3,18,12,13,0,4,3,0,0
19/01/2020,Barcelona,Granada,1,0,H,0,0,D,,18,5,6,1,11,17,7,0,0,4,0,1
19/01/2020,Burnley,Leicester,2,1,H,0,1,A,A Taylor,8,18,5,8,14,8,4,5,1,0,0,0
19/01/2020,Liverpool,Man United,2,0,H,1,0,H,C Pawson,16,9,5,4,7,10,11,5,1,3,0,0
20/01/2020,Atalanta,Spal,1,2,A,1,0,H,,14,13,8,7,15,17,8,4,2,3,0,0
21/01/2020,Aston Villa,Watford,2,1,H,0,1,A,M Atkinson,16,8,5,2,11,18,6,3,2,2,0,0
21/01/2020,Bournemouth,Brighton,3,1,H,2,0,H,K Friend,11,21,3,8,9,12,5,8,1,1,0,0
21/01/2020,Crystal Palace,Southampton,0,2,A,0,1,A,A Marriner,6,15,0,6,12,13,0,8,1,2,0,0
21/01/2020,Everton,Newcastle,2,2,D,1,0,H,S Hooper,17,8,8,2,13,10,6,4,1,1,0,0
21/01/2020,Sheffield United,Man City,0,1,A,0,0,D,L Mason,4,18,1,5,13,13,5,13,4,3,0,0
21/01/2020,Chelsea,Arsenal,2,2,D,1,0,H,S Attwell,19,2,8,2,11,6,17,5,2,1,0,1
22/01/2020,Leicester,West Ham,4,1,H,2,0,H,D Coote,19,6,8,2,10,19,7,8,1,1,0,0
22/01/2020,Tottenham,Norwich,2,1,H,1,0,H,C Kavanagh,14,12,3,2,12,7,7,3,0,1,0,0
22/01/2020,Man United,Burnley,0,2,A,0,1,A,J Moss,24,5,7,2,11,7,5,2,0,2,0,0
23/01/2020,Wolves,Liverpool,1,2,A,0,1,A,M Oliver,10,13,3,6,6,11,2,4,0,1,0,0
24/01/2020,Brescia,Milan,0,1,A,0,0,D,,13,10,7,5,12,15,7,3,2,4,0,0
24/01/2020,Dortmund,FC Koln,5,1,H,2,0,H,,14,11,9,5,6,7,1,3,1,1,0,0
24/01/2020,Osasuna,Levante,2,0,H,0,0,D,,15,6,3,2,18,11,5,5,3,3,0,0
24/01/2020,Nice,Rennes,1,1,D,0,0,D,,23,21,4,5,13,14,9,8,0,1,0,0
25/01/2020,Spal,Bologna,1,3,A,1,1,D,,9,12,5,6,16,15,5,9,4,3,0,0
25/01/2020,Fiorentina,Genoa,0,0,D,0,0,D,,15,8,6,6,18,21,7,6,4,3,0,0
25/01/2020,Torino,Atalanta,0,7,A,0,3,A,,6,17,4,15,17,12,4,12,3,2,2,0
25/01/2020,Ein Frankfurt,RB Leipzig,2,0,H,0,0,D,,7,22,5,4,8,10,4,6,1,2,0,0
25/01/2020,Freiburg,Paderborn,0,2,A,0,0,D,,19,15,5,3,11,7,6,6,4,4,0,1
25/01/2020,M'gladbach,Mainz,3,1,H,1,1,D,,15,12,5,9,7,14,6,3,2,3,0,0
25/01/2020,Union Berlin,Augsburg,2,0,H,0,0,D,,12,25,3,7,18,9,4,5,4,1,0,0
25/01/2020,Wolfsburg,Hertha,1,2,A,0,0,D,,20,9,7,4,8,8,9,4,0,1,0,0
25/01/2020,Bayern Munich,Schalke 04,5,0,H,2,0,H,,24,7,14,1,3,4,9,2,0,0,0,0
25/01/2020,Espanol,Ath Bilbao,1,1,D,0,1,A,,9,11,3,3,14,14,2,3,3,1,0,0
25/01/2020,Valencia,Barcelona,2,0,H,0,0,D,,8,14,6,5,13,16,2,0,1,3,0,0
25/01/2020,Alaves,Villarreal,1,2,A,0,1,A,,12,11,6,6,10,12,7,4,2,1,0,0
25/01/2020,Sevilla,Granada,2,0,H,2,0,H,,12,8,4,1,13,18,3,6,4,1,0,0
25/01/2020,Marseille,Angers,0,0,D,0,0,D,,9,4,2,0,17,13,4,2,1,2,0,0
25/01/2020,Brest,Amiens,2,1,H,0,0,D,,10,8,3,3,13,17,2,7,2,4,0,0
25/01/2020,Monaco,Strasbourg,1,3,A,0,1,A,,12,11,3,7,8,9,5,5,1,0,0,0
25/01/2020,Montpellier,Dijon,2,1,H,0,0,D,,16,6,5,2,16,15,3,1,2,2,0,1
25/01/2020,Reims,Metz,0,1,A,0,1,A,,16,7,2,4,11,9,11,1,1,1,0,0
25/01/2020,St Etienne,Nimes,2,1,H,2,1,H,,13,12,6,4,19,16,6,5,3,2,0,0
26/01/2020,Inter,Cagliari,1,1,D,1,0,H,,14,8,5,3,10,10,4,6,4,1,2,0
26/01/2020,Parma,Udinese,2,0,H,2,0,H,,10,15,5,5,12,9,5,11,2,3,0,0
26/01/2020,Sampdoria,Sassuolo,0,0,D,0,0,D,,15,6,5,2,16,9,6,3,4,1,0,1
26/01/2020,Verona,Lecce,3,0,H,2,0,H,,9,3,5,1,16,11,5,0,2,3,0,1
26/01/2020,Roma,Lazio,1,1,D,1,1,D,,16,3,7,2,11,12,7,1,3,4,0,0
26/01/2020,Napoli,Juventus,2,1,H,0,0,D,,11,7,4,5,14,14,3,2,2,5,0,0
26/01/2020,Werder Bremen,Hoffenheim,0,3,A,0,0,D,,16,9,3,4,14,15,7,4,2,2,0,0
26/01/2020,Leverkusen,Fortuna Dusseldorf,3,0,H,1,0,H,,25,12,11,3,11,10,8,5,0,3,0,0
26/01/2020,Ath Madrid,Leganes,0,0,D,0,0,D,,14,10,3,4,10,19,7,6,2,6,0,1
26/01/2020,Celta,Eibar,0,0,D,0,0,D,,18,5,5,3,9,16,6,3,1,0,0,0
26/01/2020,Getafe,Betis,1,0,H,0,0,D,,7,8,3,1,19,12,8,4,2,4,0,1
26/01/2020,Sociedad,Mallorca,3,0,H,0,0,D,,14,8,5,4,15,7,7,3,0,2,0,0
26/01/2020,Valladolid,Real Madrid,0,1,A,0,0,D,,4,12,0,3,7,11,3,5,1,3,0,0
26/01/2020,Lyon,Toulouse,3,0,H,1,0,H,,13,10,5,4,8,5,8,2,0,1,0,0
26/01/2020,Nantes,Bordeaux,0,1,A,0,0,D,,7,11,0,2,11,14,0,2,3,2,1,0
26/01/2020,Lille,Paris SG,0,2,A,0,1,A,,9,12,2,5,20,10,6,3,3,1,0,0
29/01/2020,West Ham,Liverpool,0,2,A,0,1,A,J Moss,7,13,4,5,6,6,3,7,2,0,0,0
31/01/2020,Hertha,Schalke 04,0,0,D,0,0,D,,9,13,0,5,9,9,3,7,1,1,0,0
31/01/2020,Rennes,Nantes,3,2,H,0,0,D,,13,8,9,5,13,17,5,5,5,4,0,0
01/02/2020,Bologna,Brescia,2,1,H,1,1,D,,17,3,7,1,17,14,6,3,3,2,0,0
01/02/2020,Cagliari,Parma,2,2,D,1,1,D,,21,17,11,5,12,15,8,7,3,2,0,0
01/02/2020,Sassuolo,Roma,4,2,H,3,0,H,,16,19,9,9,6,19,5,11,1,7,0,1
01/02/2020,Augsburg,Werder Bremen,2,1,H,0,1,A,,14,7,4,1,8,17,5,3,2,5,0,0
01/02/2020,Dortmund,Union Berlin,5,0,H,2,0,H,,13,5,7,0,7,8,5,3,0,1,0,0
01/02/2020,Fortuna Dusseldorf,Ein Frankfurt,1,1,D,0,0,D,,8,6,1,4,6,12,4,4,2,1,0,0
01/02/2020,Hoffenheim,Leverkusen,2,1,H,1,1,D,,14,22,6,11,8,10,4,10,3,3,0,1
01/02/2020,Mainz,Bayern Munich,1,3,A,1,3,A,,8,13,3,5,12,9,6,4,3,1,0,0
01/02/2020,RB Leipzig,M'gladbach,2,2,D,0,2,A,,18,7,8,4,12,13,4,4,1,6,0,1
01/02/2020,Granada,Espanol,2,1,H,1,1,D,,8,22,2,4,15,17,3,9,3,3,0,0
01/02/2020,Real Madrid,Ath Madrid,1,0,H,0,0,D,,16,4,5,1,18,11,5,6,2,3,0,0
01/02/2020,Mallorca,Valladolid,0,1,A,0,0,D,,16,15,4,7,11,10,8,5,4,1,0,0
01/02/2020,Valencia,Celta,1,0,H,0,0,D,,9,11,5,4,14,20,4,7,6,3,0,0
01/02/2020,Paris SG,Montpellier,5,0,H,3,0,H,,20,6,9,2,16,16,12,2,4,4,0,2
01/02/2020,Amiens,Toulouse,0,0,D,0,0,D,,9,12,4,1,14,15,8,4,3,2,0,0
01/02/2020,Angers,Reims,1,4,A,1,1,D,,15,12,4,4,15,13,2,4,1,2,0,0
01/02/2020,Dijon,Brest,3,0,H,2,0,H,,12,19,5,4,9,17,6,6,0,1,0,0
01/02/2020,Nimes,Monaco,3,1,H,1,1,D,,22,6,8,4,13,10,7,1,4,3,0,2
01/02/2020,Strasbourg,Lille,1,2,A,1,0,H,,13,9,3,4,12,22,3,7,1,4,0,0
01/02/2020,Leicester,Chelsea,2,2,D,0,0,D,L Mason,14,7,4,3,16,14,4,6,2,2,0,0
01/02/2020,Bournemouth,Aston Villa,2,1,H,2,0,H,A Taylor,16,18,6,5,10,15,1,8,1,3,1,0
01/02/2020,Crystal Palace,Sheffield United,0,1,A,0,0,D,A Madley,13,10,3,3,9,15,9,5,3,2,0,0
01/02/2020,Liverpool,Southampton,4,0,H,0,0,D,K Friend,16,17,9,4,9,15,6,11,0,2,0,0
01/02/2020,Newcastle,Norwich,0,0,D,0,0,D,M Atkinson,15,19,5,4,10,15,8,12,2,1,0,0
01/02/2020,Watford,Everton,2,3,A,2,2,D,C Pawson,11,12,2,5,17,14,4,4,2,2,0,1
01/02/2020,West Ham,Brighton,3,3,D,2,0,H,M Oliver,12,19,6,6,8,9,4,6,1,1,0,0
01/02/2020,Man United,Wolves,0,0,D,0,0,D,P Tierney,15,14,5,3,14,15,4,6,3,2,0,0
02/02/2020,Juventus,Fiorentina,3,0,H,1,0,H,,8,7,8,5,9,13,10,5,1,4,0,0
02/02/2020,Atalanta,Genoa,2,2,D,2,2,D,,17,9,10,5,19,19,7,1,2,6,0,1
02/02/2020,Lazio,Spal,5,1,H,4,0,H,,12,10,10,5,9,7,5,2,1,2,0,0
02/02/2020,Milan,Verona,1,1,D,1,1,D,,17,8,6,6,11,12,9,3,1,4,0,1
02/02/2020,Lecce,Torino,4,0,H,2,0,H,,14,11,11,4,14,23,5,3,3,3,0,0
02/02/2020,Udinese,Inter,0,2,A,0,0,D,,11,14,4,10,10,16,3,2,2,2,0,0
02/02/2020,FC Koln,Freiburg,4,0,H,1,0,H,,24,9,9,2,13,9,10,6,3,1,0,0
02/02/2020,Paderborn,Wolfsburg,2,4,A,1,2,A,,10,9,7,5,15,17,3,7,3,3,1,0
02/02/2020,Leganes,Sociedad,2,1,H,0,1,A,,12,2,5,1,24,19,3,1,4,3,0,0
02/02/2020,Eibar,Betis,1,1,D,1,1,D,,8,14,3,6,15,16,2,7,2,2,0,0
02/02/2020,Ath Bilbao,Getafe,0,2,A,0,1,A,,8,9,2,3,11,19,5,4,2,5,0,0
02/02/2020,Sevilla,Alaves,1,1,D,0,0,D,,14,4,3,3,13,12,6,1,2,1,0,0
02/02/2020,Villarreal,Osasuna,3,1,H,1,0,H,,9,17,4,5,19,15,4,6,3,2,0,0
02/02/2020,Barcelona,Levante,2,1,H,2,0,H,,23,10,9,5,6,10,8,3,2,0,0,0
02/02/2020,Nice,Lyon,2,1,H,1,1,D,,12,14,7,7,17,9,4,10,3,2,1,1
02/02/2020,Metz,St Etienne,3,1,H,1,0,H,,10,17,6,7,11,18,3,8,0,2,0,0
02/02/2020,Bordeaux,Marseille,0,0,D,0,0,D,,12,16,3,4,10,14,3,10,2,2,0,0
02/02/2020,Burnley,Arsenal,0,0,D,0,0,D,C Kavanagh,15,13,2,2,8,11,5,7,1,3,0,0
02/02/2020,Tottenham,Man City,2,0,H,0,0,D,M Dean,3,18,3,5,8,14,2,6,2,3,0,1
03/02/2020,Sampdoria,Napoli,2,4,A,1,2,A,,12,12,10,10,17,6,4,6,4,3,0,0
04/02/2020,Lille,Rennes,1,0,H,1,0,H,,14,11,3,4,15,16,5,2,3,1,0,0
04/02/2020,Monaco,Angers,1,0,H,1,0,H,,6,16,3,4,13,8,1,8,2,2,0,0
04/02/2020,Nantes,Paris SG,1,2,A,0,1,A,,15,19,5,7,9,21,4,7,2,4,0,0
05/02/2020,Lazio,Verona,0,0,D,0,0,D,,12,12,6,6,12,15,6,7,3,2,0,0
05/02/2020,Brest,Bordeaux,1,1,D,0,1,A,,17,13,3,5,14,5,8,5,2,0,1,0
05/02/2020,Lyon,Amiens,0,0,D,0,0,D,,10,7,3,2,8,14,5,3,1,2,0,0
05/02/2020,Montpellier,Metz,1,1,D,1,0,H,,12,18,7,8,13,16,6,8,2,1,0,0
05/02/2020,Nimes,Dijon,2,0,H,2,0,H,,11,10,5,3,17,27,2,2,0,3,0,0
05/02/2020,Reims,Nice,1,1,D,0,0,D,,15,5,4,4,11,7,9,6,2,0,0,0
05/02/2020,Toulouse,Strasbourg,0,1,A,0,0,D,,12,15,1,6,7,10,5,2,1,2,0,0
05/02/2020,St Etienne,Marseille,0,2,A,0,1,A,,11,5,3,3,8,11,6,2,2,4,0,0
07/02/2020,Roma,Bologna,2,3,A,1,2,A,,14,12,10,8,11,16,6,6,2,4,1,0
07/02/2020,Ein Frankfurt,Augsburg,5,0,H,1,0,H,,13,8,9,5,7,5,1,4,1,0,0,0
07/02/2020,Alaves,Eibar,2,1,H,0,0,D,,9,5,5,1,16,10,3,5,3,2,0,0
07/02/2020,Angers,Lille,0,2,A,0,1,A,,9,12,1,4,10,15,6,2,4,3,0,0
08/02/2020,Fiorentina,Atalanta,1,2,A,1,0,H,,5,13,3,7,20,13,4,3,2,2,0,0
08/02/2020,Torino,Sampdoria,1,3,A,0,0,D,,2,8,2,6,16,19,2,3,3,5,1,0
08/02/2020,Verona,Juventus,2,1,H,0,0,D,,9,10,5,5,11,18,3,4,2,3,0,0
08/02/2020,Freiburg,Hoffenheim,1,0,H,1,0,H,,12,21,6,6,10,13,5,10,3,3,0,0
08/02/2020,Hertha,Mainz,1,3,A,0,1,A,,13,10,3,3,13,16,10,1,4,1,1,0
08/02/2020,Schalke 04,Paderborn,1,1,D,0,0,D,,15,15,4,4,6,8,11,10,2,3,0,0
08/02/2020,Werder Bremen,Union Berlin,0,2,A,0,0,D,,14,11,3,5,7,16,5,5,4,3,0,0
08/02/2020,Wolfsburg,Fortuna Dusseldorf,1,1,D,0,1,A,,9,10,5,2,10,14,3,5,0,1,1,0
08/02/2020,Leverkusen,Dortmund,4,3,H,2,2,D,,9,12,5,6,9,10,3,7,2,1,0,0
08/02/2020,Levante,Leganes,2,0,H,2,0,H,,9,12,5,4,18,15,2,2,2,3,0,0
08/02/2020,Getafe,Valencia,3,0,H,0,0,D,,22,5,10,0,12,6,10,0,4,4,0,1
08/02/2020,Valladolid,Villarreal,1,1,D,1,0,H,,8,8,1,3,14,22,2,4,3,3,0,0
08/02/2020,Ath Madrid,Granada,1,0,H,1,0,H,,6,10,3,2,16,19,2,3,4,6,0,0
08/02/2020,Marseille,Toulouse,1,0,H,0,0,D,,12,10,3,3,6,8,5,5,1,2,0,0
08/02/2020,Amiens,Monaco,1,2,A,1,0,H,,8,12,1,6,14,17,3,9,1,3,0,0
08/02/2020,Dijon,Nantes,3,3,D,2,2,D,,17,8,4,2,8,11,9,4,2,2,0,0
08/02/2020,Metz,Bordeaux,1,2,A,1,0,H,,11,15,4,5,5,11,5,13,2,2,1,0
08/02/2020,Nice,Nimes,1,3,A,1,1,D,,6,10,3,5,8,13,1,7,2,4,1,0
08/02/2020,Rennes,Brest,0,0,D,0,0,D,,17,8,2,3,7,14,6,0,2,4,0,0
08/02/2020,Everton,Crystal Palace,3,1,H,1,0,H,D Coote,14,10,8,2,11,12,4,6,0,1,0,0
08/02/2020,Brighton,Watford,1,1,D,0,1,A,K Friend,10,5,2,2,9,12,3,2,2,2,0,0
09/02/2020,Spal,Sassuolo,1,2,A,1,0,H,,10,16,5,9,16,16,1,6,2,4,0,0
09/02/2020,Brescia,Udinese,1,1,D,0,0,D,,9,16,7,8,8,17,4,9,0,3,0,0
09/02/2020,Genoa,Cagliari,1,0,H,1,0,H,,8,8,5,6,15,15,5,3,3,6,0,0
09/02/2020,Napoli,Lecce,2,3,A,0,1,A,,19,13,9,10,14,10,10,4,5,3,0,0
09/02/2020,Parma,Lazio,0,1,A,0,1,A,,16,17,6,6,13,10,7,6,4,3,0,0
09/02/2020,Inter,Milan,4,2,H,0,2,A,,14,8,11,5,6,13,7,6,4,2,0,0
09/02/2020,Bayern Munich,RB Leipzig,0,0,D,0,0,D,,10,8,3,1,8,12,11,3,2,2,0,0
09/02/2020,Espanol,Mallorca,1,0,H,0,0,D,,12,7,7,3,26,15,1,7,6,2,0,0
09/02/2020,Sociedad,Ath Bilbao,2,1,H,0,0,D,,14,6,4,3,7,15,4,4,2,2,0,1
09/02/2020,Osasuna,Real Madrid,1,4,A,1,2,A,,14,17,4,7,11,15,4,3,2,2,0,0
09/02/2020,Celta,Sevilla,2,1,H,0,1,A,,13,12,7,4,16,14,3,4,3,2,0,0
09/02/2020,Betis,Barcelona,2,3,A,2,2,D,,7,10,3,6,21,17,0,8,5,5,1,1
09/02/2020,Montpellier,St Etienne,1,0,H,1,0,H,,8,17,3,5,16,15,3,6,1,3,1,0
09/02/2020,Strasbourg,Reims,3,0,H,0,0,D,,12,5,5,0,13,12,9,8,1,2,0,0
09/02/2020,Paris SG,Lyon,4,2,H,2,0,H,,16,7,5,2,11,14,6,3,1,2,0,0
09/02/2020,Sheffield United,Bournemouth,2,1,H,1,1,D,J Moss,16,10,6,2,10,8,8,4,2,2,0,0
14/02/2020,Dortmund,Ein Frankfurt,4,0,H,1,0,H,,17,1,7,0,7,3,5,0,0,1,0,0
14/02/2020,Valencia,Ath Madrid,2,2,D,1,2,A,,9,8,3,3,12,16,11,4,3,3,0,0
14/02/2020,Monaco,Montpellier,1,0,H,0,0,D,,16,13,2,2,13,8,2,4,1,2,0,0
14/02/2020,Wolves,Leicester,0,0,D,0,0,D,M Dean,15,9,3,3,13,10,7,0,2,2,0,1
15/02/2020,Lecce,Spal,2,1,H,1,0,H,,8,13,4,5,13,23,4,8,5,3,0,0
15/02/2020,Bologna,Genoa,0,3,A,0,2,A,,11,5,6,5,19,13,4,4,3,5,2,0
15/02/2020,Atalanta,Roma,2,1,H,0,1,A,,11,5,7,1,11,15,5,2,1,5,0,0
15/02/2020,Augsburg,Freiburg,1,1,D,1,0,H,,10,20,3,5,19,5,0,3,4,1,0,0
15/02/2020,Hoffenheim,Wolfsburg,2,3,A,1,1,D,,14,15,6,6,7,12,4,4,2,2,0,0
15/02/2020,Paderborn,Hertha,1,2,A,0,1,A,,20,17,4,6,14,12,5,8,2,2,0,0
15/02/2020,RB Leipzig,Werder Bremen,3,0,H,2,0,H,,10,8,3,1,10,12,8,1,1,1,0,0
15/02/2020,Union Berlin,Leverkusen,2,3,A,1,1,D,,20,12,7,5,9,12,6,4,2,2,0,0
15/02/2020,Fortuna Dusseldorf,M'gladbach,1,4,A,1,1,D,,9,17,4,6,10,10,2,5,2,2,0,0
15/02/2020,Mallorca,Alaves,1,0,H,0,0,D,,14,10,6,0,16,15,8,5,0,2,0,0
15/02/2020,Barcelona,Getafe,2,1,H,2,0,H,,12,7,5,2,12,30,2,3,3,2,0,0
15/02/2020,Villarreal,Levante,2,1,H,1,0,H,,14,11,6,2,15,15,5,10,3,1,0,0
15/02/2020,Granada,Valladolid,2,1,H,0,0,D,,11,6,5,4,19,13,10,5,3,2,0,0
15/02/2020,Amiens,Paris SG,4,4,D,3,1,H,,11,15,5,10,21,10,2,6,3,2,0,0
15/02/2020,Bordeaux,Dijon,2,2,D,1,1,D,,11,6,2,3,12,10,13,1,1,1,0,0
15/02/2020,Nantes,Metz,0,0,D,0,0,D,,18,7,7,2,14,11,11,6,0,1,0,1
15/02/2020,Nimes,Angers,1,0,H,0,0,D,,11,10,2,0,7,16,7,5,1,2,0,1
15/02/2020,Toulouse,Nice,0,2,A,0,1,A,,19,14,5,4,14,9,7,5,2,0,2,0
15/02/2020,Southampton,Burnley,1,2,A,1,1,D,S Hooper,10,9,2,6,8,11,4,3,2,2,0,0
15/02/2020,Norwich,Liverpool,0,1,A,0,0,D,S Attwell,5,17,1,6,5,11,2,7,1,2,0,0
16/02/2020,Udinese,Verona,0,0,D,0,0,D,,10,9,6,6,13,17,9,6,1,2,0,0
16/02/2020,Juventus,Brescia,2,0,H,1,0,H,,20,5,11,2,12,8,16,2,3,2,0,1
16/02/2020,Sampdoria,Fiorentina,1,5,A,0,3,A,,13,12,8,9,13,13,7,3,5,4,1,1
16/02/2020,Sassuolo,Parma,0,1,A,0,1,A,,10,6,5,6,14,19,5,3,5,4,0,0
16/02/2020,Cagliari,Napoli,0,1,A,0,0,D,,10,12,4,4,14,11,2,3,3,1,0,0
16/02/2020,Lazio,Inter,2,1,H,0,1,A,,11,9,6,6,13,15,6,6,5,2,0,0
16/02/2020,FC Koln,Bayern Munich,1,4,A,0,3,A,,13,26,6,8,12,10,1,6,1,3,0,0
16/02/2020,Mainz,Schalke 04,0,0,D,0,0,D,,15,8,5,3,7,11,3,6,2,2,0,0
16/02/2020,Sevilla,Espanol,2,2,D,1,1,D,,18,5,6,3,17,9,9,2,3,4,0,1
16/02/2020,Leganes,Betis,0,0,D,0,0,D,,11,3,1,2,15,20,4,2,5,3,0,1
16/02/2020,Ath Bilbao,Osasuna,0,1,A,0,1,A,,12,6,2,2,14,20,4,0,4,4,0,0
16/02/2020,Real Madrid,Celta,2,2,D,0,1,A,,15,5,4,3,10,10,9,3,2,2,0,0
16/02/2020,Lyon,Strasbourg,1,1,D,1,1,D,,5,7,2,1,17,14,3,2,3,1,0,0
16/02/2020,Brest,St Etienne,3,2,H,3,0,H,,10,11,3,4,11,11,0,5,2,3,0,0
16/02/2020,Reims,Rennes,1,0,H,0,0,D,,11,4,3,2,14,17,7,2,1,1,0,0
16/02/2020,Lille,Marseille,1,2,A,0,0,D,,13,5,3,2,16,12,4,5,0,5,0,0
16/02/2020,Aston Villa,Tottenham,2,3,A,1,2,A,M Atkinson,18,23,4,10,12,10,12,7,2,0,0,0
16/02/2020,Arsenal,Newcastle,4,0,H,0,0,D,L Mason,15,10,7,2,15,9,5,6,2,0,0,0
17/02/2020,Milan,Torino,1,0,H,1,0,H,,9,6,3,1,16,11,9,5,3,3,0,0
17/02/2020,Chelsea,Man United,0,2,A,0,1,A,A Taylor,17,9,1,3,11,11,9,8,4,3,0,0
19/02/2020,Man City,West Ham,2,0,H,1,0,H,K Friend,20,3,7,0,5,7,6,1,0,1,0,0
21/02/2020,Brescia,Napoli,1,2,A,1,0,H,,8,7,1,5,16,14,4,4,3,3,0,0
21/02/2020,Bayern Munich,Paderborn,3,2,H,1,1,D,,18,5,9,4,3,9,11,1,1,3,0,0
21/02/2020,Betis,Mallorca,3,3,D,2,2,D,,19,11,6,4,13,12,7,1,2,1,0,0
21/02/2020,Nice,Brest,2,2,D,2,1,H,,19,9,6,3,7,4,9,3,3,0,0,0
21/02/2020,Metz,Lyon,0,2,A,0,1,A,,7,12,0,6,8,14,5,4,2,1,1,0
22/02/2020,Bologna,Udinese,1,1,D,0,1,A,,12,4,3,3,13,12,7,5,1,2,0,0
22/02/2020,Spal,Juventus,1,2,A,0,1,A,,10,17,5,9,25,15,3,4,4,2,0,0
22/02/2020,Fiorentina,Milan,1,1,D,0,0,D,,11,5,7,3,11,15,4,3,1,3,1,0
22/02/2020,Freiburg,Fortuna Dusseldorf,0,2,A,0,1,A,,15,9,4,4,13,10,7,4,1,4,0,0
22/02/2020,Hertha,FC Koln,0,5,A,0,3,A,,9,17,1,11,12,10,5,3,2,2,0,0
22/02/2020,M'gladbach,Hoffenheim,1,1,D,1,0,H,,17,22,10,4,8,8,8,8,4,4,0,0
22/02/2020,Werder Bremen,Dortmund,0,2,A,0,0,D,,8,12,2,6,13,8,2,6,0,0,0,0
22/02/2020,Schalke 04,RB Leipzig,0,5,A,0,1,A,,3,22,2,8,10,7,2,5,2,3,0,0
22/02/2020,Celta,Leganes,1,0,H,0,0,D,,3,11,1,2,13,17,2,9,3,3,1,0
22/02/2020,Barcelona,Eibar,5,0,H,3,0,H,,13,12,11,5,8,19,5,5,0,2,0,0
22/02/2020,Sociedad,Valencia,3,0,H,2,0,H,,19,6,7,1,19,9,6,7,1,1,0,0
22/02/2020,Levante,Real Madrid,1,0,H,0,0,D,,8,19,2,7,16,10,3,7,1,2,0,0
22/02/2020,Marseille,Nantes,1,3,A,1,1,D,,16,8,5,4,15,17,4,1,1,3,0,0
22/02/2020,Angers,Montpellier,1,0,H,0,0,D,,12,10,8,2,16,16,6,8,4,2,0,0
22/02/2020,Dijon,Monaco,1,1,D,0,0,D,,12,17,2,6,16,13,2,3,2,0,0,0
22/02/2020,Lille,Toulouse,3,0,H,2,0,H,,18,7,9,1,12,20,5,0,1,3,0,0
22/02/2020,Strasbourg,Amiens,0,0,D,0,0,D,,15,3,3,1,18,23,5,5,2,6,0,0
22/02/2020,Chelsea,Tottenham,2,1,H,1,0,H,M Oliver,17,5,7,3,14,14,3,5,1,2,0,0
22/02/2020,Burnley,Bournemouth,3,0,H,0,0,D,M Dean,16,12,10,4,9,9,7,3,4,3,0,0
22/02/2020,Crystal Palace,Newcastle,1,0,H,1,0,H,P Bankes,18,8,9,2,15,11,7,5,2,6,0,1
22/02/2020,Sheffield United,Brighton,1,1,D,1,1,D,G Scott,14,8,3,2,3,6,12,2,0,2,0,0
22/02/2020,Southampton,Aston Villa,2,0,H,1,0,H,C Pawson,28,4,9,1,13,17,9,6,1,4,0,0
22/02/2020,Leicester,Man City,0,1,A,0,0,D,P Tierney,10,18,3,7,14,10,3,7,0,0,0,0
23/02/2020,Genoa,Lazio,2,3,A,0,1,A,,11,11,9,8,12,13,6,1,2,2,0,0
23/02/2020,Roma,Lecce,4,0,H,2,0,H,,19,9,11,4,9,6,6,4,1,0,0,0
23/02/2020,Leverkusen,Augsburg,2,0,H,1,0,H,,9,8,4,3,8,12,2,3,2,4,0,0
23/02/2020,Wolfsburg,Mainz,4,0,H,2,0,H,,16,13,6,3,10,12,4,14,0,2,0,0
23/02/2020,Osasuna,Granada,0,3,A,0,3,A,,14,10,1,4,19,11,6,3,3,1,0,0
23/02/2020,Alaves,Ath Bilbao,2,1,H,1,1,D,,4,13,4,5,17,12,2,9,4,4,0,0
23/02/2020,Valladolid,Espanol,2,1,H,0,0,D,,21,6,6,2,10,18,4,2,1,5,0,1
23/02/2020,Getafe,Sevilla,0,3,A,0,1,A,,10,8,2,5,14,17,5,3,7,3,0,0
23/02/2020,Ath Madrid,Villarreal,3,1,H,1,1,D,,16,10,9,4,14,6,6,1,1,2,0,0
23/02/2020,St Etienne,Reims,1,1,D,0,0,D,,7,12,4,2,14,5,8,6,1,1,0,0
23/02/2020,Rennes,Nimes,2,1,H,1,1,D,,26,9,8,2,11,5,10,1,0,1,0,1
23/02/2020,Paris SG,Bordeaux,4,3,H,2,2,D,,23,12,9,7,13,15,10,7,5,2,1,0
23/02/2020,Man United,Watford,3,0,H,1,0,H,M Atkinson,21,7,9,2,6,15,3,5,0,1,0,0
23/02/2020,Wolves,Norwich,3,0,H,2,0,H,C Kavanagh,19,6,6,4,11,6,4,1,2,3,0,0
23/02/2020,Arsenal,Everton,3,2,H,2,2,D,S Attwell,9,17,4,5,12,12,6,3,0,4,0,0
24/02/2020,Ein Frankfurt,Union Berlin,1,2,A,0,0,D,,21,11,3,7,10,15,14,6,3,4,0,0
24/02/2020,Liverpool,West Ham,3,2,H,1,1,D,J Moss,25,7,7,4,4,10,16,8,0,3,0,0
28/02/2020,Fortuna Dusseldorf,Hertha,3,3,D,3,0,H,,14,16,5,7,11,11,3,5,2,2,0,0
28/02/2020,Sociedad,Valladolid,1,0,H,0,0,D,,13,6,4,1,15,11,8,4,1,1,0,0
28/02/2020,Nimes,Marseille,2,3,A,1,2,A,,16,13,6,4,15,14,8,9,4,3,0,0
28/02/2020,Norwich,Leicester,1,0,H,0,0,D,C Pawson,11,19,6,4,13,16,6,7,1,2,0,0
29/02/2020,Lazio,Bologna,2,0,H,2,0,H,,12,11,5,4,9,12,7,5,1,4,0,0
29/02/2020,Napoli,Torino,2,1,H,1,0,H,,16,5,10,3,12,13,7,1,1,3,0,0
29/02/2020,Augsburg,M'gladbach,2,3,A,0,0,D,,8,15,3,7,11,6,5,3,3,2,0,0
29/02/2020,Dortmund,Freiburg,1,0,H,1,0,H,,16,13,2,4,5,9,6,4,1,0,0,0
29/02/2020,Hoffenheim,Bayern Munich,0,6,A,0,4,A,,4,25,1,11,3,7,1,7,0,0,0,0
29/02/2020,Mainz,Paderborn,2,0,H,2,0,H,,8,9,3,4,5,15,5,8,1,3,0,0
29/02/2020,FC Koln,Schalke 04,3,0,H,2,0,H,,11,7,6,1,7,8,4,2,1,2,0,0
29/02/2020,Eibar,Levante,3,0,H,1,0,H,,13,11,9,4,15,16,3,6,3,2,0,0
29/02/2020,Valencia,Betis,2,1,H,0,0,D,,10,14,5,5,13,9,6,7,2,3,0,0
29/02/2020,Leganes,Alaves,1,1,D,0,0,D,,19,8,6,4,18,18,6,4,3,3,0,0
29/02/2020,Granada,Celta,0,0,D,0,0,D,,14,6,0,2,14,11,6,1,3,5,0,0
29/02/2020,Paris SG,Dijon,4,0,H,1,0,H,,23,9,11,3,7,3,8,0,1,0,0,0
29/02/2020,Amiens,Metz,0,1,A,0,1,A,,12,13,5,6,17,10,6,3,2,1,0,0
29/02/2020,Brest,Angers,0,1,A,0,1,A,,16,6,4,2,12,9,12,0,3,1,0,0
29/02/2020,Monaco,Reims,1,1,D,1,0,H,,19,16,7,8,20,13,3,2,2,3,0,0
29/02/2020,Montpellier,Strasbourg,3,0,H,0,0,D,,23,15,11,7,8,15,5,7,1,2,0,0
29/02/2020,Toulouse,Rennes,0,2,A,0,1,A,,15,11,2,4,13,12,9,3,3,1,0,0
29/02/2020,Brighton,Crystal Palace,0,1,A,0,0,D,M Atkinson,24,12,8,3,8,9,8,7,1,1,0,0
29/02/2020,Bournemouth,Chelsea,2,2,D,0,1,A,A Marriner,9,23,5,6,8,5,4,14,2,2,0,0
29/02/2020,Newcastle,Burnley,0,0,D,0,0,D,A Madley,21,8,4,1,11,9,11,7,4,3,0,0
29/02/2020,West Ham,Southampton,3,1,H,2,1,H,A Taylor,14,10,7,2,8,11,4,9,1,1,0,0
29/02/2020,Watford,Liverpool,3,0,H,0,0,D,M Oliver,14,7,5,1,4,8,3,5,0,0,0,0
01/03/2020,Lecce,Atalanta,2,7,A,2,2,D,,5,17,3,11,9,12,2,11,2,2,0,0
01/03/2020,Cagliari,Roma,3,4,A,1,2,A,,7,18,7,14,14,13,2,7,4,5,0,0
01/03/2020,Union Berlin,Wolfsburg,2,2,D,1,0,H,,6,14,3,3,8,13,1,6,1,2,0,0
01/03/2020,RB Leipzig,Leverkusen,1,1,D,1,1,D,,9,14,2,6,4,12,8,5,0,3,0,0
01/03/2020,Sevilla,Osasuna,3,2,H,2,0,H,,12,14,5,4,9,14,7,1,2,2,0,1
01/03/2020,Ath Bilbao,Villarreal,1,0,H,0,0,D,,18,10,6,3,11,13,5,6,6,6,0,0
01/03/2020,Espanol,Ath Madrid,1,1,D,1,0,H,,9,5,3,2,20,18,3,4,3,4,0,0
01/03/2020,Mallorca,Getafe,0,1,A,0,0,D,,4,9,1,5,13,24,4,3,4,5,1,0
01/03/2020,Real Madrid,Barcelona,2,0,H,0,0,D,,13,9,5,4,13,10,8,2,2,2,0,0
01/03/2020,Nantes,Lille,0,1,A,0,0,D,,6,15,3,5,13,13,3,12,4,3,0,0
01/03/2020,Bordeaux,Nice,1,1,D,1,0,H,,12,9,4,4,19,12,10,3,3,3,0,0
01/03/2020,Lyon,St Etienne,2,0,H,1,0,H,,16,8,9,4,14,14,5,4,4,4,0,0
01/03/2020,Everton,Man United,1,1,D,1,1,D,C Kavanagh,16,14,5,5,11,11,13,8,3,4,0,0
01/03/2020,Tottenham,Wolves,2,3,A,2,1,H,S Attwell,13,14,5,4,12,14,4,5,3,2,0,0
06/03/2020,Paderborn,FC Koln,1,2,A,0,2,A,,16,15,2,3,8,12,5,9,3,4,0,0
06/03/2020,Alaves,Valencia,1,1,D,0,1,A,,13,6,2,2,9,10,3,3,5,3,0,0
06/03/2020,Marseille,Amiens,2,2,D,1,0,H,,13,12,6,3,13,17,4,4,2,2,0,0
07/03/2020,Freiburg,Union Berlin,3,1,H,1,0,H,,9,14,4,4,5,20,7,2,2,3,0,1
07/03/2020,Hertha,Werder Bremen,2,2,D,1,2,A,,19,7,5,3,16,5,3,1,3,3,0,0
07/03/2020,Leverkusen,Ein Frankfurt,4,0,H,2,0,H,,14,9,5,3,10,12,1,3,1,0,0,0
07/03/2020,Schalke 04,Hoffenheim,1,1,D,1,0,H,,14,4,4,1,8,12,4,5,0,1,0,0
07/03/2020,Wolfsburg,RB Leipzig,0,0,D,0,0,D,,16,15,4,4,11,14,4,4,2,3,0,0
07/03/2020,M'gladbach,Dortmund,1,2,A,0,1,A,,10,10,3,4,8,9,3,3,5,5,0,0
07/03/2020,Eibar,Mallorca,1,2,A,0,1,A,,13,10,2,4,16,8,4,3,5,3,0,0
07/03/2020,Ath Madrid,Sevilla,2,2,D,2,2,D,,21,12,3,4,14,16,8,4,2,4,0,0
07/03/2020,Barcelona,Sociedad,1,0,H,0,0,D,,13,9,6,1,12,10,4,4,4,3,0,0
07/03/2020,Getafe,Celta,0,0,D,0,0,D,,19,3,6,2,18,14,9,1,6,5,1,0
07/03/2020,Angers,Nantes,2,0,H,0,0,D,,7,15,3,4,9,6,4,6,0,3,0,0
07/03/2020,Dijon,Toulouse,2,1,H,1,1,D,,15,6,3,2,14,17,5,1,2,2,0,0
07/03/2020,Metz,Nimes,2,1,H,1,0,H,,14,16,5,7,9,11,8,6,0,0,0,0
07/03/2020,Nice,Monaco,2,1,H,0,1,A,,12,14,5,4,11,15,6,3,1,4,0,1
07/03/2020,Reims,Brest,1,0,H,1,0,H,,12,12,3,4,7,13,5,5,3,2,1,0
07/03/2020,Liverpool,Bournemouth,2,1,H,2,1,H,P Tierney,14,6,6,4,10,12,9,4,0,1,0,0
07/03/2020,Arsenal,West Ham,1,0,H,0,0,D,M Atkinson,9,14,2,6,11,9,6,7,1,2,0,0
07/03/2020,Crystal Palace,Watford,1,0,H,1,0,H,A Taylor,10,10,3,4,12,19,8,8,4,4,0,0
07/03/2020,Sheffield United,Norwich,1,0,H,1,0,H,S Hooper,10,12,4,5,12,8,10,5,0,0,0,0
07/03/2020,Southampton,Newcastle,0,1,A,0,0,D,G Scott,6,14,3,7,14,15,5,8,0,3,1,0
07/03/2020,Wolves,Brighton,0,0,D,0,0,D,A Marriner,11,7,1,1,4,7,2,0,1,3,0,0
07/03/2020,Burnley,Tottenham,1,1,D,1,0,H,J Moss,21,13,8,2,16,11,3,5,5,4,0,0
08/03/2020,Parma,Spal,0,1,A,0,0,D,,11,6,2,2,19,22,4,5,2,2,0,0
08/03/2020,Milan,Genoa,1,2,A,0,2,A,,13,6,4,3,14,12,7,5,0,0,0,1
08/03/2020,Sampdoria,Verona,2,1,H,0,1,A,,8,3,7,2,14,23,2,6,4,3,0,0
08/03/2020,Udinese,Fiorentina,0,0,D,0,0,D,,11,7,2,5,8,5,6,9,2,0,0,0
08/03/2020,Juventus,Inter,2,0,H,0,0,D,,12,8,6,2,8,18,5,4,1,3,0,1
08/03/2020,Bayern Munich,Augsburg,2,0,H,0,0,D,,17,8,6,2,4,7,9,4,1,0,0,0
08/03/2020,Mainz,Fortuna Dusseldorf,1,1,D,0,0,D,,3,20,1,5,17,10,1,8,3,1,1,0
08/03/2020,Osasuna,Espanol,1,0,H,0,0,D,,17,8,6,2,17,12,6,2,3,3,0,1
08/03/2020,Valladolid,Ath Bilbao,1,4,A,0,2,A,,19,10,2,5,9,13,8,1,1,2,0,0
08/03/2020,Levante,Granada,1,1,D,1,0,H,,11,10,3,7,21,13,6,4,3,3,0,0
08/03/2020,Villarreal,Leganes,1,2,A,1,0,H,,15,12,5,7,10,11,2,5,4,3,0,0
08/03/2020,Betis,Real Madrid,2,1,H,1,1,D,,14,13,3,4,8,11,6,2,1,1,0,0
08/03/2020,St Etienne,Bordeaux,1,1,D,0,0,D,,11,9,4,2,14,16,7,4,4,3,1,0
08/03/2020,Rennes,Montpellier,5,0,H,2,0,H,,16,11,9,1,9,10,2,7,2,3,0,0
08/03/2020,Lille,Lyon,1,0,H,1,0,H,,13,9,3,2,20,13,4,3,1,3,0,0
08/03/2020,Chelsea,Everton,4,0,H,2,0,H,K Friend,17,3,11,1,8,10,6,1,1,2,0,0
08/03/2020,Man United,Man City,2,0,H,1,0,H,M Dean,12,7,6,2,11,9,2,11,2,4,0,0
09/03/2020,Sassuolo,Brescia,3,0,H,1,0,H,,13,6,10,4,15,9,5,4,3,3,0,0
09/03/2020,Leicester,Aston Villa,4,0,H,1,0,H,M Oliver,15,4,7,1,15,12,9,0,2,1,0,0
10/03/2020,Eibar,Sociedad,1,2,A,0,1,A,,13,6,4,2,12,10,3,1,3,2,0,0
11/03/2020,M'gladbach,FC Koln,2,1,H,1,0,H,,12,16,5,3,14,14,6,3,1,2,0,0
16/05/2020,Augsburg,Wolfsburg,1,2,A,0,1,A,,8,17,3,5,8,11,3,1,1,3,0,0
16/05/2020,Dortmund,Schalke 04,4,0,H,2,0,H,,11,10,4,3,9,8,4,2,2,2,0,0
16/05/2020,Fortuna Dusseldorf,Paderborn,0,0,D,0,0,D,,10,7,1,1,15,16,2,0,2,2,0,0
16/05/2020,Hoffenheim,Hertha,0,3,A,0,0,D,,21,12,5,5,9,16,7,5,2,3,0,0
16/05/2020,RB Leipzig,Freiburg,1,1,D,0,1,A,,23,7,9,2,11,8,8,4,0,1,0,0
16/05/2020,Ein Frankfurt,M'gladbach,1,3,A,0,2,A,,12,15,4,8,19,10,5,1,5,1,0,0
17/05/2020,FC Koln,Mainz,2,2,D,1,0,H,,16,11,6,5,20,15,5,7,4,2,0,0
17/05/2020,Union Berlin,Bayern Munich,0,2,A,0,1,A,,10,14,2,3,13,10,4,9,2,1,0,0
18/05/2020,Werder Bremen,Leverkusen,1,4,A,1,2,A,,9,13,1,6,15,14,2,9,2,1,0,0
22/05/2020,Hertha,Union Berlin,4,0,H,0,0,D,,14,7,8,0,12,12,4,6,2,1,0,0
23/05/2020,Freiburg,Werder Bremen,0,1,A,0,1,A,,15,11,8,3,12,18,7,2,0,3,0,1
23/05/2020,M'gladbach,Leverkusen,1,3,A,0,1,A,,16,13,6,7,16,16,6,3,1,1,0,0
23/05/2020,Paderborn,Hoffenheim,1,1,D,1,1,D,,13,18,3,7,14,13,2,8,3,0,0,0
23/05/2020,Wolfsburg,Dortmund,0,2,A,0,1,A,,8,6,1,2,11,10,2,2,4,2,1,0
23/05/2020,Bayern Munich,Ein Frankfurt,5,2,H,2,0,H,,23,11,10,4,10,7,7,2,0,1,0,0
24/05/2020,Schalke 04,Augsburg,0,3,A,0,1,A,,12,9,2,7,14,11,3,2,0,2,0,0
24/05/2020,Mainz,RB Leipzig,0,5,A,0,3,A,,4,21,1,9,13,11,5,4,3,3,0,0
24/05/2020,FC Koln,Fortuna Dusseldorf,2,2,D,0,1,A,,16,10,6,5,19,17,6,2,0,1,0,0
26/05/2020,Dortmund,Bayern Munich,0,1,A,0,1,A,,13,13,5,6,9,15,4,3,2,2,0,0
26/05/2020,Ein Frankfurt,Freiburg,3,3,D,1,1,D,,35,10,16,5,14,9,9,2,4,1,0,0
26/05/2020,Leverkusen,Wolfsburg,1,4,A,0,1,A,,10,14,2,9,10,16,12,6,3,3,0,0
26/05/2020,Werder Bremen,M'gladbach,0,0,D,0,0,D,,12,8,7,4,14,11,8,5,2,1,0,0
27/05/2020,RB Leipzig,Hertha,2,2,D,1,1,D,,11,13,5,4,12,19,4,7,2,3,1,0
27/05/2020,Augsburg,Paderborn,0,0,D,0,0,D,,12,15,3,3,7,14,6,6,1,1,0,0
27/05/2020,Fortuna Dusseldorf,Schalke 04,2,1,H,0,0,D,,13,7,8,2,10,13,7,2,3,2,0,0
27/05/2020,Hoffenheim,FC Koln,3,1,H,1,0,H,,8,15,6,5,12,8,0,10,6,1,1,1
27/05/2020,Union Berlin,Mainz,1,1,D,1,1,D,,9,10,4,2,17,18,6,6,4,2,1,0
29/05/2020,Freiburg,Leverkusen,0,1,A,0,0,D,,9,7,1,1,8,13,6,6,0,2,0,0
30/05/2020,Hertha,Augsburg,2,0,H,1,0,H,,12,8,6,2,19,7,7,8,3,3,0,0
30/05/2020,Mainz,Hoffenheim,0,1,A,0,1,A,,18,13,2,6,18,14,10,7,4,3,0,0
30/05/2020,Schalke 04,Werder Bremen,0,1,A,0,1,A,,12,6,1,2,19,16,4,8,5,3,0,0
30/05/2020,Wolfsburg,Ein Frankfurt,1,2,A,0,1,A,,19,6,4,3,18,16,4,3,4,6,0,1
30/05/2020,Bayern Munich,Fortuna Dusseldorf,5,0,H,3,0,H,,23,7,8,2,9,10,7,2,0,2,0,0
31/05/2020,M'gladbach,Union Berlin,4,1,H,2,0,H,,16,13,10,5,13,9,4,3,3,2,0,0
31/05/2020,Paderborn,Dortmund,1,6,A,0,0,D,,10,16,1,11,4,6,2,8,2,3,0,0
01/06/2020,FC Koln,RB Leipzig,2,4,A,1,2,A,,7,19,5,8,16,7,4,7,2,1,0,0
03/06/2020,Werder Bremen,Ein Frankfurt,0,3,A,0,0,D,,11,12,3,4,14,21,5,6,2,1,0,0
05/06/2020,Freiburg,M'gladbach,1,0,H,0,0,D,,16,18,6,4,14,14,3,10,4,3,0,1
06/06/2020,Ein Frankfurt,Mainz,0,2,A,0,1,A,,10,17,0,5,17,15,7,5,3,3,0,0
06/06/2020,Fortuna Dusseldorf,Hoffenheim,2,2,D,1,1,D,,23,8,4,5,12,15,7,1,4,4,0,1
06/06/2020,Leverkusen,Bayern Munich,2,4,A,1,3,A,,10,16,6,10,14,4,6,4,3,3,0,0
06/06/2020,RB Leipzig,Paderborn,1,1,D,1,0,H,,12,17,5,5,11,14,7,9,2,4,1,0
06/06/2020,Dortmund,Hertha,1,0,H,0,0,D,,12,5,3,2,7,11,6,0,0,2,0,0
07/06/2020,Werder Bremen,Wolfsburg,0,1,A,0,0,D,,14,18,4,3,17,13,5,4,3,3,0,0
07/06/2020,Union Berlin,Schalke 04,1,1,D,1,1,D,,12,5,6,1,19,13,9,4,3,1,0,0
07/06/2020,Augsburg,FC Koln,1,1,D,0,0,D,,18,9,5,2,13,21,9,2,1,3,0,0
11/06/2020,Sevilla,Betis,2,0,H,0,0,D,,13,12,5,1,13,16,11,2,0,2,0,0
12/06/2020,Hoffenheim,RB Leipzig,0,2,A,0,2,A,,22,14,7,7,15,18,9,1,2,2,0,0
12/06/2020,Granada,Getafe,2,1,H,0,1,A,,10,6,4,2,17,16,2,3,6,4,0,0
12/06/2020,Valencia,Levante,1,1,D,0,0,D,,12,14,3,4,11,13,0,6,1,4,0,1
13/06/2020,FC Koln,Union Berlin,1,2,A,0,1,A,,10,7,6,5,18,17,4,6,3,0,0,0
13/06/2020,Fortuna Dusseldorf,Dortmund,0,1,A,0,0,D,,6,5,4,3,6,15,6,1,1,3,0,0
13/06/2020,Hertha,Ein Frankfurt,1,4,A,1,0,H,,4,18,3,7,14,7,1,5,2,2,1,0
13/06/2020,Paderborn,Werder Bremen,1,5,A,0,3,A,,20,11,8,8,17,18,11,2,6,3,0,0
13/06/2020,Wolfsburg,Freiburg,2,2,D,2,1,H,,22,10,7,6,17,11,6,5,0,1,0,0
13/06/2020,Bayern Munich,M'gladbach,2,1,H,1,1,D,,11,9,6,2,13,10,3,1,0,2,0,0
13/06/2020,Espanol,Alaves,2,0,H,1,0,H,,19,1,9,0,16,19,2,1,4,3,0,1
13/06/2020,Celta,Villarreal,0,1,A,0,0,D,,4,15,0,4,5,20,2,8,1,1,0,0
13/06/2020,Leganes,Valladolid,1,2,A,0,1,A,,11,6,2,2,21,20,2,1,2,4,0,0
13/06/2020,Mallorca,Barcelona,0,4,A,0,2,A,,13,12,3,7,16,5,9,3,1,2,0,0
14/06/2020,Mainz,Augsburg,0,1,A,0,1,A,,18,9,4,3,8,14,9,5,2,4,0,0
14/06/2020,Schalke 04,Leverkusen,1,1,D,0,0,D,,7,15,4,5,14,7,1,9,4,1,0,0
14/06/2020,Ath Bilbao,Ath Madrid,1,1,D,1,1,D,,10,9,3,2,10,9,5,7,3,0,0,0
14/06/2020,Real Madrid,Eibar,3,1,H,3,0,H,,6,9,5,5,11,12,3,3,1,1,0,0
14/06/2020,Sociedad,Osasuna,1,1,D,0,1,A,,9,8,4,1,5,12,1,6,1,3,0,0
15/06/2020,Levante,Sevilla,1,1,D,0,0,D,,11,10,5,4,12,10,5,6,1,1,0,0
15/06/2020,Betis,Granada,2,2,D,0,1,A,,18,8,6,5,13,18,11,2,2,4,0,0
16/06/2020,M'gladbach,Wolfsburg,3,0,H,2,0,H,,11,12,3,2,15,17,5,3,1,4,0,0
16/06/2020,Freiburg,Hertha,2,1,H,0,0,D,,17,12,6,5,6,16,5,5,0,2,0,0
16/06/2020,Union Berlin,Paderborn,1,0,H,1,0,H,,14,10,6,2,17,16,1,5,0,0,0,0
16/06/2020,Werder Bremen,Bayern Munich,0,1,A,0,1,A,,6,13,1,4,9,13,0,10,2,3,0,1
16/06/2020,Getafe,Espanol,0,0,D,0,0,D,,21,5,4,3,15,9,5,5,3,2,0,1
16/06/2020,Villarreal,Mallorca,1,0,H,1,0,H,,10,15,4,5,16,10,2,6,3,4,0,0
16/06/2020,Barcelona,Leganes,2,0,H,1,0,H,,10,6,5,2,16,16,3,2,5,3,0,0
17/06/2020,Ein Frankfurt,Schalke 04,2,1,H,1,0,H,,14,8,4,5,9,16,5,3,3,5,0,1
17/06/2020,Augsburg,Hoffenheim,1,3,A,0,0,D,,12,17,5,5,10,14,6,4,2,1,0,0
17/06/2020,Dortmund,Mainz,0,2,A,0,1,A,,15,10,5,6,14,13,7,1,6,3,0,0
17/06/2020,Leverkusen,FC Koln,3,1,H,2,0,H,,13,7,6,1,12,16,7,3,2,2,0,0
17/06/2020,RB Leipzig,Fortuna Dusseldorf,2,2,D,0,0,D,,14,12,5,2,7,7,5,2,1,0,0,0
17/06/2020,Eibar,Ath Bilbao,2,2,D,1,1,D,,12,6,6,3,10,11,8,3,3,2,0,0
17/06/2020,Valladolid,Celta,0,0,D,0,0,D,,6,11,1,4,18,15,5,8,3,3,0,0
17/06/2020,Osasuna,Ath Madrid,0,5,A,0,1,A,,13,10,3,6,12,8,3,2,3,3,0,0
17/06/2020,Aston Villa,Sheffield United,0,0,D,0,0,D,M Oliver,14,5,6,1,11,14,12,4,1,1,0,0
17/06/2020,Man City,Arsenal,3,0,H,1,0,H,A Taylor,20,3,12,0,9,7,5,2,1,1,0,1
18/06/2020,Alaves,Sociedad,2,0,H,0,0,D,,15,9,7,1,21,11,5,6,3,4,1,1
18/06/2020,Real Madrid,Valencia,3,0,H,0,0,D,,19,4,14,2,12,11,8,2,0,2,0,1
19/06/2020,Granada,Villarreal,0,1,A,0,1,A,,14,5,4,1,17,15,5,0,0,3,0,0
19/06/2020,Mallorca,Leganes,1,1,D,1,0,H,,7,16,3,4,15,11,3,7,3,6,0,0
19/06/2020,Sevilla,Barcelona,0,0,D,0,0,D,,8,10,4,4,17,8,2,9,3,2,0,0
19/06/2020,Norwich,Southampton,0,3,A,0,0,D,K Friend,9,22,1,9,9,15,9,7,1,1,0,0
19/06/2020,Tottenham,Man United,1,1,D,1,0,H,J Moss,10,12,3,6,17,18,7,6,0,1,0,0
20/06/2020,Torino,Parma,1,1,D,1,1,D,,14,6,9,5,16,17,5,2,1,2,0,0
20/06/2020,Verona,Cagliari,2,1,H,2,1,H,,8,13,6,4,4,19,1,7,1,6,1,1
20/06/2020,Bayern Munich,Freiburg,3,1,H,3,1,H,,23,11,8,3,13,8,8,2,0,0,0,0
20/06/2020,FC Koln,Ein Frankfurt,1,1,D,1,0,H,,4,9,2,2,8,15,5,9,1,2,0,0
20/06/2020,Fortuna Dusseldorf,Augsburg,1,1,D,1,1,D,,8,11,4,3,14,12,5,3,1,0,0,0
20/06/2020,Hertha,Leverkusen,2,0,H,1,0,H,,13,12,5,2,14,15,5,4,4,3,0,0
20/06/2020,Hoffenheim,Union Berlin,4,0,H,3,0,H,,15,5,8,1,10,15,6,4,1,3,0,0
20/06/2020,Mainz,Werder Bremen,3,1,H,2,0,H,,21,19,12,6,12,15,7,8,2,3,0,0
20/06/2020,Paderborn,M'gladbach,1,3,A,0,1,A,,11,22,1,10,11,13,3,5,4,2,1,0
20/06/2020,RB Leipzig,Dortmund,0,2,A,0,1,A,,16,11,5,7,13,7,4,1,3,3,0,0
20/06/2020,Schalke 04,Wolfsburg,1,4,A,0,1,A,,10,10,3,5,12,16,2,4,4,3,0,0
20/06/2020,Espanol,Levante,1,3,A,1,1,D,,10,14,3,8,11,10,8,5,2,0,0,0
20/06/2020,Ath Bilbao,Betis,1,0,H,1,0,H,,12,9,3,5,16,11,11,5,4,0,0,0
20/06/2020,Getafe,Eibar,1,1,D,1,1,D,,9,8,2,2,18,15,2,1,3,0,0,0
20/06/2020,Ath Madrid,Valladolid,1,0,H,0,0,D,,15,6,4,2,14,12,10,1,4,2,0,0
20/06/2020,Watford,Leicester,1,1,D,0,0,D,C Pawson,8,15,4,2,15,12,2,7,0,1,0,0
20/06/2020,Brighton,Arsenal,2,1,H,0,0,D,M Atkinson,9,13,5,6,13,8,10,7,2,1,0,0
20/06/2020,West Ham,Wolves,0,2,A,0,0,D,A Taylor,7,10,2,6,8,7,5,7,1,1,0,0
20/06/2020,Bournemouth,Crystal Palace,0,2,A,0,2,A,S Attwell,12,7,1,2,13,15,11,4,3,2,0,0
21/06/2020,Atalanta,Sassuolo,4,1,H,3,0,H,,12,10,5,6,24,6,4,3,4,3,0,0
21/06/2020,Inter,Sampdoria,2,1,H,2,0,H,,11,7,5,3,17,21,5,1,3,3,0,0
21/06/2020,Celta,Alaves,6,0,H,4,0,H,,15,4,10,2,14,10,7,4,1,1,0,1
21/06/2020,Valencia,Osasuna,2,0,H,2,0,H,,7,13,3,3,7,19,1,7,1,2,0,0
21/06/2020,Sociedad,Real Madrid,1,2,A,0,0,D,,10,10,2,6,16,15,4,1,4,2,0,0
21/06/2020,Newcastle,Sheffield United,3,0,H,0,0,D,D Coote,12,7,8,1,9,10,2,4,2,0,0,1
21/06/2020,Aston Villa,Chelsea,1,2,A,1,0,H,P Tierney,8,19,4,5,9,17,2,10,2,1,0,0
21/06/2020,Everton,Liverpool,0,0,D,0,0,D,M Dean,9,10,3,3,15,12,1,6,2,2,0,0
22/06/2020,Fiorentina,Brescia,1,1,D,1,1,D,,15,5,8,3,21,21,7,2,5,4,1,0
22/06/2020,Lecce,Milan,1,4,A,0,1,A,,6,12,1,11,8,13,5,4,1,1,0,0
22/06/2020,Bologna,Juventus,0,2,A,0,2,A,,6,12,1,5,16,16,8,2,1,4,0,1
22/06/2020,Villarreal,Sevilla,2,2,D,2,1,H,,7,14,5,6,16,12,3,8,3,3,0,0
22/06/2020,Leganes,Granada,0,0,D,0,0,D,,9,4,3,1,12,16,4,2,4,4,0,0
22/06/2020,Man City,Burnley,5,0,H,3,0,H,A Marriner,19,1,7,0,8,7,3,1,1,1,0,0
23/06/2020,Spal,Cagliari,0,1,A,0,0,D,,6,9,2,4,21,12,1,9,3,3,0,0
23/06/2020,Verona,Napoli,0,2,A,0,1,A,,10,10,6,8,16,7,8,4,1,1,0,0
23/06/2020,Genoa,Parma,1,4,A,0,2,A,,9,11,3,8,15,15,1,3,1,2,0,0
23/06/2020,Torino,Udinese,1,0,H,1,0,H,,4,7,3,5,11,11,1,16,0,0,0,0
23/06/2020,Levante,Ath Madrid,0,1,A,0,1,A,,12,12,0,7,12,14,10,4,4,2,0,0
23/06/2020,Valladolid,Getafe,1,1,D,1,1,D,,6,15,2,1,12,19,7,8,5,2,0,0
23/06/2020,Barcelona,Ath Bilbao,1,0,H,0,0,D,,18,6,4,0,10,16,6,2,2,1,0,0
23/06/2020,Leicester,Brighton,0,0,D,0,0,D,L Mason,11,10,2,2,10,13,6,7,2,2,0,0
23/06/2020,Tottenham,West Ham,2,0,H,0,0,D,C Pawson,15,10,4,2,12,7,9,4,2,2,0,0
24/06/2020,Inter,Sassuolo,3,3,D,2,1,H,,14,8,10,4,18,20,7,6,3,1,1,0
24/06/2020,Atalanta,Lazio,3,2,H,1,2,A,,13,5,9,3,13,15,11,0,2,2,0,0
24/06/2020,Roma,Sampdoria,2,1,H,0,1,A,,16,13,10,9,10,14,10,8,0,0,0,0
24/06/2020,Alaves,Osasuna,0,1,A,0,0,D,,5,7,0,1,12,14,7,3,2,3,0,0
24/06/2020,Sociedad,Celta,0,1,A,0,1,A,,13,4,6,1,18,15,7,3,4,2,0,0
24/06/2020,Real Madrid,Mallorca,2,0,H,1,0,H,,14,11,6,4,18,12,5,4,4,1,0,0
24/06/2020,Man United,Sheffield United,3,0,H,2,0,H,A Taylor,15,4,6,1,10,6,10,5,1,0,0,0
24/06/2020,Newcastle,Aston Villa,1,1,D,0,0,D,C Kavanagh,13,14,3,2,15,13,6,9,2,2,0,0
24/06/2020,Norwich,Everton,0,1,A,0,0,D,A Madley,9,12,1,5,8,13,6,5,0,1,0,0
24/06/2020,Wolves,Bournemouth,1,0,H,0,0,D,M Oliver,10,4,2,0,11,11,6,4,3,3,0,0
24/06/2020,Liverpool,Crystal Palace,4,0,H,2,0,H,M Atkinson,21,3,7,0,7,5,6,0,0,0,0,0
25/06/2020,Eibar,Valencia,1,0,H,1,0,H,,14,7,5,0,12,7,10,8,4,2,0,1
25/06/2020,Betis,Espanol,1,0,H,0,0,D,,13,9,6,2,18,18,6,5,4,4,0,0
25/06/2020,Burnley,Watford,1,0,H,0,0,D,M Dean,9,10,5,4,13,15,1,7,1,0,0,0
25/06/2020,Southampton,Arsenal,0,2,A,0,1,A,G Scott,12,10,3,5,10,14,4,6,0,2,1,0
25/06/2020,Chelsea,Man City,2,1,H,1,0,H,S Attwell,15,11,10,2,13,3,5,7,1,1,0,1
26/06/2020,Juventus,Lecce,4,0,H,0,0,D,,23,7,12,2,15,7,12,4,1,0,0,1
26/06/2020,Sevilla,Valladolid,1,1,D,0,1,A,,15,11,3,5,16,17,5,1,3,2,0,0
27/06/2020,Brescia,Genoa,2,2,D,2,1,H,,6,11,4,8,16,16,1,8,4,2,0,0
27/06/2020,Cagliari,Torino,4,2,H,2,0,H,,9,11,5,6,15,12,3,5,3,0,0,0
27/06/2020,Lazio,Fiorentina,2,1,H,0,1,A,,12,9,4,5,13,13,7,1,5,2,0,1
27/06/2020,Augsburg,RB Leipzig,1,2,A,0,1,A,,5,14,1,5,11,10,2,8,4,1,0,0
27/06/2020,Dortmund,Hoffenheim,0,4,A,0,2,A,,7,15,4,7,7,5,2,5,1,0,0,0
27/06/2020,Ein Frankfurt,Paderborn,3,2,H,2,0,H,,12,16,4,5,13,3,6,2,0,1,0,0
27/06/2020,Freiburg,Schalke 04,4,0,H,2,0,H,,15,21,8,5,14,5,1,5,1,0,0,0
27/06/2020,Leverkusen,Mainz,1,0,H,1,0,H,,13,6,2,1,10,10,11,4,1,1,0,0
27/06/2020,M'gladbach,Hertha,2,1,H,1,0,H,,22,4,8,2,7,15,3,3,1,2,0,0
27/06/2020,Union Berlin,Fortuna Dusseldorf,3,0,H,1,0,H,,11,25,7,4,15,6,6,10,0,1,0,0
27/06/2020,Werder Bremen,FC Koln,6,1,H,3,0,H,,18,6,9,2,22,16,7,5,1,2,0,0
27/06/2020,Wolfsburg,Bayern Munich,0,4,A,0,2,A,,11,17,4,11,13,9,3,6,3,0,1,0
27/06/2020,Ath Bilbao,Mallorca,3,1,H,2,0,H,,12,14,6,2,17,16,1,8,1,2,0,0
27/06/2020,Celta,Barcelona,2,2,D,0,1,A,,10,18,6,2,19,10,3,8,3,4,0,0
27/06/2020,Osasuna,Leganes,2,1,H,1,0,H,,6,21,5,7,12,15,2,4,1,1,0,0
27/06/2020,Ath Madrid,Alaves,2,1,H,0,0,D,,14,6,4,2,13,14,3,1,3,2,0,0
27/06/2020,Aston Villa,Wolves,0,1,A,0,0,D,C Pawson,11,9,1,2,16,16,2,2,1,1,0,0
28/06/2020,Milan,Roma,2,0,H,0,0,D,,11,3,7,2,10,16,5,6,2,2,0,0
28/06/2020,Napoli,Spal,3,1,H,2,1,H,,17,5,11,3,14,14,4,1,0,3,0,0
28/06/2020,Sampdoria,Bologna,1,2,A,0,0,D,,13,9,7,4,17,15,13,4,3,1,0,0
28/06/2020,Sassuolo,Verona,3,3,D,0,0,D,,13,6,9,4,17,13,12,2,2,2,0,0
28/06/2020,Udinese,Atalanta,2,3,A,1,1,D,,9,13,4,13,14,9,0,10,2,2,0,0
28/06/2020,Parma,Inter,1,2,A,1,0,H,,9,14,2,6,9,13,1,8,3,4,1,1
28/06/2020,Levante,Betis,4,2,H,2,0,H,,9,17,4,8,13,14,2,5,0,4,0,0
28/06/2020,Villarreal,Valencia,2,0,H,2,0,H,,17,4,4,0,9,18,1,4,0,2,0,0
28/06/2020,Granada,Eibar,1,2,A,0,1,A,,14,13,5,6,8,13,8,5,1,0,0,0
28/06/2020,Espanol,Real Madrid,0,1,A,0,1,A,,8,14,5,6,18,12,0,5,1,1,0,0
28/06/2020,Watford,Southampton,1,3,A,0,1,A,M Oliver,8,11,0,7,18,9,5,3,3,0,0,0
29/06/2020,Getafe,Sociedad,2,1,H,1,0,H,,11,5,4,1,22,11,5,4,6,3,0,0
29/06/2020,Crystal Palace,Burnley,0,1,A,0,0,D,S Hooper,17,8,4,4,12,13,9,1,1,1,0,0
30/06/2020,Torino,Lazio,1,2,A,1,0,H,,2,12,1,6,15,16,2,8,1,3,0,0
30/06/2020,Genoa,Juventus,1,3,A,0,0,D,,2,11,2,9,21,10,2,9,5,1,0,0
30/06/2020,Mallorca,Celta,5,1,H,3,0,H,,9,12,7,8,16,12,2,11,3,2,0,0
30/06/2020,Leganes,Sevilla,0,3,A,0,2,A,,9,11,3,6,23,10,4,2,4,3,0,0
30/06/2020,Barcelona,Ath Madrid,2,2,D,1,1,D,,12,10,5,3,11,15,3,1,3,5,0,0
30/06/2020,Brighton,Man United,0,3,A,0,2,A,A Marriner,8,12,2,6,10,9,4,5,0,1,0,0
01/07/2020,Bologna,Cagliari,1,1,D,1,0,H,,16,6,7,4,20,17,7,2,3,2,0,0
01/07/2020,Inter,Brescia,6,0,H,3,0,H,,20,3,12,1,13,10,4,4,2,2,0,0
01/07/2020,Fiorentina,Sassuolo,1,3,A,0,2,A,,11,8,7,8,20,12,8,3,4,2,0,0
01/07/2020,Lecce,Sampdoria,1,2,A,0,1,A,,12,8,6,5,13,14,9,5,2,3,0,0
01/07/2020,Spal,Milan,2,2,D,2,0,H,,4,25,3,12,9,12,3,17,3,0,1,0
01/07/2020,Verona,Parma,3,2,H,1,1,D,,6,13,5,5,14,10,3,1,2,3,0,0
01/07/2020,Alaves,Granada,0,2,A,0,1,A,,11,7,4,4,18,17,6,2,3,2,0,0
01/07/2020,Valencia,Ath Bilbao,0,2,A,0,1,A,,10,12,1,4,9,12,3,5,1,0,0,0
01/07/2020,Betis,Villarreal,0,2,A,0,2,A,,9,15,1,6,10,16,1,5,4,1,1,0
01/07/2020,Valladolid,Levante,0,0,D,0,0,D,,15,8,4,3,10,12,8,3,2,1,0,0
01/07/2020,Arsenal,Norwich,4,0,H,2,0,H,P Bankes,13,8,8,2,10,10,6,2,1,4,0,0
01/07/2020,Bournemouth,Newcastle,1,4,A,0,2,A,K Friend,12,12,1,7,11,10,6,3,2,0,0,0
01/07/2020,Everton,Leicester,2,1,H,2,0,H,D Coote,7,15,2,3,13,10,3,5,1,1,0,0
01/07/2020,West Ham,Chelsea,3,2,H,1,1,D,M Atkinson,10,17,4,6,10,9,2,3,2,1,0,0
02/07/2020,Atalanta,Napoli,2,0,H,0,0,D,,6,15,4,8,17,14,5,5,1,1,0,0
02/07/2020,Roma,Udinese,0,2,A,0,1,A,,9,8,6,3,10,11,10,7,3,2,1,0
02/07/2020,Eibar,Osasuna,0,2,A,0,1,A,,11,9,4,6,8,12,9,4,1,1,0,0
02/07/2020,Sociedad,Espanol,2,1,H,0,1,A,,12,4,4,3,11,15,4,3,2,1,0,0
02/07/2020,Real Madrid,Getafe,1,0,H,0,0,D,,8,10,4,3,15,22,6,5,5,5,0,0
02/07/2020,Sheffield United,Tottenham,3,1,H,1,0,H,C Kavanagh,7,9,5,2,13,13,1,6,2,0,0,0
02/07/2020,Man City,Liverpool,4,0,H,3,0,H,A Taylor,14,11,6,3,8,7,3,3,2,2,0,0
03/07/2020,Ath Madrid,Mallorca,3,0,H,2,0,H,,15,13,3,1,14,11,4,5,2,1,0,0
04/07/2020,Juventus,Torino,4,1,H,2,1,H,,15,12,7,6,11,8,5,8,4,2,0,0
04/07/2020,Sassuolo,Lecce,4,2,H,1,1,D,,7,5,7,3,15,21,4,4,3,4,0,0
04/07/2020,Lazio,Milan,0,3,A,0,2,A,,8,7,2,5,14,12,5,1,1,1,0,0
04/07/2020,Celta,Betis,1,1,D,1,0,H,,5,10,1,3,20,18,2,8,5,4,0,0
04/07/2020,Valladolid,Alaves,1,0,H,0,0,D,,5,7,3,0,13,17,1,3,0,0,0,0
04/07/2020,Granada,Valencia,2,2,D,0,0,D,,17,4,4,3,18,14,7,3,2,2,0,0
04/07/2020,Norwich,Brighton,0,1,A,0,1,A,S Attwell,12,8,1,2,11,13,0,2,2,2,0,0
04/07/2020,Leicester,Crystal Palace,3,0,H,0,0,D,J Moss,15,7,4,1,18,8,3,7,2,1,0,0
04/07/2020,Man United,Bournemouth,5,2,H,3,1,H,M Dean,19,7,10,3,13,12,8,3,0,1,0,0
04/07/2020,Wolves,Arsenal,0,2,A,0,1,A,M Oliver,10,8,1,5,6,11,3,5,2,4,0,0
04/07/2020,Chelsea,Watford,3,0,H,2,0,H,K Friend,21,7,9,3,9,12,5,3,0,2,0,0
05/07/2020,Inter,Bologna,1,2,A,1,0,H,,15,11,9,8,16,12,12,9,3,3,1,1
05/07/2020,Brescia,Verona,2,0,H,0,0,D,,7,14,6,9,11,13,3,11,3,1,0,0
05/07/2020,Cagliari,Atalanta,0,1,A,0,1,A,,6,22,1,12,15,14,6,4,3,2,1,0
05/07/2020,Parma,Fiorentina,1,2,A,0,2,A,,7,9,2,6,17,14,3,0,4,6,0,0
05/07/2020,Sampdoria,Spal,3,0,H,3,0,H,,9,8,5,3,18,12,4,13,1,1,0,0
05/07/2020,Udinese,Genoa,2,2,D,1,0,H,,9,6,6,4,13,14,2,4,3,2,0,0
05/07/2020,Napoli,Roma,2,1,H,0,0,D,,18,5,12,4,10,16,8,1,2,4,0,0
05/07/2020,Ath Bilbao,Real Madrid,0,1,A,0,0,D,,7,10,1,4,13,8,3,2,4,3,0,0
05/07/2020,Espanol,Leganes,0,1,A,0,0,D,,7,4,2,2,14,22,0,3,4,3,1,0
05/07/2020,Osasuna,Getafe,0,0,D,0,0,D,,6,6,2,1,17,18,2,2,5,4,0,0
05/07/2020,Villarreal,Barcelona,1,4,A,1,3,A,,11,18,4,12,11,11,2,6,1,0,0,0
05/07/2020,Burnley,Sheffield United,1,1,D,1,0,H,P Bankes,9,10,4,3,8,14,3,9,0,0,0,0
05/07/2020,Newcastle,West Ham,2,2,D,1,1,D,C Pawson,11,17,4,7,9,11,6,4,0,0,0,0
05/07/2020,Liverpool,Aston Villa,2,0,H,0,0,D,P Tierney,6,9,4,3,18,8,7,5,1,1,0,0
05/07/2020,Southampton,Man City,1,0,H,1,0,H,A Marriner,8,26,4,6,6,7,2,13,1,2,0,0
06/07/2020,Levante,Sociedad,1,1,D,1,1,D,,9,8,4,3,17,12,4,2,3,2,0,0
06/07/2020,Sevilla,Eibar,1,0,H,0,0,D,,8,19,3,3,11,16,11,8,2,1,0,0
06/07/2020,Tottenham,Everton,1,0,H,1,0,H,G Scott,12,11,2,3,14,18,5,6,3,2,0,0
07/07/2020,Lecce,Lazio,2,1,H,1,1,D,,7,14,3,10,8,11,3,14,3,3,0,1
07/07/2020,Milan,Juventus,4,2,H,0,0,D,,9,9,9,4,14,16,2,6,4,1,0,0
07/07/2020,Valencia,Valladolid,2,1,H,1,0,H,,10,11,4,5,9,5,5,2,3,0,0,0
07/07/2020,Celta,Ath Madrid,1,1,D,0,1,A,,9,10,4,2,14,13,6,2,3,3,0,0
07/07/2020,Crystal Palace,Chelsea,2,3,A,1,2,A,D Coote,13,14,4,6,11,10,7,9,1,0,0,0
07/07/2020,Watford,Norwich,2,1,H,1,1,D,A Taylor,9,12,4,3,11,15,4,3,2,4,0,0
07/07/2020,Arsenal,Leicester,1,1,D,1,0,H,C Kavanagh,11,13,7,5,10,14,10,1,1,0,1,0
08/07/2020,Fiorentina,Cagliari,0,0,D,0,0,D,,11,11,7,7,11,10,6,3,2,2,0,0
08/07/2020,Genoa,Napoli,1,2,A,0,1,A,,7,16,3,11,13,6,6,8,1,0,0,0
08/07/2020,Atalanta,Sampdoria,2,0,H,0,0,D,,11,9,6,3,12,19,7,9,2,3,0,0
08/07/2020,Bologna,Sassuolo,1,2,A,0,1,A,,8,11,6,5,17,16,7,8,3,4,0,0
08/07/2020,Roma,Parma,2,1,H,1,1,D,,15,4,7,2,17,10,9,3,5,1,0,0
08/07/2020,Torino,Brescia,3,1,H,0,1,A,,14,13,10,6,24,19,6,5,1,3,0,0
08/07/2020,Betis,Osasuna,3,0,H,2,0,H,,14,8,8,2,9,17,5,8,1,5,0,0
08/07/2020,Getafe,Villarreal,1,3,A,0,0,D,,5,6,2,3,19,10,1,3,4,1,0,1
08/07/2020,Barcelona,Espanol,1,0,H,0,0,D,,9,11,2,2,8,12,6,5,0,2,1,1
08/07/2020,Man City,Newcastle,5,0,H,2,0,H,A Madley,23,6,9,1,12,7,8,1,0,0,0,0
08/07/2020,Sheffield United,Wolves,1,0,H,0,0,D,M Atkinson,7,6,3,1,5,6,6,1,2,0,0,0
08/07/2020,West Ham,Burnley,0,1,A,0,1,A,M Oliver,21,8,5,4,7,7,10,3,1,1,0,0
08/07/2020,Brighton,Liverpool,1,3,A,1,2,A,C Pawson,12,19,2,8,7,15,6,10,1,4,0,0
09/07/2020,Spal,Udinese,0,3,A,0,2,A,,11,7,3,4,11,9,9,1,0,0,0,0
09/07/2020,Verona,Inter,2,2,D,1,0,H,,10,13,4,7,19,11,0,5,3,2,0,0
09/07/2020,Eibar,Leganes,0,0,D,0,0,D,,4,10,1,1,21,13,8,1,3,3,0,0
09/07/2020,Mallorca,Levante,2,0,H,1,0,H,,15,14,5,2,11,20,1,5,3,1,0,0
09/07/2020,Ath Bilbao,Sevilla,1,2,A,1,0,H,,13,20,4,7,18,9,4,7,3,2,0,0
09/07/2020,Bournemouth,Tottenham,0,0,D,0,0,D,P Tierney,9,9,2,0,11,14,8,12,3,2,0,0
09/07/2020,Everton,Southampton,1,1,D,1,1,D,L Mason,11,17,4,4,13,14,3,5,3,3,0,0
09/07/2020,Aston Villa,Man United,0,3,A,0,2,A,J Moss,9,14,1,6,7,13,3,5,2,3,0,0
10/07/2020,Sociedad,Granada,2,3,A,0,2,A,,19,4,5,3,12,13,8,3,2,3,0,0
10/07/2020,Real Madrid,Alaves,2,0,H,1,0,H,,18,10,8,4,5,17,3,2,0,1,0,0
11/07/2020,Lazio,Sassuolo,1,2,A,1,0,H,,7,11,1,4,13,7,1,5,4,2,0,0
11/07/2020,Brescia,Roma,0,3,A,0,0,D,,8,16,4,9,19,16,3,8,1,2,0,0
11/07/2020,Juventus,Atalanta,2,2,D,0,1,A,,6,9,5,4,11,16,2,4,3,2,0,0
11/07/2020,Osasuna,Celta,2,1,H,1,1,D,,15,12,5,3,10,11,3,4,2,2,0,0
11/07/2020,Valladolid,Barcelona,0,1,A,0,1,A,,13,9,4,6,15,13,4,5,2,2,0,0
11/07/2020,Ath Madrid,Betis,1,0,H,0,0,D,,9,21,4,3,10,10,2,4,1,3,1,0
11/07/2020,Norwich,West Ham,0,4,A,0,2,A,K Friend,11,19,2,7,9,8,1,6,1,0,0,0
11/07/2020,Watford,Newcastle,2,1,H,0,1,A,C Pawson,17,8,5,4,23,15,2,4,1,4,0,0
11/07/2020,Liverpool,Burnley,1,1,D,1,0,H,D Coote,23,6,9,2,7,4,12,6,1,2,0,0
11/07/2020,Sheffield United,Chelsea,3,0,H,2,0,H,A Marriner,9,15,4,4,8,6,4,6,1,0,0,0
11/07/2020,Brighton,Man City,0,5,A,0,2,A,G Scott,3,26,0,8,7,3,2,7,1,0,0,0
12/07/2020,Genoa,Spal,2,0,H,1,0,H,,12,3,9,0,15,19,7,2,1,2,0,0
12/07/2020,Cagliari,Lecce,0,0,D,0,0,D,,12,15,6,10,10,7,6,7,1,1,0,0
12/07/2020,Fiorentina,Verona,1,1,D,0,1,A,,10,5,3,4,15,14,6,8,3,2,0,0
12/07/2020,Parma,Bologna,2,2,D,0,2,A,,13,9,5,6,17,24,6,2,1,1,0,0
12/07/2020,Udinese,Sampdoria,1,3,A,1,1,D,,7,9,4,6,16,10,10,7,1,4,0,0
12/07/2020,Napoli,Milan,2,2,D,1,1,D,,14,4,9,4,9,18,7,2,2,4,0,1
12/07/2020,Espanol,Eibar,0,2,A,0,2,A,,14,11,3,6,13,14,7,2,2,2,0,0
12/07/2020,Levante,Ath Bilbao,1,2,A,0,2,A,,5,12,1,5,10,15,2,6,0,1,0,0
12/07/2020,Leganes,Valencia,1,0,H,1,0,H,,10,16,1,5,21,9,2,8,4,1,1,0
12/07/2020,Sevilla,Mallorca,2,0,H,1,0,H,,14,14,5,5,14,7,5,5,3,2,0,0
12/07/2020,Wolves,Everton,3,0,H,1,0,H,A Taylor,14,6,7,2,9,9,5,2,0,2,0,0
12/07/2020,Aston Villa,Crystal Palace,2,0,H,1,0,H,M Atkinson,12,9,9,5,21,21,5,1,2,4,0,1
12/07/2020,Tottenham,Arsenal,2,1,H,1,1,D,M Oliver,15,13,9,4,16,11,6,5,5,3,0,0
12/07/2020,Bournemouth,Leicester,4,1,H,0,1,A,S Attwell,10,13,4,5,11,12,2,6,2,1,0,1
13/07/2020,Inter,Torino,3,1,H,0,1,A,,20,6,11,4,21,18,9,2,5,3,0,0
13/07/2020,Alaves,Getafe,0,0,D,0,0,D,,3,14,1,4,26,15,2,4,4,2,0,0
13/07/2020,Villarreal,Sociedad,1,2,A,0,0,D,,9,11,3,6,12,11,2,10,2,2,0,0
13/07/2020,Granada,Real Madrid,1,2,A,0,2,A,,13,11,4,5,18,18,4,3,2,2,0,0
13/07/2020,Man United,Southampton,2,2,D,2,1,H,C Kavanagh,8,9,4,5,14,15,4,6,1,3,0,0
14/07/2020,Atalanta,Brescia,6,2,H,4,1,H,,13,6,7,5,12,10,1,1,0,0,0,0
14/07/2020,Chelsea,Norwich,1,0,H,1,0,H,J Moss,22,2,6,0,10,9,8,1,2,2,0,0
15/07/2020,Bologna,Napoli,1,1,D,0,1,A,,11,9,2,4,20,9,8,4,1,1,0,0
15/07/2020,Milan,Parma,3,1,H,0,1,A,,21,9,7,5,9,10,7,6,1,2,0,0
15/07/2020,Sampdoria,Cagliari,3,0,H,2,0,H,,9,15,4,3,13,15,4,3,0,2,0,0
15/07/2020,Lecce,Fiorentina,1,3,A,0,3,A,,10,12,3,7,15,7,6,5,3,2,0,0
15/07/2020,Roma,Verona,2,1,H,2,0,H,,20,9,6,3,14,6,7,6,4,3,0,0
15/07/2020,Sassuolo,Juventus,3,3,D,1,2,A,,16,13,12,6,14,13,3,9,4,4,0,0
15/07/2020,Udinese,Lazio,0,0,D,0,0,D,,15,15,7,3,12,11,4,5,2,3,0,0
15/07/2020,Burnley,Wolves,1,1,D,0,0,D,M Dean,9,14,1,5,10,8,3,8,0,0,0,0
15/07/2020,Man City,Bournemouth,2,1,H,2,0,H,L Mason,8,15,4,3,10,10,3,5,1,1,0,0
15/07/2020,Newcastle,Tottenham,1,3,A,0,1,A,D Coote,22,8,6,5,6,13,5,4,2,3,0,0
15/07/2020,Arsenal,Liverpool,2,1,H,2,1,H,P Tierney,3,24,2,8,14,10,2,13,3,1,0,0
16/07/2020,Torino,Genoa,3,0,H,1,0,H,,8,10,4,4,20,18,8,4,2,2,0,0
16/07/2020,Spal,Inter,0,4,A,0,1,A,,8,13,1,8,10,9,0,7,2,3,0,0
16/07/2020,Eibar,Valladolid,3,1,H,2,0,H,,13,17,7,8,19,13,3,12,4,0,0,0
16/07/2020,Ath Bilbao,Leganes,0,2,A,0,0,D,,10,16,3,4,11,11,3,3,2,3,1,0
16/07/2020,Barcelona,Osasuna,1,2,A,0,1,A,,19,9,3,5,7,14,10,2,4,1,0,1
16/07/2020,Betis,Alaves,1,2,A,0,0,D,,14,9,7,5,14,18,6,5,6,4,1,1
16/07/2020,Celta,Levante,2,3,A,2,2,D,,16,8,6,4,11,15,8,4,3,0,1,1
16/07/2020,Getafe,Ath Madrid,0,2,A,0,0,D,,15,11,6,3,14,11,4,3,1,2,1,0
16/07/2020,Mallorca,Granada,1,2,A,1,1,D,,18,14,5,6,14,18,5,6,7,5,2,0
16/07/2020,Real Madrid,Villarreal,2,1,H,1,0,H,,12,8,7,4,13,13,4,2,3,2,0,0
16/07/2020,Sociedad,Sevilla,0,0,D,0,0,D,,11,8,4,3,16,13,3,2,1,2,0,0
16/07/2020,Valencia,Espanol,1,0,H,1,0,H,,9,18,3,6,9,18,4,4,2,4,1,0
16/07/2020,Everton,Aston Villa,1,1,D,0,0,D,A Taylor,9,15,1,1,15,13,5,5,2,1,0,0
16/07/2020,Leicester,Sheffield United,2,0,H,1,0,H,M Oliver,15,5,7,1,12,10,9,5,1,2,0,0
16/07/2020,Crystal Palace,Man United,0,2,A,0,1,A,G Scott,13,17,5,5,10,15,2,7,1,2,0,0
16/07/2020,Southampton,Brighton,1,1,D,0,1,A,A Marriner,21,10,6,2,6,10,8,2,1,0,0,0
17/07/2020,West Ham,Watford,3,1,H,3,0,H,M Atkinson,10,14,4,3,11,11,9,3,0,2,0,0
18/07/2020,Verona,Atalanta,1,1,D,0,0,D,,11,17,8,7,15,15,7,5,2,2,0,0
18/07/2020,Cagliari,Sassuolo,1,1,D,0,1,A,,2,5,1,2,14,15,0,9,4,2,1,0
18/07/2020,Milan,Bologna,5,1,H,2,1,H,,17,8,14,3,19,14,7,2,2,1,0,0
18/07/2020,Norwich,Burnley,0,2,A,0,1,A,K Friend,6,23,2,8,9,16,6,8,0,0,2,0
19/07/2020,Parma,Sampdoria,2,3,A,2,0,H,,13,12,7,5,13,11,4,6,0,1,0,0
19/07/2020,Brescia,Spal,2,1,H,0,1,A,,15,13,6,7,10,14,7,4,2,2,0,0
19/07/2020,Fiorentina,Torino,2,0,H,1,0,H,,12,5,4,1,7,11,4,1,1,2,0,0
19/07/2020,Genoa,Lecce,2,1,H,1,0,H,,8,17,5,2,12,10,3,8,2,3,0,0
19/07/2020,Napoli,Udinese,2,1,H,1,1,D,,17,3,10,3,13,17,2,3,3,2,0,0
19/07/2020,Roma,Inter,2,2,D,1,1,D,,6,4,3,3,18,13,8,5,1,1,0,0
19/07/2020,Alaves,Barcelona,0,5,A,0,3,A,,8,16,0,8,17,15,2,1,0,0,0,0
19/07/2020,Valladolid,Betis,2,0,H,1,0,H,,13,10,4,3,17,10,3,5,2,2,0,0
19/07/2020,Villarreal,Eibar,4,0,H,0,0,D,,12,11,5,3,4,9,4,4,0,0,0,0
19/07/2020,Ath Madrid,Sociedad,1,1,D,1,0,H,,6,10,3,4,16,9,2,3,1,2,0,0
19/07/2020,Espanol,Celta,0,0,D,0,0,D,,8,9,1,3,10,11,1,4,2,3,0,0
19/07/2020,Granada,Ath Bilbao,4,0,H,1,0,H,,11,11,6,3,10,11,2,3,1,2,0,0
19/07/2020,Leganes,Real Madrid,2,2,D,1,1,D,,15,7,7,4,9,11,5,2,4,1,0,0
19/07/2020,Levante,Getafe,1,0,H,0,0,D,,13,13,4,4,10,12,6,8,2,4,0,0
19/07/2020,Osasuna,Mallorca,2,2,D,1,1,D,,12,12,5,4,17,10,3,5,2,0,0,0
19/07/2020,Sevilla,Valencia,1,0,H,0,0,D,,16,8,4,2,11,6,4,7,0,1,0,0
19/07/2020,Bournemouth,Southampton,0,2,A,0,1,A,C Pawson,11,16,3,8,12,11,12,6,2,2,0,0
19/07/2020,Tottenham,Leicester,3,0,H,3,0,H,A Taylor,7,24,3,6,15,10,4,13,2,1,0,0
20/07/2020,Juventus,Lazio,2,1,H,0,0,D,,13,6,10,5,18,15,4,7,3,1,0,0
20/07/2020,Brighton,Newcastle,0,0,D,0,0,D,S Hooper,11,12,3,1,13,12,9,7,4,2,0,0
20/07/2020,Sheffield United,Everton,0,1,A,0,0,D,S Attwell,8,5,0,2,11,19,7,1,1,3,0,0
20/07/2020,Wolves,Crystal Palace,2,0,H,1,0,H,P Bankes,11,7,5,3,11,15,5,2,2,1,0,0
21/07/2020,Atalanta,Bologna,1,0,H,0,0,D,,13,9,7,2,19,14,6,4,4,2,0,0
21/07/2020,Sassuolo,Milan,1,2,A,1,2,A,,6,12,3,8,12,24,5,3,3,4,1,0
21/07/2020,Watford,Man City,0,4,A,0,2,A,M Oliver,2,26,0,10,14,11,0,8,2,0,0,0
21/07/2020,Aston Villa,Arsenal,1,0,H,1,0,H,C Kavanagh,8,7,3,0,13,19,8,9,2,4,0,0
22/07/2020,Parma,Napoli,2,1,H,1,0,H,,6,12,3,4,8,12,3,3,3,1,0,0
22/07/2020,Inter,Fiorentina,0,0,D,0,0,D,,12,6,9,4,13,13,11,2,1,3,0,0
22/07/2020,Lecce,Brescia,3,1,H,2,0,H,,13,10,10,3,11,11,5,10,2,1,0,0
22/07/2020,Sampdoria,Genoa,1,2,A,1,1,D,,11,7,7,5,14,13,5,0,4,2,0,0
22/07/2020,Spal,Roma,1,6,A,1,2,A,,9,13,4,9,10,11,3,1,1,0,0,0
22/07/2020,Torino,Verona,1,1,D,0,0,D,,6,8,4,6,18,16,5,4,4,2,0,0
22/07/2020,Man United,West Ham,1,1,D,0,1,A,P Tierney,11,12,4,3,10,9,2,3,3,1,0,0
22/07/2020,Liverpool,Chelsea,5,3,H,3,1,H,A Marriner,10,10,7,5,8,11,6,0,1,0,0,0
23/07/2020,Udinese,Juventus,2,1,H,0,1,A,,9,14,4,6,9,8,3,7,2,2,0,0
23/07/2020,Lazio,Cagliari,2,1,H,0,1,A,,16,8,12,4,14,11,13,3,3,1,0,0
24/07/2020,Milan,Atalanta,1,1,D,1,1,D,,6,9,3,4,17,12,3,7,1,1,0,0
25/07/2020,Brescia,Parma,1,2,A,0,0,D,,10,12,7,6,15,13,5,3,4,0,0,0
25/07/2020,Genoa,Inter,0,3,A,0,1,A,,7,8,2,4,12,15,4,6,2,3,0,0
25/07/2020,Napoli,Sassuolo,2,0,H,1,0,H,,16,4,9,1,4,10,7,4,1,3,0,0
26/07/2020,Bologna,Lecce,3,2,H,2,1,H,,18,19,12,10,16,8,9,6,1,1,0,0
26/07/2020,Cagliari,Udinese,0,1,A,0,1,A,,14,10,8,6,10,17,4,8,2,1,0,0
26/07/2020,Roma,Fiorentina,2,1,H,1,0,H,,12,4,7,2,13,14,8,3,1,4,0,0
26/07/2020,Spal,Torino,1,1,D,0,0,D,,3,14,2,7,11,17,0,10,2,3,0,0
26/07/2020,Verona,Lazio,1,5,A,1,1,D,,9,12,6,7,16,7,8,5,2,2,0,0
26/07/2020,Juventus,Sampdoria,2,0,H,1,0,H,,14,13,8,8,17,13,4,5,4,5,0,1
26/07/2020,Arsenal,Watford,3,2,H,3,1,H,M Dean,13,19,5,6,9,12,4,8,3,3,0,0
26/07/2020,Burnley,Brighton,1,2,A,1,1,D,J Moss,13,14,2,4,11,11,6,7,3,0,0,0
26/07/2020,Chelsea,Wolves,2,0,H,2,0,H,S Attwell,11,5,3,1,10,16,3,3,2,3,0,0
26/07/2020,Crystal Palace,Tottenham,1,1,D,0,1,A,A Marriner,13,7,2,2,11,13,7,2,3,2,0,0
26/07/2020,Everton,Bournemouth,1,3,A,1,2,A,C Kavanagh,13,13,5,7,11,9,2,5,1,0,0,0
26/07/2020,Leicester,Man United,0,2,A,0,0,D,M Atkinson,14,7,3,3,12,11,3,3,1,4,1,0
26/07/2020,Man City,Norwich,5,0,H,2,0,H,C Pawson,31,5,10,4,7,4,9,0,1,1,0,0
26/07/2020,Newcastle,Liverpool,1,3,A,1,1,D,A Taylor,3,14,2,6,11,5,2,4,1,0,0,0
26/07/2020,Southampton,Sheffield United,3,1,H,0,1,A,P Bankes,13,5,4,3,9,16,9,1,0,1,0,0
26/07/2020,West Ham,Aston Villa,1,1,D,0,0,D,M Oliver,10,13,1,4,16,13,0,7,2,1,0,0
28/07/2020,Parma,Atalanta,1,2,A,1,0,H,,8,11,6,5,17,16,3,3,2,1,0,0
28/07/2020,Inter,Napoli,2,0,H,1,0,H,,6,8,5,2,16,8,3,9,4,1,0,0
29/07/2020,Lazio,Brescia,2,0,H,1,0,H,,25,8,15,3,11,10,5,6,1,2,0,0
29/07/2020,Sampdoria,Milan,1,4,A,0,1,A,,16,18,5,11,5,6,4,6,1,1,0,0
29/07/2020,Sassuolo,Genoa,5,0,H,2,0,H,,15,10,9,3,11,6,2,3,1,1,0,0
29/07/2020,Udinese,Lecce,1,2,A,1,1,D,,8,10,3,6,12,11,5,5,1,4,0,0
29/07/2020,Verona,Spal,3,0,H,2,0,H,,14,12,9,5,15,13,7,1,1,1,0,0
29/07/2020,Cagliari,Juventus,2,0,H,2,0,H,,9,20,5,10,13,12,1,9,2,1,0,0
29/07/2020,Fiorentina,Bologna,4,0,H,0,0,D,,15,8,9,3,14,11,3,5,2,1,0,0
29/07/2020,Torino,Roma,2,3,A,1,2,A,,5,12,5,7,8,18,4,8,2,3,0,0
01/08/2020,Brescia,Sampdoria,1,1,D,0,1,A,,11,11,6,5,9,17,5,4,1,4,0,1
01/08/2020,Atalanta,Inter,0,2,A,0,2,A,,8,7,3,4,10,12,7,1,2,3,0,0
01/08/2020,Juventus,Roma,1,3,A,1,2,A,,9,9,4,7,10,12,6,5,1,4,0,0
01/08/2020,Milan,Cagliari,3,0,H,1,0,H,,12,4,7,3,16,7,7,6,1,3,0,0
01/08/2020,Napoli,Lazio,3,1,H,1,1,D,,11,8,6,4,10,11,2,2,3,2,0,0
02/08/2020,Spal,Fiorentina,1,3,A,1,1,D,,7,20,5,11,6,14,3,10,1,1,0,0
02/08/2020,Bologna,Torino,1,1,D,1,0,H,,13,13,5,11,15,17,7,3,3,3,0,0
02/08/2020,Genoa,Verona,3,0,H,3,0,H,,4,13,4,3,8,13,4,9,4,0,2,1
02/08/2020,Lecce,Parma,3,4,A,2,2,D,,12,18,8,11,3,7,5,4,0,2,0,0
02/08/2020,Sassuolo,Udinese,0,1,A,0,0,D,,18,7,14,3,9,11,6,7,1,1,0,0
21/08/2020,Bordeaux,Nantes,0,0,D,0,0,D,,5,6,1,1,10,15,2,3,2,3,1,0
22/08/2020,Dijon,Angers,0,1,A,0,1,A,,9,12,1,4,15,8,3,9,0,0,0,0
22/08/2020,Lille,Rennes,1,1,D,1,0,H,,5,16,1,3,12,16,4,2,0,1,1,1
23/08/2020,Monaco,Reims,2,2,D,1,2,A,,22,9,5,3,8,14,8,1,1,3,0,0
23/08/2020,Lorient,Strasbourg,3,1,H,0,1,A,,10,7,7,1,17,10,6,1,3,2,0,0
23/08/2020,Nimes,Brest,4,0,H,2,0,H,,12,10,5,3,14,17,4,4,2,3,0,1
23/08/2020,Nice,Lens,2,1,H,1,1,D,,4,17,2,4,17,18,1,7,2,3,0,0
28/08/2020,Lyon,Dijon,4,1,H,3,1,H,,27,6,12,2,12,7,13,2,3,3,0,0
29/08/2020,Rennes,Montpellier,2,1,H,1,0,H,,16,11,7,3,18,16,2,1,3,2,1,1
29/08/2020,Strasbourg,Nice,0,2,A,0,1,A,,6,3,0,2,14,11,3,1,2,6,0,0
30/08/2020,Reims,Lille,0,1,A,0,1,A,,4,10,0,3,20,11,1,2,4,1,0,0
30/08/2020,Angers,Bordeaux,0,2,A,0,2,A,,12,7,2,7,12,19,5,7,1,3,0,0
30/08/2020,Metz,Monaco,0,1,A,0,1,A,,14,3,4,2,14,20,10,1,0,5,0,1
30/08/2020,Nantes,Nimes,2,1,H,2,0,H,,8,17,5,9,16,9,4,8,3,2,2,0
30/08/2020,St Etienne,Lorient,2,0,H,1,0,H,,13,6,5,1,14,23,2,5,2,1,0,0
30/08/2020,Brest,Marseille,2,3,A,1,2,A,,19,7,4,4,17,13,10,2,2,4,0,0
10/09/2020,Lens,Paris SG,1,0,H,0,0,D,,7,8,3,1,21,10,4,2,2,2,0,0
11/09/2020,Bordeaux,Lyon,0,0,D,0,0,D,,5,20,0,3,12,19,4,5,2,3,0,0
12/09/2020,Eibar,Celta,0,0,D,0,0,D,,8,6,1,3,17,13,3,3,4,4,1,0
12/09/2020,Granada,Ath Bilbao,2,0,H,0,0,D,,4,9,2,2,8,10,1,2,3,4,0,0
12/09/2020,Cadiz,Osasuna,0,2,A,0,1,A,,12,6,3,4,14,21,6,2,2,2,0,0
12/09/2020,Montpellier,Nice,3,1,H,1,0,H,,20,9,13,1,17,16,8,9,0,2,0,0
12/09/2020,St Etienne,Strasbourg,2,0,H,0,0,D,,10,14,4,7,13,19,6,3,1,3,0,0
12/09/2020,Fulham,Arsenal,0,3,A,0,1,A,C Kavanagh,5,13,2,6,12,12,2,3,2,2,0,0
12/09/2020,Crystal Palace,Southampton,1,0,H,1,0,H,J Moss,5,9,3,5,14,11,7,3,2,1,0,0
12/09/2020,Liverpool,Leeds,4,3,H,3,2,H,M Oliver,22,6,6,3,9,6,9,0,1,0,0,0
12/09/2020,West Ham,Newcastle,0,2,A,0,0,D,S Attwell,15,15,3,2,13,7,8,7,2,2,0,0
13/09/2020,Alaves,Betis,0,1,A,0,0,D,,7,11,2,4,19,17,6,4,3,3,0,0
13/09/2020,Valladolid,Sociedad,1,1,D,1,0,H,,8,8,3,2,15,17,5,3,4,1,0,0
13/09/2020,Villarreal,Huesca,1,1,D,0,1,A,,15,10,4,3,10,22,6,6,1,1,0,0
13/09/2020,Valencia,Levante,4,2,H,2,2,D,,14,19,8,8,9,14,3,4,1,3,0,0
13/09/2020,Lille,Metz,1,0,H,0,0,D,,16,5,6,1,12,14,8,3,4,4,0,0
13/09/2020,Angers,Reims,1,0,H,0,0,D,,20,7,7,2,12,12,1,2,4,2,1,1
13/09/2020,Dijon,Brest,0,2,A,0,1,A,,7,19,3,5,16,16,5,7,2,0,1,0
13/09/2020,Lorient,Lens,2,3,A,1,2,A,,6,12,3,6,20,16,4,2,4,3,0,1
13/09/2020,Nimes,Rennes,2,4,A,1,2,A,,17,10,9,6,17,13,8,4,2,6,0,0
13/09/2020,Monaco,Nantes,2,1,H,1,0,H,,18,7,5,2,14,11,9,4,3,1,0,0
13/09/2020,Paris SG,Marseille,0,1,A,0,1,A,,14,5,4,2,17,19,4,2,6,8,3,2
13/09/2020,West Brom,Leicester,0,3,A,0,0,D,A Taylor,7,13,1,7,12,9,2,5,1,1,0,0
13/09/2020,Tottenham,Everton,0,1,A,0,0,D,M Atkinson,9,15,5,4,15,7,5,3,1,0,0,0
14/09/2020,Brighton,Chelsea,1,3,A,0,1,A,C Pawson,13,10,3,5,8,13,4,3,1,0,0,0
14/09/2020,Sheffield United,Wolves,0,2,A,0,2,A,M Dean,9,11,2,4,13,7,12,5,2,1,0,0
15/09/2020,Montpellier,Lyon,2,1,H,1,0,H,,10,19,3,7,13,13,4,11,3,2,1,1
16/09/2020,Paris SG,Metz,1,0,H,0,0,D,,20,7,8,1,8,6,8,2,3,2,1,0
17/09/2020,Marseille,St Etienne,0,2,A,0,1,A,,13,12,2,5,13,15,7,6,2,2,0,0
18/09/2020,Bayern Munich,Schalke 04,8,0,H,3,0,H,,22,5,12,1,11,12,9,2,1,2,0,0
18/09/2020,Lyon,Nimes,0,0,D,0,0,D,,16,10,3,3,18,12,9,2,3,2,0,0
19/09/2020,Fiorentina,Torino,1,0,H,0,0,D,,17,6,8,3,17,20,4,1,3,1,0,0
19/09/2020,Verona,Roma,0,0,D,0,0,D,,9,15,7,7,19,20,0,6,2,0,0,0
19/09/2020,Ein Frankfurt,Bielefeld,1,1,D,0,0,D,,18,14,6,4,14,13,14,3,2,2,0,0
19/09/2020,FC Koln,Hoffenheim,2,3,A,1,2,A,,13,13,6,7,12,13,1,6,0,0,0,0
19/09/2020,Stuttgart,Freiburg,2,3,A,0,2,A,,22,7,7,6,12,16,7,2,2,2,0,0
19/09/2020,Union Berlin,Augsburg,1,3,A,0,1,A,,13,9,3,5,9,9,8,1,2,0,0,0
19/09/2020,Werder Bremen,Hertha,1,4,A,0,2,A,,17,13,7,6,13,17,7,4,2,0,0,0
19/09/2020,Dortmund,M'gladbach,3,0,H,1,0,H,,9,8,4,2,10,9,1,3,1,1,0,0
19/09/2020,Villarreal,Eibar,2,1,H,0,0,D,,14,12,8,4,5,12,4,3,1,1,0,0
19/09/2020,Getafe,Osasuna,1,0,H,0,0,D,,7,10,1,3,19,13,4,1,4,2,0,0
19/09/2020,Celta,Valencia,2,1,H,1,0,H,,23,9,6,3,12,13,6,6,3,1,0,0
19/09/2020,Lens,Bordeaux,2,1,H,0,0,D,,19,7,5,3,15,15,7,0,5,5,0,1
19/09/2020,Rennes,Monaco,2,1,H,0,1,A,,14,14,3,2,11,11,9,10,1,2,0,0
19/09/2020,Everton,West Brom,5,2,H,2,1,H,M Dean,17,6,7,4,9,11,11,1,1,0,0,1
19/09/2020,Leeds,Fulham,4,3,H,2,1,H,A Taylor,10,14,7,6,13,18,5,3,1,2,0,0
19/09/2020,Man United,Crystal Palace,1,3,A,0,1,A,M Atkinson,13,14,4,5,13,10,9,3,2,1,0,0
19/09/2020,Arsenal,West Ham,2,1,H,1,1,D,M Oliver,7,14,3,3,11,13,7,5,0,1,0,0
20/09/2020,Parma,Napoli,0,2,A,0,0,D,,4,12,2,7,16,12,4,2,4,1,0,0
20/09/2020,Genoa,Crotone,4,1,H,3,1,H,,10,11,8,5,13,14,6,4,4,2,0,0
20/09/2020,Sassuolo,Cagliari,1,1,D,0,0,D,,21,8,10,4,9,18,7,3,1,3,0,0
20/09/2020,Juventus,Sampdoria,3,0,H,1,0,H,,14,10,9,2,15,9,6,4,1,1,0,0
20/09/2020,RB Leipzig,Mainz,3,1,H,2,0,H,,23,8,10,1,5,11,7,5,1,2,0,0
20/09/2020,Wolfsburg,Leverkusen,0,0,D,0,0,D,,9,6,1,2,13,12,4,4,1,2,0,0
20/09/2020,Huesca,Cadiz,0,2,A,0,1,A,,4,6,0,4,18,23,2,1,3,3,0,0
20/09/2020,Betis,Valladolid,2,0,H,2,0,H,,16,9,6,2,18,10,5,3,3,0,0,0
20/09/2020,Granada,Alaves,2,1,H,1,1,D,,10,5,3,3,9,12,4,4,0,3,0,0
20/09/2020,Sociedad,Real Madrid,0,0,D,0,0,D,,6,16,1,4,17,12,1,11,2,2,0,0
20/09/2020,Nice,Paris SG,0,3,A,0,2,A,,14,14,5,6,9,9,4,7,1,2,0,0
20/09/2020,Brest,Lorient,3,2,H,2,1,H,,14,9,6,4,20,13,4,6,2,1,0,0
20/09/2020,Metz,Reims,2,1,H,1,1,D,,14,10,4,4,14,7,8,5,1,4,0,1
20/09/2020,Montpellier,Angers,4,1,H,2,1,H,,14,14,9,3,14,5,6,3,4,3,0,0
20/09/2020,Strasbourg,Dijon,1,0,H,0,0,D,,17,6,6,2,10,16,8,2,1,1,0,0
20/09/2020,Nantes,St Etienne,2,2,D,0,1,A,,15,6,3,4,12,17,4,2,2,2,0,0
20/09/2020,Marseille,Lille,1,1,D,0,0,D,,11,14,2,7,12,18,5,4,3,3,0,0
20/09/2020,Southampton,Tottenham,2,5,A,1,1,D,D Coote,14,9,7,6,16,18,3,2,4,3,0,0
20/09/2020,Newcastle,Brighton,0,3,A,0,2,A,K Friend,6,13,0,6,16,15,7,1,3,0,0,1
20/09/2020,Chelsea,Liverpool,0,2,A,0,0,D,P Tierney,5,18,3,6,10,6,1,11,0,0,1,0
20/09/2020,Leicester,Burnley,4,2,H,1,1,D,L Mason,14,16,6,5,11,13,15,4,1,2,0,0
21/09/2020,Milan,Bologna,2,0,H,1,0,H,,14,6,6,5,13,17,7,4,3,5,0,1
21/09/2020,Aston Villa,Sheffield United,1,0,H,0,0,D,G Scott,18,4,2,1,12,13,10,4,3,1,0,1
21/09/2020,Wolves,Man City,1,3,A,0,2,A,A Marriner,10,14,1,9,6,8,4,6,0,3,0,0
25/09/2020,Hertha,Ein Frankfurt,1,3,A,0,2,A,,12,10,6,3,13,16,4,3,3,4,0,0
25/09/2020,Lille,Nantes,2,0,H,1,0,H,,12,12,4,6,16,12,4,7,0,2,0,0
26/09/2020,Torino,Atalanta,2,4,A,2,3,A,,5,12,5,7,11,12,2,6,1,2,0,0
26/09/2020,Cagliari,Lazio,0,2,A,0,1,A,,9,9,3,7,8,13,3,6,1,1,0,0
26/09/2020,Sampdoria,Benevento,2,3,A,2,1,H,,5,11,4,6,17,12,6,4,3,1,0,0
26/09/2020,Inter,Fiorentina,4,3,H,1,1,D,,12,8,6,4,15,10,5,1,1,1,0,0
26/09/2020,Augsburg,Dortmund,2,0,H,1,0,H,,6,16,4,7,7,8,3,11,3,4,0,0
26/09/2020,Bielefeld,FC Koln,1,0,H,0,0,D,,7,12,3,2,12,15,4,7,3,3,0,0
26/09/2020,Leverkusen,RB Leipzig,1,1,D,1,1,D,,11,7,4,2,16,10,4,1,1,3,0,0
26/09/2020,Mainz,Stuttgart,1,4,A,1,1,D,,11,15,3,7,10,17,3,9,2,4,1,1
26/09/2020,M'gladbach,Union Berlin,1,1,D,0,0,D,,14,15,5,2,11,15,7,5,1,2,0,0
26/09/2020,Schalke 04,Werder Bremen,1,3,A,0,2,A,,17,17,4,8,20,14,8,3,7,2,1,0
26/09/2020,Alaves,Getafe,0,0,D,0,0,D,,9,11,0,4,13,13,1,5,2,2,0,0
26/09/2020,Valencia,Huesca,1,1,D,1,0,H,,5,17,2,4,14,20,4,4,0,1,0,0
26/09/2020,Elche,Sociedad,0,3,A,0,0,D,,5,27,2,7,11,12,2,11,3,1,0,0
26/09/2020,Betis,Real Madrid,2,3,A,2,1,H,,15,11,5,4,9,10,8,3,5,2,1,0
26/09/2020,St Etienne,Rennes,0,3,A,0,1,A,,6,10,4,6,11,12,6,4,1,1,0,0
26/09/2020,Marseille,Metz,1,1,D,0,0,D,,17,14,3,3,15,11,5,5,0,2,0,0
26/09/2020,Brighton,Man United,2,3,A,1,1,D,C Kavanagh,18,7,5,3,18,16,7,1,4,2,0,0
26/09/2020,Crystal Palace,Everton,1,2,A,1,2,A,K Friend,8,10,1,5,16,15,7,6,3,1,0,0
26/09/2020,West Brom,Chelsea,3,3,D,3,0,H,J Moss,9,22,3,10,8,16,3,9,1,3,0,0
26/09/2020,Burnley,Southampton,0,1,A,0,1,A,A Marriner,10,5,2,1,8,10,8,2,1,0,0,0
27/09/2020,Spezia,Sassuolo,1,4,A,1,1,D,,11,10,6,8,13,8,3,5,2,1,0,0
27/09/2020,Napoli,Genoa,6,0,H,1,0,H,,18,3,11,1,6,13,4,2,1,2,0,0
27/09/2020,Verona,Udinese,1,0,H,0,0,D,,8,14,2,6,13,13,1,9,1,0,0,0
27/09/2020,Crotone,Milan,0,2,A,0,1,A,,5,11,1,7,14,15,2,5,1,3,0,0
27/09/2020,Roma,Juventus,2,2,D,2,1,H,,7,6,6,3,19,9,5,7,2,3,0,1
27/09/2020,Hoffenheim,Bayern Munich,4,1,H,2,1,H,,17,14,8,2,15,11,3,5,3,2,0,0
27/09/2020,Freiburg,Wolfsburg,1,1,D,1,1,D,,21,8,7,2,10,13,9,1,0,3,0,0
27/09/2020,Osasuna,Levante,1,3,A,1,1,D,,9,11,4,5,15,16,3,7,2,0,0,0
27/09/2020,Eibar,Ath Bilbao,1,2,A,0,1,A,,7,9,1,5,15,12,5,4,1,0,0,0
27/09/2020,Ath Madrid,Granada,6,1,H,1,0,H,,17,11,10,6,16,14,1,1,3,1,0,0
27/09/2020,Cadiz,Sevilla,1,3,A,0,0,D,,12,14,5,5,9,14,6,5,4,2,0,0
27/09/2020,Valladolid,Celta,1,1,D,0,1,A,,10,5,4,1,26,18,4,1,3,4,0,0
27/09/2020,Barcelona,Villarreal,4,0,H,4,0,H,,17,5,9,1,9,10,8,4,0,1,0,0
27/09/2020,Bordeaux,Nice,0,0,D,0,0,D,,18,13,5,2,9,15,7,7,1,1,0,0
27/09/2020,Angers,Brest,3,2,H,1,2,A,,12,14,5,6,17,21,6,1,3,2,0,0
27/09/2020,Dijon,Montpellier,2,2,D,1,0,H,,15,14,6,5,15,11,6,13,4,1,0,0
27/09/2020,Monaco,Strasbourg,3,2,H,2,0,H,,11,11,5,5,11,12,6,2,3,1,2,0
27/09/2020,Nimes,Lens,1,1,D,0,1,A,,13,15,4,6,10,16,5,7,0,3,0,0
27/09/2020,Lorient,Lyon,1,1,D,0,0,D,,4,19,2,6,19,7,1,5,2,0,0,0
27/09/2020,Reims,Paris SG,0,2,A,0,1,A,,8,21,3,7,11,10,3,7,2,2,0,0
27/09/2020,Sheffield United,Leeds,0,1,A,0,0,D,P Tierney,14,17,4,9,18,4,5,7,2,1,0,0
27/09/2020,Tottenham,Newcastle,1,1,D,1,0,H,P Bankes,23,6,12,1,15,9,10,4,1,4,0,0
27/09/2020,Man City,Leicester,2,5,A,1,1,D,M Oliver,16,7,5,7,13,8,3,4,1,3,0,0
27/09/2020,West Ham,Wolves,4,0,H,1,0,H,M Atkinson,15,11,7,2,7,11,1,3,0,1,0,0
28/09/2020,Bologna,Parma,4,1,H,2,0,H,,11,8,8,4,12,9,8,9,1,2,0,1
28/09/2020,Fulham,Aston Villa,0,3,A,0,2,A,S Attwell,16,12,3,5,18,14,5,3,6,3,0,0
28/09/2020,Liverpool,Arsenal,3,1,H,2,1,H,C Pawson,21,4,8,3,11,7,7,3,2,2,0,0
29/09/2020,Sociedad,Valencia,0,1,A,0,0,D,,11,9,3,5,16,15,9,3,1,5,0,0
29/09/2020,Getafe,Betis,3,0,H,3,0,H,,8,10,4,2,15,17,1,4,4,4,0,1
30/09/2020,Benevento,Inter,2,5,A,1,4,A,,11,18,7,12,10,15,5,1,1,0,0,0
30/09/2020,Udinese,Spezia,0,2,A,0,1,A,,10,4,5,3,13,17,2,2,0,5,0,1
30/09/2020,Lazio,Atalanta,1,4,A,0,3,A,,11,8,8,6,16,11,7,3,7,2,0,0
30/09/2020,Huesca,Ath Madrid,0,0,D,0,0,D,,9,16,3,2,13,10,5,7,1,0,0,0
30/09/2020,Villarreal,Alaves,3,1,H,2,1,H,,10,8,6,3,11,13,2,0,0,2,0,0
30/09/2020,Eibar,Elche,0,1,A,0,1,A,,12,5,4,2,9,14,3,2,2,2,0,0
30/09/2020,Real Madrid,Valladolid,1,0,H,0,0,D,,15,11,5,5,11,7,4,7,2,1,0,0
01/10/2020,Ath Bilbao,Cadiz,0,1,A,0,0,D,,13,3,4,1,15,16,5,2,3,5,0,2
01/10/2020,Sevilla,Levante,1,0,H,0,0,D,,16,3,2,1,14,17,2,4,5,2,0,0
01/10/2020,Celta,Barcelona,0,3,A,0,1,A,,10,6,3,3,22,10,3,7,5,5,0,1
02/10/2020,Fiorentina,Sampdoria,1,2,A,0,1,A,,16,14,6,10,11,16,8,4,0,3,0,0
02/10/2020,Union Berlin,Mainz,4,0,H,1,0,H,,13,5,7,0,13,11,4,2,1,4,0,0
02/10/2020,Paris SG,Angers,6,1,H,2,0,H,,18,8,12,2,11,9,6,2,1,2,0,0
03/10/2020,Sassuolo,Crotone,4,1,H,1,0,H,,7,10,4,6,15,15,3,4,2,3,0,0
03/10/2020,Udinese,Roma,0,1,A,0,0,D,,9,8,5,3,15,10,4,1,1,0,0,0
03/10/2020,Dortmund,Freiburg,4,0,H,1,0,H,,16,6,7,2,8,12,3,2,1,1,0,0
03/10/2020,Ein Frankfurt,Hoffenheim,2,1,H,0,1,A,,16,11,6,4,12,8,5,7,2,3,0,0
03/10/2020,FC Koln,M'gladbach,1,3,A,0,2,A,,8,17,3,11,16,12,4,10,3,3,0,0
03/10/2020,Stuttgart,Leverkusen,1,1,D,0,1,A,,11,15,2,7,8,17,7,12,3,2,0,0
03/10/2020,Werder Bremen,Bielefeld,1,0,H,1,0,H,,7,10,2,5,12,16,2,1,2,2,0,0
03/10/2020,RB Leipzig,Schalke 04,4,0,H,3,0,H,,21,4,7,1,13,10,8,1,1,3,0,0
03/10/2020,Valladolid,Eibar,1,2,A,1,1,D,,9,11,3,5,11,21,3,4,2,3,0,1
03/10/2020,Ath Madrid,Villarreal,0,0,D,0,0,D,,14,6,1,2,11,7,9,1,1,2,0,0
03/10/2020,Elche,Huesca,0,0,D,0,0,D,,2,18,0,4,8,26,0,5,0,2,0,0
03/10/2020,Sociedad,Getafe,3,0,H,1,0,H,,11,5,6,1,21,13,5,4,3,3,0,0
03/10/2020,Valencia,Betis,0,2,A,0,1,A,,5,17,2,8,11,14,4,7,2,2,0,0
03/10/2020,Lens,St Etienne,2,0,H,1,0,H,,13,2,5,1,23,10,12,0,1,1,0,2
03/10/2020,Nice,Nantes,2,1,H,1,1,D,,18,11,7,1,13,8,9,2,2,1,0,1
03/10/2020,Chelsea,Crystal Palace,4,0,H,0,0,D,M Oliver,17,4,6,0,17,13,8,5,2,0,0,0
03/10/2020,Everton,Brighton,4,2,H,2,1,H,S Hooper,11,11,6,3,13,14,3,10,0,1,0,0
03/10/2020,Leeds,Man City,1,1,D,0,1,A,M Dean,12,23,7,2,11,12,7,10,2,1,0,0
03/10/2020,Newcastle,Burnley,3,1,H,1,0,H,D Coote,10,7,5,3,13,17,3,4,2,3,0,0
04/10/2020,Atalanta,Cagliari,5,2,H,4,1,H,,19,7,14,3,11,9,3,9,0,0,0,0
04/10/2020,Benevento,Bologna,1,0,H,0,0,D,,6,13,3,7,13,15,4,10,2,1,0,0
04/10/2020,Lazio,Inter,1,1,D,0,1,A,,11,10,5,4,14,13,7,8,3,4,1,1
04/10/2020,Parma,Verona,1,0,H,1,0,H,,7,8,5,5,11,19,7,6,1,1,0,0
04/10/2020,Milan,Spezia,3,0,H,0,0,D,,10,3,5,2,14,19,4,6,1,2,0,0
04/10/2020,Wolfsburg,Augsburg,0,0,D,0,0,D,,17,9,6,1,7,13,12,2,0,1,0,0
04/10/2020,Bayern Munich,Hertha,4,3,H,1,0,H,,22,9,9,5,13,19,6,1,3,3,0,0
04/10/2020,Osasuna,Celta,2,0,H,1,0,H,,14,9,5,3,19,10,6,5,3,3,0,0
04/10/2020,Alaves,Ath Bilbao,1,0,H,0,0,D,,8,8,3,0,20,17,0,6,2,3,1,0
04/10/2020,Levante,Real Madrid,0,2,A,0,1,A,,11,13,4,3,14,8,4,6,2,1,0,0
04/10/2020,Cadiz,Granada,1,1,D,0,1,A,,14,13,4,5,16,16,2,5,2,2,0,0
04/10/2020,Barcelona,Sevilla,1,1,D,1,1,D,,12,13,5,1,11,18,6,5,1,1,0,0
04/10/2020,Montpellier,Nimes,0,1,A,0,0,D,,12,8,2,1,14,15,8,2,2,1,0,0
04/10/2020,Bordeaux,Dijon,3,0,H,2,0,H,,17,5,7,1,15,14,5,4,2,3,0,0
04/10/2020,Brest,Monaco,1,0,H,1,0,H,,7,21,5,2,10,17,1,8,3,4,0,0
04/10/2020,Metz,Lorient,3,1,H,1,1,D,,16,10,8,4,10,14,4,3,1,2,0,0
04/10/2020,Strasbourg,Lille,0,3,A,0,1,A,,14,12,3,6,11,10,11,1,1,1,0,0
04/10/2020,Rennes,Reims,2,2,D,2,1,H,,18,9,3,4,12,16,10,2,4,3,0,0
04/10/2020,Lyon,Marseille,1,1,D,1,1,D,,24,4,3,1,14,10,19,5,1,1,0,1
04/10/2020,Leicester,West Ham,0,3,A,0,2,A,A Madley,4,14,0,6,11,8,6,4,2,2,0,0
04/10/2020,Southampton,West Brom,2,0,H,1,0,H,C Kavanagh,13,5,7,2,19,10,5,1,2,1,0,0
04/10/2020,Arsenal,Sheffield United,2,1,H,0,0,D,L Mason,6,6,5,2,3,9,2,4,0,1,0,0
04/10/2020,Wolves,Fulham,1,0,H,0,0,D,D England,14,10,5,2,15,8,6,2,1,1,0,0
04/10/2020,Man United,Tottenham,1,6,A,1,4,A,A Taylor,5,22,2,8,14,10,2,4,2,1,1,0
04/10/2020,Aston Villa,Liverpool,7,2,H,4,1,H,M Atkinson,18,14,11,8,7,10,2,7,2,1,0,0
16/10/2020,Dijon,Rennes,1,1,D,0,1,A,,12,12,4,3,22,13,3,5,4,2,0,0
16/10/2020,Nimes,Paris SG,0,4,A,0,1,A,,5,30,2,11,10,12,1,9,1,2,1,0
17/10/2020,Napoli,Atalanta,4,1,H,4,0,H,,18,11,14,3,12,23,6,2,1,3,0,0
17/10/2020,Inter,Milan,1,2,A,1,2,A,,12,8,6,4,18,11,3,5,3,4,0,0
17/10/2020,Sampdoria,Lazio,3,0,H,2,0,H,,11,8,8,1,12,10,3,3,2,2,0,0
17/10/2020,Crotone,Juventus,1,1,D,1,1,D,,9,8,3,3,17,14,3,4,3,3,0,1
17/10/2020,Augsburg,RB Leipzig,0,2,A,0,1,A,,6,15,2,6,9,13,5,8,0,1,0,0
17/10/2020,Freiburg,Werder Bremen,1,1,D,1,1,D,,19,14,4,4,10,14,4,4,3,3,0,0
17/10/2020,Hertha,Stuttgart,0,2,A,0,1,A,,16,7,4,2,14,10,6,4,2,2,0,0
17/10/2020,Hoffenheim,Dortmund,0,1,A,0,0,D,,8,15,3,5,13,11,4,6,1,1,0,0
17/10/2020,Mainz,Leverkusen,0,1,A,0,1,A,,5,9,0,4,12,6,6,2,3,1,0,0
17/10/2020,Bielefeld,Bayern Munich,1,4,A,0,3,A,,11,16,5,10,6,6,6,10,1,0,0,1
17/10/2020,M'gladbach,Wolfsburg,1,1,D,0,0,D,,13,14,2,5,14,13,5,4,2,2,0,0
17/10/2020,Granada,Sevilla,1,0,H,0,0,D,,13,8,3,3,16,11,5,1,4,4,0,1
17/10/2020,Celta,Ath Madrid,0,2,A,0,1,A,,15,9,5,4,16,18,8,4,3,4,0,0
17/10/2020,Real Madrid,Cadiz,0,1,A,0,1,A,,14,14,2,5,7,5,4,11,2,0,0,0
17/10/2020,Getafe,Barcelona,1,0,H,0,0,D,,9,7,4,1,20,10,7,2,4,3,0,0
17/10/2020,Reims,Lorient,1,3,A,1,0,H,,6,14,3,4,14,11,3,6,4,1,2,0
17/10/2020,Marseille,Bordeaux,3,1,H,1,0,H,,6,8,4,4,13,13,6,10,3,1,0,0
17/10/2020,Everton,Liverpool,2,2,D,1,1,D,M Oliver,11,22,5,8,15,9,2,5,3,2,1,0
17/10/2020,Chelsea,Southampton,3,3,D,2,1,H,P Bankes,11,13,5,6,11,9,6,2,1,1,0,0
17/10/2020,Man City,Arsenal,1,0,H,1,0,H,C Kavanagh,13,11,5,3,15,10,6,6,4,1,0,0
17/10/2020,Newcastle,Man United,1,4,A,1,1,D,C Pawson,7,28,4,14,9,12,0,7,1,1,0,0
18/10/2020,Bologna,Sassuolo,3,4,A,2,1,H,,11,20,7,12,20,12,7,11,2,2,0,0
18/10/2020,Spezia,Fiorentina,2,2,D,1,2,A,,6,7,2,6,15,18,5,5,2,2,0,0
18/10/2020,Torino,Cagliari,2,3,A,1,2,A,,10,9,6,7,14,16,2,4,2,3,1,0
18/10/2020,Udinese,Parma,3,2,H,1,1,D,,9,7,4,3,12,11,11,2,3,2,0,0
18/10/2020,Roma,Benevento,5,2,H,2,1,H,,16,8,10,4,17,7,6,4,3,2,0,0
18/10/2020,FC Koln,Ein Frankfurt,1,1,D,0,1,A,,9,16,5,4,19,18,2,8,3,2,0,0
18/10/2020,Schalke 04,Union Berlin,1,1,D,0,0,D,,8,13,4,7,7,13,5,7,3,1,0,0
18/10/2020,Eibar,Osasuna,0,0,D,0,0,D,,10,8,6,2,14,14,6,7,2,3,0,1
18/10/2020,Ath Bilbao,Levante,2,0,H,0,0,D,,14,6,5,1,11,10,9,3,3,1,0,0
18/10/2020,Villarreal,Valencia,2,1,H,1,1,D,,16,11,6,3,13,8,3,7,4,1,1,0
18/10/2020,Alaves,Elche,0,2,A,0,1,A,,13,7,2,3,11,11,2,6,2,5,0,0
18/10/2020,Huesca,Valladolid,2,2,D,0,1,A,,12,5,7,3,14,24,3,1,1,2,0,0
18/10/2020,Betis,Sociedad,0,3,A,0,1,A,,7,8,1,5,11,18,6,2,2,1,0,0
18/10/2020,Strasbourg,Lyon,2,3,A,1,3,A,,20,14,9,8,13,8,4,2,2,3,0,0
18/10/2020,Angers,Metz,1,1,D,1,1,D,,7,7,2,3,18,13,2,5,4,2,0,0
18/10/2020,Monaco,Montpellier,1,1,D,0,0,D,,21,3,7,2,13,13,10,2,2,1,0,1
18/10/2020,Nantes,Brest,3,1,H,2,0,H,,12,14,8,5,15,15,2,6,3,2,0,0
18/10/2020,St Etienne,Nice,1,3,A,0,2,A,,11,11,4,5,15,10,7,3,2,5,0,0
18/10/2020,Lille,Lens,4,0,H,1,0,H,,17,7,6,2,13,16,7,2,0,3,0,2
18/10/2020,Sheffield United,Fulham,1,1,D,0,0,D,A Marriner,10,15,6,6,5,9,2,5,0,2,0,0
18/10/2020,Crystal Palace,Brighton,1,1,D,1,0,H,S Attwell,1,20,1,3,13,12,2,5,3,2,0,1
18/10/2020,Tottenham,West Ham,3,3,D,3,0,H,P Tierney,11,13,6,4,13,12,3,7,0,5,0,0
18/10/2020,Leicester,Aston Villa,0,1,A,0,0,D,J Moss,11,10,5,4,18,18,2,7,4,3,0,0
19/10/2020,Verona,Genoa,0,0,D,0,0,D,,18,5,12,2,14,15,14,2,1,4,0,0
19/10/2020,West Brom,Burnley,0,0,D,0,0,D,A Taylor,13,9,6,4,15,17,8,2,2,2,0,0
19/10/2020,Leeds,Wolves,0,1,A,0,0,D,D Coote,13,7,2,3,13,12,8,3,2,1,0,0
23/10/2020,Sassuolo,Torino,3,3,D,0,1,A,,13,14,9,12,10,12,6,8,2,2,0,0
23/10/2020,Stuttgart,FC Koln,1,1,D,1,1,D,,9,14,4,4,11,13,3,5,2,5,0,0
23/10/2020,Elche,Valencia,2,1,H,2,0,H,,3,14,2,4,15,8,0,7,3,2,0,0
23/10/2020,Rennes,Angers,1,2,A,1,1,D,,11,10,1,4,11,5,5,4,2,0,0,0
23/10/2020,Aston Villa,Leeds,0,3,A,0,0,D,P Tierney,12,27,4,9,14,17,6,5,2,2,0,0
24/10/2020,Atalanta,Sampdoria,1,3,A,0,1,A,,10,5,5,4,11,18,3,1,3,4,0,0
24/10/2020,Genoa,Inter,0,2,A,0,0,D,,1,10,0,6,11,17,1,9,1,1,0,0
24/10/2020,Lazio,Bologna,2,1,H,0,0,D,,6,16,4,6,14,15,8,9,3,3,0,0
24/10/2020,Bayern Munich,Ein Frankfurt,5,0,H,2,0,H,,20,9,10,2,11,12,10,2,3,0,0,0
24/10/2020,Mainz,M'gladbach,2,3,A,2,1,H,,15,21,7,12,18,11,3,7,5,3,0,0
24/10/2020,RB Leipzig,Hertha,2,1,H,1,1,D,,29,11,8,3,10,20,7,3,1,4,0,1
24/10/2020,Union Berlin,Freiburg,1,1,D,1,1,D,,22,8,7,4,9,14,4,2,1,4,0,0
24/10/2020,Dortmund,Schalke 04,3,0,H,0,0,D,,17,3,7,0,5,15,7,2,0,1,0,0
24/10/2020,Barcelona,Real Madrid,1,3,A,1,1,D,,10,15,4,9,11,13,7,7,3,2,0,0
24/10/2020,Osasuna,Ath Bilbao,1,0,H,0,0,D,,7,13,2,5,18,10,2,5,3,2,0,0
24/10/2020,Sevilla,Eibar,0,1,A,0,1,A,,21,3,3,1,11,12,13,3,0,3,0,0
24/10/2020,Ath Madrid,Betis,2,0,H,0,0,D,,13,12,6,3,19,12,8,5,2,0,0,1
24/10/2020,Lorient,Marseille,0,1,A,0,0,D,,13,15,3,3,10,12,6,4,3,3,0,0
24/10/2020,Paris SG,Dijon,4,0,H,2,0,H,,20,16,9,3,12,18,4,10,0,2,0,0
24/10/2020,West Ham,Man City,1,1,D,1,0,H,A Taylor,6,14,2,7,14,6,2,10,2,0,0,0
24/10/2020,Fulham,Crystal Palace,1,2,A,0,1,A,G Scott,16,14,3,10,11,11,4,4,0,1,1,0
24/10/2020,Man United,Chelsea,0,0,D,0,0,D,M Atkinson,14,6,4,1,8,6,9,6,3,1,0,0
24/10/2020,Liverpool,Sheffield United,2,1,H,1,1,D,M Dean,17,13,5,2,7,15,7,3,0,3,0,0
25/10/2020,Cagliari,Crotone,4,2,H,3,2,H,,15,11,8,6,13,13,5,1,2,4,0,1
25/10/2020,Benevento,Napoli,1,2,A,1,0,H,,6,14,3,8,18,13,3,15,3,1,0,0
25/10/2020,Parma,Spezia,2,2,D,1,2,A,,15,13,7,9,12,22,12,3,3,2,0,0
25/10/2020,Fiorentina,Udinese,3,2,H,2,1,H,,4,11,3,6,16,14,2,7,1,3,0,0
25/10/2020,Juventus,Verona,1,1,D,0,0,D,,16,5,8,2,14,19,6,3,1,4,0,0
25/10/2020,Wolfsburg,Bielefeld,2,1,H,2,0,H,,14,8,4,1,12,10,4,3,2,1,0,0
25/10/2020,Werder Bremen,Hoffenheim,1,1,D,1,1,D,,5,15,2,6,10,20,1,4,2,2,0,0
25/10/2020,Valladolid,Alaves,0,2,A,0,0,D,,5,14,1,4,9,7,2,4,1,0,1,0
25/10/2020,Cadiz,Villarreal,0,0,D,0,0,D,,5,7,0,2,15,7,0,5,2,2,0,0
25/10/2020,Getafe,Granada,0,1,A,0,1,A,,10,5,1,2,19,23,6,1,4,2,0,0
25/10/2020,Sociedad,Huesca,4,1,H,1,0,H,,13,6,6,4,12,11,4,5,2,1,0,0
25/10/2020,Bordeaux,Nimes,2,0,H,0,0,D,,20,8,6,4,9,16,7,4,3,3,0,0
25/10/2020,Brest,Strasbourg,0,3,A,0,2,A,,14,7,4,5,8,11,12,2,1,3,0,0
25/10/2020,Metz,St Etienne,2,0,H,1,0,H,,6,10,3,0,11,18,5,3,3,3,0,0
25/10/2020,Montpellier,Reims,0,4,A,0,3,A,,5,24,1,9,7,11,3,8,1,0,2,0
25/10/2020,Nice,Lille,1,1,D,0,0,D,,8,12,3,4,13,18,5,3,1,6,0,0
25/10/2020,Lyon,Monaco,4,1,H,4,0,H,,15,18,6,5,12,15,2,12,3,4,1,0
25/10/2020,Southampton,Everton,2,0,H,2,0,H,K Friend,12,6,6,2,11,11,4,5,1,2,0,1
25/10/2020,Wolves,Newcastle,1,1,D,0,0,D,L Mason,16,5,3,2,10,10,2,3,0,1,0,0
25/10/2020,Arsenal,Leicester,0,1,A,0,0,D,C Pawson,12,6,4,2,13,9,9,3,3,5,0,0
26/10/2020,Milan,Roma,3,3,D,1,1,D,,13,11,11,9,15,15,7,7,3,2,0,0
26/10/2020,Leverkusen,Augsburg,3,1,H,1,0,H,,15,7,7,3,14,8,3,3,1,2,0,0
26/10/2020,Levante,Celta,1,1,D,0,0,D,,10,10,3,3,11,19,3,2,2,2,0,0
26/10/2020,Brighton,West Brom,1,1,D,1,0,H,J Moss,5,9,3,3,14,7,6,2,2,0,0,0
26/10/2020,Burnley,Tottenham,0,1,A,0,0,D,M Oliver,13,9,4,3,9,7,4,5,2,0,0,0
30/10/2020,Schalke 04,Stuttgart,1,1,D,1,0,H,,9,19,2,5,11,14,3,4,2,2,0,0
30/10/2020,Eibar,Cadiz,0,2,A,0,2,A,,9,6,3,4,10,10,7,2,1,1,0,0
30/10/2020,Wolves,Crystal Palace,2,0,H,2,0,H,M Atkinson,15,11,5,2,13,4,7,6,0,2,0,1
31/10/2020,Crotone,Atalanta,1,2,A,1,2,A,,4,16,2,7,11,22,1,3,1,3,0,0
31/10/2020,Inter,Parma,2,2,D,0,0,D,,18,4,9,3,13,7,15,2,1,1,0,0
31/10/2020,Bologna,Cagliari,3,2,H,1,1,D,,16,6,11,4,12,19,7,3,3,3,0,0
31/10/2020,Augsburg,Mainz,3,1,H,1,0,H,,14,8,7,4,12,10,4,1,5,1,0,0
31/10/2020,Bielefeld,Dortmund,0,2,A,0,0,D,,5,21,2,10,12,13,0,12,1,1,0,0
31/10/2020,Ein Frankfurt,Werder Bremen,1,1,D,0,0,D,,14,9,5,4,12,14,5,3,1,3,0,0
31/10/2020,FC Koln,Bayern Munich,1,2,A,0,2,A,,9,7,2,5,12,13,5,1,1,2,0,0
31/10/2020,M'gladbach,RB Leipzig,1,0,H,0,0,D,,5,15,4,3,13,17,2,4,2,4,0,0
31/10/2020,Real Madrid,Huesca,4,1,H,2,0,H,,13,9,6,2,16,9,6,3,0,2,0,0
31/10/2020,Ath Bilbao,Sevilla,2,1,H,0,1,A,,16,7,5,3,17,19,6,1,5,5,0,0
31/10/2020,Osasuna,Ath Madrid,1,3,A,0,1,A,,8,11,3,6,12,10,3,2,1,2,0,0
31/10/2020,Alaves,Barcelona,1,1,D,1,0,H,,4,25,3,9,16,4,2,14,4,3,1,0
31/10/2020,Rennes,Brest,2,1,H,0,0,D,,24,9,8,4,2,12,8,1,1,3,0,0
31/10/2020,Nantes,Paris SG,0,3,A,0,0,D,,6,13,1,4,13,13,2,4,2,1,0,0
31/10/2020,Sheffield United,Man City,0,1,A,0,1,A,M Oliver,5,16,1,8,14,6,2,5,0,0,0,0
31/10/2020,Burnley,Chelsea,0,3,A,0,1,A,D Coote,5,14,0,9,10,15,3,4,1,0,0,0
31/10/2020,Liverpool,West Ham,2,1,H,1,1,D,K Friend,9,4,5,3,13,14,1,2,0,1,0,0
01/11/2020,Udinese,Milan,1,2,A,0,1,A,,7,8,3,4,14,12,2,4,2,2,0,0
01/11/2020,Spezia,Juventus,1,4,A,1,1,D,,11,8,3,5,14,7,4,3,3,1,0,0
01/11/2020,Torino,Lazio,3,4,A,2,1,H,,8,9,6,5,11,12,7,1,2,4,0,0
01/11/2020,Napoli,Sassuolo,0,2,A,0,0,D,,18,8,7,5,7,9,12,3,2,2,0,0
01/11/2020,Roma,Fiorentina,2,0,H,1,0,H,,11,3,7,1,17,16,7,4,3,2,0,1
01/11/2020,Sampdoria,Genoa,1,1,D,1,1,D,,9,7,3,4,19,11,7,4,5,1,0,0
01/11/2020,Freiburg,Leverkusen,2,4,A,1,2,A,,8,18,5,7,10,11,4,6,2,2,0,0
01/11/2020,Hertha,Wolfsburg,1,1,D,1,1,D,,18,11,5,4,8,15,8,6,3,1,0,0
01/11/2020,Betis,Elche,3,1,H,2,0,H,,17,4,10,2,13,12,1,1,2,1,0,0
01/11/2020,Celta,Sociedad,1,4,A,0,2,A,,9,9,2,7,19,16,2,3,2,5,1,0
01/11/2020,Granada,Levante,1,1,D,1,1,D,,5,19,2,4,7,14,2,8,2,3,1,0
01/11/2020,Valencia,Getafe,2,2,D,1,0,H,,11,16,5,5,18,25,0,3,8,5,1,1
01/11/2020,St Etienne,Montpellier,0,1,A,0,1,A,,8,10,0,2,16,17,8,2,3,3,0,0
01/11/2020,Angers,Nice,0,3,A,0,2,A,,11,12,5,5,18,12,9,5,5,2,0,0
01/11/2020,Dijon,Lorient,0,0,D,0,0,D,,11,9,2,1,18,13,9,7,2,1,0,0
01/11/2020,Nimes,Metz,0,1,A,0,1,A,,16,8,2,5,13,15,10,1,3,2,0,1
01/11/2020,Reims,Strasbourg,2,1,H,2,1,H,,12,9,4,3,13,13,5,3,0,2,0,0
01/11/2020,Monaco,Bordeaux,4,0,H,3,0,H,,17,5,6,0,10,12,10,4,2,2,0,0
01/11/2020,Lille,Lyon,1,1,D,1,1,D,,15,8,6,1,14,10,9,4,3,3,0,1
01/11/2020,Aston Villa,Southampton,3,4,A,0,3,A,D England,19,9,10,4,12,17,11,1,1,2,0,0
01/11/2020,Newcastle,Everton,2,1,H,0,0,D,S Attwell,11,15,4,4,9,10,5,4,2,4,0,0
01/11/2020,Man United,Arsenal,0,1,A,0,0,D,M Dean,8,7,2,2,12,12,6,3,3,3,0,0
01/11/2020,Tottenham,Brighton,2,1,H,1,0,H,G Scott,9,6,3,2,14,13,4,5,2,1,0,0
02/11/2020,Verona,Benevento,3,1,H,1,0,H,,10,10,7,5,18,14,4,5,5,4,0,1
02/11/2020,Hoffenheim,Union Berlin,1,3,A,0,0,D,,10,9,5,6,19,13,3,6,1,2,1,0
02/11/2020,Villarreal,Valladolid,2,0,H,2,0,H,,11,11,5,1,13,13,6,4,1,3,0,0
02/11/2020,Fulham,West Brom,2,0,H,2,0,H,S Hooper,13,10,6,1,13,11,5,2,3,2,0,0
02/11/2020,Leeds,Leicester,1,4,A,0,2,A,A Marriner,11,10,4,8,9,5,10,3,1,1,0,0
04/11/2020,Genoa,Torino,1,2,A,0,2,A,,9,6,4,1,10,18,5,2,2,4,0,0
06/11/2020,Sassuolo,Udinese,0,0,D,0,0,D,,3,0,1,0,17,13,3,6,2,2,0,0
06/11/2020,Werder Bremen,FC Koln,1,1,D,0,0,D,,18,8,4,1,20,20,1,3,2,2,0,0
06/11/2020,Elche,Celta,1,1,D,1,1,D,,8,14,1,6,18,12,3,3,3,4,0,0
06/11/2020,Strasbourg,Marseille,0,1,A,0,0,D,,9,1,2,1,13,17,2,2,0,4,0,0
06/11/2020,Brighton,Burnley,0,0,D,0,0,D,M Dean,19,4,3,1,11,5,5,3,1,0,0,0
06/11/2020,Southampton,Newcastle,2,0,H,1,0,H,P Bankes,15,4,8,2,12,11,8,3,1,2,0,0
07/11/2020,Cagliari,Sampdoria,2,0,H,0,0,D,,13,5,7,1,12,16,2,6,0,2,0,1
07/11/2020,Benevento,Spezia,0,3,A,0,1,A,,4,13,3,7,13,18,2,4,3,3,0,0
07/11/2020,Parma,Fiorentina,0,0,D,0,0,D,,5,6,0,4,17,17,2,3,1,2,0,0
07/11/2020,Augsburg,Hertha,0,3,A,0,1,A,,10,12,2,6,12,10,2,6,3,0,0,0
07/11/2020,Mainz,Schalke 04,2,2,D,2,1,H,,14,22,7,3,19,13,4,9,1,1,0,0
07/11/2020,RB Leipzig,Freiburg,3,0,H,1,0,H,,15,8,7,3,14,14,3,4,2,3,0,0
07/11/2020,Stuttgart,Ein Frankfurt,2,2,D,2,0,H,,16,15,5,8,14,16,10,8,2,4,0,0
07/11/2020,Union Berlin,Bielefeld,5,0,H,3,0,H,,9,5,8,1,17,9,5,1,0,1,0,0
07/11/2020,Dortmund,Bayern Munich,2,3,A,1,1,D,,15,16,5,8,15,7,4,3,2,2,0,0
07/11/2020,Huesca,Eibar,1,1,D,0,1,A,,14,8,6,3,16,30,4,3,2,0,0,0
07/11/2020,Barcelona,Betis,5,2,H,1,1,D,,18,12,9,6,8,10,9,5,2,2,0,1
07/11/2020,Sevilla,Osasuna,1,0,H,0,0,D,,9,10,1,2,11,19,3,0,2,3,0,0
07/11/2020,Ath Madrid,Cadiz,4,0,H,2,0,H,,17,10,7,3,10,9,2,7,1,1,0,0
07/11/2020,Bordeaux,Montpellier,0,2,A,0,0,D,,9,9,1,3,14,10,3,5,2,1,0,0
07/11/2020,Paris SG,Rennes,3,0,H,2,0,H,,9,16,6,3,19,15,2,7,3,0,0,0
07/11/2020,Everton,Man United,1,3,A,1,2,A,P Tierney,7,13,1,5,12,19,5,2,4,2,0,0
07/11/2020,Crystal Palace,Leeds,4,1,H,3,1,H,C Kavanagh,10,9,6,3,9,1,3,6,0,2,0,0
07/11/2020,Chelsea,Sheffield United,4,1,H,2,1,H,J Moss,20,6,9,3,5,14,6,7,0,2,0,0
07/11/2020,West Ham,Fulham,1,0,H,0,0,D,R Jones,16,13,7,3,10,9,9,5,2,2,0,0
08/11/2020,Lazio,Juventus,1,1,D,0,1,A,,7,9,3,6,12,12,4,2,2,2,0,0
08/11/2020,Atalanta,Inter,1,1,D,0,0,D,,9,10,4,3,15,13,2,5,1,3,0,0
08/11/2020,Genoa,Roma,1,3,A,0,1,A,,7,18,5,11,10,11,1,8,1,0,0,0
08/11/2020,Torino,Crotone,0,0,D,0,0,D,,5,7,1,2,15,16,6,3,3,4,0,1
08/11/2020,Bologna,Napoli,0,1,A,0,1,A,,6,8,4,4,12,11,4,7,3,0,0,0
08/11/2020,Milan,Verona,2,2,D,1,2,A,,21,5,9,3,16,20,14,1,1,3,0,0
08/11/2020,Wolfsburg,Hoffenheim,2,1,H,2,0,H,,14,17,8,5,15,14,3,7,1,3,0,0
08/11/2020,Leverkusen,M'gladbach,4,3,H,2,2,D,,15,15,5,6,15,12,6,2,4,2,0,0
08/11/2020,Getafe,Villarreal,1,3,A,1,2,A,,13,9,5,5,18,11,3,3,3,4,0,0
08/11/2020,Sociedad,Granada,2,0,H,2,0,H,,22,2,9,1,8,11,15,0,2,1,1,0
08/11/2020,Levante,Alaves,1,1,D,0,1,A,,18,6,5,2,12,16,12,1,1,6,0,1
08/11/2020,Valladolid,Ath Bilbao,2,1,H,1,0,H,,7,17,4,2,23,11,2,11,4,2,0,0
08/11/2020,Valencia,Real Madrid,4,1,H,2,1,H,,7,16,4,6,13,14,1,8,3,2,0,0
08/11/2020,Brest,Lille,3,2,H,3,1,H,,12,22,8,7,13,15,3,11,4,3,0,0
08/11/2020,Lens,Reims,4,4,D,1,0,H,,14,8,5,6,12,7,9,1,3,1,0,0
08/11/2020,Lorient,Nantes,0,2,A,0,0,D,,18,16,4,4,17,9,5,5,3,1,0,0
08/11/2020,Metz,Dijon,1,1,D,1,1,D,,14,14,4,6,16,11,5,6,2,1,0,0
08/11/2020,Nimes,Angers,1,5,A,0,2,A,,11,15,4,8,12,15,6,2,2,5,0,0
08/11/2020,Nice,Monaco,1,2,A,0,1,A,,8,15,4,8,8,16,1,4,2,2,0,0
08/11/2020,Lyon,St Etienne,2,1,H,0,1,A,,18,16,6,4,19,19,3,5,5,3,0,0
08/11/2020,West Brom,Tottenham,0,1,A,0,0,D,A Madley,12,19,2,5,17,12,9,6,1,0,0,0
08/11/2020,Leicester,Wolves,1,0,H,1,0,H,A Taylor,10,7,3,2,12,8,6,3,2,3,0,0
08/11/2020,Man City,Liverpool,1,1,D,1,1,D,C Pawson,7,10,2,3,19,11,1,2,3,1,0,0
08/11/2020,Arsenal,Aston Villa,0,3,A,0,1,A,M Atkinson,13,15,2,6,11,13,3,8,0,0,0,0
20/11/2020,Osasuna,Huesca,1,1,D,0,1,A,,18,6,7,5,14,15,4,3,2,3,0,0
20/11/2020,Rennes,Bordeaux,0,1,A,0,1,A,,14,6,2,3,18,19,7,3,2,2,0,0
20/11/2020,Monaco,Paris SG,3,2,H,0,2,A,,15,9,5,4,12,19,2,1,2,3,0,1
21/11/2020,Crotone,Lazio,0,2,A,0,1,A,,12,13,6,9,11,11,2,6,3,4,0,0
21/11/2020,Spezia,Atalanta,0,0,D,0,0,D,,6,9,3,5,19,18,1,2,3,3,0,0
21/11/2020,Juventus,Cagliari,2,0,H,2,0,H,,13,2,8,0,11,7,9,1,3,2,0,0
21/11/2020,Bayern Munich,Werder Bremen,1,1,D,0,1,A,,15,9,3,4,10,10,7,3,1,3,0,0
21/11/2020,Bielefeld,Leverkusen,1,2,A,0,1,A,,1,10,1,4,6,10,0,10,0,1,0,0
21/11/2020,Hoffenheim,Stuttgart,3,3,D,1,2,A,,13,20,8,9,15,18,3,4,3,2,0,0
21/11/2020,M'gladbach,Augsburg,1,1,D,1,0,H,,15,10,6,5,7,12,2,1,1,4,0,1
21/11/2020,Schalke 04,Wolfsburg,0,2,A,0,2,A,,13,19,6,8,12,11,6,4,0,1,0,0
21/11/2020,Ein Frankfurt,RB Leipzig,1,1,D,1,0,H,,8,10,3,3,18,12,5,6,3,2,0,0
21/11/2020,Hertha,Dortmund,2,5,A,1,0,H,,9,15,3,8,12,17,4,3,1,1,0,0
21/11/2020,Levante,Elche,1,1,D,1,0,H,,13,11,5,5,15,11,5,4,1,4,0,0
21/11/2020,Villarreal,Real Madrid,1,1,D,0,1,A,,13,6,1,1,16,14,4,2,1,2,0,0
21/11/2020,Sevilla,Celta,4,2,H,2,2,D,,15,10,10,7,14,20,3,2,2,2,0,0
21/11/2020,Ath Madrid,Barcelona,1,0,H,1,0,H,,9,13,2,4,12,6,8,8,4,0,0,0
21/11/2020,Brest,St Etienne,4,1,H,4,1,H,,10,17,5,1,12,10,5,6,1,1,0,0
21/11/2020,Newcastle,Chelsea,0,2,A,0,1,A,C Pawson,8,14,1,3,11,12,7,4,2,0,0,0
21/11/2020,Aston Villa,Brighton,1,2,A,0,1,A,M Oliver,15,7,4,3,5,18,12,3,2,1,0,1
21/11/2020,Tottenham,Man City,2,0,H,1,0,H,M Dean,4,22,2,5,13,19,0,10,2,2,0,0
21/11/2020,Man United,West Brom,1,0,H,0,0,D,D Coote,17,7,7,2,12,17,8,2,1,1,0,0
22/11/2020,Fiorentina,Benevento,0,1,A,0,0,D,,5,10,3,4,14,16,4,4,2,3,0,0
22/11/2020,Inter,Torino,4,2,H,0,1,A,,9,11,7,6,20,14,1,1,3,2,0,0
22/11/2020,Roma,Parma,3,0,H,3,0,H,,12,1,7,1,5,4,4,1,0,0,0,0
22/11/2020,Sampdoria,Bologna,1,2,A,1,1,D,,8,7,4,5,10,9,9,10,2,2,0,0
22/11/2020,Verona,Sassuolo,0,2,A,0,1,A,,13,10,7,5,13,20,6,1,1,3,0,0
22/11/2020,Udinese,Genoa,1,0,H,1,0,H,,7,5,4,1,17,15,4,8,2,3,0,1
22/11/2020,Napoli,Milan,1,3,A,0,1,A,,16,11,9,7,8,16,8,5,3,4,1,0
22/11/2020,Freiburg,Mainz,1,3,A,0,3,A,,19,22,6,8,6,12,9,4,0,1,0,0
22/11/2020,FC Koln,Union Berlin,1,2,A,1,1,D,,10,10,4,3,12,15,5,4,1,2,0,0
22/11/2020,Eibar,Getafe,0,0,D,0,0,D,,15,8,5,3,16,22,3,4,3,4,1,0
22/11/2020,Cadiz,Sociedad,0,1,A,0,0,D,,2,14,0,4,14,14,1,6,2,1,0,0
22/11/2020,Granada,Valladolid,1,3,A,0,1,A,,16,9,6,3,16,14,5,3,4,3,0,0
22/11/2020,Alaves,Valencia,2,2,D,2,0,H,,13,13,3,5,21,16,4,5,1,1,0,0
22/11/2020,Nantes,Metz,1,1,D,1,1,D,,17,10,5,4,13,14,6,2,2,3,0,0
22/11/2020,Dijon,Lens,0,1,A,0,1,A,,10,6,2,2,14,6,8,6,2,0,0,0
22/11/2020,Montpellier,Strasbourg,4,3,H,3,3,D,,21,9,9,5,16,11,11,3,2,1,0,0
22/11/2020,Reims,Nimes,0,1,A,0,0,D,,16,6,6,5,18,11,7,1,3,1,0,0
22/11/2020,Angers,Lyon,0,1,A,0,0,D,,20,5,8,2,12,12,8,3,2,3,0,0
22/11/2020,Lille,Lorient,4,0,H,1,0,H,,31,7,13,2,10,11,9,4,1,3,0,0
22/11/2020,Fulham,Everton,2,3,A,1,3,A,A Madley,14,9,6,7,14,10,2,5,2,0,0,0
22/11/2020,Sheffield United,West Ham,0,1,A,0,0,D,M Atkinson,9,15,5,3,7,6,2,6,0,0,0,0
22/11/2020,Leeds,Arsenal,0,0,D,0,0,D,A Taylor,25,9,4,2,9,8,5,3,3,0,0,1
22/11/2020,Liverpool,Leicester,3,0,H,2,0,H,C Kavanagh,24,11,13,4,15,6,10,3,0,2,0,0
23/11/2020,Ath Bilbao,Betis,4,0,H,2,0,H,,14,7,9,1,16,8,6,3,0,0,0,0
23/11/2020,Burnley,Crystal Palace,1,0,H,1,0,H,K Friend,10,15,4,5,13,9,4,7,2,0,0,0
23/11/2020,Wolves,Southampton,1,1,D,0,0,D,A Marriner,20,7,9,2,14,13,7,4,2,0,0,0
25/11/2020,Lens,Nantes,1,1,D,1,0,H,,7,11,1,3,14,18,6,2,4,2,0,0
27/11/2020,Wolfsburg,Werder Bremen,5,3,H,3,2,H,,12,5,6,4,12,12,0,5,2,3,0,1
27/11/2020,Valladolid,Levante,1,1,D,0,0,D,,10,10,4,3,18,11,3,11,0,3,0,0
27/11/2020,Strasbourg,Rennes,1,1,D,1,0,H,,6,21,3,7,11,12,2,7,0,0,1,0
27/11/2020,Crystal Palace,Newcastle,0,2,A,0,0,D,G Scott,12,14,3,7,9,10,7,3,2,2,0,0
28/11/2020,Sassuolo,Inter,0,3,A,0,2,A,,7,9,3,4,13,16,6,2,3,1,0,0
28/11/2020,Benevento,Juventus,1,1,D,1,1,D,,8,11,5,5,13,13,5,8,6,1,0,1
28/11/2020,Atalanta,Verona,0,2,A,0,0,D,,15,7,6,3,12,15,4,1,2,3,0,0
28/11/2020,Augsburg,Freiburg,1,1,D,0,0,D,,10,10,2,5,15,8,4,1,3,1,0,0
28/11/2020,Dortmund,FC Koln,1,2,A,0,1,A,,14,7,4,5,11,10,6,2,1,2,0,0
28/11/2020,RB Leipzig,Bielefeld,2,1,H,1,0,H,,15,13,7,3,13,15,6,7,2,2,0,0
28/11/2020,Stuttgart,Bayern Munich,1,3,A,1,2,A,,15,14,4,6,11,13,4,3,0,0,0,0
28/11/2020,Union Berlin,Ein Frankfurt,3,3,D,2,2,D,,15,12,7,5,12,16,4,5,2,3,0,0
28/11/2020,M'gladbach,Schalke 04,4,1,H,2,1,H,,19,13,9,2,8,14,5,4,2,3,0,0
28/11/2020,Elche,Cadiz,1,1,D,1,0,H,,4,7,3,2,16,15,1,9,6,2,1,0
28/11/2020,Valencia,Ath Madrid,0,1,A,0,0,D,,5,14,2,6,12,15,2,7,2,5,0,0
28/11/2020,Huesca,Sevilla,0,1,A,0,0,D,,5,16,1,4,14,9,1,10,4,3,0,0
28/11/2020,Real Madrid,Alaves,1,2,A,0,1,A,,20,11,9,6,8,17,12,9,2,3,0,0
28/11/2020,Marseille,Nantes,3,1,H,2,0,H,,15,6,9,2,16,11,3,7,4,2,0,0
28/11/2020,Paris SG,Bordeaux,2,2,D,2,1,H,,16,18,9,4,8,10,14,5,1,1,0,0
28/11/2020,Brighton,Liverpool,1,1,D,0,0,D,S Attwell,11,6,3,2,9,13,4,3,2,1,0,0
28/11/2020,Man City,Burnley,5,0,H,3,0,H,L Mason,19,9,6,1,12,4,6,4,0,0,0,0
28/11/2020,Everton,Leeds,0,1,A,0,0,D,C Kavanagh,15,23,8,7,8,14,4,2,1,2,0,0
28/11/2020,West Brom,Sheffield United,1,0,H,1,0,H,M Dean,17,21,6,5,10,9,14,9,2,3,0,0
29/11/2020,Lazio,Udinese,1,3,A,0,2,A,,8,6,6,4,16,10,4,4,3,4,0,0
29/11/2020,Bologna,Crotone,1,0,H,1,0,H,,11,5,7,1,15,18,10,3,2,4,0,0
29/11/2020,Milan,Fiorentina,2,0,H,2,0,H,,11,5,5,3,15,15,3,6,2,4,0,0
29/11/2020,Cagliari,Spezia,2,2,D,0,1,A,,9,12,4,5,16,18,4,5,0,4,0,0
29/11/2020,Napoli,Roma,4,0,H,1,0,H,,13,4,9,1,3,10,11,4,1,2,0,0
29/11/2020,Leverkusen,Hertha,0,0,D,0,0,D,,14,5,2,3,16,19,6,1,2,1,0,0
29/11/2020,Mainz,Hoffenheim,1,1,D,1,0,H,,10,9,4,5,16,10,11,5,0,0,0,1
29/11/2020,Barcelona,Osasuna,4,0,H,2,0,H,,20,10,11,5,8,12,5,3,1,0,0,0
29/11/2020,Getafe,Ath Bilbao,1,1,D,0,1,A,,11,5,3,2,16,23,3,2,2,4,0,0
29/11/2020,Celta,Granada,3,1,H,1,1,D,,17,9,8,2,14,13,8,0,4,3,1,0
29/11/2020,Sociedad,Villarreal,1,1,D,1,1,D,,8,10,4,2,18,12,4,4,5,3,0,0
29/11/2020,Lyon,Reims,3,0,H,1,0,H,,14,10,4,2,19,11,4,2,2,1,0,1
29/11/2020,Lens,Angers,1,3,A,1,1,D,,13,18,5,7,15,13,1,7,2,2,0,0
29/11/2020,Lorient,Montpellier,0,1,A,0,0,D,,8,16,2,3,13,14,2,4,2,1,0,0
29/11/2020,Metz,Brest,0,2,A,0,1,A,,15,10,6,3,11,10,10,5,2,1,0,0
29/11/2020,Monaco,Nimes,3,0,H,1,0,H,,18,6,5,2,16,9,8,3,1,1,0,1
29/11/2020,Nice,Dijon,1,3,A,0,2,A,,24,9,7,4,7,21,11,1,3,3,0,0
29/11/2020,St Etienne,Lille,1,1,D,1,0,H,,7,9,5,2,15,13,3,3,4,1,0,0
29/11/2020,Southampton,Man United,2,3,A,2,0,H,J Moss,10,15,5,6,12,12,5,9,1,0,0,0
29/11/2020,Chelsea,Tottenham,0,0,D,0,0,D,P Tierney,13,5,3,1,20,9,3,3,4,2,0,0
29/11/2020,Arsenal,Wolves,1,2,A,1,2,A,M Oliver,13,11,2,5,13,13,8,4,3,4,0,0
30/11/2020,Torino,Sampdoria,2,2,D,1,0,H,,11,7,8,2,17,17,6,2,1,2,0,0
30/11/2020,Genoa,Parma,1,2,A,0,1,A,,12,7,5,3,12,16,2,2,2,2,0,0
30/11/2020,Betis,Eibar,0,2,A,0,0,D,,7,11,3,6,13,14,6,2,2,1,0,0
30/11/2020,Leicester,Fulham,1,2,A,0,2,A,S Hooper,16,10,3,5,9,21,6,5,0,2,0,0
30/11/2020,West Ham,Aston Villa,2,1,H,1,1,D,P Bankes,6,16,2,6,20,7,3,7,1,1,0,0
04/12/2020,Hertha,Union Berlin,3,1,H,0,1,A,,10,4,7,1,15,9,9,2,1,3,0,1
04/12/2020,Ath Bilbao,Celta,0,2,A,0,0,D,,10,6,0,4,7,15,4,5,2,1,0,0
04/12/2020,Nimes,Marseille,0,2,A,0,0,D,,7,17,0,4,11,18,1,8,3,4,1,1
05/12/2020,Spezia,Lazio,1,2,A,0,2,A,,11,3,6,2,15,12,7,0,3,1,0,0
05/12/2020,Juventus,Torino,2,1,H,0,1,A,,9,5,5,2,17,10,13,1,3,3,1,0
05/12/2020,Inter,Bologna,3,1,H,2,0,H,,11,9,9,7,12,13,7,3,1,2,0,0
05/12/2020,Bielefeld,Mainz,2,1,H,2,0,H,,11,15,5,5,16,18,2,3,3,2,0,0
05/12/2020,Ein Frankfurt,Dortmund,1,1,D,1,0,H,,9,16,1,5,14,6,6,5,6,1,0,0
05/12/2020,FC Koln,Wolfsburg,2,2,D,2,1,H,,6,16,3,6,12,11,3,8,0,1,0,0
05/12/2020,Freiburg,M'gladbach,2,2,D,1,1,D,,22,11,7,4,12,19,5,5,1,2,0,0
05/12/2020,Bayern Munich,RB Leipzig,3,3,D,2,2,D,,10,8,6,4,5,8,10,2,0,1,0,0
05/12/2020,Levante,Getafe,3,0,H,2,0,H,,12,9,8,0,12,13,5,5,2,7,0,2
05/12/2020,Sevilla,Real Madrid,0,1,A,0,0,D,,12,10,2,3,15,20,4,3,1,3,0,0
05/12/2020,Ath Madrid,Valladolid,2,0,H,0,0,D,,15,13,4,3,10,10,4,4,4,2,0,0
05/12/2020,Cadiz,Barcelona,2,1,H,1,0,H,,7,21,3,8,10,7,5,13,0,2,0,0
05/12/2020,Rennes,Lens,0,2,A,0,1,A,,10,6,4,4,18,16,8,3,1,3,0,0
05/12/2020,Montpellier,Paris SG,1,3,A,1,1,D,,17,13,2,6,12,14,3,3,1,3,0,0
05/12/2020,Burnley,Everton,1,1,D,1,1,D,A Taylor,8,13,3,6,6,9,8,4,0,0,0,0
05/12/2020,Man City,Fulham,2,0,H,2,0,H,J Moss,16,6,6,1,7,6,9,3,0,0,0,0
05/12/2020,West Ham,Man United,1,3,A,1,0,H,A Marriner,19,15,6,6,9,10,5,4,0,0,0,0
05/12/2020,Chelsea,Leeds,3,1,H,1,1,D,K Friend,23,8,11,3,12,9,8,4,0,2,0,0
06/12/2020,Verona,Cagliari,1,1,D,1,0,H,,12,9,6,5,11,14,7,5,2,0,0,0
06/12/2020,Parma,Benevento,0,0,D,0,0,D,,6,6,0,4,13,12,6,3,4,4,0,0
06/12/2020,Roma,Sassuolo,0,0,D,0,0,D,,14,7,5,2,10,12,12,5,5,3,1,0
06/12/2020,Crotone,Napoli,0,4,A,0,1,A,,4,11,1,6,14,9,4,1,3,3,1,0
06/12/2020,Sampdoria,Milan,1,2,A,0,1,A,,6,9,3,6,11,16,9,6,2,1,0,0
06/12/2020,Werder Bremen,Stuttgart,1,2,A,0,1,A,,14,11,4,7,10,15,2,4,4,4,0,0
06/12/2020,Schalke 04,Leverkusen,0,3,A,0,1,A,,13,24,4,9,17,11,2,8,2,3,0,0
06/12/2020,Granada,Huesca,3,3,D,1,1,D,,15,16,6,7,12,16,4,2,2,0,0,0
06/12/2020,Osasuna,Betis,0,2,A,0,0,D,,10,12,0,5,16,12,2,5,3,2,0,0
06/12/2020,Villarreal,Elche,0,0,D,0,0,D,,12,3,3,0,16,13,4,0,3,2,0,0
06/12/2020,Alaves,Sociedad,0,0,D,0,0,D,,5,13,1,5,3,11,2,3,1,0,1,0
06/12/2020,Lille,Monaco,2,1,H,0,0,D,,10,8,5,3,12,11,1,3,3,0,0,0
06/12/2020,Angers,Lorient,2,0,H,1,0,H,,10,12,3,3,13,11,2,12,3,0,0,0
06/12/2020,Bordeaux,Brest,1,0,H,0,0,D,,21,8,6,3,10,11,8,2,0,3,0,0
06/12/2020,Dijon,St Etienne,0,0,D,0,0,D,,6,7,1,2,15,13,7,4,0,1,0,0
06/12/2020,Nantes,Strasbourg,0,4,A,0,2,A,,14,13,2,9,13,13,7,3,3,2,0,0
06/12/2020,Reims,Nice,0,0,D,0,0,D,,11,12,2,4,12,13,6,6,1,2,0,0
06/12/2020,Metz,Lyon,1,3,A,0,1,A,,12,18,5,5,14,14,5,6,1,0,1,1
06/12/2020,West Brom,Crystal Palace,1,5,A,1,1,D,P Tierney,9,18,4,6,10,16,4,6,2,2,1,0
06/12/2020,Sheffield United,Leicester,1,2,A,1,1,D,S Attwell,4,13,1,4,13,6,6,5,1,3,0,0
06/12/2020,Tottenham,Arsenal,2,0,H,2,0,H,M Atkinson,6,11,3,2,16,12,3,9,1,2,0,0
06/12/2020,Liverpool,Wolves,4,0,H,1,0,H,C Pawson,11,9,6,3,8,14,4,6,1,1,0,0
07/12/2020,Fiorentina,Genoa,1,1,D,0,0,D,,16,3,8,3,7,20,5,1,2,2,0,0
07/12/2020,Hoffenheim,Augsburg,3,1,H,1,1,D,,10,13,7,3,15,9,4,3,0,1,0,0
07/12/2020,Eibar,Valencia,0,0,D,0,0,D,,19,6,3,4,15,10,8,0,3,2,0,0
07/12/2020,Brighton,Southampton,1,2,A,1,1,D,D Coote,12,10,4,3,12,12,4,3,3,3,0,0
11/12/2020,Sassuolo,Benevento,1,0,H,1,0,H,,4,17,2,7,12,14,1,10,2,4,1,0
11/12/2020,Wolfsburg,Ein Frankfurt,2,1,H,0,0,D,,16,7,8,4,10,12,8,1,5,2,0,0
11/12/2020,Valladolid,Osasuna,3,2,H,1,2,A,,11,13,6,6,14,18,3,3,4,5,0,0
11/12/2020,St Etienne,Angers,0,0,D,0,0,D,,14,8,3,3,16,15,5,6,3,3,0,0
11/12/2020,Leeds,West Ham,1,2,A,1,1,D,M Oliver,13,19,7,8,12,10,5,6,1,2,0,0
12/12/2020,Crotone,Spezia,4,1,H,1,1,D,,7,9,7,5,16,14,1,4,3,3,0,0
12/12/2020,Torino,Udinese,2,3,A,0,1,A,,6,5,5,3,9,17,2,2,3,3,0,0
12/12/2020,Lazio,Verona,1,2,A,0,1,A,,8,3,5,3,13,15,5,3,5,3,0,0
12/12/2020,Dortmund,Stuttgart,1,5,A,1,1,D,,12,18,4,10,11,13,8,2,2,3,0,0
12/12/2020,Freiburg,Bielefeld,2,0,H,0,0,D,,16,5,7,1,16,13,5,4,3,0,0,0
12/12/2020,Mainz,FC Koln,0,1,A,0,0,D,,15,9,4,6,15,11,5,3,4,4,0,1
12/12/2020,M'gladbach,Hertha,1,1,D,0,0,D,,17,9,4,3,9,18,13,2,3,2,0,0
12/12/2020,RB Leipzig,Werder Bremen,2,0,H,2,0,H,,15,7,7,2,17,12,1,6,3,1,0,0
12/12/2020,Union Berlin,Bayern Munich,1,1,D,1,0,H,,13,15,6,5,17,8,4,7,3,2,0,0
12/12/2020,Valencia,Ath Bilbao,2,2,D,1,0,H,,11,13,2,5,19,16,0,10,2,6,0,0
12/12/2020,Getafe,Sevilla,0,1,A,0,0,D,,8,8,2,0,14,13,5,3,2,3,0,0
12/12/2020,Huesca,Alaves,1,0,H,0,0,D,,11,3,3,1,14,20,5,2,1,4,0,0
12/12/2020,Real Madrid,Ath Madrid,2,0,H,1,0,H,,11,5,3,1,7,16,3,6,1,3,0,0
12/12/2020,Marseille,Monaco,2,1,H,2,0,H,,5,9,2,4,22,10,1,3,3,2,0,0
12/12/2020,Lens,Montpellier,2,3,A,1,2,A,,14,10,4,7,11,14,6,4,1,1,0,0
12/12/2020,Wolves,Aston Villa,0,1,A,0,0,D,M Dean,16,13,7,2,23,15,5,8,2,5,0,0
12/12/2020,Newcastle,West Brom,2,1,H,1,0,H,D England,12,13,7,3,9,12,4,3,2,3,0,0
12/12/2020,Man United,Man City,0,0,D,0,0,D,C Kavanagh,11,9,2,2,13,6,4,3,1,1,0,0
12/12/2020,Everton,Chelsea,1,0,H,1,0,H,J Moss,9,10,4,3,10,11,6,6,2,3,0,0
13/12/2020,Cagliari,Inter,1,3,A,1,0,H,,7,20,2,11,10,17,3,9,2,1,0,0
13/12/2020,Atalanta,Fiorentina,3,0,H,1,0,H,,14,3,10,2,17,13,11,2,1,2,0,0
13/12/2020,Bologna,Roma,1,5,A,1,5,A,,4,13,1,8,16,9,1,5,4,2,0,0
13/12/2020,Napoli,Sampdoria,2,1,H,0,1,A,,13,4,8,3,7,13,7,5,3,4,0,0
13/12/2020,Genoa,Juventus,1,3,A,0,0,D,,2,15,2,9,13,14,0,10,3,3,0,0
13/12/2020,Milan,Parma,2,2,D,0,1,A,,16,5,10,3,12,14,13,1,3,3,0,0
13/12/2020,Augsburg,Schalke 04,2,2,D,1,0,H,,8,15,4,4,17,13,2,3,3,4,1,0
13/12/2020,Leverkusen,Hoffenheim,4,1,H,2,0,H,,13,11,8,4,12,13,6,5,3,6,0,2
13/12/2020,Sociedad,Eibar,1,1,D,1,0,H,,8,16,2,4,14,11,5,4,4,3,0,0
13/12/2020,Betis,Villarreal,1,1,D,0,1,A,,11,7,5,2,13,14,4,8,2,3,0,0
13/12/2020,Elche,Granada,0,1,A,0,1,A,,9,13,1,5,16,15,6,5,4,2,0,0
13/12/2020,Barcelona,Levante,1,0,H,0,0,D,,24,7,13,3,4,15,12,4,2,1,0,0
13/12/2020,Nice,Rennes,0,1,A,0,1,A,,11,16,3,6,16,10,3,6,2,1,0,0
13/12/2020,Brest,Reims,2,1,H,1,0,H,,10,10,6,4,12,11,3,4,1,1,0,0
13/12/2020,Lorient,Nimes,3,0,H,2,0,H,,13,6,5,2,18,7,2,3,2,0,0,0
13/12/2020,Nantes,Dijon,1,1,D,1,0,H,,17,13,6,4,11,16,4,4,2,2,0,0
13/12/2020,Strasbourg,Metz,2,2,D,0,1,A,,18,6,4,3,11,16,5,4,3,4,0,0
13/12/2020,Lille,Bordeaux,2,1,H,2,1,H,,15,4,5,3,14,10,8,3,0,2,0,0
13/12/2020,Paris SG,Lyon,0,1,A,0,1,A,,7,8,1,5,11,17,5,5,4,1,0,1
13/12/2020,Southampton,Sheffield United,3,0,H,1,0,H,A Madley,16,3,6,0,8,14,8,4,0,1,0,0
13/12/2020,Crystal Palace,Tottenham,1,1,D,0,1,A,K Friend,16,14,5,6,15,11,4,7,1,1,0,0
13/12/2020,Fulham,Liverpool,1,1,D,1,0,H,A Marriner,10,12,5,6,9,5,6,8,3,1,0,0
13/12/2020,Arsenal,Burnley,0,1,A,0,0,D,G Scott,18,10,6,2,5,11,13,4,2,1,1,0
13/12/2020,Leicester,Brighton,3,0,H,3,0,H,M Atkinson,15,12,6,4,9,11,9,5,2,1,0,0
14/12/2020,Celta,Cadiz,4,0,H,4,0,H,,8,12,5,2,24,9,1,5,2,1,0,0
15/12/2020,Udinese,Crotone,0,0,D,0,0,D,,8,4,6,2,13,17,9,1,1,4,0,0
15/12/2020,Benevento,Lazio,1,1,D,1,1,D,,7,8,6,3,15,15,4,8,2,2,1,0
15/12/2020,Ein Frankfurt,M'gladbach,3,3,D,3,1,H,,11,8,4,4,18,15,4,5,6,4,1,0
15/12/2020,Hertha,Mainz,0,0,D,0,0,D,,9,5,0,0,17,11,5,4,3,1,0,0
15/12/2020,Stuttgart,Union Berlin,2,2,D,0,1,A,,13,15,6,6,15,14,2,3,3,3,0,0
15/12/2020,Werder Bremen,Dortmund,1,2,A,1,1,D,,7,15,3,9,10,13,4,4,3,2,0,0
15/12/2020,Real Madrid,Ath Bilbao,3,1,H,1,0,H,,18,10,5,4,8,9,6,6,1,3,0,1
15/12/2020,Wolves,Chelsea,2,1,H,0,0,D,S Attwell,12,13,4,3,12,12,5,6,2,2,0,0
15/12/2020,Man City,West Brom,1,1,D,1,1,D,P Bankes,26,5,7,1,5,8,13,2,2,3,0,0
16/12/2020,Juventus,Atalanta,1,1,D,1,0,H,,11,11,7,6,13,18,2,6,3,2,0,0
16/12/2020,Fiorentina,Sassuolo,1,1,D,1,1,D,,12,12,7,7,19,11,4,1,4,4,0,0
16/12/2020,Genoa,Milan,2,2,D,0,0,D,,6,8,4,4,17,13,4,10,2,3,0,0
16/12/2020,Inter,Napoli,1,0,H,0,0,D,,3,9,2,5,16,9,4,3,5,3,0,1
16/12/2020,Parma,Cagliari,0,0,D,0,0,D,,10,5,3,4,13,11,8,5,1,1,0,0
16/12/2020,Spezia,Bologna,2,2,D,1,0,H,,7,9,5,6,19,11,3,4,6,1,0,0
16/12/2020,Verona,Sampdoria,1,2,A,0,1,A,,6,6,6,3,20,17,6,3,2,4,1,0
16/12/2020,Schalke 04,Freiburg,0,2,A,0,0,D,,10,11,2,5,15,9,2,3,2,1,0,0
16/12/2020,Bayern Munich,Wolfsburg,2,1,H,1,1,D,,13,17,2,7,14,16,7,7,3,1,0,0
16/12/2020,Bielefeld,Augsburg,0,1,A,0,0,D,,12,8,2,2,14,15,1,3,1,2,0,0
16/12/2020,FC Koln,Leverkusen,0,4,A,0,2,A,,7,14,1,7,12,12,2,6,1,1,0,0
16/12/2020,Hoffenheim,RB Leipzig,0,1,A,0,0,D,,7,4,3,3,16,14,5,5,2,0,0,0
16/12/2020,Barcelona,Sociedad,2,1,H,2,1,H,,14,12,4,5,18,14,2,3,3,3,0,0
16/12/2020,Angers,Strasbourg,0,2,A,0,0,D,,8,7,2,3,9,11,6,2,1,2,0,0
16/12/2020,Dijon,Lille,0,2,A,0,1,A,,6,10,1,5,21,8,5,4,0,0,0,0
16/12/2020,Montpellier,Metz,0,2,A,0,0,D,,14,9,3,5,11,9,10,2,3,3,0,0
16/12/2020,Nimes,Nice,0,2,A,0,0,D,,15,14,4,6,8,10,4,5,1,2,0,1
16/12/2020,Reims,Nantes,3,2,H,0,1,A,,13,18,4,7,13,13,3,6,2,2,0,0
16/12/2020,Bordeaux,St Etienne,1,2,A,1,1,D,,11,19,3,8,12,14,3,4,3,2,0,0
16/12/2020,Lyon,Brest,2,2,D,0,1,A,,28,8,11,2,13,5,12,3,3,0,0,1
16/12/2020,Monaco,Lens,0,3,A,0,3,A,,7,8,1,4,8,17,3,3,2,4,1,0
16/12/2020,Paris SG,Lorient,2,0,H,0,0,D,,24,8,8,3,19,9,9,2,3,0,0,1
16/12/2020,Rennes,Marseille,2,1,H,0,1,A,,15,8,5,1,19,15,9,1,1,4,0,1
16/12/2020,Arsenal,Southampton,1,1,D,0,1,A,P Tierney,9,13,4,3,13,13,2,7,1,3,1,0
16/12/2020,Leeds,Newcastle,5,2,H,1,1,D,S Hooper,25,10,10,4,10,13,7,4,3,1,0,0
16/12/2020,Leicester,Everton,0,2,A,0,1,A,L Mason,14,11,2,6,12,9,4,6,2,3,0,0
16/12/2020,Fulham,Brighton,0,0,D,0,0,D,R Jones,9,9,4,4,15,11,1,8,1,0,0,0
16/12/2020,Liverpool,Tottenham,2,1,H,1,1,D,A Taylor,17,8,11,2,8,9,7,4,0,2,0,0
16/12/2020,West Ham,Crystal Palace,1,1,D,0,1,A,D Coote,9,8,2,2,8,12,5,3,0,1,0,1
17/12/2020,Roma,Torino,3,1,H,2,0,H,,10,12,8,8,21,16,4,2,4,3,0,1
17/12/2020,Aston Villa,Burnley,0,0,D,0,0,D,C Pawson,27,6,7,4,17,19,11,1,1,1,0,0
17/12/2020,Sheffield United,Man United,2,3,A,1,2,A,M Oliver,12,14,6,8,17,8,6,3,3,2,0,0
18/12/2020,Union Berlin,Dortmund,2,1,H,0,0,D,,12,16,5,4,9,7,8,6,1,1,0,0
18/12/2020,Ath Bilbao,Huesca,2,0,H,0,0,D,,10,6,3,1,9,16,5,5,0,3,0,1
19/12/2020,Fiorentina,Verona,1,1,D,1,1,D,,5,5,1,3,10,16,4,1,2,2,0,0
19/12/2020,Sampdoria,Crotone,3,1,H,2,1,H,,6,5,4,3,14,15,3,1,2,2,0,0
19/12/2020,Parma,Juventus,0,4,A,0,2,A,,9,12,5,7,8,10,4,9,0,1,0,0
19/12/2020,Augsburg,Ein Frankfurt,0,2,A,0,0,D,,15,15,4,6,9,10,2,4,1,4,0,0
19/12/2020,Mainz,Werder Bremen,0,1,A,0,0,D,,9,13,1,7,15,11,2,5,2,2,0,0
19/12/2020,M'gladbach,Hoffenheim,1,2,A,1,0,H,,15,14,5,5,13,22,3,3,1,3,1,0
19/12/2020,RB Leipzig,FC Koln,0,0,D,0,0,D,,14,4,6,1,11,8,8,2,1,0,0,0
19/12/2020,Schalke 04,Bielefeld,0,1,A,0,0,D,,11,8,5,3,17,19,1,6,6,5,0,0
19/12/2020,Leverkusen,Bayern Munich,1,2,A,1,1,D,,8,14,3,3,13,6,5,7,1,1,0,0
19/12/2020,Ath Madrid,Elche,3,1,H,1,0,H,,12,8,6,3,13,14,2,5,1,2,0,0
19/12/2020,Barcelona,Valencia,2,2,D,1,1,D,,25,12,9,4,10,14,8,3,4,2,0,0
19/12/2020,Levante,Sociedad,2,1,H,1,1,D,,13,15,5,5,19,14,3,4,2,1,0,0
19/12/2020,Osasuna,Villarreal,1,3,A,0,2,A,,6,13,1,6,17,16,2,2,2,2,1,0
19/12/2020,Sevilla,Valladolid,1,1,D,1,0,H,,14,12,3,5,14,10,7,7,3,4,0,0
19/12/2020,Metz,Lens,2,0,H,1,0,H,,12,17,4,3,17,8,8,4,1,1,0,0
19/12/2020,Marseille,Reims,1,1,D,1,1,D,,12,2,6,1,11,10,7,3,1,3,0,0
19/12/2020,Nice,Lyon,1,4,A,1,2,A,,8,13,1,9,17,9,8,2,1,1,0,0
19/12/2020,Crystal Palace,Liverpool,0,7,A,0,3,A,J Moss,5,14,3,8,5,11,5,4,1,0,0,0
19/12/2020,Southampton,Man City,0,1,A,0,1,A,M Dean,9,11,3,5,9,11,6,6,2,2,0,0
19/12/2020,Everton,Arsenal,2,1,H,2,1,H,A Marriner,9,13,2,2,9,9,4,3,1,3,0,0
19/12/2020,Newcastle,Fulham,1,1,D,0,1,A,G Scott,12,11,5,4,7,17,2,9,1,2,0,1
20/12/2020,Torino,Bologna,1,1,D,0,0,D,,13,14,5,9,16,17,4,8,1,3,0,0
20/12/2020,Benevento,Genoa,2,0,H,0,0,D,,10,6,3,2,9,22,6,5,1,3,0,0
20/12/2020,Cagliari,Udinese,1,1,D,1,0,H,,7,11,3,5,13,13,5,7,2,1,0,0
20/12/2020,Inter,Spezia,2,1,H,0,0,D,,10,7,4,1,10,9,3,2,1,2,0,0
20/12/2020,Sassuolo,Milan,1,2,A,0,2,A,,16,11,5,5,11,12,6,4,1,3,0,0
20/12/2020,Atalanta,Roma,4,1,H,0,1,A,,9,5,8,4,15,14,2,2,2,3,0,0
20/12/2020,Lazio,Napoli,2,0,H,1,0,H,,9,7,2,6,12,8,4,9,4,3,0,0
20/12/2020,Freiburg,Hertha,4,1,H,1,0,H,,17,10,9,3,9,16,7,3,0,0,0,0
20/12/2020,Wolfsburg,Stuttgart,1,0,H,0,0,D,,13,9,4,1,15,7,4,6,2,3,0,0
20/12/2020,Celta,Alaves,2,0,H,1,0,H,,11,8,3,2,18,12,3,5,2,2,0,0
20/12/2020,Granada,Betis,2,0,H,2,0,H,,8,14,3,1,21,16,1,10,3,4,0,0
20/12/2020,Cadiz,Getafe,0,2,A,0,1,A,,8,6,1,4,6,22,2,4,1,6,0,0
20/12/2020,Eibar,Real Madrid,1,3,A,1,2,A,,10,11,3,5,11,7,4,4,1,0,0,0
20/12/2020,Brest,Montpellier,2,2,D,0,1,A,,17,10,7,4,14,15,6,4,2,1,0,0
20/12/2020,Dijon,Monaco,0,1,A,0,1,A,,11,13,1,6,13,14,2,6,2,1,0,0
20/12/2020,Nantes,Angers,1,1,D,0,1,A,,9,12,2,6,16,13,5,6,3,0,0,0
20/12/2020,St Etienne,Nimes,2,2,D,1,1,D,,18,9,9,4,15,9,6,3,2,3,0,0
20/12/2020,Strasbourg,Bordeaux,0,2,A,0,1,A,,10,11,3,6,15,12,5,3,2,1,0,0
20/12/2020,Lorient,Rennes,0,3,A,0,1,A,,11,15,2,4,19,9,1,2,1,2,0,0
20/12/2020,Lille,Paris SG,0,0,D,0,0,D,,8,8,3,1,12,11,4,5,0,2,0,0
20/12/2020,Brighton,Sheffield United,1,1,D,0,0,D,P Bankes,21,5,5,3,9,11,14,2,1,5,0,1
20/12/2020,Tottenham,Leicester,0,2,A,0,1,A,C Pawson,8,17,3,4,15,14,5,3,2,2,0,0
20/12/2020,Man United,Leeds,6,2,H,4,1,H,A Taylor,26,17,14,3,6,6,11,13,1,0,0,0
20/12/2020,West Brom,Aston Villa,0,3,A,0,1,A,M Atkinson,1,19,1,10,14,8,1,7,1,2,1,0
21/12/2020,Burnley,Wolves,2,1,H,1,0,H,L Mason,10,15,4,3,11,15,1,7,2,1,0,0
21/12/2020,Chelsea,West Ham,3,0,H,1,0,H,C Kavanagh,11,6,7,0,11,6,5,4,0,0,0,0
22/12/2020,Crotone,Parma,2,1,H,2,0,H,,10,14,6,7,16,22,3,6,4,6,0,0
22/12/2020,Juventus,Fiorentina,0,3,A,0,1,A,,10,9,3,6,9,18,5,5,1,4,1,0
22/12/2020,Elche,Osasuna,2,2,D,0,1,A,,7,15,2,6,8,17,4,4,1,2,0,1
22/12/2020,Valencia,Sevilla,0,1,A,0,0,D,,10,19,4,3,11,17,3,5,3,2,0,0
22/12/2020,Huesca,Levante,1,1,D,1,0,H,,11,9,2,1,10,17,10,3,2,3,0,0
22/12/2020,Sociedad,Ath Madrid,0,2,A,0,0,D,,6,8,1,3,20,17,5,5,3,3,0,0
22/12/2020,Valladolid,Barcelona,0,3,A,0,2,A,,12,21,5,10,12,10,4,5,1,2,0,0
22/12/2020,Villarreal,Ath Bilbao,1,1,D,0,1,A,,17,9,6,3,10,18,6,4,1,1,0,0
23/12/2020,Verona,Inter,1,2,A,0,0,D,,5,9,2,5,15,19,2,8,4,2,0,0
23/12/2020,Bologna,Atalanta,2,2,D,0,2,A,,8,9,5,6,11,14,1,5,2,2,0,0
23/12/2020,Milan,Lazio,3,2,H,2,1,H,,9,13,5,9,9,14,4,6,2,4,0,0
23/12/2020,Napoli,Torino,1,1,D,0,0,D,,12,4,6,3,19,16,4,3,3,3,0,0
23/12/2020,Roma,Cagliari,3,2,H,1,0,H,,13,6,9,3,18,17,6,0,3,2,0,0
23/12/2020,Sampdoria,Sassuolo,2,3,A,0,1,A,,14,10,6,8,10,12,14,6,2,4,1,0
23/12/2020,Spezia,Genoa,1,2,A,1,1,D,,7,7,5,6,18,19,4,2,3,4,0,0
23/12/2020,Udinese,Benevento,0,2,A,0,1,A,,7,3,2,2,17,9,7,1,1,2,0,0
23/12/2020,Getafe,Celta,1,1,D,1,1,D,,6,2,3,1,17,16,1,4,3,3,0,0
23/12/2020,Real Madrid,Granada,2,0,H,0,0,D,,23,10,6,1,13,11,8,1,2,1,0,0
23/12/2020,Alaves,Eibar,2,1,H,2,1,H,,13,8,3,4,10,14,2,7,4,2,0,0
23/12/2020,Betis,Cadiz,1,0,H,0,0,D,,6,6,1,3,18,9,5,5,1,1,0,0
23/12/2020,Bordeaux,Reims,1,3,A,0,2,A,,9,10,3,5,11,12,5,5,3,1,0,0
23/12/2020,Lens,Brest,2,1,H,2,0,H,,11,10,4,3,13,13,3,6,0,2,0,0
23/12/2020,Nice,Lorient,2,2,D,2,0,H,,3,24,3,6,11,13,0,10,3,4,1,0
23/12/2020,Nimes,Dijon,1,3,A,1,0,H,,8,14,1,4,10,11,7,3,2,2,1,0
23/12/2020,Rennes,Metz,1,0,H,0,0,D,,11,9,6,4,14,18,6,5,1,1,0,0
23/12/2020,Angers,Marseille,2,1,H,2,0,H,,9,9,2,3,14,14,2,8,2,4,0,0
23/12/2020,Lyon,Nantes,3,0,H,3,0,H,,22,18,11,4,11,13,9,7,1,3,0,0
23/12/2020,Monaco,St Etienne,2,2,D,1,2,A,,2,18,2,6,12,13,0,10,3,2,1,0
23/12/2020,Montpellier,Lille,2,3,A,0,1,A,,17,9,6,7,13,11,6,4,3,2,0,0
23/12/2020,Paris SG,Strasbourg,4,0,H,1,0,H,,17,8,8,2,7,9,5,5,0,0,0,0
26/12/2020,Leicester,Man United,2,2,D,1,1,D,M Dean,10,9,2,4,10,17,5,0,2,1,0,0
26/12/2020,Aston Villa,Crystal Palace,3,0,H,1,0,H,A Taylor,21,13,10,6,18,16,4,4,1,4,1,0
26/12/2020,Fulham,Southampton,0,0,D,0,0,D,D England,10,3,1,2,15,12,6,3,2,0,0,0
26/12/2020,Arsenal,Chelsea,3,1,H,2,0,H,M Oliver,15,19,7,3,13,10,7,9,2,1,0,0
26/12/2020,Man City,Newcastle,2,0,H,1,0,H,A Marriner,11,7,6,2,5,12,7,3,2,2,0,0
26/12/2020,Sheffield United,Everton,0,1,A,0,0,D,D Coote,10,7,2,3,11,10,6,3,2,4,0,0
27/12/2020,Leeds,Burnley,1,0,H,1,0,H,R Jones,11,14,4,6,8,14,4,12,0,3,0,0
27/12/2020,West Ham,Brighton,2,2,D,0,1,A,S Hooper,11,13,4,4,6,8,5,4,0,0,0,0
27/12/2020,Liverpool,West Brom,1,1,D,1,0,H,K Friend,17,5,2,3,8,5,8,3,0,1,0,0
27/12/2020,Wolves,Tottenham,1,1,D,0,1,A,P Tierney,11,6,6,3,20,13,9,2,4,1,0,0
28/12/2020,Crystal Palace,Leicester,1,1,D,0,0,D,G Scott,4,17,1,3,10,7,2,5,0,1,0,0
28/12/2020,Chelsea,Aston Villa,1,1,D,1,0,H,S Attwell,16,10,5,2,16,3,11,4,3,1,0,0
29/12/2020,Sevilla,Villarreal,2,0,H,1,0,H,,10,6,3,2,13,14,4,7,1,4,0,0
29/12/2020,Barcelona,Eibar,1,1,D,0,0,D,,16,9,5,3,6,15,5,7,0,2,0,0
29/12/2020,Cadiz,Valladolid,0,0,D,0,0,D,,8,7,3,1,14,13,1,6,3,2,0,0
29/12/2020,Levante,Betis,4,3,H,3,1,H,,10,19,5,7,9,14,3,6,3,2,1,0
29/12/2020,Brighton,Arsenal,0,1,A,0,0,D,M Atkinson,13,11,2,3,11,4,5,4,2,0,0,0
29/12/2020,Burnley,Sheffield United,1,0,H,1,0,H,C Kavanagh,5,7,3,3,13,17,3,5,1,2,0,0
29/12/2020,Southampton,West Ham,0,0,D,0,0,D,A Madley,8,8,3,3,16,15,4,3,3,1,0,0
29/12/2020,West Brom,Leeds,0,5,A,0,4,A,L Mason,4,14,1,6,7,10,3,10,0,1,0,0
29/12/2020,Man United,Wolves,1,0,H,0,0,D,J Moss,11,9,3,5,11,7,2,2,1,1,0,0
30/12/2020,Granada,Valencia,2,1,H,1,1,D,,24,16,5,6,16,15,6,6,4,4,1,2
30/12/2020,Ath Madrid,Getafe,1,0,H,1,0,H,,10,10,3,2,7,12,5,2,2,3,0,0
30/12/2020,Celta,Huesca,2,1,H,1,0,H,,15,17,6,6,19,8,0,5,2,0,0,0
30/12/2020,Elche,Real Madrid,1,1,D,0,1,A,,6,14,3,6,8,18,2,3,1,4,0,0
30/12/2020,Newcastle,Liverpool,0,0,D,0,0,D,P Tierney,8,11,2,4,9,13,5,12,2,3,0,0
31/12/2020,Ath Bilbao,Sociedad,0,1,A,0,1,A,,4,13,0,3,23,18,2,4,5,4,0,0
31/12/2020,Osasuna,Alaves,1,1,D,0,0,D,,8,15,3,1,12,9,5,4,3,4,1,0
01/01/2021,Everton,West Ham,0,1,A,0,0,D,K Friend,10,11,2,5,9,7,5,4,2,0,0,0
01/01/2021,Man United,Aston Villa,2,1,H,1,0,H,M Oliver,19,5,9,5,22,10,5,10,4,0,0,0
02/01/2021,Bielefeld,M'gladbach,0,1,A,0,0,D,,7,22,0,7,8,7,3,14,2,1,0,0
02/01/2021,Ein Frankfurt,Leverkusen,2,1,H,1,1,D,,10,10,4,2,9,6,2,7,0,0,0,0
02/01/2021,FC Koln,Augsburg,0,1,A,0,0,D,,12,11,2,4,20,12,8,3,2,3,0,0
02/01/2021,Hoffenheim,Freiburg,1,3,A,0,3,A,,13,7,6,4,14,22,8,3,2,2,0,0
02/01/2021,Werder Bremen,Union Berlin,0,2,A,0,2,A,,10,9,2,2,15,14,6,5,2,4,0,0
02/01/2021,Hertha,Schalke 04,3,0,H,1,0,H,,20,10,10,4,11,18,9,5,2,2,0,0
02/01/2021,Stuttgart,RB Leipzig,0,1,A,0,0,D,,10,22,1,9,10,10,3,6,2,1,0,0
02/01/2021,Villarreal,Levante,2,1,H,1,0,H,,12,9,7,2,12,11,3,5,1,1,0,0
02/01/2021,Betis,Sevilla,1,1,D,0,0,D,,16,6,3,2,15,18,2,1,5,2,0,0
02/01/2021,Getafe,Valladolid,0,1,A,0,1,A,,11,8,4,2,13,13,5,9,3,2,0,0
02/01/2021,Real Madrid,Celta,2,0,H,1,0,H,,9,6,2,1,14,14,1,5,4,2,0,0
02/01/2021,Tottenham,Leeds,3,0,H,2,0,H,D Coote,20,18,7,5,15,13,3,5,2,1,1,0
02/01/2021,Crystal Palace,Sheffield United,2,0,H,2,0,H,S Attwell,9,7,4,2,8,18,3,6,1,3,0,0
02/01/2021,Brighton,Wolves,3,3,D,1,3,A,A Madley,13,11,4,4,13,8,5,8,2,1,0,0
02/01/2021,West Brom,Arsenal,0,4,A,0,2,A,M Atkinson,7,21,3,12,7,4,3,5,1,2,0,0
03/01/2021,Inter,Crotone,6,2,H,2,2,D,,13,7,8,4,9,7,3,3,0,3,0,0
03/01/2021,Atalanta,Sassuolo,5,1,H,2,0,H,,20,7,8,4,13,9,8,3,3,1,0,0
03/01/2021,Cagliari,Napoli,1,4,A,0,1,A,,6,22,1,12,11,6,3,8,4,1,1,0
03/01/2021,Fiorentina,Bologna,0,0,D,0,0,D,,10,5,1,4,8,11,8,5,4,3,0,0
03/01/2021,Genoa,Lazio,1,1,D,0,1,A,,5,10,3,4,10,19,4,9,2,4,0,0
03/01/2021,Parma,Torino,0,3,A,0,1,A,,15,14,6,8,20,16,9,3,2,2,0,0
03/01/2021,Roma,Sampdoria,1,0,H,0,0,D,,12,2,8,2,17,14,8,2,3,5,0,0
03/01/2021,Spezia,Verona,0,1,A,0,0,D,,6,9,1,4,22,10,3,5,6,0,1,0
03/01/2021,Benevento,Milan,0,2,A,0,1,A,,14,8,7,5,9,14,12,4,1,3,0,1
03/01/2021,Juventus,Udinese,4,1,H,1,0,H,,13,8,10,7,14,8,7,1,3,0,0,0
03/01/2021,Dortmund,Wolfsburg,2,0,H,0,0,D,,14,22,7,5,9,12,10,5,3,1,0,0
03/01/2021,Bayern Munich,Mainz,5,2,H,0,2,A,,19,12,12,7,11,9,10,2,2,1,0,0
03/01/2021,Ath Bilbao,Elche,1,0,H,1,0,H,,13,5,2,2,15,13,5,4,2,1,0,0
03/01/2021,Alaves,Ath Madrid,1,2,A,0,1,A,,4,8,1,4,14,12,1,5,0,2,1,0
03/01/2021,Eibar,Granada,2,0,H,0,0,D,,15,6,7,3,10,9,4,2,2,1,0,0
03/01/2021,Sociedad,Osasuna,1,1,D,0,1,A,,8,6,2,2,15,8,7,2,1,1,0,0
03/01/2021,Huesca,Barcelona,0,1,A,0,1,A,,4,20,4,7,12,11,2,6,1,0,0,0
03/01/2021,Newcastle,Leicester,1,2,A,0,0,D,R Jones,8,9,2,3,10,11,3,6,0,2,0,0
03/01/2021,Chelsea,Man City,1,3,A,0,3,A,A Taylor,9,18,2,6,11,10,5,3,3,1,0,0
04/01/2021,Valencia,Cadiz,1,1,D,0,0,D,,11,9,4,2,11,17,9,7,2,2,0,0
04/01/2021,Southampton,Liverpool,1,0,H,1,0,H,A Marriner,7,17,3,1,5,12,1,10,1,3,0,0
06/01/2021,Cagliari,Benevento,1,2,A,1,2,A,,10,9,5,3,18,12,7,6,4,3,1,0
06/01/2021,Atalanta,Parma,3,0,H,1,0,H,,17,3,6,1,10,6,12,3,1,1,0,0
06/01/2021,Bologna,Udinese,2,2,D,2,1,H,,10,12,7,9,16,13,4,6,4,3,1,0
06/01/2021,Crotone,Roma,1,3,A,0,3,A,,12,10,5,5,15,16,3,4,2,3,0,0
06/01/2021,Lazio,Fiorentina,2,1,H,1,0,H,,11,9,6,8,11,11,2,9,3,1,0,0
06/01/2021,Sampdoria,Inter,2,1,H,2,0,H,,8,23,6,11,13,18,4,10,3,4,0,0
06/01/2021,Sassuolo,Genoa,2,1,H,0,0,D,,13,7,6,3,14,10,8,2,3,3,0,0
06/01/2021,Torino,Verona,1,1,D,0,0,D,,15,8,5,2,12,18,9,3,1,3,0,0
06/01/2021,Napoli,Spezia,1,2,A,0,0,D,,27,8,11,4,9,16,10,2,2,5,0,1
06/01/2021,Milan,Juventus,1,3,A,1,1,D,,18,13,7,10,17,12,7,4,1,2,0,0
06/01/2021,Ath Bilbao,Barcelona,2,3,A,1,2,A,,8,13,3,9,10,6,3,4,2,1,0,0
06/01/2021,Brest,Nice,2,0,H,2,0,H,,10,12,6,6,12,8,6,6,2,3,0,0
06/01/2021,Lorient,Monaco,2,5,A,1,1,D,,11,16,5,9,9,9,5,8,1,3,1,0
06/01/2021,Metz,Bordeaux,0,0,D,0,0,D,,9,12,3,3,10,20,3,2,1,2,0,0
06/01/2021,Nantes,Rennes,0,0,D,0,0,D,,7,8,2,0,13,13,6,3,2,2,0,0
06/01/2021,Strasbourg,Nimes,5,0,H,3,0,H,,21,6,12,2,12,6,10,5,1,2,0,0
06/01/2021,Lille,Angers,1,2,A,1,2,A,,7,7,2,3,12,10,8,6,3,1,0,0
06/01/2021,Lyon,Lens,3,2,H,1,0,H,,11,10,6,2,7,10,7,4,1,2,0,0
06/01/2021,Marseille,Montpellier,3,1,H,1,0,H,,18,13,8,5,4,6,5,1,0,0,0,0
06/01/2021,Reims,Dijon,0,0,D,0,0,D,,9,8,3,0,13,8,7,5,2,3,0,0
06/01/2021,St Etienne,Paris SG,1,1,D,1,1,D,,11,10,5,4,13,12,9,10,1,1,0,0
08/01/2021,M'gladbach,Bayern Munich,3,2,H,2,2,D,,8,15,4,4,9,11,3,8,1,1,0,0
08/01/2021,Celta,Villarreal,0,4,A,0,4,A,,8,15,3,6,15,18,3,4,1,0,0,0
09/01/2021,Benevento,Atalanta,1,4,A,0,1,A,,4,26,2,15,13,21,1,11,3,2,0,0
09/01/2021,Genoa,Bologna,2,0,H,1,0,H,,9,12,7,4,11,9,1,4,2,0,0,0
09/01/2021,Milan,Torino,2,0,H,2,0,H,,8,8,4,4,22,15,7,5,6,2,0,0
09/01/2021,Freiburg,FC Koln,5,0,H,2,0,H,,12,5,6,2,14,10,1,3,0,0,0,0
09/01/2021,Leverkusen,Werder Bremen,1,1,D,0,0,D,,12,3,3,1,22,13,3,1,2,2,0,0
09/01/2021,Mainz,Ein Frankfurt,0,2,A,0,1,A,,8,15,0,7,17,15,3,7,2,1,0,0
09/01/2021,Schalke 04,Hoffenheim,4,0,H,1,0,H,,12,18,5,5,14,13,5,4,2,4,0,0
09/01/2021,Union Berlin,Wolfsburg,2,2,D,1,1,D,,13,11,6,5,16,13,5,3,3,1,0,1
09/01/2021,RB Leipzig,Dortmund,1,3,A,0,0,D,,12,15,4,7,8,12,3,3,0,2,0,0
09/01/2021,Sevilla,Sociedad,3,2,H,2,2,D,,12,10,7,4,8,18,2,9,0,3,0,0
09/01/2021,Granada,Barcelona,0,4,A,0,3,A,,8,13,4,4,16,3,4,1,2,3,1,0
09/01/2021,Osasuna,Real Madrid,0,0,D,0,0,D,,8,9,2,1,9,3,2,4,0,0,0,0
09/01/2021,Bordeaux,Lorient,2,1,H,2,1,H,,16,12,6,4,10,10,5,3,2,0,0,0
09/01/2021,Dijon,Marseille,0,0,D,0,0,D,,5,11,0,4,13,13,0,6,3,2,0,0
09/01/2021,Lens,Strasbourg,0,1,A,0,1,A,,11,10,2,4,16,15,4,4,1,1,0,0
09/01/2021,Metz,Nice,1,1,D,0,1,A,,16,11,5,4,19,8,5,2,2,2,0,0
09/01/2021,Monaco,Angers,3,0,H,1,0,H,,14,6,5,2,9,10,5,2,2,0,0,0
09/01/2021,Montpellier,Nantes,1,1,D,1,0,H,,8,12,6,3,18,11,1,8,5,0,0,0
09/01/2021,Nimes,Lille,0,1,A,0,1,A,,7,10,0,2,12,13,2,3,0,3,0,0
09/01/2021,Paris SG,Brest,3,0,H,1,0,H,,22,12,11,2,7,13,7,4,1,1,0,0
09/01/2021,Reims,St Etienne,3,1,H,2,0,H,,7,14,3,6,19,17,0,3,2,4,0,0
09/01/2021,Rennes,Lyon,2,2,D,1,0,H,,14,13,6,4,12,16,2,5,1,2,0,0
10/01/2021,Roma,Inter,2,2,D,1,0,H,,14,16,8,6,18,11,3,7,3,3,0,0
10/01/2021,Parma,Lazio,0,2,A,0,0,D,,9,21,3,5,11,6,5,6,4,1,0,0
10/01/2021,Udinese,Napoli,1,2,A,1,1,D,,17,15,8,6,19,6,2,7,3,1,0,0
10/01/2021,Verona,Crotone,2,1,H,2,0,H,,11,7,7,3,16,16,6,4,3,3,0,0
10/01/2021,Fiorentina,Cagliari,1,0,H,0,0,D,,12,9,5,3,15,14,9,5,1,3,0,0
10/01/2021,Juventus,Sassuolo,3,1,H,0,0,D,,20,10,10,2,11,4,6,3,4,1,0,1
10/01/2021,Augsburg,Stuttgart,1,4,A,0,2,A,,14,27,4,11,7,12,4,11,3,2,1,0
10/01/2021,Bielefeld,Hertha,1,0,H,0,0,D,,12,10,2,6,8,18,8,3,1,1,0,0
10/01/2021,Levante,Eibar,2,1,H,0,0,D,,4,17,2,4,12,8,4,9,2,0,0,0
10/01/2021,Cadiz,Alaves,3,1,H,1,1,D,,10,5,7,2,17,10,4,1,1,4,0,1
10/01/2021,Valladolid,Valencia,0,1,A,0,0,D,,11,17,4,6,14,14,0,4,2,3,0,0
11/01/2021,Spezia,Sampdoria,2,1,H,1,1,D,,8,6,4,4,17,15,4,2,4,3,0,0
11/01/2021,Elche,Getafe,1,3,A,1,1,D,,7,14,4,7,14,16,1,7,4,2,1,0
11/01/2021,Huesca,Betis,0,2,A,0,0,D,,10,15,3,5,12,13,3,6,2,2,0,1
12/01/2021,Granada,Osasuna,2,0,H,2,0,H,,9,15,2,3,16,17,4,4,1,4,0,0
12/01/2021,Ath Madrid,Sevilla,2,0,H,1,0,H,,5,13,4,2,14,11,3,12,2,0,0,0
12/01/2021,Sheffield United,Newcastle,1,0,H,0,0,D,A Madley,17,7,4,3,13,12,5,2,2,3,0,1
12/01/2021,Burnley,Man United,0,1,A,0,0,D,K Friend,11,13,0,7,15,13,3,4,1,2,0,0
12/01/2021,Wolves,Everton,1,2,A,1,1,D,M Atkinson,12,5,3,3,6,11,6,5,2,2,0,0
13/01/2021,Man City,Brighton,1,0,H,1,0,H,D England,16,5,6,1,4,12,8,4,0,2,0,0
13/01/2021,Tottenham,Fulham,1,1,D,1,0,H,P Tierney,15,15,6,4,13,15,6,5,1,2,0,0
14/01/2021,Arsenal,Crystal Palace,0,0,D,0,0,D,A Marriner,11,12,4,2,10,11,7,3,1,1,0,0
15/01/2021,Lazio,Roma,3,0,H,2,0,H,,9,5,9,2,12,19,1,7,5,4,0,0
15/01/2021,Union Berlin,Leverkusen,1,0,H,0,0,D,,10,12,2,4,9,10,2,3,1,2,0,0
15/01/2021,Montpellier,Monaco,2,3,A,0,2,A,,9,16,3,5,17,12,5,6,2,3,0,0
16/01/2021,Bologna,Verona,1,0,H,1,0,H,,18,8,6,1,15,10,7,3,2,1,0,0
16/01/2021,Torino,Spezia,0,0,D,0,0,D,,8,6,2,3,12,14,6,2,3,3,0,1
16/01/2021,Sampdoria,Udinese,2,1,H,0,0,D,,15,14,8,7,8,11,11,5,1,1,0,0
16/01/2021,Dortmund,Mainz,1,1,D,0,0,D,,17,8,7,3,10,19,1,2,1,2,0,0
16/01/2021,FC Koln,Hertha,0,0,D,0,0,D,,8,14,2,3,13,19,5,4,2,3,0,0
16/01/2021,Hoffenheim,Bielefeld,0,0,D,0,0,D,,11,8,5,2,9,21,5,3,1,1,0,0
16/01/2021,Werder Bremen,Augsburg,2,0,H,0,0,D,,10,6,5,2,10,18,4,4,0,1,0,0
16/01/2021,Wolfsburg,RB Leipzig,2,2,D,2,1,H,,8,13,2,9,16,9,6,6,4,3,0,0
16/01/2021,Stuttgart,M'gladbach,2,2,D,0,1,A,,19,8,7,5,11,20,5,2,2,3,0,0
16/01/2021,Marseille,Nimes,1,2,A,0,0,D,,14,8,6,5,13,6,7,3,2,2,0,0
16/01/2021,Angers,Paris SG,0,1,A,0,0,D,,11,12,4,3,11,13,5,7,0,2,0,0
16/01/2021,Wolves,West Brom,2,3,A,2,1,H,M Oliver,23,12,6,5,10,14,11,0,2,1,0,0
16/01/2021,Leeds,Brighton,0,1,A,0,1,A,K Friend,7,7,2,2,8,9,5,2,1,1,0,0
16/01/2021,West Ham,Burnley,1,0,H,1,0,H,C Kavanagh,15,10,4,2,12,9,7,4,2,1,0,0
16/01/2021,Fulham,Chelsea,0,1,A,0,0,D,P Bankes,10,21,3,6,11,10,1,12,2,3,1,0
16/01/2021,Leicester,Southampton,2,0,H,1,0,H,S Attwell,16,8,5,3,10,11,2,5,2,2,0,0
17/01/2021,Napoli,Fiorentina,6,0,H,4,0,H,,10,10,7,3,11,15,1,4,1,0,0,0
17/01/2021,Crotone,Benevento,4,1,H,2,0,H,,6,14,3,6,14,14,4,13,1,3,0,1
17/01/2021,Sassuolo,Parma,1,1,D,0,1,A,,15,11,6,2,18,11,5,2,3,2,0,0
17/01/2021,Atalanta,Genoa,0,0,D,0,0,D,,15,6,4,3,15,13,9,1,1,2,0,0
17/01/2021,Inter,Juventus,2,0,H,1,0,H,,16,8,6,4,8,14,3,4,2,2,0,0
17/01/2021,Bayern Munich,Freiburg,2,1,H,1,0,H,,25,8,9,3,4,14,14,3,1,2,0,0
17/01/2021,Ein Frankfurt,Schalke 04,3,1,H,1,1,D,,20,5,11,1,8,10,8,2,0,1,0,0
17/01/2021,Brest,Rennes,1,2,A,1,1,D,,14,7,4,4,9,8,3,3,1,1,0,0
17/01/2021,Nantes,Lens,1,1,D,1,0,H,,10,8,2,1,14,19,2,4,3,3,0,0
17/01/2021,Nice,Bordeaux,0,3,A,0,0,D,,10,17,1,9,8,7,3,10,0,1,0,0
17/01/2021,Strasbourg,St Etienne,1,0,H,1,0,H,,15,8,3,3,23,9,7,3,2,2,0,0
17/01/2021,Lille,Reims,2,1,H,0,1,A,,16,8,8,4,13,11,3,5,2,1,0,0
17/01/2021,Lyon,Metz,0,1,A,0,0,D,,23,17,5,3,14,11,9,2,1,3,0,0
17/01/2021,Sheffield United,Tottenham,1,3,A,0,2,A,A Marriner,15,14,5,5,13,4,5,7,4,0,0,0
17/01/2021,Liverpool,Man United,0,0,D,0,0,D,P Tierney,17,8,3,4,15,6,7,3,2,1,0,0
17/01/2021,Man City,Crystal Palace,4,0,H,1,0,H,L Mason,13,2,6,0,9,8,11,1,0,0,0,0
18/01/2021,Cagliari,Milan,0,2,A,0,1,A,,17,9,2,8,9,13,7,4,2,3,0,1
18/01/2021,Arsenal,Newcastle,3,0,H,0,0,D,D Coote,20,4,6,1,9,8,7,2,0,0,0,0
19/01/2021,M'gladbach,Werder Bremen,1,0,H,0,0,D,,11,11,6,2,15,11,7,5,2,2,0,0
19/01/2021,Hertha,Hoffenheim,0,3,A,0,1,A,,13,11,2,6,16,16,3,2,1,1,0,0
19/01/2021,Leverkusen,Dortmund,2,1,H,1,0,H,,23,15,13,3,13,8,6,5,2,2,0,0
19/01/2021,Mainz,Wolfsburg,0,2,A,0,0,D,,8,8,0,2,17,15,2,5,1,2,0,0
19/01/2021,Cadiz,Levante,2,2,D,2,2,D,,8,8,2,5,13,11,5,2,3,1,0,0
19/01/2021,Valladolid,Elche,2,2,D,0,2,A,,13,9,2,3,14,19,4,5,1,3,1,0
19/01/2021,Alaves,Sevilla,1,2,A,1,2,A,,12,7,3,3,15,14,3,2,3,3,0,0
19/01/2021,West Ham,West Brom,2,1,H,1,0,H,G Scott,14,6,6,2,10,10,3,1,0,1,0,0
19/01/2021,Leicester,Chelsea,2,0,H,2,0,H,C Pawson,8,9,6,5,7,16,6,3,1,3,0,0
20/01/2021,Udinese,Atalanta,1,1,D,1,1,D,,6,18,1,8,20,26,2,7,3,2,0,0
20/01/2021,Schalke 04,FC Koln,1,2,A,0,1,A,,15,12,8,4,7,11,5,8,2,1,0,0
20/01/2021,Augsburg,Bayern Munich,0,1,A,0,1,A,,9,17,0,4,15,11,5,7,2,0,0,0
20/01/2021,Bielefeld,Stuttgart,3,0,H,1,0,H,,9,11,3,3,9,9,2,6,1,0,0,0
20/01/2021,Freiburg,Ein Frankfurt,2,2,D,1,1,D,,11,17,4,4,10,15,4,5,3,3,0,0
20/01/2021,RB Leipzig,Union Berlin,1,0,H,0,0,D,,15,4,5,1,6,11,5,1,1,1,0,0
20/01/2021,Getafe,Huesca,1,0,H,0,0,D,,12,15,5,3,15,14,3,8,2,4,0,0
20/01/2021,Betis,Celta,2,1,H,2,1,H,,12,10,4,3,13,15,5,6,2,3,0,0
20/01/2021,Villarreal,Granada,2,2,D,1,1,D,,9,3,3,2,11,11,3,0,2,4,0,1
20/01/2021,Marseille,Lens,0,1,A,0,0,D,,4,13,1,4,13,11,3,9,5,3,0,0
20/01/2021,Man City,Aston Villa,2,0,H,0,0,D,J Moss,28,11,9,4,10,9,16,2,0,2,0,0
20/01/2021,Fulham,Man United,1,2,A,1,1,D,M Atkinson,12,15,5,5,6,10,2,8,3,1,0,0
21/01/2021,Valencia,Osasuna,1,1,D,0,1,A,,10,14,3,5,8,17,9,4,1,3,0,0
21/01/2021,Eibar,Ath Madrid,1,2,A,1,1,D,,12,9,2,4,24,9,3,3,2,2,0,0
21/01/2021,Liverpool,Burnley,0,1,A,0,0,D,M Dean,27,6,6,4,11,8,12,0,2,1,0,0
22/01/2021,Benevento,Torino,2,2,D,1,0,H,,10,14,3,6,18,22,6,4,1,3,0,0
22/01/2021,M'gladbach,Dortmund,4,2,H,2,2,D,,10,16,7,7,9,9,3,7,1,0,0,0
22/01/2021,Levante,Valladolid,2,2,D,0,0,D,,11,7,3,3,16,12,8,2,0,1,0,0
22/01/2021,Paris SG,Montpellier,4,0,H,1,0,H,,26,5,8,1,16,12,7,1,2,1,0,1
23/01/2021,Roma,Spezia,4,3,H,1,1,D,,13,5,8,3,12,13,3,1,3,1,0,0
23/01/2021,Milan,Atalanta,0,3,A,0,1,A,,10,19,3,10,11,14,5,7,2,1,0,0
23/01/2021,Udinese,Inter,0,0,D,0,0,D,,6,10,1,4,11,16,3,4,3,2,0,0
23/01/2021,Fiorentina,Crotone,2,1,H,2,0,H,,12,7,6,3,11,17,5,3,2,2,0,0
23/01/2021,Augsburg,Union Berlin,2,1,H,1,1,D,,8,9,4,5,13,21,2,3,3,1,0,0
23/01/2021,Bielefeld,Ein Frankfurt,1,5,A,1,3,A,,8,15,4,8,14,22,0,8,2,2,0,0
23/01/2021,Freiburg,Stuttgart,2,1,H,2,1,H,,9,27,4,11,20,12,3,5,2,0,0,0
23/01/2021,Leverkusen,Wolfsburg,0,1,A,0,1,A,,10,8,4,4,13,7,6,2,1,1,0,0
23/01/2021,Mainz,RB Leipzig,3,2,H,2,2,D,,10,12,4,5,13,16,3,9,2,4,0,0
23/01/2021,Hertha,Werder Bremen,1,4,A,1,2,A,,18,7,10,5,16,12,7,1,2,3,0,0
23/01/2021,Huesca,Villarreal,0,0,D,0,0,D,,5,8,1,2,9,15,1,2,3,1,0,0
23/01/2021,Sevilla,Cadiz,3,0,H,2,0,H,,15,9,7,3,12,6,7,6,1,3,0,0
23/01/2021,Sociedad,Betis,2,2,D,0,0,D,,12,7,6,4,14,13,8,3,2,2,0,0
23/01/2021,Alaves,Real Madrid,1,4,A,0,3,A,,14,10,4,7,16,7,4,4,5,3,0,0
23/01/2021,Lens,Nice,0,1,A,0,0,D,,13,7,3,2,9,14,6,2,2,1,0,0
23/01/2021,Monaco,Marseille,3,1,H,0,1,A,,8,5,6,1,18,21,5,4,3,5,0,0
23/01/2021,Aston Villa,Newcastle,2,0,H,2,0,H,S Hooper,14,7,5,1,9,18,5,4,0,3,0,0
24/01/2021,Juventus,Bologna,2,0,H,1,0,H,,22,12,12,3,11,17,7,6,3,2,0,0
24/01/2021,Genoa,Cagliari,1,0,H,1,0,H,,8,13,6,7,11,6,4,7,1,2,0,0
24/01/2021,Verona,Napoli,3,1,H,1,1,D,,15,12,7,4,13,8,3,3,2,3,0,0
24/01/2021,Lazio,Sassuolo,2,1,H,1,1,D,,18,5,8,1,16,15,9,6,2,3,0,0
24/01/2021,Parma,Sampdoria,0,2,A,0,2,A,,11,11,7,4,14,14,5,5,1,1,0,0
24/01/2021,Schalke 04,Bayern Munich,0,4,A,0,1,A,,14,32,4,14,5,9,3,7,1,1,0,0
24/01/2021,Hoffenheim,FC Koln,3,0,H,2,0,H,,13,13,4,4,8,13,6,9,2,3,0,0
24/01/2021,Osasuna,Granada,3,1,H,2,0,H,,7,12,4,1,15,15,1,5,5,4,1,0
24/01/2021,Elche,Barcelona,0,2,A,0,1,A,,4,15,2,8,15,9,0,7,0,2,0,0
24/01/2021,Celta,Eibar,1,1,D,1,0,H,,7,9,4,2,10,16,0,6,4,3,0,0
24/01/2021,Ath Madrid,Valencia,3,1,H,1,1,D,,14,8,5,4,11,14,7,7,2,0,0,0
24/01/2021,Bordeaux,Angers,2,1,H,2,1,H,,7,15,3,7,11,20,3,4,1,2,0,0
24/01/2021,Dijon,Strasbourg,1,1,D,0,0,D,,5,15,3,2,14,9,3,4,1,0,0,0
24/01/2021,Metz,Nantes,2,0,H,1,0,H,,14,8,4,0,15,15,4,6,3,1,0,0
24/01/2021,Reims,Brest,1,0,H,1,0,H,,12,17,2,1,16,11,2,4,3,0,0,0
24/01/2021,Rennes,Lille,0,1,A,0,1,A,,11,9,2,4,12,15,2,2,2,2,0,0
24/01/2021,St Etienne,Lyon,0,5,A,0,2,A,,3,19,0,12,13,9,1,8,3,1,0,0
25/01/2021,Ath Bilbao,Getafe,5,1,H,1,1,D,,11,6,8,2,13,18,4,4,4,4,0,0
26/01/2021,Crystal Palace,West Ham,2,3,A,1,2,A,S Attwell,6,17,3,7,9,8,3,4,0,0,0,0
26/01/2021,Newcastle,Leeds,1,2,A,0,1,A,A Taylor,22,9,5,2,10,15,9,5,1,3,0,0
26/01/2021,Southampton,Arsenal,1,3,A,1,2,A,K Friend,13,9,5,5,11,6,4,5,1,2,0,0
26/01/2021,West Brom,Man City,0,5,A,0,4,A,C Kavanagh,4,18,1,7,8,8,3,8,2,0,0,0
27/01/2021,Lorient,Dijon,3,2,H,1,2,A,,14,7,5,2,13,17,9,6,2,3,0,0
27/01/2021,Burnley,Aston Villa,3,2,H,0,1,A,P Tierney,10,18,5,10,16,7,2,4,1,0,0,0
27/01/2021,Chelsea,Wolves,0,0,D,0,0,D,A Madley,14,4,5,0,14,7,13,1,1,1,0,0
27/01/2021,Brighton,Fulham,0,0,D,0,0,D,C Pawson,16,10,5,3,10,14,10,0,2,1,0,0
27/01/2021,Everton,Leicester,1,1,D,1,0,H,M Dean,8,19,2,6,12,10,5,11,1,1,0,0
27/01/2021,Man United,Sheffield United,1,2,A,0,1,A,P Bankes,16,5,4,3,10,12,7,2,1,1,0,0
28/01/2021,Tottenham,Liverpool,1,3,A,0,1,A,M Atkinson,3,14,2,7,9,11,1,2,1,2,0,0
29/01/2021,Torino,Fiorentina,1,1,D,0,0,D,,15,9,6,3,20,15,7,2,2,2,0,2
29/01/2021,Stuttgart,Mainz,2,0,H,0,0,D,,9,10,3,2,9,20,2,4,1,4,0,0
29/01/2021,Valladolid,Huesca,1,3,A,0,1,A,,14,11,4,5,12,12,6,7,2,2,0,0
29/01/2021,Lyon,Bordeaux,2,1,H,1,0,H,,10,12,4,2,17,6,7,9,1,2,0,0
30/01/2021,Bologna,Milan,1,2,A,0,1,A,,10,17,5,13,13,12,6,4,2,1,0,0
30/01/2021,Sampdoria,Juventus,0,2,A,0,1,A,,6,10,2,4,11,10,5,7,4,2,0,0
30/01/2021,Inter,Benevento,4,0,H,1,0,H,,13,0,8,0,9,14,7,3,0,2,0,0
30/01/2021,Bayern Munich,Hoffenheim,4,1,H,2,1,H,,15,15,9,5,10,8,10,4,1,0,0,0
30/01/2021,Dortmund,Augsburg,3,1,H,1,1,D,,14,5,5,1,12,11,10,1,0,1,0,0
30/01/2021,Ein Frankfurt,Hertha,3,1,H,0,0,D,,17,11,8,4,17,14,4,7,1,4,0,0
30/01/2021,Union Berlin,M'gladbach,1,1,D,1,0,H,,13,12,3,4,12,13,2,9,1,3,0,0
30/01/2021,Werder Bremen,Schalke 04,1,1,D,0,1,A,,15,6,6,1,11,20,6,1,0,4,0,0
30/01/2021,RB Leipzig,Leverkusen,1,0,H,0,0,D,,16,8,2,4,11,15,6,6,2,2,0,0
30/01/2021,Eibar,Sevilla,0,2,A,0,1,A,,17,7,6,4,10,12,6,2,4,3,0,0
30/01/2021,Real Madrid,Levante,1,2,A,1,1,D,,8,14,2,8,9,20,3,7,1,2,1,0
30/01/2021,Valencia,Elche,1,0,H,1,0,H,,14,10,4,1,18,15,4,10,1,7,0,0
30/01/2021,Villarreal,Sociedad,1,1,D,1,0,H,,4,12,2,3,10,17,1,7,1,3,0,0
30/01/2021,Montpellier,Lens,1,2,A,0,1,A,,17,11,7,2,15,17,12,3,4,4,0,0
30/01/2021,Everton,Newcastle,0,2,A,0,0,D,S Attwell,11,13,3,3,13,6,7,12,3,4,0,0
30/01/2021,Crystal Palace,Wolves,1,0,H,0,0,D,S Hooper,11,6,2,4,7,10,1,6,1,2,0,0
30/01/2021,Man City,Sheffield United,1,0,H,1,0,H,D Coote,10,4,5,1,7,10,10,0,0,3,0,0
30/01/2021,West Brom,Fulham,2,2,D,0,1,A,A Taylor,5,12,3,7,9,10,2,3,1,0,0,0
30/01/2021,Arsenal,Man United,0,0,D,0,0,D,M Oliver,17,14,3,3,9,16,4,7,1,3,0,0
30/01/2021,Southampton,Aston Villa,0,1,A,0,1,A,L Mason,20,8,5,4,12,11,7,1,1,0,0,0
31/01/2021,Spezia,Udinese,0,1,A,0,0,D,,9,6,5,4,18,19,2,2,6,4,1,1
31/01/2021,Atalanta,Lazio,1,3,A,0,1,A,,8,15,4,7,12,20,2,2,0,2,0,0
31/01/2021,Cagliari,Sassuolo,1,1,D,0,0,D,,9,14,6,5,10,11,3,14,2,3,0,0
31/01/2021,Crotone,Genoa,0,3,A,0,2,A,,9,10,4,6,15,22,3,11,3,1,0,0
31/01/2021,Napoli,Parma,2,0,H,1,0,H,,10,4,6,1,15,16,7,6,2,4,0,0
31/01/2021,Roma,Verona,3,1,H,3,0,H,,15,6,6,2,15,11,4,5,2,1,0,0
31/01/2021,FC Koln,Bielefeld,3,1,H,2,0,H,,14,9,7,3,15,17,3,5,2,1,0,0
31/01/2021,Wolfsburg,Freiburg,3,0,H,2,0,H,,12,9,6,2,13,10,5,10,0,0,0,0
31/01/2021,Getafe,Alaves,0,0,D,0,0,D,,5,5,1,1,20,17,5,2,3,3,0,0
31/01/2021,Cadiz,Ath Madrid,2,4,A,1,2,A,,11,9,6,4,7,7,2,2,1,5,0,0
31/01/2021,Granada,Celta,0,0,D,0,0,D,,10,7,5,1,16,19,6,5,2,4,0,0
31/01/2021,Barcelona,Ath Bilbao,2,1,H,1,0,H,,12,7,6,2,12,20,7,3,2,3,0,0
31/01/2021,Nice,St Etienne,0,1,A,0,0,D,,7,10,2,1,11,11,4,10,2,2,0,0
31/01/2021,Angers,Nimes,3,1,H,2,1,H,,12,8,5,4,9,7,4,8,1,3,0,0
31/01/2021,Brest,Metz,2,4,A,1,1,D,,10,15,5,6,13,14,4,1,1,3,0,0
31/01/2021,Lorient,Paris SG,3,2,H,1,1,D,,16,14,5,3,15,9,7,9,4,2,0,0
31/01/2021,Strasbourg,Reims,0,1,A,0,0,D,,12,10,2,5,17,8,4,3,1,2,0,0
31/01/2021,Lille,Dijon,1,0,H,1,0,H,,14,11,2,3,12,7,5,2,2,2,0,0
31/01/2021,Nantes,Monaco,1,2,A,0,1,A,,9,14,3,5,11,14,2,8,4,3,1,0
31/01/2021,Chelsea,Burnley,2,0,H,1,0,H,G Scott,19,1,8,0,7,9,4,2,0,1,0,0
31/01/2021,Leicester,Leeds,1,3,A,1,1,D,C Kavanagh,18,8,8,7,17,16,6,4,0,3,0,0
31/01/2021,West Ham,Liverpool,1,3,A,0,0,D,J Moss,8,14,2,5,7,8,6,5,2,0,0,0
31/01/2021,Brighton,Tottenham,1,0,H,1,0,H,P Bankes,16,8,5,4,11,11,9,2,2,1,0,0
01/02/2021,Betis,Osasuna,1,0,H,0,0,D,,8,15,4,5,12,6,3,4,1,1,0,0
02/02/2021,Sheffield United,West Brom,2,1,H,0,1,A,P Tierney,14,8,6,4,11,9,9,2,2,1,0,0
02/02/2021,Wolves,Arsenal,2,1,H,1,1,D,C Pawson,11,9,7,3,11,8,9,6,3,2,0,2
02/02/2021,Man United,Southampton,9,0,H,4,0,H,M Dean,24,3,14,1,11,6,5,3,2,3,0,2
02/02/2021,Newcastle,Crystal Palace,1,2,A,1,2,A,D England,21,6,5,3,14,11,9,1,1,3,0,0
03/02/2021,Bordeaux,Lille,0,3,A,0,0,D,,10,11,4,6,8,17,1,2,1,2,0,0
03/02/2021,Metz,Montpellier,1,1,D,0,0,D,,17,15,6,4,15,15,8,7,6,1,0,0
03/02/2021,Reims,Angers,0,0,D,0,0,D,,10,6,2,2,6,8,4,5,2,1,0,0
03/02/2021,Rennes,Lorient,1,1,D,1,0,H,,10,12,6,3,17,6,5,3,2,1,0,0
03/02/2021,Strasbourg,Brest,2,2,D,1,0,H,,9,3,4,2,12,14,3,3,2,0,0,0
03/02/2021,Dijon,Lyon,0,1,A,0,1,A,,14,16,2,8,15,12,1,6,2,0,0,0
03/02/2021,Lens,Marseille,2,2,D,0,2,A,,21,11,3,4,18,14,8,4,4,2,0,0
03/02/2021,Monaco,Nice,2,1,H,1,0,H,,15,5,6,2,16,19,6,2,0,4,0,0
03/02/2021,Paris SG,Nimes,3,0,H,2,0,H,,14,19,6,6,13,11,4,7,0,1,0,0
03/02/2021,St Etienne,Nantes,1,1,D,0,1,A,,14,13,8,6,15,19,5,5,3,1,0,0
03/02/2021,Burnley,Man City,0,2,A,0,2,A,M Atkinson,2,17,0,6,8,5,1,3,2,1,0,0
03/02/2021,Fulham,Leicester,0,2,A,0,2,A,R Jones,8,9,1,5,17,10,5,2,3,1,0,0
03/02/2021,Leeds,Everton,1,2,A,0,2,A,M Oliver,16,10,7,6,12,12,7,1,2,3,0,0
03/02/2021,Aston Villa,West Ham,1,3,A,0,0,D,A Madley,9,20,2,10,11,15,7,3,1,1,0,0
03/02/2021,Liverpool,Brighton,0,1,A,0,0,D,K Friend,11,13,1,4,12,6,6,3,1,0,0,0
04/02/2021,Tottenham,Chelsea,0,1,A,0,1,A,A Marriner,7,18,2,2,20,14,2,7,2,3,0,0
05/02/2021,Fiorentina,Inter,0,2,A,0,1,A,,15,14,3,7,9,10,7,7,3,1,0,0
05/02/2021,Hertha,Bayern Munich,0,1,A,0,1,A,,11,17,7,7,12,15,3,11,2,1,0,0
05/02/2021,Alaves,Valladolid,1,0,H,0,0,D,,20,3,5,1,11,17,11,1,4,4,0,0
06/02/2021,Atalanta,Torino,3,3,D,3,2,H,,9,19,4,11,24,17,4,3,3,2,0,0
06/02/2021,Sassuolo,Spezia,1,2,A,1,1,D,,8,13,4,7,20,15,5,5,2,3,0,0
06/02/2021,Juventus,Roma,2,0,H,1,0,H,,3,14,3,3,9,13,2,9,2,2,0,0
06/02/2021,Genoa,Napoli,2,1,H,2,0,H,,4,24,2,11,13,11,1,6,2,3,0,0
06/02/2021,Augsburg,Wolfsburg,0,2,A,0,1,A,,9,17,1,9,10,15,7,4,2,0,0,0
06/02/2021,Freiburg,Dortmund,2,1,H,0,0,D,,6,16,3,5,12,12,1,1,1,2,0,0
06/02/2021,Leverkusen,Stuttgart,5,2,H,2,0,H,,25,14,11,7,12,9,4,4,0,0,0,0
06/02/2021,Mainz,Union Berlin,1,0,H,1,0,H,,9,10,5,3,12,11,3,1,2,5,0,1
06/02/2021,Schalke 04,RB Leipzig,0,3,A,0,1,A,,3,24,1,10,14,16,1,7,2,1,0,0
06/02/2021,M'gladbach,FC Koln,1,2,A,1,1,D,,10,7,2,3,17,11,4,1,4,2,0,0
06/02/2021,Levante,Granada,2,2,D,1,1,D,,11,11,7,5,12,13,6,2,1,3,0,0
06/02/2021,Huesca,Real Madrid,1,2,A,0,0,D,,13,18,2,7,18,9,3,10,2,1,0,0
06/02/2021,Elche,Villarreal,2,2,D,0,2,A,,8,9,2,4,17,5,4,2,1,2,0,0
06/02/2021,Sevilla,Getafe,3,0,H,0,0,D,,17,5,5,1,10,11,3,1,1,4,0,1
06/02/2021,Lorient,Reims,1,0,H,0,0,D,,10,13,4,3,12,12,2,5,0,4,0,0
06/02/2021,Lyon,Strasbourg,3,0,H,2,0,H,,16,8,8,1,7,10,6,2,2,2,0,1
06/02/2021,Lens,Rennes,0,0,D,0,0,D,,10,10,3,1,13,11,6,4,2,4,0,0
06/02/2021,Aston Villa,Arsenal,1,0,H,1,0,H,C Kavanagh,12,14,8,3,12,12,3,7,3,2,0,0
06/02/2021,Burnley,Brighton,1,1,D,0,1,A,A Taylor,20,10,7,2,8,10,8,7,2,0,0,0
06/02/2021,Newcastle,Southampton,3,2,H,3,1,H,C Pawson,6,14,4,5,11,14,0,7,2,1,1,0
06/02/2021,Fulham,West Ham,0,0,D,0,0,D,M Dean,20,8,2,1,11,10,7,3,1,2,0,1
06/02/2021,Man United,Everton,3,3,D,2,0,H,J Moss,14,6,5,3,14,10,5,1,2,1,0,0
07/02/2021,Benevento,Sampdoria,1,1,D,0,0,D,,9,10,3,5,17,14,2,10,4,2,0,0
07/02/2021,Milan,Crotone,4,0,H,1,0,H,,21,9,12,2,17,9,8,6,3,1,0,0
07/02/2021,Udinese,Verona,2,0,H,0,0,D,,14,5,8,1,9,15,10,8,2,4,0,0
07/02/2021,Parma,Bologna,0,3,A,0,2,A,,16,15,8,7,13,13,5,1,2,1,0,0
07/02/2021,Lazio,Cagliari,1,0,H,0,0,D,,14,7,6,3,16,14,12,2,2,2,0,0
07/02/2021,Hoffenheim,Ein Frankfurt,1,3,A,0,1,A,,8,9,2,5,15,12,4,7,0,3,0,0
07/02/2021,Sociedad,Cadiz,4,1,H,2,0,H,,17,2,6,1,7,7,5,1,0,2,0,1
07/02/2021,Ath Bilbao,Valencia,1,1,D,1,0,H,,11,15,2,2,10,8,6,6,2,1,0,0
07/02/2021,Osasuna,Eibar,2,1,H,1,1,D,,12,12,4,3,10,11,2,1,0,0,0,0
07/02/2021,Betis,Barcelona,2,3,A,1,0,H,,8,12,5,4,21,7,3,5,1,3,0,0
07/02/2021,Brest,Bordeaux,2,1,H,0,0,D,,24,8,6,4,11,15,6,4,1,3,0,0
07/02/2021,Montpellier,Dijon,4,2,H,0,1,A,,25,13,11,5,12,14,9,4,3,3,0,1
07/02/2021,Nice,Angers,3,0,H,2,0,H,,11,10,2,3,11,9,5,9,2,1,0,0
07/02/2021,Nimes,Monaco,3,4,A,2,2,D,,9,11,4,5,12,16,5,6,2,2,0,0
07/02/2021,St Etienne,Metz,1,0,H,1,0,H,,12,10,3,0,9,9,8,2,2,2,0,0
07/02/2021,Nantes,Lille,0,2,A,0,1,A,,6,14,1,3,13,13,4,2,3,0,0,0
07/02/2021,Marseille,Paris SG,0,2,A,0,2,A,,12,9,4,2,12,12,7,1,1,2,1,0
07/02/2021,Tottenham,West Brom,2,0,H,0,0,D,S Attwell,13,4,6,1,16,12,8,0,1,2,0,0
07/02/2021,Wolves,Leicester,0,0,D,0,0,D,M Atkinson,13,13,1,3,11,15,8,2,1,3,0,0
07/02/2021,Liverpool,Man City,1,4,A,0,0,D,M Oliver,8,8,3,5,13,8,6,1,2,1,0,0
07/02/2021,Sheffield United,Chelsea,1,2,A,0,1,A,K Friend,8,9,3,3,8,8,1,8,1,0,0,0
08/02/2021,Ath Madrid,Celta,2,2,D,1,1,D,,9,7,2,2,12,17,1,4,2,2,0,0
08/02/2021,Leeds,Crystal Palace,2,0,H,1,0,H,A Marriner,17,8,7,3,7,8,5,3,0,2,0,0
09/02/2021,Real Madrid,Getafe,2,0,H,0,0,D,,14,1,4,0,8,16,8,1,1,1,0,0
12/02/2021,Bologna,Benevento,1,1,D,1,0,H,,11,13,3,8,17,10,8,3,3,2,0,0
12/02/2021,RB Leipzig,Augsburg,2,1,H,2,0,H,,16,4,6,2,23,15,3,4,3,5,0,0
12/02/2021,Celta,Elche,3,1,H,2,0,H,,9,7,6,2,11,15,3,6,3,2,0,0
13/02/2021,Torino,Genoa,0,0,D,0,0,D,,10,6,2,3,13,15,3,5,2,4,0,0
13/02/2021,Napoli,Juventus,1,0,H,1,0,H,,10,22,3,6,9,18,3,9,2,3,0,0
13/02/2021,Spezia,Milan,2,0,H,0,0,D,,15,7,5,0,18,14,5,2,3,1,0,0
13/02/2021,Dortmund,Hoffenheim,2,2,D,1,1,D,,6,12,3,6,21,16,1,7,3,7,0,0
13/02/2021,Leverkusen,Mainz,2,2,D,1,0,H,,11,19,5,6,13,17,2,2,5,1,0,0
13/02/2021,Stuttgart,Hertha,1,1,D,1,0,H,,11,11,3,3,21,17,1,5,2,2,0,0
13/02/2021,Werder Bremen,Freiburg,0,0,D,0,0,D,,12,8,4,2,4,20,4,1,0,2,0,0
13/02/2021,Union Berlin,Schalke 04,0,0,D,0,0,D,,19,6,3,1,14,15,1,6,3,2,0,0
13/02/2021,Granada,Ath Madrid,1,2,A,0,0,D,,6,10,1,4,14,20,7,3,0,5,0,0
13/02/2021,Sevilla,Huesca,1,0,H,0,0,D,,14,9,4,5,14,15,6,6,3,4,0,0
13/02/2021,Eibar,Valladolid,1,1,D,1,1,D,,14,5,2,1,15,12,7,3,2,3,0,0
13/02/2021,Barcelona,Alaves,5,1,H,2,0,H,,17,6,9,2,10,14,5,4,0,2,0,0
13/02/2021,Paris SG,Nice,2,1,H,1,0,H,,17,13,4,5,12,6,4,1,2,0,0,0
13/02/2021,Reims,Lens,1,1,D,1,0,H,,9,17,6,6,9,7,4,6,2,0,0,0
13/02/2021,Lyon,Montpellier,1,2,A,1,1,D,,24,12,8,5,9,12,6,1,0,1,0,0
13/02/2021,Leicester,Liverpool,3,1,H,0,0,D,A Taylor,11,15,6,4,9,6,2,12,1,2,0,0
13/02/2021,Crystal Palace,Burnley,0,3,A,0,2,A,M Oliver,13,16,3,4,15,14,7,4,0,0,0,0
13/02/2021,Man City,Tottenham,3,0,H,1,0,H,P Tierney,15,7,6,3,12,13,4,2,1,3,0,0
13/02/2021,Brighton,Aston Villa,0,0,D,0,0,D,D England,26,4,9,1,16,12,9,2,2,3,0,0
14/02/2021,Roma,Udinese,3,0,H,2,0,H,,12,6,8,1,17,7,7,2,2,0,0,0
14/02/2021,Cagliari,Atalanta,0,1,A,0,0,D,,4,10,1,5,17,14,6,6,3,3,0,0
14/02/2021,Sampdoria,Fiorentina,2,1,H,1,1,D,,7,15,3,7,14,11,6,7,1,3,0,0
14/02/2021,Crotone,Sassuolo,1,2,A,1,1,D,,9,21,6,4,15,17,7,8,1,1,0,0
14/02/2021,Inter,Lazio,3,1,H,2,0,H,,11,12,7,7,7,4,4,0,2,1,0,0
14/02/2021,Ein Frankfurt,FC Koln,2,0,H,0,0,D,,17,6,7,1,14,4,7,2,3,1,0,0
14/02/2021,Wolfsburg,M'gladbach,0,0,D,0,0,D,,18,12,6,4,10,11,9,6,1,3,0,0
14/02/2021,Getafe,Sociedad,0,1,A,0,1,A,,4,3,0,2,23,19,2,5,3,3,1,0
14/02/2021,Real Madrid,Valencia,2,0,H,2,0,H,,16,4,7,1,13,12,6,1,0,3,0,0
14/02/2021,Levante,Osasuna,0,1,A,0,0,D,,13,7,4,2,13,10,2,1,1,2,0,0
14/02/2021,Villarreal,Betis,1,2,A,0,1,A,,9,15,5,4,19,13,7,3,3,2,0,0
14/02/2021,Monaco,Lorient,2,2,D,0,1,A,,12,5,4,2,13,13,7,1,3,3,0,0
14/02/2021,Angers,Nantes,1,3,A,1,2,A,,8,7,3,3,18,21,7,2,2,3,0,0
14/02/2021,Dijon,Nimes,0,2,A,0,0,D,,10,8,3,4,17,13,3,0,4,1,1,0
14/02/2021,Metz,Strasbourg,1,2,A,1,1,D,,14,12,3,2,13,12,7,7,2,1,0,0
14/02/2021,Rennes,St Etienne,0,2,A,0,1,A,,13,6,2,3,18,16,7,1,5,2,0,0
14/02/2021,Lille,Brest,0,0,D,0,0,D,,14,3,0,1,16,15,9,3,2,1,0,0
14/02/2021,Bordeaux,Marseille,0,0,D,0,0,D,,18,5,1,1,13,17,6,5,1,1,0,2
14/02/2021,Southampton,Wolves,1,2,A,1,0,H,G Scott,7,10,3,4,10,9,4,6,2,2,0,0
14/02/2021,West Brom,Man United,1,1,D,1,1,D,C Pawson,7,10,3,7,13,10,4,5,5,0,0,0
14/02/2021,Arsenal,Leeds,4,2,H,3,0,H,S Attwell,13,9,5,5,8,17,4,5,0,2,0,0
14/02/2021,Everton,Fulham,0,2,A,0,0,D,A Madley,7,12,2,3,7,16,5,4,1,1,0,0
15/02/2021,Verona,Parma,2,1,H,1,1,D,,11,13,5,4,16,15,4,4,4,2,0,0
15/02/2021,Bayern Munich,Bielefeld,3,3,D,0,2,A,,19,7,11,3,7,13,5,2,1,1,0,0
15/02/2021,Cadiz,Ath Bilbao,0,4,A,0,3,A,,11,13,2,8,15,13,5,8,3,2,0,0
15/02/2021,West Ham,Sheffield United,3,0,H,1,0,H,S Hooper,13,8,9,5,11,12,7,7,0,2,0,0
15/02/2021,Chelsea,Newcastle,2,0,H,2,0,H,P Bankes,18,10,5,4,9,13,10,5,0,0,0,0
17/02/2021,Levante,Ath Madrid,1,1,D,1,1,D,,7,14,4,6,10,10,1,8,1,3,0,0
17/02/2021,Marseille,Nice,3,2,H,2,0,H,,8,10,4,4,10,13,5,3,2,1,0,0
17/02/2021,Burnley,Fulham,1,1,D,0,0,D,J Moss,8,8,3,3,7,13,5,5,1,1,0,0
17/02/2021,Everton,Man City,1,3,A,1,1,D,A Marriner,3,16,2,7,8,8,0,10,2,1,0,0
19/02/2021,Fiorentina,Spezia,3,0,H,0,0,D,,10,11,5,3,20,11,0,6,4,0,0,0
19/02/2021,Cagliari,Torino,0,1,A,0,0,D,,18,10,3,6,20,19,8,3,3,2,0,0
19/02/2021,Bielefeld,Wolfsburg,0,3,A,0,1,A,,7,11,2,6,10,14,3,8,0,2,0,0
19/02/2021,Betis,Getafe,1,0,H,0,0,D,,12,6,5,1,17,18,5,2,5,4,1,0
19/02/2021,Brest,Lyon,2,3,A,0,3,A,,19,17,7,7,9,12,11,7,2,2,0,0
19/02/2021,Wolves,Leeds,1,0,H,0,0,D,D Coote,15,18,5,7,13,8,7,9,1,0,0,0
20/02/2021,Lazio,Sampdoria,1,0,H,1,0,H,,11,11,8,2,14,17,4,5,4,3,0,0
20/02/2021,Genoa,Verona,2,2,D,0,1,A,,12,9,4,4,11,17,5,1,1,1,0,0
20/02/2021,Sassuolo,Bologna,1,1,D,0,1,A,,32,4,11,2,14,8,10,6,1,0,0,1
20/02/2021,Ein Frankfurt,Bayern Munich,2,1,H,2,0,H,,12,22,6,6,12,7,6,10,2,1,0,0
20/02/2021,FC Koln,Stuttgart,0,1,A,0,0,D,,9,9,0,3,15,10,0,6,2,1,0,0
20/02/2021,Freiburg,Union Berlin,0,1,A,0,0,D,,9,15,1,4,15,14,2,4,2,2,0,0
20/02/2021,M'gladbach,Mainz,1,2,A,1,1,D,,12,8,3,6,10,16,4,4,1,1,0,0
20/02/2021,Schalke 04,Dortmund,0,4,A,0,2,A,,13,9,2,6,9,13,4,2,2,2,0,0
20/02/2021,Elche,Eibar,1,0,H,1,0,H,,6,13,2,3,16,9,1,4,2,1,0,0
20/02/2021,Ath Madrid,Levante,0,2,A,0,1,A,,28,6,11,1,10,15,12,2,2,3,0,0
20/02/2021,Valencia,Celta,2,0,H,0,0,D,,10,5,3,2,9,19,6,1,2,3,0,1
20/02/2021,Valladolid,Real Madrid,0,1,A,0,0,D,,9,10,5,2,13,11,4,5,4,2,0,0
20/02/2021,St Etienne,Reims,1,1,D,0,0,D,,18,4,8,2,10,11,1,2,0,2,0,0
20/02/2021,Nantes,Marseille,1,1,D,0,0,D,,6,7,1,3,11,15,2,1,4,1,0,1
20/02/2021,Southampton,Chelsea,1,1,D,1,0,H,A Taylor,4,9,1,3,10,10,3,6,1,1,0,0
20/02/2021,Burnley,West Brom,0,0,D,0,0,D,M Dean,6,10,1,3,16,10,5,5,3,0,0,1
20/02/2021,Liverpool,Everton,0,2,A,0,1,A,C Kavanagh,15,9,6,6,10,10,7,2,2,1,0,0
20/02/2021,Fulham,Sheffield United,1,0,H,0,0,D,M Atkinson,15,4,7,2,11,14,6,4,1,2,0,0
21/02/2021,Parma,Udinese,2,2,D,2,0,H,,15,12,6,3,18,15,3,2,7,4,0,0
21/02/2021,Milan,Inter,0,3,A,0,1,A,,16,16,10,8,9,10,7,7,2,1,0,0
21/02/2021,Atalanta,Napoli,4,2,H,0,0,D,,15,5,7,4,20,11,6,2,2,1,0,0
21/02/2021,Benevento,Roma,0,0,D,0,0,D,,6,14,3,8,11,18,1,9,4,1,1,0
21/02/2021,Augsburg,Leverkusen,1,1,D,1,0,H,,6,10,3,3,16,13,1,4,2,4,0,0
21/02/2021,Hertha,RB Leipzig,0,3,A,0,1,A,,8,14,4,7,10,8,3,4,1,1,0,0
21/02/2021,Hoffenheim,Werder Bremen,4,0,H,2,0,H,,12,3,6,1,16,12,6,3,2,2,0,0
21/02/2021,Barcelona,Cadiz,1,1,D,1,0,H,,20,3,4,1,13,12,8,0,0,2,0,0
21/02/2021,Sociedad,Alaves,4,0,H,1,0,H,,8,7,4,2,17,16,4,3,3,2,0,0
21/02/2021,Huesca,Granada,3,2,H,3,1,H,,15,8,6,5,13,14,5,2,3,3,0,1
21/02/2021,Ath Bilbao,Villarreal,1,1,D,1,1,D,,18,3,8,2,12,12,6,0,2,2,0,0
21/02/2021,Montpellier,Rennes,2,1,H,2,0,H,,12,14,7,5,10,12,3,6,1,2,0,0
21/02/2021,Lens,Dijon,2,1,H,1,0,H,,11,12,4,4,13,12,5,4,3,0,0,1
21/02/2021,Nice,Metz,1,2,A,0,2,A,,12,11,3,4,16,12,3,3,1,1,0,0
21/02/2021,Nimes,Bordeaux,2,0,H,1,0,H,,8,11,3,4,10,12,6,7,0,3,0,1
21/02/2021,Strasbourg,Angers,0,0,D,0,0,D,,16,7,2,3,23,10,5,4,2,1,0,0
21/02/2021,Lorient,Lille,1,4,A,1,2,A,,8,16,3,7,9,10,1,5,2,0,0,0
21/02/2021,Paris SG,Monaco,0,2,A,0,1,A,,10,5,1,3,12,10,3,2,4,1,0,0
21/02/2021,West Ham,Tottenham,2,1,H,1,0,H,C Pawson,4,20,4,4,14,7,5,7,4,3,0,0
21/02/2021,Aston Villa,Leicester,1,2,A,0,2,A,M Oliver,11,16,2,7,11,12,7,8,2,1,0,0
21/02/2021,Arsenal,Man City,0,1,A,0,1,A,J Moss,7,15,1,3,11,9,1,3,2,2,0,0
21/02/2021,Man United,Newcastle,3,1,H,1,1,D,P Tierney,15,10,7,6,9,11,6,4,1,2,0,0
22/02/2021,Juventus,Crotone,3,0,H,2,0,H,,26,16,9,3,18,9,7,3,3,1,0,0
22/02/2021,Osasuna,Sevilla,0,2,A,0,1,A,,6,10,0,5,14,15,3,5,2,2,0,0
22/02/2021,Brighton,Crystal Palace,1,2,A,0,1,A,K Friend,25,3,5,2,11,6,13,0,2,0,0,0
23/02/2021,Leeds,Southampton,3,0,H,0,0,D,A Marriner,11,13,7,5,11,13,2,4,1,2,0,0
24/02/2021,Barcelona,Elche,3,0,H,0,0,D,,9,6,5,1,8,8,6,3,0,0,0,0
24/02/2021,Nimes,Lorient,1,0,H,0,0,D,,7,11,2,3,10,14,4,7,2,4,0,0
26/02/2021,Werder Bremen,Ein Frankfurt,2,1,H,0,1,A,,9,13,5,4,9,15,2,8,4,3,0,0
26/02/2021,Levante,Ath Bilbao,1,1,D,1,0,H,,10,11,4,5,11,13,2,10,3,1,0,1
26/02/2021,Rennes,Nice,1,2,A,1,1,D,,17,14,5,7,17,18,6,1,0,2,0,0
27/02/2021,Spezia,Parma,2,2,D,0,2,A,,13,10,7,5,18,19,8,2,3,4,0,0
27/02/2021,Bologna,Lazio,2,0,H,1,0,H,,14,19,8,7,9,18,4,7,1,2,0,0
27/02/2021,Verona,Juventus,1,1,D,0,0,D,,13,15,6,6,18,14,8,5,2,2,0,0
27/02/2021,Bayern Munich,FC Koln,5,1,H,2,0,H,,15,6,7,3,7,9,4,4,2,1,0,0
27/02/2021,Dortmund,Bielefeld,3,0,H,0,0,D,,20,8,9,2,12,16,5,2,0,3,0,0
27/02/2021,Stuttgart,Schalke 04,5,1,H,3,1,H,,19,11,10,5,15,18,11,9,2,3,0,0
27/02/2021,Wolfsburg,Hertha,2,0,H,1,0,H,,11,7,2,2,15,14,3,5,5,0,1,0
27/02/2021,RB Leipzig,M'gladbach,3,2,H,0,2,A,,21,5,11,2,20,15,3,4,2,2,0,0
27/02/2021,Eibar,Huesca,1,1,D,0,0,D,,17,4,3,1,19,11,6,2,2,2,0,0
27/02/2021,Sevilla,Barcelona,0,2,A,0,1,A,,4,9,2,5,20,9,3,3,5,2,0,0
27/02/2021,Alaves,Osasuna,0,1,A,0,0,D,,4,6,1,3,18,20,5,2,3,4,0,0
27/02/2021,Getafe,Valencia,3,0,H,1,0,H,,15,5,4,0,21,12,3,6,5,2,0,1
27/02/2021,Bordeaux,Metz,1,2,A,1,0,H,,8,15,1,5,18,12,1,10,1,2,0,0
27/02/2021,Dijon,Paris SG,0,4,A,0,2,A,,5,7,1,5,10,9,2,4,2,1,0,0
27/02/2021,Man City,West Ham,2,1,H,1,1,D,M Oliver,10,9,3,3,8,11,4,2,1,1,0,0
27/02/2021,West Brom,Brighton,1,0,H,1,0,H,L Mason,6,15,2,6,11,12,7,4,0,0,0,0
27/02/2021,Leeds,Aston Villa,0,1,A,0,1,A,P Bankes,13,9,3,4,14,14,7,5,3,2,0,0
27/02/2021,Newcastle,Wolves,1,1,D,0,0,D,M Dean,19,14,7,4,11,13,3,5,2,0,0,0
28/02/2021,Sampdoria,Atalanta,0,2,A,0,1,A,,7,20,3,11,7,17,5,6,1,3,0,0
28/02/2021,Crotone,Cagliari,0,2,A,0,0,D,,11,9,4,4,17,14,7,4,2,4,0,1
28/02/2021,Inter,Genoa,3,0,H,1,0,H,,23,3,14,2,12,8,9,1,0,2,0,0
28/02/2021,Udinese,Fiorentina,1,0,H,0,0,D,,9,8,3,2,12,20,3,9,1,2,0,0
28/02/2021,Napoli,Benevento,2,0,H,1,0,H,,20,4,8,4,13,15,8,2,3,2,1,0
28/02/2021,Roma,Milan,1,2,A,0,1,A,,17,20,10,14,14,9,5,8,3,3,0,0
28/02/2021,Union Berlin,Hoffenheim,1,1,D,1,1,D,,4,15,1,4,13,12,3,4,0,2,0,0
28/02/2021,Mainz,Augsburg,0,1,A,0,1,A,,10,8,5,3,9,7,5,3,1,2,0,0
28/02/2021,Leverkusen,Freiburg,1,2,A,0,0,D,,21,6,5,3,12,11,8,3,2,3,0,0
28/02/2021,Celta,Valladolid,1,1,D,0,0,D,,11,7,2,3,20,20,3,5,3,5,0,0
28/02/2021,Cadiz,Betis,0,1,A,0,0,D,,5,9,3,4,9,13,3,7,1,2,0,0
28/02/2021,Granada,Elche,2,1,H,1,1,D,,13,12,4,4,14,12,5,5,3,2,0,0
28/02/2021,Villarreal,Ath Madrid,0,2,A,0,1,A,,19,6,6,5,15,19,10,2,2,3,0,0
28/02/2021,Monaco,Brest,2,0,H,0,0,D,,15,7,9,1,14,6,4,2,2,0,0,0
28/02/2021,Angers,Lens,2,2,D,2,1,H,,6,14,3,4,13,16,6,11,0,0,0,0
28/02/2021,Lorient,St Etienne,2,1,H,0,1,A,,11,9,3,2,12,15,5,3,1,3,0,0
28/02/2021,Nimes,Nantes,1,1,D,0,1,A,,8,8,4,1,16,25,1,8,2,1,1,0
28/02/2021,Reims,Montpellier,0,0,D,0,0,D,,9,9,2,3,9,10,5,1,1,1,0,0
28/02/2021,Lille,Strasbourg,1,1,D,0,1,A,,14,10,5,3,10,14,9,2,0,2,0,0
28/02/2021,Marseille,Lyon,1,1,D,1,1,D,,12,11,2,1,13,11,7,2,4,4,0,1
28/02/2021,Crystal Palace,Fulham,0,0,D,0,0,D,A Taylor,3,16,0,4,10,14,1,3,1,1,0,0
28/02/2021,Leicester,Arsenal,1,3,A,1,2,A,P Tierney,8,12,3,4,15,3,2,7,2,1,0,0
28/02/2021,Tottenham,Burnley,4,0,H,3,0,H,K Friend,16,10,7,3,6,10,3,4,0,0,0,0
28/02/2021,Chelsea,Man United,0,0,D,0,0,D,S Attwell,18,11,6,4,11,12,3,4,1,2,0,0
28/02/2021,Sheffield United,Liverpool,0,2,A,0,0,D,J Moss,8,16,2,8,9,9,4,3,0,0,0,0
01/03/2021,Real Madrid,Sociedad,1,1,D,0,0,D,,21,6,2,2,5,10,13,4,0,1,0,0
01/03/2021,Everton,Southampton,1,0,H,1,0,H,M Atkinson,7,9,1,1,13,9,4,10,0,2,0,0
02/03/2021,Juventus,Spezia,3,0,H,0,0,D,,20,10,9,2,14,13,5,10,2,0,0,0
02/03/2021,Man City,Wolves,4,1,H,1,0,H,C Kavanagh,22,6,10,1,9,5,10,2,0,1,0,0
03/03/2021,Sassuolo,Napoli,3,3,D,2,1,H,,15,15,8,8,16,13,6,4,2,2,0,0
03/03/2021,Atalanta,Crotone,5,1,H,1,1,D,,21,4,11,2,7,13,4,3,0,2,0,0
03/03/2021,Benevento,Verona,0,3,A,0,2,A,,7,11,2,6,8,20,2,7,0,1,0,0
03/03/2021,Cagliari,Bologna,1,0,H,1,0,H,,8,11,5,6,15,18,10,4,2,2,0,0
03/03/2021,Fiorentina,Roma,1,2,A,0,0,D,,6,12,2,6,10,15,2,3,1,2,0,0
03/03/2021,Genoa,Sampdoria,1,1,D,0,0,D,,8,10,2,6,16,16,2,4,1,0,0,0
03/03/2021,Milan,Udinese,1,1,D,0,0,D,,11,6,7,2,21,11,7,2,4,1,0,0
03/03/2021,Brest,Dijon,3,1,H,3,1,H,,10,10,3,2,17,13,3,5,3,1,0,0
03/03/2021,Lyon,Rennes,1,0,H,0,0,D,,15,12,7,1,12,15,6,4,1,3,0,0
03/03/2021,Metz,Angers,0,1,A,0,1,A,,15,8,1,4,18,9,6,1,2,2,1,0
03/03/2021,Nice,Nimes,2,1,H,1,0,H,,10,22,4,7,14,8,0,6,3,3,0,0
03/03/2021,St Etienne,Lens,2,3,A,1,2,A,,19,9,4,5,13,12,13,3,3,2,0,0
03/03/2021,Bordeaux,Paris SG,0,1,A,0,1,A,,11,12,2,3,8,15,8,1,3,3,0,0
03/03/2021,Lille,Marseille,2,0,H,0,0,D,,23,3,8,1,12,7,11,1,0,1,0,0
03/03/2021,Montpellier,Lorient,1,1,D,1,1,D,,10,14,4,6,17,15,5,3,2,3,0,0
03/03/2021,Nantes,Reims,1,2,A,1,1,D,,12,4,5,2,10,15,6,3,0,5,0,0
03/03/2021,Strasbourg,Monaco,1,0,H,0,0,D,,17,5,2,1,10,12,5,7,3,0,0,0
03/03/2021,Burnley,Leicester,1,1,D,1,1,D,A Madley,12,15,7,4,6,12,5,8,0,2,0,0
03/03/2021,Sheffield United,Aston Villa,1,0,H,1,0,H,R Jones,9,16,2,4,13,6,2,7,1,0,1,0
03/03/2021,Crystal Palace,Man United,0,0,D,0,0,D,A Marriner,8,11,2,1,4,13,4,6,1,0,0,0
04/03/2021,Parma,Inter,1,2,A,0,0,D,,11,12,3,8,8,12,2,2,0,1,0,0
04/03/2021,Fulham,Tottenham,0,1,A,0,1,A,D Coote,11,9,3,2,13,9,4,1,2,1,0,0
04/03/2021,West Brom,Everton,0,1,A,0,0,D,D England,11,11,3,3,9,7,3,3,3,1,0,0
04/03/2021,Liverpool,Chelsea,0,1,A,0,1,A,M Atkinson,7,11,1,5,9,8,5,2,0,0,0,0
05/03/2021,Schalke 04,Mainz,0,0,D,0,0,D,,2,19,2,2,10,16,2,6,2,2,0,0
05/03/2021,Valencia,Villarreal,2,1,H,0,1,A,,25,10,4,5,12,10,5,3,4,3,0,0
06/03/2021,Spezia,Benevento,1,1,D,0,1,A,,14,5,7,2,13,17,3,1,2,4,0,0
06/03/2021,Udinese,Sassuolo,2,0,H,1,0,H,,12,8,8,2,10,11,5,6,1,0,0,0
06/03/2021,Juventus,Lazio,3,1,H,1,1,D,,8,13,5,5,10,13,4,4,0,1,0,0
06/03/2021,Ein Frankfurt,Stuttgart,1,1,D,0,0,D,,19,8,8,1,15,17,13,4,2,3,0,0
06/03/2021,Freiburg,RB Leipzig,0,3,A,0,1,A,,5,13,1,8,10,13,1,2,1,1,0,0
06/03/2021,Hertha,Augsburg,2,1,H,0,1,A,,17,7,7,4,15,13,6,1,2,3,0,0
06/03/2021,Hoffenheim,Wolfsburg,2,1,H,2,1,H,,9,17,4,5,13,15,2,6,2,4,0,1
06/03/2021,M'gladbach,Leverkusen,0,1,A,0,0,D,,7,13,3,5,6,10,7,8,0,2,0,0
06/03/2021,Bayern Munich,Dortmund,4,2,H,2,2,D,,25,4,9,3,8,13,6,0,1,1,0,0
06/03/2021,Valladolid,Getafe,2,1,H,2,1,H,,4,9,3,2,16,19,1,6,2,2,0,1
06/03/2021,Elche,Sevilla,2,1,H,0,0,D,,6,11,3,3,16,11,6,3,4,0,0,0
06/03/2021,Cadiz,Eibar,1,0,H,1,0,H,,6,16,2,1,7,11,0,12,2,2,0,0
06/03/2021,Osasuna,Barcelona,0,2,A,0,1,A,,10,13,3,6,4,12,3,4,0,2,0,0
06/03/2021,Burnley,Arsenal,1,1,D,1,1,D,A Marriner,9,15,5,3,5,12,2,4,1,1,0,0
06/03/2021,Sheffield United,Southampton,0,2,A,0,1,A,P Tierney,8,15,2,5,17,11,7,3,4,3,0,0
06/03/2021,Aston Villa,Wolves,0,0,D,0,0,D,A Madley,9,10,1,2,13,13,5,3,1,0,0,0
06/03/2021,Brighton,Leicester,1,2,A,1,0,H,M Oliver,7,8,2,4,14,8,6,6,0,1,0,0
07/03/2021,Roma,Genoa,1,0,H,1,0,H,,18,7,4,2,15,15,7,1,1,4,0,0
07/03/2021,Crotone,Torino,4,2,H,1,1,D,,19,17,10,6,19,22,8,8,4,2,0,1
07/03/2021,Fiorentina,Parma,3,3,D,2,1,H,,6,11,5,6,19,16,3,3,0,3,0,0
07/03/2021,Verona,Milan,0,2,A,0,1,A,,8,12,1,4,14,12,8,1,2,0,0,0
07/03/2021,Sampdoria,Cagliari,2,2,D,0,1,A,,11,10,5,5,15,13,3,5,4,3,0,0
07/03/2021,Napoli,Bologna,3,1,H,1,0,H,,15,17,8,7,12,13,6,3,2,0,0,0
07/03/2021,FC Koln,Werder Bremen,1,1,D,0,0,D,,16,11,4,5,13,10,9,3,2,0,0,0
07/03/2021,Bielefeld,Union Berlin,0,0,D,0,0,D,,5,7,3,3,9,5,3,3,0,0,0,0
07/03/2021,Huesca,Celta,3,4,A,2,2,D,,19,10,7,7,12,21,6,3,0,2,0,0
07/03/2021,Ath Madrid,Real Madrid,1,1,D,1,0,H,,11,18,5,8,19,9,1,6,5,1,0,0
07/03/2021,Sociedad,Levante,1,0,H,1,0,H,,25,6,8,1,13,14,7,5,0,2,0,0
07/03/2021,Ath Bilbao,Granada,2,1,H,1,0,H,,7,13,5,3,10,10,6,9,2,2,0,0
07/03/2021,West Brom,Newcastle,0,0,D,0,0,D,M Atkinson,13,9,3,5,11,10,9,7,0,0,0,0
07/03/2021,Liverpool,Fulham,0,1,A,0,1,A,K Friend,16,10,3,3,10,8,9,4,2,3,0,0
07/03/2021,Man City,Man United,0,2,A,0,1,A,A Taylor,23,8,6,6,9,12,6,2,0,3,0,0
07/03/2021,Tottenham,Crystal Palace,4,1,H,1,1,D,S Attwell,12,5,5,1,8,17,1,5,2,3,0,0
08/03/2021,Inter,Atalanta,1,0,H,0,0,D,,5,10,1,3,11,17,7,7,0,1,0,0
08/03/2021,Betis,Alaves,3,2,H,0,2,A,,23,4,8,3,13,11,12,1,0,3,0,0
08/03/2021,Chelsea,Everton,2,0,H,1,0,H,D Coote,19,7,9,1,11,12,7,3,0,3,0,0
08/03/2021,West Ham,Leeds,2,0,H,2,0,H,M Dean,16,17,5,2,9,9,6,6,1,1,0,0
10/03/2021,Bielefeld,Werder Bremen,0,2,A,0,0,D,,22,5,7,2,12,9,9,0,0,2,1,0
10/03/2021,Ath Madrid,Ath Bilbao,2,1,H,1,1,D,,11,4,5,2,12,13,5,4,2,2,0,0
10/03/2021,Marseille,Rennes,1,0,H,0,0,D,,9,10,2,2,15,19,3,4,2,4,0,0
10/03/2021,Man City,Southampton,5,2,H,3,1,H,J Moss,17,11,10,6,6,4,5,5,1,0,0,0
12/03/2021,Lazio,Crotone,3,2,H,2,1,H,,23,6,9,3,10,11,5,1,0,3,0,0
12/03/2021,Atalanta,Spezia,3,1,H,0,0,D,,14,6,9,3,17,6,3,5,2,0,0,0
12/03/2021,Augsburg,M'gladbach,3,1,H,0,0,D,,10,28,3,7,6,10,1,10,0,0,0,0
12/03/2021,Levante,Valencia,1,0,H,1,0,H,,11,11,3,2,17,13,3,3,3,4,0,0
12/03/2021,Reims,Lyon,1,1,D,1,0,H,,14,17,5,6,11,12,2,5,3,1,0,0
12/03/2021,Newcastle,Aston Villa,1,1,D,0,0,D,P Tierney,12,15,3,6,10,10,2,2,2,3,0,0
13/03/2021,Sassuolo,Verona,3,2,H,1,1,D,,14,12,8,7,15,18,6,5,3,2,0,0
13/03/2021,Benevento,Fiorentina,1,4,A,0,3,A,,16,11,6,7,15,18,8,3,3,1,0,0
13/03/2021,Genoa,Udinese,1,1,D,1,1,D,,10,9,3,3,14,6,6,3,3,1,0,0
13/03/2021,Mainz,Freiburg,1,0,H,0,0,D,,10,13,7,3,25,15,0,4,1,3,0,0
13/03/2021,Union Berlin,FC Koln,2,1,H,0,1,A,,13,9,8,5,20,13,6,6,2,3,0,0
13/03/2021,Werder Bremen,Bayern Munich,1,3,A,0,2,A,,9,22,4,6,5,9,3,8,1,0,0,0
13/03/2021,Wolfsburg,Schalke 04,5,0,H,1,0,H,,16,7,7,2,12,8,3,8,0,1,0,0
13/03/2021,Dortmund,Hertha,2,0,H,0,0,D,,14,4,4,0,6,11,7,0,1,1,0,1
13/03/2021,Alaves,Cadiz,1,1,D,1,0,H,,9,9,3,1,22,6,2,5,3,3,1,0
13/03/2021,Real Madrid,Elche,2,1,H,0,0,D,,17,3,4,2,11,16,6,1,1,1,0,0
13/03/2021,Osasuna,Valladolid,0,0,D,0,0,D,,14,12,2,2,12,9,7,3,2,3,0,0
13/03/2021,Getafe,Ath Madrid,0,0,D,0,0,D,,11,15,2,7,9,17,3,11,1,4,1,0
13/03/2021,Angers,St Etienne,0,1,A,0,0,D,,4,7,1,3,8,14,6,3,1,2,0,0
13/03/2021,Marseille,Brest,3,1,H,1,0,H,,12,6,6,1,15,12,3,6,3,1,0,0
13/03/2021,Leeds,Chelsea,0,0,D,0,0,D,K Friend,7,15,4,8,16,6,8,5,3,0,0,0
13/03/2021,Crystal Palace,West Brom,1,0,H,1,0,H,S Hooper,6,12,4,1,16,15,3,2,3,1,0,0
13/03/2021,Everton,Burnley,1,2,A,1,2,A,J Moss,14,14,4,5,9,6,7,4,0,4,0,0
13/03/2021,Fulham,Man City,0,3,A,0,0,D,A Marriner,3,8,0,7,14,13,4,2,0,0,0,0
14/03/2021,Bologna,Sampdoria,3,1,H,2,1,H,,10,20,7,9,16,11,2,6,2,2,0,0
14/03/2021,Parma,Roma,2,0,H,1,0,H,,5,20,4,6,18,16,0,12,3,3,0,0
14/03/2021,Torino,Inter,1,2,A,0,0,D,,6,13,4,4,11,12,1,8,0,1,0,0
14/03/2021,Cagliari,Juventus,1,3,A,0,3,A,,15,9,7,7,12,16,8,5,0,2,0,0
14/03/2021,Milan,Napoli,0,1,A,0,0,D,,12,14,4,5,12,10,5,4,1,3,1,0
14/03/2021,Leverkusen,Bielefeld,1,2,A,0,1,A,,20,10,8,5,16,9,9,5,2,1,0,0
14/03/2021,RB Leipzig,Ein Frankfurt,1,1,D,0,0,D,,14,5,8,2,14,21,4,3,2,3,0,0
14/03/2021,Stuttgart,Hoffenheim,2,0,H,1,0,H,,7,16,4,5,14,9,4,4,0,2,0,0
14/03/2021,Celta,Ath Bilbao,0,0,D,0,0,D,,13,6,3,1,20,13,1,3,3,1,0,0
14/03/2021,Granada,Sociedad,1,0,H,0,0,D,,7,7,2,1,23,16,4,6,2,3,0,0
14/03/2021,Eibar,Villarreal,1,3,A,0,2,A,,16,13,7,8,12,9,7,2,2,2,0,1
14/03/2021,Sevilla,Betis,1,0,H,1,0,H,,9,13,3,3,12,14,3,6,3,5,0,0
14/03/2021,Nimes,Montpellier,1,1,D,0,0,D,,12,12,7,5,11,19,5,7,2,0,0,0
14/03/2021,Dijon,Bordeaux,1,3,A,0,2,A,,13,10,3,6,15,7,5,6,5,1,0,0
14/03/2021,Lens,Metz,2,2,D,2,1,H,,16,7,6,4,17,8,6,1,4,3,0,0
14/03/2021,Lorient,Nice,1,1,D,0,0,D,,17,6,7,2,2,12,5,2,2,2,0,0
14/03/2021,Rennes,Strasbourg,1,0,H,1,0,H,,11,6,2,1,13,13,6,3,0,2,0,0
14/03/2021,Monaco,Lille,0,0,D,0,0,D,,8,5,4,2,11,11,6,2,3,3,0,0
14/03/2021,Paris SG,Nantes,1,2,A,1,0,H,,11,8,5,5,14,15,9,1,2,2,0,0
14/03/2021,Southampton,Brighton,1,2,A,1,1,D,S Attwell,9,8,4,6,11,10,4,5,0,0,0,0
14/03/2021,Leicester,Sheffield United,5,0,H,1,0,H,P Bankes,19,1,10,0,10,9,9,1,0,2,0,0
14/03/2021,Arsenal,Tottenham,2,1,H,1,1,D,M Oliver,13,6,3,3,12,14,6,3,1,2,0,1
14/03/2021,Man United,West Ham,1,0,H,0,0,D,M Atkinson,15,7,4,0,12,2,6,3,4,0,0,0
15/03/2021,Barcelona,Huesca,4,1,H,2,1,H,,12,8,5,4,8,13,7,3,0,2,0,0
15/03/2021,Wolves,Liverpool,0,1,A,0,1,A,C Pawson,10,12,5,4,17,10,3,2,2,1,0,0
17/03/2021,Torino,Sassuolo,3,2,H,0,2,A,,23,12,15,5,10,16,6,3,1,2,0,0
17/03/2021,Sevilla,Elche,2,0,H,1,0,H,,13,11,8,5,9,8,4,1,2,1,0,0
19/03/2021,Parma,Genoa,1,2,A,1,0,H,,12,7,9,3,22,8,1,3,5,2,0,0
19/03/2021,Bielefeld,RB Leipzig,0,1,A,0,0,D,,5,20,0,8,10,12,1,7,2,1,0,0
19/03/2021,Betis,Levante,2,0,H,0,0,D,,15,7,6,1,14,10,4,1,2,0,0,0
19/03/2021,St Etienne,Monaco,0,4,A,0,1,A,,9,15,3,4,7,11,2,6,1,2,0,0
19/03/2021,Fulham,Leeds,1,2,A,1,1,D,D Coote,13,13,6,4,13,12,13,7,2,2,0,0
20/03/2021,Crotone,Bologna,2,3,A,2,0,H,,15,19,7,10,11,16,10,3,4,7,0,0
20/03/2021,Spezia,Cagliari,2,1,H,0,0,D,,12,11,6,7,13,16,4,4,1,2,0,0
20/03/2021,Bayern Munich,Stuttgart,4,0,H,4,0,H,,15,12,7,4,10,12,1,3,1,2,1,0
20/03/2021,Ein Frankfurt,Union Berlin,5,2,H,4,2,H,,9,24,5,8,9,10,2,4,1,2,0,0
20/03/2021,FC Koln,Dortmund,2,2,D,1,1,D,,10,13,2,4,4,12,5,2,1,1,0,0
20/03/2021,Werder Bremen,Wolfsburg,1,2,A,1,2,A,,11,16,4,5,15,15,3,9,3,1,0,0
20/03/2021,Schalke 04,M'gladbach,0,3,A,0,1,A,,4,21,1,7,8,8,2,7,1,2,0,0
20/03/2021,Ath Bilbao,Eibar,1,1,D,1,1,D,,18,4,4,2,5,15,10,1,1,1,0,0
20/03/2021,Celta,Real Madrid,1,3,A,1,2,A,,8,16,3,4,23,13,1,7,3,4,0,0
20/03/2021,Huesca,Osasuna,0,0,D,0,0,D,,15,7,3,2,9,13,5,1,1,2,0,0
20/03/2021,Valladolid,Sevilla,1,1,D,1,0,H,,3,12,2,4,17,10,2,8,3,1,0,0
20/03/2021,Metz,Rennes,1,3,A,0,2,A,,14,9,2,5,11,12,4,3,0,2,0,1
20/03/2021,Nice,Marseille,3,0,H,1,0,H,,17,7,7,2,11,16,7,5,1,1,0,0
20/03/2021,Brighton,Newcastle,3,0,H,1,0,H,A Taylor,11,3,6,1,12,5,3,1,0,1,0,0
21/03/2021,Verona,Atalanta,0,2,A,0,2,A,,3,14,1,8,23,20,4,7,3,2,0,0
21/03/2021,Juventus,Benevento,0,1,A,0,0,D,,23,7,9,1,12,13,9,1,2,4,0,0
21/03/2021,Sampdoria,Torino,1,0,H,1,0,H,,7,9,5,1,15,18,1,7,0,1,0,0
21/03/2021,Udinese,Lazio,0,1,A,0,1,A,,14,16,6,8,9,13,6,11,1,3,0,0
21/03/2021,Fiorentina,Milan,2,3,A,1,1,D,,9,14,4,6,6,11,8,8,1,3,0,0
21/03/2021,Roma,Napoli,0,2,A,0,2,A,,7,10,5,5,18,13,6,4,5,3,0,0
21/03/2021,Hoffenheim,Mainz,1,2,A,1,2,A,,8,16,2,7,14,12,2,9,0,0,0,0
21/03/2021,Hertha,Leverkusen,3,0,H,3,0,H,,13,9,10,1,10,20,4,8,0,2,0,0
21/03/2021,Freiburg,Augsburg,2,0,H,0,0,D,,10,19,3,8,21,13,3,5,7,2,0,0
21/03/2021,Getafe,Elche,1,1,D,0,1,A,,12,6,5,2,17,21,4,8,3,7,0,0
21/03/2021,Valencia,Granada,2,1,H,1,0,H,,18,15,9,3,11,11,3,4,0,3,0,0
21/03/2021,Villarreal,Cadiz,2,1,H,1,0,H,,13,9,4,3,14,6,5,6,3,3,0,0
21/03/2021,Ath Madrid,Alaves,1,0,H,0,0,D,,8,9,4,3,17,12,5,5,3,3,0,0
21/03/2021,Sociedad,Barcelona,1,6,A,0,2,A,,10,14,5,10,11,12,1,1,3,2,0,0
21/03/2021,Strasbourg,Lens,1,2,A,1,2,A,,17,12,5,4,9,10,12,7,2,5,0,0
21/03/2021,Brest,Angers,0,0,D,0,0,D,,11,15,2,5,17,11,3,6,1,3,0,0
21/03/2021,Dijon,Reims,0,1,A,0,0,D,,10,9,4,2,10,10,2,3,3,0,0,0
21/03/2021,Montpellier,Bordeaux,3,1,H,1,1,D,,23,13,9,3,8,10,6,6,1,2,0,0
21/03/2021,Nantes,Lorient,1,1,D,1,0,H,,8,15,3,3,11,8,2,8,0,1,0,0
21/03/2021,Lille,Nimes,1,2,A,1,2,A,,15,10,4,4,19,10,8,0,2,0,0,0
21/03/2021,Lyon,Paris SG,2,4,A,0,2,A,,8,14,7,9,14,15,1,4,2,0,0,0
21/03/2021,West Ham,Arsenal,3,3,D,3,1,H,J Moss,15,16,5,7,18,8,3,5,3,1,0,0
21/03/2021,Aston Villa,Tottenham,0,2,A,0,1,A,M Dean,8,9,1,3,18,13,5,8,3,2,0,0
02/04/2021,Levante,Huesca,0,2,A,0,1,A,,13,6,3,2,15,7,8,2,2,2,0,0
03/04/2021,Milan,Sampdoria,1,1,D,0,0,D,,14,5,5,4,15,16,5,5,2,5,0,1
03/04/2021,Atalanta,Udinese,3,2,H,2,1,H,,22,8,11,4,15,9,4,1,0,2,0,0
03/04/2021,Benevento,Parma,2,2,D,1,0,H,,4,15,4,7,21,18,3,3,2,1,0,0
03/04/2021,Cagliari,Verona,0,2,A,0,0,D,,15,9,4,5,17,18,6,5,1,3,0,0
03/04/2021,Genoa,Fiorentina,1,1,D,1,1,D,,8,11,2,3,17,10,4,2,2,1,0,1
03/04/2021,Lazio,Spezia,2,1,H,0,0,D,,11,7,5,3,18,21,3,4,3,3,2,0
03/04/2021,Napoli,Crotone,4,3,H,3,1,H,,28,8,11,4,5,17,4,6,0,4,0,0
03/04/2021,Sassuolo,Roma,2,2,D,0,1,A,,12,12,6,9,15,15,3,4,4,3,0,0
03/04/2021,Torino,Juventus,2,2,D,1,1,D,,10,18,7,9,16,15,5,6,3,2,0,0
03/04/2021,Bologna,Inter,0,1,A,0,1,A,,12,12,3,5,17,15,4,4,4,4,0,0
03/04/2021,Augsburg,Hoffenheim,2,1,H,2,0,H,,7,16,2,6,7,11,2,10,1,1,0,0
03/04/2021,Dortmund,Ein Frankfurt,1,2,A,1,1,D,,20,15,7,3,9,12,10,2,0,3,0,0
03/04/2021,Leverkusen,Schalke 04,2,1,H,1,0,H,,6,4,2,2,13,9,5,4,1,0,0,0
03/04/2021,Mainz,Bielefeld,1,1,D,0,0,D,,12,9,5,2,27,10,2,3,4,1,0,0
03/04/2021,Wolfsburg,FC Koln,1,0,H,0,0,D,,13,10,6,1,18,11,5,4,2,1,0,0
03/04/2021,RB Leipzig,Bayern Munich,0,1,A,0,1,A,,13,9,3,5,13,9,8,4,3,2,0,0
03/04/2021,M'gladbach,Freiburg,2,1,H,0,1,A,,19,7,5,4,11,14,0,3,1,3,0,0
03/04/2021,Granada,Villarreal,0,3,A,0,2,A,,6,15,2,6,14,14,3,5,2,2,0,0
03/04/2021,Real Madrid,Eibar,2,0,H,1,0,H,,21,10,8,4,6,8,6,9,0,2,0,0
03/04/2021,Osasuna,Getafe,0,0,D,0,0,D,,4,6,1,2,23,18,2,4,2,3,0,0
03/04/2021,Monaco,Metz,4,0,H,0,0,D,,15,6,6,1,16,15,8,1,0,6,0,1
03/04/2021,Paris SG,Lille,0,1,A,0,1,A,,16,3,3,3,18,12,5,0,6,4,1,1
03/04/2021,Lens,Lyon,1,1,D,0,0,D,,10,15,4,6,12,14,2,4,3,3,0,1
03/04/2021,Chelsea,West Brom,2,5,A,1,2,A,D Coote,18,14,8,7,11,6,10,3,1,1,1,0
03/04/2021,Leeds,Sheffield United,2,1,H,1,1,D,G Scott,23,9,8,1,12,13,5,7,1,2,0,0
03/04/2021,Leicester,Man City,0,2,A,0,0,D,A Taylor,5,11,2,4,13,12,1,1,2,3,0,0
03/04/2021,Arsenal,Liverpool,0,3,A,0,0,D,S Attwell,3,16,2,7,10,10,1,2,1,1,0,0
04/04/2021,Stuttgart,Werder Bremen,1,0,H,0,0,D,,14,9,3,2,8,8,6,0,1,2,0,0
04/04/2021,Union Berlin,Hertha,1,1,D,1,1,D,,11,4,3,1,13,12,2,3,2,4,0,0
04/04/2021,Alaves,Celta,1,3,A,0,3,A,,17,8,7,6,9,21,6,2,4,5,0,1
04/04/2021,Elche,Betis,1,1,D,1,1,D,,7,13,3,3,9,15,7,2,1,4,0,0
04/04/2021,Cadiz,Valencia,2,1,H,1,1,D,,6,12,2,6,10,7,4,13,2,2,0,0
04/04/2021,Sevilla,Ath Madrid,1,0,H,0,0,D,,18,9,5,4,13,11,3,2,2,4,0,0
04/04/2021,Angers,Montpellier,1,1,D,0,0,D,,14,8,4,3,15,9,4,0,1,1,0,0
04/04/2021,Bordeaux,Strasbourg,2,3,A,2,3,A,,14,12,6,5,8,15,6,5,1,1,0,0
04/04/2021,Lorient,Brest,1,0,H,1,0,H,,13,5,4,1,9,23,6,5,3,2,0,1
04/04/2021,Nantes,Nice,1,2,A,1,2,A,,18,17,6,8,15,14,10,5,1,2,0,0
04/04/2021,Reims,Rennes,2,2,D,0,0,D,,9,19,4,8,7,11,1,6,3,3,1,0
04/04/2021,Nimes,St Etienne,0,2,A,0,1,A,,14,15,3,5,12,19,5,3,5,2,0,0
04/04/2021,Marseille,Dijon,2,0,H,1,0,H,,16,4,3,1,11,9,7,1,2,4,0,0
04/04/2021,Southampton,Burnley,3,2,H,2,2,D,A Marriner,24,7,9,5,11,10,6,7,0,0,0,0
04/04/2021,Newcastle,Tottenham,2,2,D,1,2,A,C Pawson,22,11,6,5,13,14,7,3,3,2,0,0
04/04/2021,Aston Villa,Fulham,3,1,H,0,0,D,A Madley,14,15,4,7,14,20,4,4,1,2,0,0
04/04/2021,Man United,Brighton,2,1,H,0,1,A,M Dean,15,5,7,3,14,7,5,6,2,2,0,0
05/04/2021,Barcelona,Valladolid,1,0,H,0,0,D,,25,7,10,2,12,13,4,1,3,3,0,1
05/04/2021,Everton,Crystal Palace,1,1,D,0,0,D,K Friend,15,13,7,6,10,10,3,4,2,0,0,0
05/04/2021,Wolves,West Ham,2,3,A,1,3,A,M Oliver,20,9,5,6,9,9,4,2,1,4,0,0
07/04/2021,Inter,Sassuolo,2,1,H,1,0,H,,8,14,5,5,8,13,1,8,2,3,0,0
07/04/2021,Juventus,Napoli,2,1,H,1,0,H,,12,15,3,5,17,12,2,6,1,2,0,0
07/04/2021,Sociedad,Ath Bilbao,1,1,D,0,0,D,,12,11,2,2,18,7,3,6,3,1,0,0
09/04/2021,Bielefeld,Freiburg,1,0,H,0,0,D,,14,10,4,2,8,10,4,2,3,2,0,0
09/04/2021,Huesca,Elche,3,1,H,2,1,H,,8,8,5,2,17,13,6,6,2,2,0,0
09/04/2021,Metz,Lille,0,2,A,0,0,D,,18,9,7,6,16,13,10,2,2,2,0,0
09/04/2021,Fulham,Wolves,0,1,A,0,0,D,J Moss,14,7,3,3,11,8,3,4,0,0,0,0
10/04/2021,Spezia,Crotone,3,2,H,0,1,A,,9,9,7,6,12,15,3,4,1,1,0,0
10/04/2021,Parma,Milan,1,3,A,0,2,A,,15,11,5,7,14,11,7,3,4,4,0,1
10/04/2021,Udinese,Torino,0,1,A,0,0,D,,12,9,5,2,21,19,5,4,0,3,0,0
10/04/2021,Bayern Munich,Union Berlin,1,1,D,0,0,D,,14,6,2,2,10,12,8,1,2,0,0,0
10/04/2021,Ein Frankfurt,Wolfsburg,4,3,H,2,1,H,,9,20,5,7,11,13,3,7,3,2,0,0
10/04/2021,Hertha,M'gladbach,2,2,D,1,2,A,,24,7,8,4,12,17,11,3,2,1,0,1
10/04/2021,Werder Bremen,RB Leipzig,1,4,A,0,3,A,,11,8,2,4,13,10,2,2,0,0,0,0
10/04/2021,Stuttgart,Dortmund,2,3,A,1,0,H,,13,18,3,7,13,11,3,8,4,2,0,0
10/04/2021,Getafe,Cadiz,0,1,A,0,0,D,,19,8,4,3,10,13,10,4,3,2,0,0
10/04/2021,Ath Bilbao,Alaves,0,0,D,0,0,D,,11,9,4,0,13,15,6,6,2,2,0,0
10/04/2021,Eibar,Levante,0,1,A,0,1,A,,10,6,4,1,9,7,6,3,3,2,0,0
10/04/2021,Real Madrid,Barcelona,2,1,H,2,0,H,,14,18,3,4,16,10,5,6,3,4,1,0
10/04/2021,Strasbourg,Paris SG,1,4,A,0,3,A,,9,16,3,7,8,6,5,4,0,1,0,0
10/04/2021,Montpellier,Marseille,3,3,D,1,2,A,,20,13,7,8,17,12,6,3,2,2,0,1
10/04/2021,Man City,Leeds,1,2,A,0,1,A,A Marriner,29,2,7,2,12,15,9,3,3,1,0,1
10/04/2021,Liverpool,Aston Villa,2,1,H,0,1,A,P Tierney,23,9,10,5,16,11,7,0,2,4,0,0
10/04/2021,Crystal Palace,Chelsea,1,4,A,0,3,A,M Oliver,1,23,1,10,7,12,0,8,1,0,0,0
11/04/2021,Inter,Cagliari,1,0,H,0,0,D,,15,8,8,2,10,12,5,0,1,1,0,0
11/04/2021,Juventus,Genoa,3,1,H,2,0,H,,23,11,14,3,15,11,8,6,3,3,0,0
11/04/2021,Sampdoria,Napoli,0,2,A,0,1,A,,11,20,5,9,14,10,8,7,0,3,0,0
11/04/2021,Verona,Lazio,0,1,A,0,0,D,,4,14,1,5,15,13,5,4,0,2,0,0
11/04/2021,Roma,Bologna,1,0,H,1,0,H,,14,11,7,5,14,14,4,6,3,2,0,0
11/04/2021,Fiorentina,Atalanta,2,3,A,0,2,A,,8,14,2,9,15,13,0,6,3,1,0,0
11/04/2021,Schalke 04,Augsburg,1,0,H,1,0,H,,7,13,2,4,10,14,4,6,0,2,0,0
11/04/2021,FC Koln,Mainz,2,3,A,1,1,D,,22,9,4,6,14,14,2,5,2,1,0,0
11/04/2021,Villarreal,Osasuna,1,2,A,0,0,D,,15,12,6,4,6,12,6,5,0,0,0,0
11/04/2021,Valencia,Sociedad,2,2,D,0,2,A,,9,16,2,5,11,17,4,5,6,4,1,0
11/04/2021,Valladolid,Granada,1,2,A,1,0,H,,7,12,3,6,14,15,2,4,4,2,0,0
11/04/2021,Betis,Ath Madrid,1,1,D,1,1,D,,8,10,4,4,12,13,5,5,0,0,0,0
11/04/2021,Rennes,Nantes,1,0,H,0,0,D,,14,4,4,2,16,15,3,3,6,2,0,0
11/04/2021,Brest,Nimes,1,1,D,1,1,D,,22,5,4,3,15,16,9,2,4,1,0,0
11/04/2021,Lens,Lorient,4,1,H,2,1,H,,14,17,6,6,11,8,5,10,0,0,0,0
11/04/2021,Nice,Reims,0,0,D,0,0,D,,13,10,2,1,13,11,10,6,0,1,0,0
11/04/2021,St Etienne,Bordeaux,4,1,H,2,1,H,,17,10,7,2,12,17,5,6,3,0,0,0
11/04/2021,Monaco,Dijon,3,0,H,0,0,D,,16,6,10,1,10,16,6,4,1,1,0,0
11/04/2021,Lyon,Angers,3,0,H,2,0,H,,16,11,6,3,15,14,5,4,0,0,0,0
11/04/2021,Burnley,Newcastle,1,2,A,1,0,H,A Taylor,24,10,4,5,11,12,13,3,1,0,0,0
11/04/2021,West Ham,Leicester,3,2,H,2,0,H,M Dean,4,15,4,5,7,13,1,9,3,3,0,0
11/04/2021,Tottenham,Man United,1,3,A,1,0,H,C Kavanagh,12,12,3,7,11,15,7,5,1,5,0,0
11/04/2021,Sheffield United,Arsenal,0,3,A,0,1,A,P Bankes,7,14,2,5,9,6,2,4,1,1,0,0
12/04/2021,Benevento,Sassuolo,0,1,A,0,1,A,,9,14,5,4,12,14,3,8,3,2,0,0
12/04/2021,Hoffenheim,Leverkusen,0,0,D,0,0,D,,2,7,0,5,14,12,1,1,1,1,0,0
12/04/2021,Celta,Sevilla,3,4,A,3,2,H,,12,13,5,6,18,15,5,2,3,2,0,0
12/04/2021,West Brom,Southampton,3,0,H,2,0,H,S Hooper,15,14,6,4,12,11,5,10,0,1,0,0
12/04/2021,Brighton,Everton,0,0,D,0,0,D,D England,23,8,3,1,12,7,10,3,1,2,0,0
16/04/2021,RB Leipzig,Hoffenheim,0,0,D,0,0,D,,14,6,2,0,14,13,4,1,0,2,0,0
16/04/2021,Lille,Montpellier,1,1,D,0,1,A,,20,10,9,4,14,11,9,0,3,1,0,0
16/04/2021,Everton,Tottenham,2,2,D,1,1,D,M Oliver,18,12,7,3,8,8,6,3,1,1,0,0
17/04/2021,Crotone,Udinese,1,2,A,0,1,A,,7,14,3,7,12,19,5,7,0,2,0,1
17/04/2021,Sampdoria,Verona,3,1,H,0,1,A,,12,18,5,8,16,14,5,7,3,3,0,0
17/04/2021,Sassuolo,Fiorentina,3,1,H,0,1,A,,11,7,6,6,8,16,3,4,3,5,0,0
17/04/2021,Cagliari,Parma,4,3,H,1,2,A,,23,11,9,6,14,12,0,4,4,2,0,0
17/04/2021,Augsburg,Bielefeld,0,0,D,0,0,D,,9,8,3,1,10,9,7,3,4,1,0,0
17/04/2021,Freiburg,Schalke 04,4,0,H,2,0,H,,13,4,8,2,15,12,3,4,2,1,0,0
17/04/2021,M'gladbach,Ein Frankfurt,4,0,H,1,0,H,,19,16,4,5,11,10,7,8,2,4,0,0
17/04/2021,Union Berlin,Stuttgart,2,1,H,2,0,H,,9,9,4,2,15,12,4,4,2,3,0,0
17/04/2021,Wolfsburg,Bayern Munich,2,3,A,1,3,A,,7,14,3,9,16,8,6,5,2,1,0,0
17/04/2021,Leverkusen,FC Koln,3,0,H,1,0,H,,8,14,5,2,12,12,2,3,1,1,0,0
17/04/2021,Angers,Rennes,0,3,A,0,1,A,,10,9,3,3,11,10,2,3,2,0,0,0
17/04/2021,Marseille,Lorient,3,2,H,0,1,A,,13,12,5,6,9,15,8,3,1,0,0,0
17/04/2021,Newcastle,West Ham,3,2,H,2,0,H,K Friend,16,16,8,6,9,7,3,8,2,0,0,1
17/04/2021,Wolves,Sheffield United,1,0,H,0,0,D,R Jones,10,8,5,2,8,15,3,3,1,2,0,0
18/04/2021,Milan,Genoa,2,1,H,1,1,D,,18,11,5,6,10,13,5,4,0,1,0,0
18/04/2021,Atalanta,Juventus,1,0,H,0,0,D,,12,12,2,3,18,15,3,8,3,2,0,0
18/04/2021,Bologna,Spezia,4,1,H,2,1,H,,10,9,7,5,15,12,4,8,1,1,0,0
18/04/2021,Lazio,Benevento,5,3,H,3,1,H,,12,16,8,8,14,11,5,4,2,3,0,0
18/04/2021,Torino,Roma,3,1,H,0,1,A,,23,9,11,4,13,13,11,3,2,2,0,1
18/04/2021,Napoli,Inter,1,1,D,1,0,H,,12,10,3,5,12,12,3,3,5,2,0,0
18/04/2021,Dortmund,Werder Bremen,4,1,H,3,1,H,,19,10,9,3,8,14,7,4,1,4,0,0
18/04/2021,Osasuna,Elche,2,0,H,1,0,H,,9,8,3,2,14,15,4,5,2,1,0,0
18/04/2021,Sociedad,Sevilla,1,2,A,1,2,A,,5,15,2,7,20,15,7,3,3,2,0,0
18/04/2021,Alaves,Huesca,1,0,H,0,0,D,,10,9,2,1,15,13,7,3,1,2,0,0
18/04/2021,Ath Madrid,Eibar,5,0,H,2,0,H,,10,0,7,0,10,10,8,3,0,1,0,0
18/04/2021,Betis,Valencia,2,2,D,2,1,H,,9,9,5,3,12,10,6,3,3,1,0,0
18/04/2021,Cadiz,Celta,0,0,D,0,0,D,,5,11,2,4,6,13,4,7,0,1,0,0
18/04/2021,Getafe,Real Madrid,0,0,D,0,0,D,,19,10,6,2,17,8,6,6,3,1,0,0
18/04/2021,Levante,Villarreal,1,5,A,1,2,A,,12,14,3,7,9,7,4,5,2,1,0,0
18/04/2021,Paris SG,St Etienne,3,2,H,0,0,D,,17,7,5,5,13,15,13,3,1,1,0,0
18/04/2021,Brest,Lens,1,1,D,1,0,H,,7,8,5,2,14,16,2,4,2,7,1,2
18/04/2021,Dijon,Nice,2,0,H,0,0,D,,9,10,3,2,8,13,1,9,1,1,0,0
18/04/2021,Nimes,Strasbourg,1,1,D,0,0,D,,5,7,1,3,10,17,2,1,0,2,0,1
18/04/2021,Reims,Metz,0,0,D,0,0,D,,15,11,6,2,13,17,10,4,3,1,0,0
18/04/2021,Bordeaux,Monaco,0,3,A,0,1,A,,7,13,2,6,13,11,4,5,4,1,1,0
18/04/2021,Nantes,Lyon,1,2,A,0,2,A,,12,11,3,4,16,10,5,4,0,1,0,0
18/04/2021,Arsenal,Fulham,1,1,D,0,0,D,C Pawson,18,3,5,1,9,11,11,1,0,3,0,0
18/04/2021,Man United,Burnley,3,1,H,0,0,D,J Moss,17,10,9,3,9,12,8,3,1,2,0,0
19/04/2021,Leeds,Liverpool,1,1,D,0,1,A,A Taylor,12,17,5,7,17,15,10,8,2,1,0,0
20/04/2021,Verona,Fiorentina,1,2,A,0,1,A,,11,7,7,5,16,20,5,3,2,3,0,0
20/04/2021,FC Koln,RB Leipzig,2,1,H,0,0,D,,5,23,3,6,9,16,0,8,2,3,0,0
20/04/2021,Bayern Munich,Leverkusen,2,0,H,2,0,H,,26,6,9,3,6,14,7,3,0,0,0,0
20/04/2021,Bielefeld,Schalke 04,1,0,H,0,0,D,,10,3,5,0,14,12,4,2,3,5,0,1
20/04/2021,Ein Frankfurt,Augsburg,2,0,H,1,0,H,,12,14,4,4,18,8,7,5,3,1,0,0
20/04/2021,Chelsea,Brighton,0,0,D,0,0,D,S Attwell,7,11,4,2,8,9,0,3,2,0,0,1
21/04/2021,Milan,Sassuolo,1,2,A,1,0,H,,18,15,7,7,18,13,3,7,0,1,0,0
21/04/2021,Bologna,Torino,1,1,D,1,0,H,,9,18,2,5,25,15,3,7,4,2,0,0
21/04/2021,Crotone,Sampdoria,0,1,A,0,0,D,,7,11,4,5,13,7,2,6,1,1,0,0
21/04/2021,Genoa,Benevento,2,2,D,2,2,D,,10,8,5,2,14,18,3,0,2,0,0,0
21/04/2021,Juventus,Parma,3,1,H,1,1,D,,14,10,8,4,12,18,6,6,2,2,0,0
21/04/2021,Spezia,Inter,1,1,D,1,1,D,,1,15,1,6,9,7,0,8,2,0,0,0
21/04/2021,Udinese,Cagliari,0,1,A,0,0,D,,14,13,4,5,11,14,2,5,0,2,0,0
21/04/2021,Dortmund,Union Berlin,2,0,H,1,0,H,,21,6,11,2,12,10,4,3,2,1,0,0
21/04/2021,Hoffenheim,M'gladbach,3,2,H,0,2,A,,19,5,6,3,9,5,5,4,3,0,0,0
21/04/2021,Stuttgart,Wolfsburg,1,3,A,0,2,A,,11,13,4,4,12,11,4,1,3,0,0,0
21/04/2021,Werder Bremen,Mainz,0,1,A,0,1,A,,18,13,4,5,7,13,10,4,1,2,0,0
21/04/2021,Levante,Sevilla,0,1,A,0,0,D,,6,10,1,3,15,13,2,3,4,1,0,0
21/04/2021,Osasuna,Valencia,3,1,H,2,1,H,,18,10,9,5,17,11,5,6,1,2,0,0
21/04/2021,Betis,Ath Bilbao,0,0,D,0,0,D,,6,16,2,4,10,16,5,4,3,2,1,0
21/04/2021,Alaves,Villarreal,2,1,H,1,0,H,,9,10,4,5,8,11,3,8,2,1,0,0
21/04/2021,Elche,Valladolid,1,1,D,1,0,H,,9,12,3,4,23,11,4,6,5,3,0,0
21/04/2021,Cadiz,Real Madrid,0,3,A,0,3,A,,14,14,3,4,13,21,7,3,4,3,0,0
21/04/2021,Tottenham,Southampton,2,1,H,0,1,A,D Coote,12,10,3,5,10,14,5,5,2,1,0,0
21/04/2021,Aston Villa,Man City,1,2,A,1,2,A,P Bankes,8,13,3,3,12,7,1,11,0,1,1,1
22/04/2021,Roma,Atalanta,1,1,D,0,1,A,,14,22,3,9,16,7,4,8,4,2,1,1
22/04/2021,Napoli,Lazio,5,2,H,2,0,H,,10,14,8,4,7,18,2,3,4,4,0,0
22/04/2021,Ath Madrid,Huesca,2,0,H,1,0,H,,18,5,12,2,9,11,8,1,2,0,0,0
22/04/2021,Granada,Eibar,4,1,H,2,0,H,,8,16,4,3,13,10,4,7,1,1,0,0
22/04/2021,Sociedad,Celta,2,1,H,2,1,H,,7,10,3,3,17,17,2,4,4,5,0,0
22/04/2021,Barcelona,Getafe,5,2,H,3,1,H,,9,5,6,1,8,15,3,1,2,0,0,0
22/04/2021,Leicester,West Brom,3,0,H,3,0,H,A Madley,17,4,7,1,13,12,7,3,0,2,0,0
23/04/2021,Augsburg,FC Koln,2,3,A,0,3,A,,13,14,5,6,17,13,6,3,2,3,0,0
23/04/2021,Reims,Marseille,1,3,A,1,2,A,,10,11,1,6,9,2,5,2,2,0,1,0
23/04/2021,Arsenal,Everton,0,1,A,0,0,D,J Moss,14,8,3,1,13,10,7,3,1,3,0,0
24/04/2021,Genoa,Spezia,2,0,H,0,0,D,,11,7,6,1,18,14,0,3,2,2,0,0
24/04/2021,Parma,Crotone,3,4,A,1,3,A,,15,13,4,5,15,11,7,5,3,2,0,0
24/04/2021,Sassuolo,Sampdoria,1,0,H,0,0,D,,14,9,8,3,15,10,8,3,0,0,0,0
24/04/2021,Freiburg,Hoffenheim,1,1,D,0,1,A,,15,16,7,4,10,12,6,5,1,2,0,0
24/04/2021,Mainz,Bayern Munich,2,1,H,2,0,H,,8,17,4,4,12,15,2,3,3,4,0,0
24/04/2021,Union Berlin,Werder Bremen,3,1,H,0,0,D,,17,9,6,5,10,8,11,2,0,0,0,0
24/04/2021,Wolfsburg,Dortmund,0,2,A,0,1,A,,21,8,2,4,10,12,10,2,1,3,0,1
24/04/2021,Leverkusen,Ein Frankfurt,3,1,H,0,0,D,,18,12,10,4,9,8,5,6,1,1,0,0
24/04/2021,Elche,Levante,1,0,H,1,0,H,,8,6,3,1,10,14,4,2,3,4,0,0
24/04/2021,Valladolid,Cadiz,1,1,D,1,0,H,,13,6,6,2,11,20,5,7,1,3,0,0
24/04/2021,Valencia,Alaves,1,1,D,0,0,D,,9,6,2,2,17,16,7,2,4,0,0,1
24/04/2021,Real Madrid,Betis,0,0,D,0,0,D,,17,6,5,2,17,13,8,2,1,2,0,0
24/04/2021,St Etienne,Brest,1,2,A,1,0,H,,6,12,3,7,17,11,3,2,2,1,0,0
24/04/2021,Metz,Paris SG,1,3,A,0,1,A,,8,19,3,8,12,12,1,9,1,4,0,0
24/04/2021,Liverpool,Newcastle,1,1,D,1,0,H,A Marriner,22,7,9,4,9,7,6,3,2,1,0,0
24/04/2021,West Ham,Chelsea,0,1,A,0,1,A,C Kavanagh,9,17,2,6,9,11,4,2,0,4,1,0
24/04/2021,Sheffield United,Brighton,1,0,H,1,0,H,K Friend,7,17,3,4,13,7,2,12,3,0,0,0
25/04/2021,Benevento,Udinese,2,4,A,1,2,A,,22,10,9,7,18,20,11,2,2,2,0,0
25/04/2021,Fiorentina,Juventus,1,1,D,1,0,H,,11,7,6,1,13,16,7,2,3,1,0,0
25/04/2021,Inter,Verona,1,0,H,0,0,D,,10,12,4,1,7,13,3,8,0,3,0,0
25/04/2021,Cagliari,Roma,3,2,H,1,1,D,,10,12,6,7,14,17,4,10,3,1,0,0
25/04/2021,Atalanta,Bologna,5,0,H,2,0,H,,26,9,12,3,11,8,8,3,0,1,0,1
25/04/2021,RB Leipzig,Stuttgart,2,0,H,0,0,D,,24,2,11,0,19,8,10,1,2,0,0,1
25/04/2021,M'gladbach,Bielefeld,5,0,H,3,0,H,,20,10,12,5,11,8,4,1,1,1,0,0
25/04/2021,Huesca,Getafe,0,2,A,0,1,A,,8,6,1,4,16,22,1,0,2,4,0,0
25/04/2021,Villarreal,Barcelona,1,2,A,1,2,A,,10,15,4,5,16,10,6,1,2,3,1,0
25/04/2021,Celta,Osasuna,2,1,H,1,0,H,,7,12,2,3,13,12,2,8,1,4,0,0
25/04/2021,Sevilla,Granada,2,1,H,1,0,H,,10,4,4,2,11,14,5,5,2,3,0,0
25/04/2021,Ath Bilbao,Ath Madrid,2,1,H,1,0,H,,11,14,3,3,20,7,4,11,4,2,0,0
25/04/2021,Nice,Montpellier,3,1,H,3,1,H,,18,14,8,3,13,17,7,6,1,2,0,0
25/04/2021,Lens,Nimes,2,1,H,1,0,H,,7,16,4,2,14,15,4,6,1,2,1,0
25/04/2021,Lorient,Bordeaux,4,1,H,3,0,H,,13,13,7,7,9,14,6,3,2,3,0,0
25/04/2021,Rennes,Dijon,5,1,H,1,1,D,,25,4,12,1,13,8,8,2,6,3,0,0
25/04/2021,Strasbourg,Nantes,1,2,A,1,0,H,,12,7,4,5,15,13,6,4,1,3,0,0
25/04/2021,Angers,Monaco,0,1,A,0,0,D,,4,10,0,3,18,11,4,1,2,2,0,0
25/04/2021,Lyon,Lille,2,3,A,2,1,H,,7,16,2,7,9,13,8,4,0,3,0,0
25/04/2021,Wolves,Burnley,0,4,A,0,3,A,D England,12,14,2,7,8,9,8,5,1,2,0,0
25/04/2021,Leeds,Man United,0,0,D,0,0,D,C Pawson,6,16,3,4,21,11,2,6,4,1,0,0
25/04/2021,Aston Villa,West Brom,2,2,D,1,1,D,S Attwell,24,10,11,4,14,9,11,4,0,2,0,0
26/04/2021,Torino,Napoli,0,2,A,0,2,A,,15,25,6,10,16,15,8,11,3,1,1,0
26/04/2021,Lazio,Milan,3,0,H,1,0,H,,14,15,6,6,10,11,1,9,2,0,0,0
26/04/2021,Eibar,Sociedad,0,1,A,0,1,A,,14,5,5,2,8,20,2,3,5,1,0,0
26/04/2021,Leicester,Crystal Palace,2,1,H,0,1,A,G Scott,13,4,5,2,13,12,7,2,0,1,0,0
28/04/2021,Ath Bilbao,Valladolid,2,2,D,1,0,H,,13,14,7,4,8,13,5,7,1,1,0,0
29/04/2021,Barcelona,Granada,1,2,A,1,0,H,,16,6,4,2,10,22,6,1,0,4,0,0
30/04/2021,Celta,Levante,2,0,H,0,0,D,,8,10,5,2,12,13,1,5,2,2,0,0
30/04/2021,Marseille,Strasbourg,1,1,D,0,0,D,,8,8,4,5,10,14,5,6,4,2,0,0
30/04/2021,Southampton,Leicester,1,1,D,0,0,D,R Jones,5,23,3,9,9,13,0,10,1,0,1,0
01/05/2021,Verona,Spezia,1,1,D,0,0,D,,7,12,6,2,27,16,5,5,6,2,0,0
01/05/2021,Crotone,Inter,0,2,A,0,0,D,,6,23,1,10,10,9,4,11,1,2,0,0
01/05/2021,Milan,Benevento,2,0,H,1,0,H,,20,14,11,2,16,8,6,7,2,0,0,0
01/05/2021,Eibar,Alaves,3,0,H,1,0,H,,15,6,4,2,12,12,10,5,0,2,0,0
01/05/2021,Elche,Ath Madrid,0,1,A,0,1,A,,6,11,1,4,20,16,3,2,3,3,0,0
01/05/2021,Huesca,Sociedad,1,0,H,0,0,D,,10,7,3,3,14,11,2,7,2,2,0,0
01/05/2021,Real Madrid,Osasuna,2,0,H,0,0,D,,22,3,6,2,9,12,7,0,0,2,0,0
01/05/2021,Paris SG,Lens,2,1,H,1,0,H,,14,15,6,3,14,16,6,2,4,2,0,0
01/05/2021,Lille,Nice,2,0,H,1,0,H,,12,0,4,0,9,12,5,1,2,3,0,1
01/05/2021,Crystal Palace,Man City,0,2,A,0,0,D,D Coote,9,20,4,3,9,10,2,6,2,0,0,0
01/05/2021,Brighton,Leeds,2,0,H,1,0,H,C Kavanagh,17,11,5,2,17,6,2,9,1,1,0,0
01/05/2021,Chelsea,Fulham,2,0,H,1,0,H,K Friend,9,10,5,3,15,8,1,8,1,1,0,0
01/05/2021,Everton,Aston Villa,1,2,A,1,1,D,S Hooper,16,13,3,5,10,13,3,6,0,2,0,0
02/05/2021,Lazio,Genoa,4,3,H,2,0,H,,18,10,12,5,13,12,7,4,3,4,0,0
02/05/2021,Bologna,Fiorentina,3,3,D,1,1,D,,11,9,6,4,16,12,3,5,2,2,0,0
02/05/2021,Napoli,Cagliari,1,1,D,1,0,H,,18,12,6,7,8,14,3,1,1,3,0,0
02/05/2021,Sassuolo,Atalanta,1,1,D,0,1,A,,12,10,7,9,18,12,4,4,6,1,1,1
02/05/2021,Udinese,Juventus,1,2,A,1,0,H,,7,13,2,4,14,18,2,6,3,0,0,0
02/05/2021,Sampdoria,Roma,2,0,H,1,0,H,,12,10,9,5,14,13,8,8,0,3,0,0
02/05/2021,Valladolid,Betis,1,1,D,0,0,D,,10,11,2,4,7,14,3,2,2,5,0,0
02/05/2021,Villarreal,Getafe,1,0,H,0,0,D,,4,15,3,3,13,17,4,4,1,2,0,0
02/05/2021,Granada,Cadiz,0,1,A,0,1,A,,9,8,2,4,12,10,6,5,7,2,1,0
02/05/2021,Valencia,Barcelona,2,3,A,0,0,D,,9,14,4,7,12,14,2,1,2,1,0,0
02/05/2021,Bordeaux,Rennes,1,0,H,1,0,H,,9,9,4,2,14,14,3,5,4,1,0,1
02/05/2021,Brest,Nantes,1,4,A,0,2,A,,16,12,7,6,12,10,5,5,2,0,0,0
02/05/2021,Dijon,Metz,1,5,A,0,2,A,,10,14,4,6,11,16,6,3,1,1,1,0
02/05/2021,Lorient,Angers,2,0,H,1,0,H,,13,9,4,2,8,13,5,0,3,3,1,1
02/05/2021,Nimes,Reims,2,2,D,0,1,A,,18,12,7,7,15,13,10,5,2,2,0,0
02/05/2021,Montpellier,St Etienne,1,2,A,1,1,D,,13,19,2,7,15,12,7,7,2,1,0,0
02/05/2021,Monaco,Lyon,2,3,A,1,0,H,,12,17,4,5,23,16,5,5,1,4,0,1
02/05/2021,Newcastle,Arsenal,0,2,A,0,1,A,M Dean,5,19,1,5,10,9,3,7,2,1,1,0
02/05/2021,Tottenham,Sheffield United,4,0,H,1,0,H,A Marriner,20,8,11,1,8,9,6,6,1,1,0,0
03/05/2021,Torino,Parma,1,0,H,0,0,D,,13,8,5,1,10,17,5,2,0,3,0,0
03/05/2021,Mainz,Hertha,1,1,D,1,1,D,,16,7,9,5,18,13,6,4,2,3,0,0
03/05/2021,Sevilla,Ath Bilbao,0,1,A,0,0,D,,18,8,3,2,13,15,6,2,1,0,0,0
03/05/2021,West Brom,Wolves,1,1,D,0,1,A,P Tierney,10,20,4,10,17,11,5,6,2,0,0,0
03/05/2021,Burnley,West Ham,1,2,A,1,2,A,A Taylor,8,22,3,4,4,8,5,4,2,1,0,0
06/05/2021,Hertha,Freiburg,3,0,H,2,0,H,,13,15,6,4,10,13,4,6,4,3,0,0
07/05/2021,Stuttgart,Augsburg,2,1,H,1,0,H,,14,20,6,9,14,12,2,12,0,0,0,0
07/05/2021,Sociedad,Elche,2,0,H,0,0,D,,16,1,3,0,8,10,7,0,1,3,0,1
07/05/2021,Lens,Lille,0,3,A,0,2,A,,11,11,5,6,15,9,5,4,3,2,1,0
07/05/2021,Leicester,Newcastle,2,4,A,0,2,A,D England,25,14,9,6,12,9,9,6,1,1,0,0
08/05/2021,Spezia,Napoli,1,4,A,0,3,A,,6,13,3,7,15,18,1,2,3,2,0,0
08/05/2021,Udinese,Bologna,1,1,D,1,0,H,,9,16,5,4,12,18,5,10,1,1,0,0
08/05/2021,Inter,Sampdoria,5,1,H,3,1,H,,12,13,7,4,10,14,2,8,0,2,0,0
08/05/2021,Fiorentina,Lazio,2,0,H,1,0,H,,9,8,5,3,12,14,5,7,4,8,0,1
08/05/2021,Dortmund,RB Leipzig,3,2,H,1,0,H,,15,14,4,7,8,13,7,7,1,1,0,0
08/05/2021,Hoffenheim,Schalke 04,4,2,H,0,2,A,,20,6,12,3,11,12,9,3,1,2,0,0
08/05/2021,Werder Bremen,Leverkusen,0,0,D,0,0,D,,13,14,2,4,9,14,4,6,3,2,1,0
08/05/2021,Wolfsburg,Union Berlin,3,0,H,1,0,H,,17,9,8,1,9,9,4,3,1,0,0,0
08/05/2021,Bayern Munich,M'gladbach,6,0,H,4,0,H,,22,14,7,2,3,9,5,3,0,2,1,0
08/05/2021,Alaves,Levante,2,2,D,1,2,A,,15,6,5,3,12,18,8,3,2,1,0,0
08/05/2021,Barcelona,Ath Madrid,0,0,D,0,0,D,,12,11,7,6,13,26,5,7,3,3,0,0
08/05/2021,Cadiz,Huesca,2,1,H,2,1,H,,11,13,1,5,14,13,3,3,4,0,0,0
08/05/2021,Ath Bilbao,Osasuna,2,2,D,1,1,D,,13,13,3,4,4,10,10,4,1,2,0,0
08/05/2021,Nantes,Bordeaux,3,0,H,1,0,H,,11,10,3,2,13,20,5,2,0,5,0,0
08/05/2021,Lyon,Lorient,4,1,H,0,0,D,,25,8,11,2,17,10,5,1,2,2,0,0
08/05/2021,Leeds,Tottenham,3,1,H,2,1,H,M Oliver,16,11,7,3,12,10,8,6,1,2,0,0
08/05/2021,Sheffield United,Crystal Palace,0,2,A,0,1,A,S Hooper,7,21,0,8,11,8,5,11,1,1,0,0
08/05/2021,Man City,Chelsea,1,2,A,1,0,H,A Taylor,16,12,4,5,12,10,6,2,2,0,0,0
08/05/2021,Liverpool,Southampton,2,0,H,1,0,H,K Friend,14,12,6,6,10,6,8,4,0,1,0,0
09/05/2021,Genoa,Sassuolo,1,2,A,0,1,A,,13,13,5,7,17,15,8,2,2,0,0,0
09/05/2021,Benevento,Cagliari,1,3,A,1,1,D,,7,7,7,4,17,20,4,5,2,2,0,0
09/05/2021,Parma,Atalanta,2,5,A,0,1,A,,5,18,2,13,12,15,1,3,1,1,0,0
09/05/2021,Verona,Torino,1,1,D,0,0,D,,19,6,7,4,16,22,9,3,3,3,0,0
09/05/2021,Roma,Crotone,5,0,H,0,0,D,,20,7,13,2,10,11,8,4,2,0,0,0
09/05/2021,Juventus,Milan,0,3,A,0,1,A,,16,11,4,6,17,12,8,2,2,2,0,0
09/05/2021,FC Koln,Freiburg,1,4,A,0,2,A,,18,11,2,6,15,16,3,2,2,2,0,0
09/05/2021,Ein Frankfurt,Mainz,1,1,D,0,1,A,,14,6,4,3,10,14,8,2,2,0,0,0
09/05/2021,Hertha,Bielefeld,0,0,D,0,0,D,,11,12,4,5,13,9,4,3,3,4,0,0
09/05/2021,Getafe,Eibar,0,1,A,0,0,D,,10,7,2,3,11,11,4,2,1,2,0,0
09/05/2021,Valencia,Valladolid,3,0,H,1,0,H,,6,19,3,2,17,6,1,9,0,0,0,0
09/05/2021,Villarreal,Celta,2,4,A,1,3,A,,16,11,7,6,11,16,5,3,3,3,2,1
09/05/2021,Real Madrid,Sevilla,2,2,D,0,1,A,,16,7,6,3,8,8,7,3,1,2,0,0
09/05/2021,St Etienne,Marseille,1,0,H,1,0,H,,18,15,5,4,22,12,10,4,1,3,0,0
09/05/2021,Angers,Dijon,3,0,H,1,0,H,,11,5,4,1,8,11,1,4,0,0,0,0
09/05/2021,Metz,Nimes,0,3,A,0,0,D,,11,10,2,5,13,12,0,6,1,2,0,0
09/05/2021,Nice,Brest,3,2,H,1,2,A,,14,9,5,2,8,11,6,5,1,1,1,0
09/05/2021,Strasbourg,Montpellier,2,3,A,0,1,A,,18,6,7,3,16,16,4,6,2,3,0,0
09/05/2021,Reims,Monaco,0,1,A,0,1,A,,8,7,2,2,11,13,3,3,1,3,0,0
09/05/2021,Rennes,Paris SG,1,1,D,0,1,A,,19,12,10,4,12,11,9,3,4,1,0,1
09/05/2021,Wolves,Brighton,2,1,H,0,1,A,J Moss,16,5,6,3,12,7,10,5,2,2,0,2
09/05/2021,Aston Villa,Man United,1,3,A,1,0,H,C Kavanagh,11,18,5,7,13,18,5,6,1,1,1,0
09/05/2021,West Ham,Everton,0,1,A,0,1,A,S Attwell,11,9,0,3,8,10,5,6,2,1,0,0
09/05/2021,Arsenal,West Brom,3,1,H,2,0,H,P Bankes,15,12,7,1,7,9,6,6,1,2,0,0
10/05/2021,Betis,Granada,2,1,H,1,0,H,,14,11,6,5,16,11,9,2,2,4,0,0
10/05/2021,Fulham,Burnley,0,2,A,0,2,A,D Coote,21,14,3,5,11,10,8,4,2,0,0,0
11/05/2021,Napoli,Udinese,5,1,H,2,1,H,,21,5,12,2,8,14,8,3,0,1,0,0
11/05/2021,Osasuna,Cadiz,3,2,H,1,0,H,,14,10,4,4,15,12,3,5,2,2,0,0
11/05/2021,Elche,Alaves,0,2,A,0,1,A,,11,9,4,2,21,15,7,5,2,4,0,0
11/05/2021,Levante,Barcelona,3,3,D,0,2,A,,16,17,6,5,12,4,8,6,2,2,0,0
11/05/2021,Man United,Leicester,1,2,A,1,1,D,C Pawson,4,12,1,3,9,12,3,4,0,0,0,0
11/05/2021,Southampton,Crystal Palace,3,1,H,1,1,D,A Madley,13,11,6,4,20,13,12,8,2,3,0,0
12/05/2021,Cagliari,Fiorentina,0,0,D,0,0,D,,7,2,1,0,18,10,3,1,1,2,0,0
12/05/2021,Atalanta,Benevento,2,0,H,1,0,H,,14,3,4,1,19,11,7,5,2,5,0,1
12/05/2021,Bologna,Genoa,0,2,A,0,1,A,,17,12,8,9,9,11,12,4,1,3,0,0
12/05/2021,Inter,Roma,3,1,H,2,1,H,,13,17,5,6,4,12,5,8,0,4,0,0
12/05/2021,Lazio,Parma,1,0,H,0,0,D,,14,11,6,5,13,14,7,2,1,3,0,0
12/05/2021,Sampdoria,Spezia,2,2,D,1,1,D,,14,12,6,7,9,17,5,5,2,2,0,0
12/05/2021,Sassuolo,Juventus,1,3,A,0,2,A,,17,14,3,8,10,12,3,5,1,2,0,0
12/05/2021,Torino,Milan,0,7,A,0,2,A,,14,14,1,11,13,15,2,3,2,1,0,0
12/05/2021,Schalke 04,Hertha,1,2,A,1,1,D,,12,18,1,6,9,11,1,7,3,5,0,1
12/05/2021,Sevilla,Valencia,1,0,H,0,0,D,,10,6,4,2,17,6,3,5,2,2,0,0
12/05/2021,Celta,Getafe,1,0,H,1,0,H,,4,13,1,4,16,18,1,5,1,3,0,0
12/05/2021,Huesca,Ath Bilbao,1,0,H,0,0,D,,18,4,6,3,9,14,5,0,0,1,0,0
12/05/2021,Ath Madrid,Sociedad,2,1,H,2,0,H,,12,14,4,7,11,15,1,7,0,0,0,0
12/05/2021,Chelsea,Arsenal,0,1,A,0,1,A,A Marriner,19,5,5,2,7,6,9,1,0,1,0,0
13/05/2021,Crotone,Verona,2,1,H,1,0,H,,9,11,4,2,20,11,0,9,3,1,0,0
13/05/2021,Valladolid,Villarreal,0,2,A,0,0,D,,11,9,2,3,15,14,3,6,3,1,0,0
13/05/2021,Eibar,Betis,1,1,D,0,1,A,,14,9,4,4,12,8,5,4,3,1,0,0
13/05/2021,Granada,Real Madrid,1,4,A,0,2,A,,10,16,5,7,15,9,2,3,3,3,0,0
13/05/2021,Aston Villa,Everton,0,0,D,0,0,D,M Atkinson,13,15,2,5,9,12,9,1,2,0,0,0
13/05/2021,Man United,Liverpool,2,4,A,1,2,A,A Taylor,18,17,3,8,10,12,6,4,3,0,0,0
14/05/2021,Newcastle,Man City,3,4,A,2,2,D,K Friend,11,15,5,6,11,10,4,5,2,2,0,0
15/05/2021,Genoa,Atalanta,3,4,A,0,3,A,,10,14,7,7,13,8,2,4,1,2,0,0
15/05/2021,Spezia,Torino,4,1,H,2,0,H,,14,6,11,3,25,17,3,6,3,5,0,0
15/05/2021,Juventus,Inter,3,2,H,2,1,H,,13,7,7,3,10,18,4,3,5,5,1,1
15/05/2021,Roma,Lazio,2,0,H,1,0,H,,13,10,2,5,8,8,4,4,2,2,0,1
15/05/2021,Augsburg,Werder Bremen,2,0,H,0,0,D,,15,16,7,5,12,17,5,5,3,3,1,1
15/05/2021,Bielefeld,Hoffenheim,1,1,D,1,1,D,,17,7,6,3,5,8,10,4,1,2,0,0
15/05/2021,Freiburg,Bayern Munich,2,2,D,1,1,D,,13,16,4,6,10,13,4,8,1,2,0,0
15/05/2021,Hertha,FC Koln,0,0,D,0,0,D,,1,11,1,3,11,12,1,5,2,2,0,0
15/05/2021,Leverkusen,Union Berlin,1,1,D,1,0,H,,9,15,4,6,9,16,4,5,2,2,0,0
15/05/2021,M'gladbach,Stuttgart,1,2,A,1,0,H,,9,11,4,7,14,14,2,1,2,4,0,0
15/05/2021,Schalke 04,Ein Frankfurt,4,3,H,1,1,D,,11,24,6,9,9,11,1,13,0,2,0,0
15/05/2021,Burnley,Leeds,0,4,A,0,1,A,G Scott,16,16,4,6,10,10,6,8,1,1,0,0
15/05/2021,Southampton,Fulham,3,1,H,1,0,H,C Pawson,11,10,7,3,9,15,6,5,0,1,0,0
15/05/2021,Brighton,West Ham,1,1,D,0,0,D,A Marriner,10,15,2,3,7,5,3,3,1,1,0,0
16/05/2021,Fiorentina,Napoli,0,2,A,0,0,D,,7,18,3,8,15,9,3,6,5,1,1,0
16/05/2021,Benevento,Crotone,1,1,D,1,0,H,,19,6,11,2,12,19,8,4,2,2,0,1
16/05/2021,Udinese,Sampdoria,0,1,A,0,0,D,,9,15,2,6,12,13,6,3,3,1,0,0
16/05/2021,Parma,Sassuolo,1,3,A,1,1,D,,16,15,8,12,13,13,2,12,1,0,0,0
16/05/2021,Milan,Cagliari,0,0,D,0,0,D,,20,6,4,2,8,8,9,7,2,2,0,0
16/05/2021,Mainz,Dortmund,1,3,A,0,2,A,,9,13,5,4,9,11,4,2,0,0,0,0
16/05/2021,RB Leipzig,Wolfsburg,2,2,D,0,2,A,,14,12,4,4,13,15,11,3,3,3,0,0
16/05/2021,Alaves,Granada,4,2,H,2,1,H,,14,5,9,2,7,11,6,1,2,4,0,0
16/05/2021,Ath Bilbao,Real Madrid,0,1,A,0,0,D,,8,11,1,2,10,7,4,11,3,2,1,0
16/05/2021,Ath Madrid,Osasuna,2,1,H,0,0,D,,26,5,9,2,2,13,8,0,1,2,0,0
16/05/2021,Barcelona,Celta,1,2,A,1,1,D,,20,4,4,4,9,14,7,1,3,2,1,0
16/05/2021,Betis,Huesca,1,0,H,0,0,D,,10,7,2,0,15,19,2,5,1,5,0,1
16/05/2021,Cadiz,Elche,1,3,A,1,0,H,,7,20,3,5,13,15,1,8,3,4,0,0
16/05/2021,Getafe,Levante,2,1,H,1,1,D,,9,5,3,1,15,11,3,4,5,0,1,0
16/05/2021,Sociedad,Valladolid,4,1,H,4,0,H,,13,19,8,5,16,11,2,4,2,4,0,1
16/05/2021,Valencia,Eibar,4,1,H,3,1,H,,9,20,5,8,5,7,2,10,0,0,0,0
16/05/2021,Villarreal,Sevilla,4,0,H,1,0,H,,12,17,5,5,9,7,3,6,0,3,0,1
16/05/2021,Bordeaux,Lens,3,0,H,1,0,H,,11,14,4,4,16,15,1,6,2,2,0,0
16/05/2021,Dijon,Nantes,0,4,A,0,2,A,,10,16,1,4,12,10,3,6,2,1,0,0
16/05/2021,Lille,St Etienne,0,0,D,0,0,D,,14,8,3,1,11,14,3,6,1,2,0,0
16/05/2021,Lorient,Metz,2,1,H,1,0,H,,6,3,2,1,16,19,2,1,1,4,0,0
16/05/2021,Marseille,Angers,3,2,H,1,0,H,,16,11,11,5,16,12,3,4,3,2,0,0
16/05/2021,Monaco,Rennes,2,1,H,2,0,H,,11,9,3,2,12,14,4,4,2,2,0,1
16/05/2021,Montpellier,Brest,0,0,D,0,0,D,,4,22,2,9,18,13,1,11,0,3,1,0
16/05/2021,Nice,Strasbourg,0,2,A,0,1,A,,7,11,3,5,9,10,4,4,2,1,0,0
16/05/2021,Nimes,Lyon,2,5,A,1,3,A,,8,21,4,13,7,13,3,6,0,0,0,0
16/05/2021,Paris SG,Reims,4,0,H,2,0,H,,28,2,10,0,14,4,9,5,0,0,0,1
16/05/2021,Crystal Palace,Aston Villa,3,2,H,1,2,A,D Coote,23,19,8,5,23,13,7,7,3,2,0,0
16/05/2021,Tottenham,Wolves,2,0,H,1,0,H,M Atkinson,24,15,13,3,8,11,10,3,1,0,0,0
16/05/2021,West Brom,Liverpool,1,2,A,1,1,D,M Dean,10,26,3,6,7,14,9,13,0,0,0,0
16/05/2021,Everton,Sheffield United,0,1,A,0,1,A,A Moss,16,10,6,3,8,12,11,4,1,3,0,0
17/05/2021,Verona,Bologna,2,2,D,1,1,D,,11,13,5,5,19,17,4,4,3,3,0,0
18/05/2021,Lazio,Torino,0,0,D,0,0,D,,21,6,11,4,11,13,4,0,4,0,0,0
18/05/2021,Man United,Fulham,1,1,D,1,0,H,L Mason,13,8,6,5,10,15,6,1,2,3,0,0
18/05/2021,Southampton,Leeds,0,2,A,0,0,D,P Bankes,18,15,3,7,10,12,4,5,0,3,0,0
18/05/2021,Brighton,Man City,3,2,H,0,1,A,S Attwell,19,8,6,4,13,11,5,3,3,3,0,1
18/05/2021,Chelsea,Leicester,2,1,H,0,0,D,M Dean,17,7,6,3,15,16,6,5,2,4,0,0
19/05/2021,Everton,Wolves,1,0,H,0,0,D,A Madley,14,9,4,3,11,11,7,12,0,2,0,0
19/05/2021,Newcastle,Sheffield United,1,0,H,1,0,H,R Jones,16,11,5,1,7,7,5,2,0,2,0,0
19/05/2021,Tottenham,Aston Villa,1,2,A,1,2,A,C Pawson,10,20,4,4,14,13,4,5,1,1,0,0
19/05/2021,Crystal Palace,Arsenal,1,3,A,0,1,A,A Taylor,12,6,6,3,7,7,6,7,2,1,0,0
19/05/2021,Burnley,Liverpool,0,3,A,0,1,A,C Kavanagh,10,20,4,3,10,7,6,7,0,0,0,0
19/05/2021,West Brom,West Ham,1,3,A,1,1,D,M Oliver,14,21,4,9,8,11,6,8,2,2,0,0
21/05/2021,Levante,Cadiz,2,2,D,1,2,A,,17,6,4,2,17,8,7,0,0,2,0,0
22/05/2021,Cagliari,Genoa,0,1,A,0,1,A,,16,11,7,5,9,13,8,4,1,4,0,1
22/05/2021,Crotone,Fiorentina,0,0,D,0,0,D,,12,11,4,3,11,10,6,5,2,2,0,0
22/05/2021,Sampdoria,Parma,3,0,H,2,0,H,,12,11,4,1,10,12,2,4,1,1,0,0
22/05/2021,Bayern Munich,Augsburg,5,2,H,4,0,H,,24,9,13,5,6,9,10,2,1,1,0,0
22/05/2021,Dortmund,Leverkusen,3,1,H,1,0,H,,10,16,4,7,6,8,3,6,0,0,0,0
22/05/2021,Ein Frankfurt,Freiburg,3,1,H,0,0,D,,18,11,11,6,7,10,8,1,1,0,0,0
22/05/2021,FC Koln,Schalke 04,1,0,H,0,0,D,,20,7,10,1,14,12,8,4,1,2,0,0
22/05/2021,Hoffenheim,Hertha,2,1,H,0,1,A,,21,9,5,5,8,5,4,3,0,0,0,0
22/05/2021,Stuttgart,Bielefeld,0,2,A,0,0,D,,11,11,0,3,12,11,3,6,1,0,0,0
22/05/2021,Union Berlin,RB Leipzig,2,1,H,0,0,D,,11,17,5,7,15,10,7,3,2,1,0,0
22/05/2021,Werder Bremen,M'gladbach,2,4,A,0,1,A,,16,15,8,8,19,12,3,5,1,2,0,0
22/05/2021,Wolfsburg,Mainz,2,3,A,0,1,A,,16,14,5,8,12,19,7,7,3,3,0,0
22/05/2021,Celta,Betis,2,3,A,1,0,H,,11,11,4,5,20,20,8,4,6,7,0,1
22/05/2021,Eibar,Barcelona,0,1,A,0,0,D,,17,7,3,3,11,15,6,3,0,3,0,0
22/05/2021,Elche,Ath Bilbao,2,0,H,1,0,H,,8,8,3,2,10,6,3,1,3,0,0,0
22/05/2021,Huesca,Valencia,0,0,D,0,0,D,,23,11,8,4,17,15,9,3,2,1,0,0
22/05/2021,Osasuna,Sociedad,0,1,A,0,0,D,,7,11,1,1,15,7,3,3,1,0,0,0
22/05/2021,Real Madrid,Villarreal,2,1,H,0,1,A,,14,6,4,2,8,13,6,1,0,0,0,0
22/05/2021,Valladolid,Ath Madrid,1,2,A,1,0,H,,10,14,4,3,11,11,4,6,4,6,0,0
23/05/2021,Inter,Udinese,5,1,H,2,0,H,,14,8,9,2,13,16,3,2,1,0,0,0
23/05/2021,Atalanta,Milan,0,2,A,0,1,A,,11,7,1,3,17,11,3,0,3,3,1,0
23/05/2021,Bologna,Juventus,1,4,A,0,3,A,,18,19,5,11,7,16,3,0,1,2,0,0
23/05/2021,Napoli,Verona,1,1,D,0,0,D,,16,7,3,4,13,25,5,3,3,4,0,0
23/05/2021,Sassuolo,Lazio,2,0,H,1,0,H,,10,9,5,2,11,15,3,3,2,1,1,0
23/05/2021,Spezia,Roma,2,2,D,2,0,H,,18,14,9,10,13,14,5,2,0,1,0,0
23/05/2021,Torino,Benevento,1,1,D,1,0,H,,12,9,7,3,17,10,8,3,0,2,0,0
23/05/2021,Granada,Getafe,0,0,D,0,0,D,,9,11,3,2,16,13,6,3,4,2,0,0
23/05/2021,Sevilla,Alaves,1,0,H,0,0,D,,11,11,2,2,11,8,6,4,1,0,0,0
23/05/2021,Angers,Lille,1,2,A,0,2,A,,10,5,4,2,10,14,4,2,0,2,0,0
23/05/2021,Brest,Paris SG,0,2,A,0,1,A,,6,9,5,4,7,6,5,4,1,2,0,0
23/05/2021,Lens,Monaco,0,0,D,0,0,D,,4,19,1,3,16,6,2,7,3,2,0,0
23/05/2021,Lyon,Nice,2,3,A,2,1,H,,12,14,6,6,8,10,6,6,1,2,0,0
23/05/2021,Metz,Marseille,1,1,D,0,0,D,,10,9,3,2,14,9,1,10,3,2,0,0
23/05/2021,Nantes,Montpellier,1,2,A,1,1,D,,15,8,5,5,8,11,9,5,2,2,0,0
23/05/2021,Reims,Bordeaux,1,2,A,1,1,D,,10,12,3,5,11,6,5,2,1,1,0,0
23/05/2021,Rennes,Nimes,2,0,H,1,0,H,,13,9,6,2,11,10,4,3,1,0,0,0
23/05/2021,St Etienne,Dijon,0,1,A,0,1,A,,19,10,5,2,13,10,9,3,1,0,0,0
23/05/2021,Strasbourg,Lorient,1,1,D,1,0,H,,6,7,2,1,17,9,2,3,1,1,0,0
23/05/2021,Arsenal,Brighton,2,0,H,0,0,D,J Moss,16,5,5,1,10,8,11,3,0,0,0,0
23/05/2021,Aston Villa,Chelsea,2,1,H,1,0,H,S Attwell,6,23,3,7,11,12,2,9,3,3,0,1
23/05/2021,Fulham,Newcastle,0,2,A,0,1,A,C Kavanagh,14,10,0,4,12,6,5,4,1,0,0,0
23/05/2021,Leeds,West Brom,3,1,H,2,0,H,D Coote,17,14,9,5,12,12,8,3,2,1,0,0
23/05/2021,Leicester,Tottenham,2,4,A,1,1,D,A Taylor,10,11,6,4,9,8,8,7,0,2,0,0
23/05/2021,Liverpool,Crystal Palace,2,0,H,1,0,H,C Pawson,19,5,5,4,10,8,14,1,2,2,0,0
23/05/2021,Man City,Everton,5,0,H,2,0,H,M Oliver,21,8,11,3,8,10,7,5,2,2,0,0
23/05/2021,Sheffield United,Burnley,1,0,H,1,0,H,K Friend,12,10,3,3,11,1,8,9,3,1,0,0
23/05/2021,West Ham,Southampton,3,0,H,2,0,H,M Atkinson,14,17,7,5,5,9,2,3,0,3,0,0
23/05/2021,Wolves,Man United,1,2,A,1,2,A,M Dean,14,9,4,4,14,3,6,2,4,1,0,0
06/08/2021,Monaco,Nantes,1,1,D,1,1,D,,15,5,3,1,6,14,5,2,0,0,0,0
07/08/2021,Lyon,Brest,1,1,D,0,1,A,,17,13,4,8,10,12,9,4,1,1,0,0
07/08/2021,Troyes,Paris SG,1,2,A,1,2,A,,15,12,7,3,3,15,9,1,1,4,0,0
08/08/2021,Rennes,Lens,1,1,D,1,1,D,,10,11,2,6,10,14,3,9,0,2,0,0
08/08/2021,Bordeaux,Clermont,0,2,A,0,0,D,,10,19,6,10,13,9,5,10,1,0,0,0
08/08/2021,Nice,Reims,0,0,D,0,0,D,,12,5,2,0,10,8,4,2,1,1,0,0
08/08/2021,St Etienne,Lorient,1,1,D,0,0,D,,20,12,3,3,10,14,8,4,2,3,0,0
08/08/2021,Strasbourg,Angers,0,2,A,0,0,D,,7,9,1,2,18,18,5,4,2,3,0,0
08/08/2021,Metz,Lille,3,3,D,2,1,H,,12,18,5,7,9,10,4,5,1,2,1,0
08/08/2021,Montpellier,Marseille,2,3,A,2,0,H,,8,21,1,7,10,5,6,11,0,1,0,0
13/08/2021,M'gladbach,Bayern Munich,1,1,D,1,1,D,,11,20,5,10,7,4,3,8,2,0,0,0
13/08/2021,Valencia,Getafe,1,0,H,1,0,H,,4,22,2,4,24,15,1,9,6,3,1,1
13/08/2021,Lorient,Monaco,1,0,H,1,0,H,,2,12,2,3,17,15,0,6,3,2,0,0
13/08/2021,Brentford,Arsenal,2,0,H,1,0,H,M Oliver,8,22,3,4,12,8,2,5,0,0,0,0
14/08/2021,Augsburg,Hoffenheim,0,4,A,0,1,A,,7,15,0,8,8,9,6,5,1,2,0,0
14/08/2021,Bielefeld,Freiburg,0,0,D,0,0,D,,10,14,4,6,13,10,4,9,3,4,0,0
14/08/2021,Stuttgart,Greuther Furth,5,1,H,2,0,H,,30,8,15,4,11,8,9,2,0,1,0,0
14/08/2021,Union Berlin,Leverkusen,1,1,D,1,1,D,,8,16,5,4,13,5,1,6,0,1,0,0
14/08/2021,Wolfsburg,Bochum,1,0,H,1,0,H,,21,7,9,1,9,7,5,2,0,2,0,1
14/08/2021,Dortmund,Ein Frankfurt,5,2,H,3,1,H,,12,12,7,3,5,14,7,3,0,0,0,0
14/08/2021,Cadiz,Levante,1,1,D,0,1,A,,7,12,2,3,10,16,2,4,1,5,0,0
14/08/2021,Mallorca,Betis,1,1,D,1,0,H,,6,10,2,1,12,18,4,3,1,3,0,0
14/08/2021,Alaves,Real Madrid,1,4,A,0,0,D,,11,19,4,7,14,10,0,4,1,2,0,0
14/08/2021,Osasuna,Espanol,0,0,D,0,0,D,,14,10,1,3,18,12,4,6,3,3,0,0
14/08/2021,Lille,Nice,0,4,A,0,3,A,,11,11,2,7,9,13,8,7,3,1,0,0
14/08/2021,Paris SG,Strasbourg,4,2,H,3,0,H,,11,8,6,2,6,18,4,4,1,4,0,1
14/08/2021,Man United,Leeds,5,1,H,1,0,H,P Tierney,16,10,8,3,11,9,5,4,1,2,0,0
14/08/2021,Burnley,Brighton,1,2,A,1,0,H,D Coote,14,14,3,8,10,7,7,6,2,1,0,0
14/08/2021,Chelsea,Crystal Palace,3,0,H,2,0,H,J Moss,13,4,6,1,15,11,5,2,0,0,0,0
14/08/2021,Everton,Southampton,3,1,H,0,1,A,A Madley,14,6,6,3,13,15,6,8,2,0,0,0
14/08/2021,Leicester,Wolves,1,0,H,1,0,H,C Pawson,9,17,5,3,6,10,5,4,1,2,0,0
14/08/2021,Watford,Aston Villa,3,2,H,2,0,H,M Dean,13,11,7,2,18,13,2,4,3,1,0,0
14/08/2021,Norwich,Liverpool,0,3,A,0,1,A,A Marriner,14,19,3,8,4,14,3,11,1,1,0,0
15/08/2021,Mainz,RB Leipzig,1,0,H,1,0,H,,7,15,2,2,10,8,5,11,1,2,0,0
15/08/2021,FC Koln,Hertha,3,1,H,1,1,D,,15,11,5,5,18,14,4,5,4,2,0,0
15/08/2021,Celta,Ath Madrid,1,2,A,0,1,A,,10,13,2,4,11,9,2,5,4,5,1,1
15/08/2021,Barcelona,Sociedad,4,2,H,2,0,H,,13,11,8,3,11,18,5,3,2,4,0,0
15/08/2021,Sevilla,Vallecano,3,0,H,1,0,H,,21,4,8,3,14,7,4,0,1,0,0,1
15/08/2021,Angers,Lyon,3,0,H,1,0,H,,13,8,6,3,11,17,6,4,1,5,0,1
15/08/2021,Brest,Rennes,1,1,D,0,0,D,,10,6,5,2,7,16,6,11,2,3,0,0
15/08/2021,Clermont,Troyes,2,0,H,0,0,D,,18,6,8,1,6,11,9,2,1,3,0,1
15/08/2021,Nantes,Metz,2,0,H,1,0,H,,11,10,7,5,18,11,6,6,2,0,0,0
15/08/2021,Reims,Montpellier,3,3,D,2,3,A,,19,15,9,5,11,12,8,7,2,1,0,0
15/08/2021,Lens,St Etienne,2,2,D,1,1,D,,22,12,7,7,10,17,7,2,1,6,0,0
15/08/2021,Marseille,Bordeaux,2,2,D,2,0,H,,10,8,2,2,6,11,3,4,2,2,1,0
15/08/2021,Newcastle,West Ham,2,4,A,2,1,H,M Atkinson,17,8,3,9,4,3,7,6,1,0,0,0
15/08/2021,Tottenham,Man City,1,0,H,0,0,D,A Taylor,13,18,3,4,11,8,3,11,2,1,0,0
16/08/2021,Villarreal,Granada,0,0,D,0,0,D,,14,6,4,1,19,21,6,2,5,1,1,0
16/08/2021,Elche,Ath Bilbao,0,0,D,0,0,D,,8,9,2,3,13,19,6,8,2,2,0,0
20/08/2021,RB Leipzig,Stuttgart,4,0,H,1,0,H,,26,11,11,5,10,11,6,2,0,3,0,0
20/08/2021,Betis,Cadiz,1,1,D,1,1,D,,16,8,7,3,12,10,4,5,4,0,0,0
20/08/2021,Brest,Paris SG,2,4,A,1,2,A,,11,16,3,8,8,7,3,9,1,2,0,0
21/08/2021,Inter,Genoa,4,0,H,2,0,H,,17,11,8,5,18,7,8,2,1,2,0,0
21/08/2021,Verona,Sassuolo,2,3,A,0,1,A,,12,15,4,8,11,12,7,4,3,2,1,0
21/08/2021,Empoli,Lazio,1,3,A,1,3,A,,16,8,5,5,13,10,5,3,2,1,0,0
21/08/2021,Torino,Atalanta,1,2,A,0,1,A,,19,6,8,2,17,13,5,1,2,2,0,0
21/08/2021,Bochum,Mainz,2,0,H,1,0,H,,9,16,5,3,15,19,2,7,4,3,0,0
21/08/2021,Ein Frankfurt,Augsburg,0,0,D,0,0,D,,20,4,5,0,8,10,6,1,3,3,0,0
21/08/2021,Freiburg,Dortmund,2,1,H,1,0,H,,8,19,4,2,14,14,0,10,1,4,0,0
21/08/2021,Greuther Furth,Bielefeld,1,1,D,0,1,A,,20,9,5,2,12,15,5,0,4,2,0,1
21/08/2021,Hertha,Wolfsburg,1,2,A,0,0,D,,12,12,4,3,12,21,4,4,1,2,0,0
21/08/2021,Leverkusen,M'gladbach,4,0,H,2,0,H,,13,11,6,6,9,11,7,3,4,2,0,0
21/08/2021,Alaves,Mallorca,0,1,A,0,0,D,,9,12,4,2,14,15,1,8,3,3,1,0
21/08/2021,Espanol,Villarreal,0,0,D,0,0,D,,14,12,3,2,10,10,9,7,3,4,0,0
21/08/2021,Granada,Valencia,1,1,D,1,0,H,,9,18,2,7,14,12,2,6,4,2,0,0
21/08/2021,Ath Bilbao,Barcelona,1,1,D,0,0,D,,16,9,7,3,15,10,13,2,1,2,0,1
21/08/2021,Monaco,Lens,0,2,A,0,0,D,,9,4,2,2,11,14,13,3,1,1,1,1
21/08/2021,St Etienne,Lille,1,1,D,0,1,A,,10,8,2,6,14,10,5,3,1,3,0,0
21/08/2021,Liverpool,Burnley,2,0,H,1,0,H,M Dean,27,9,9,3,6,12,8,4,0,0,0,0
21/08/2021,Aston Villa,Newcastle,2,0,H,1,0,H,D Coote,10,9,2,1,8,18,3,4,3,4,0,0
21/08/2021,Crystal Palace,Brentford,0,0,D,0,0,D,M Atkinson,7,14,2,3,12,9,3,5,3,1,0,0
21/08/2021,Leeds,Everton,2,2,D,1,1,D,D England,17,17,4,8,6,13,8,5,2,4,0,0
21/08/2021,Man City,Norwich,5,0,H,2,0,H,G Scott,16,1,4,0,13,7,6,1,1,0,0,0
21/08/2021,Brighton,Watford,2,0,H,2,0,H,A Taylor,13,10,3,1,11,6,7,2,4,0,0,0
22/08/2021,Bologna,Salernitana,3,2,H,0,0,D,,18,8,7,4,13,15,9,4,6,3,2,1
22/08/2021,Udinese,Juventus,2,2,D,0,2,A,,11,11,6,4,11,12,3,3,1,3,0,0
22/08/2021,Napoli,Venezia,2,0,H,0,0,D,,13,8,4,4,5,22,2,2,1,7,1,0
22/08/2021,Roma,Fiorentina,3,1,H,1,0,H,,11,11,6,8,12,14,4,4,3,2,1,1
22/08/2021,Hoffenheim,Union Berlin,2,2,D,2,1,H,,7,11,3,8,8,11,6,5,1,3,0,1
22/08/2021,Bayern Munich,FC Koln,3,2,H,0,0,D,,18,10,6,3,14,10,3,4,1,1,0,0
22/08/2021,Sociedad,Vallecano,1,0,H,0,0,D,,13,9,8,1,19,15,5,4,3,4,0,0
22/08/2021,Ath Madrid,Elche,1,0,H,1,0,H,,8,4,4,2,16,10,2,1,2,2,0,0
22/08/2021,Levante,Real Madrid,3,3,D,0,1,A,,8,19,4,5,17,7,4,6,3,2,1,0
22/08/2021,Lyon,Clermont,3,3,D,3,1,H,,21,17,9,5,10,6,5,8,2,2,0,0
22/08/2021,Bordeaux,Angers,1,1,D,1,1,D,,14,6,5,3,19,5,3,3,2,0,0,0
22/08/2021,Metz,Reims,1,1,D,1,1,D,,10,12,4,3,19,14,5,8,4,2,1,1
22/08/2021,Montpellier,Lorient,3,1,H,0,1,A,,32,5,11,4,8,13,5,1,0,6,0,2
22/08/2021,Strasbourg,Troyes,1,1,D,0,1,A,,14,10,4,6,16,17,6,3,3,1,0,0
22/08/2021,Rennes,Nantes,1,0,H,0,0,D,,14,4,5,1,14,13,6,2,2,2,0,0
22/08/2021,Southampton,Man United,1,1,D,1,0,H,C Pawson,8,15,3,4,12,10,7,7,2,3,0,0
22/08/2021,Wolves,Tottenham,0,1,A,0,1,A,S Attwell,25,8,6,6,9,7,5,4,1,4,0,0
22/08/2021,Arsenal,Chelsea,0,2,A,0,2,A,P Tierney,6,22,3,5,10,4,9,8,3,0,0,0
23/08/2021,Cagliari,Spezia,2,2,D,0,1,A,,16,13,10,6,17,17,11,4,2,3,0,0
23/08/2021,Sampdoria,Milan,0,1,A,0,1,A,,11,10,3,4,16,14,8,3,3,1,0,0
23/08/2021,Getafe,Sevilla,0,1,A,0,0,D,,12,9,0,3,18,10,5,4,2,2,0,0
23/08/2021,Osasuna,Celta,0,0,D,0,0,D,,15,4,7,0,19,8,1,2,4,3,0,0
23/08/2021,West Ham,Leicester,4,1,H,1,0,H,M Oliver,13,5,7,1,8,8,10,0,0,1,0,1
27/08/2021,Udinese,Venezia,3,0,H,1,0,H,,18,8,10,3,11,8,7,2,2,3,0,0
27/08/2021,Verona,Inter,1,3,A,1,0,H,,4,15,1,8,13,12,6,4,2,2,0,0
27/08/2021,Dortmund,Hoffenheim,3,2,H,0,0,D,,23,9,13,5,9,12,4,7,2,3,0,0
27/08/2021,Mallorca,Espanol,1,0,H,1,0,H,,12,8,6,3,16,17,3,2,4,3,0,1
27/08/2021,Valencia,Alaves,3,0,H,2,0,H,,9,10,4,3,20,15,4,4,1,4,0,0
27/08/2021,Nantes,Lyon,0,1,A,0,1,A,,18,12,5,5,7,11,6,6,2,2,0,1
28/08/2021,Atalanta,Bologna,0,0,D,0,0,D,,21,3,3,1,11,14,5,5,2,5,0,0
28/08/2021,Lazio,Spezia,6,1,H,3,1,H,,18,5,10,2,12,9,4,2,0,2,0,1
28/08/2021,Fiorentina,Torino,2,1,H,1,0,H,,10,4,7,1,13,28,3,3,4,5,0,0
28/08/2021,Juventus,Empoli,0,1,A,0,1,A,,20,9,6,3,11,6,8,9,2,3,0,0
28/08/2021,Augsburg,Leverkusen,1,4,A,1,2,A,,13,13,4,5,12,10,4,4,0,1,0,0
28/08/2021,Bielefeld,Ein Frankfurt,1,1,D,0,1,A,,14,12,5,3,13,17,4,4,0,3,0,0
28/08/2021,FC Koln,Bochum,2,1,H,0,0,D,,21,10,5,1,11,21,5,5,2,1,0,0
28/08/2021,Mainz,Greuther Furth,3,0,H,2,0,H,,17,8,9,1,21,14,7,4,2,2,0,0
28/08/2021,Stuttgart,Freiburg,2,3,A,2,3,A,,17,14,7,7,10,14,8,5,2,1,0,0
28/08/2021,Bayern Munich,Hertha,5,0,H,2,0,H,,17,8,6,3,4,5,8,3,0,0,0,0
28/08/2021,Celta,Ath Bilbao,0,1,A,0,1,A,,13,6,0,2,12,11,5,4,2,1,0,0
28/08/2021,Elche,Sevilla,1,1,D,1,1,D,,7,18,4,5,6,9,5,3,2,0,0,0
28/08/2021,Sociedad,Levante,1,0,H,1,0,H,,7,6,2,0,17,13,2,2,1,1,0,0
28/08/2021,Betis,Real Madrid,0,1,A,0,0,D,,11,13,6,3,15,13,3,7,5,3,0,0
28/08/2021,Nice,Bordeaux,4,0,H,3,0,H,,11,13,5,4,18,11,3,0,3,2,0,0
28/08/2021,Marseille,St Etienne,3,1,H,1,1,D,,19,11,5,7,11,18,5,4,1,3,0,0
28/08/2021,Man City,Arsenal,5,0,H,3,0,H,M Atkinson,25,1,10,0,5,7,14,0,1,2,0,1
28/08/2021,Aston Villa,Brentford,1,1,D,1,1,D,P Bankes,7,9,5,2,15,14,3,2,3,3,0,0
28/08/2021,Brighton,Everton,0,2,A,0,1,A,J Moss,14,14,3,5,7,9,4,5,1,2,0,0
28/08/2021,Newcastle,Southampton,2,2,D,0,0,D,P Tierney,10,22,5,6,11,6,4,4,3,3,0,0
28/08/2021,Norwich,Leicester,1,2,A,1,1,D,R Jones,14,9,4,3,8,9,9,9,2,1,0,0
28/08/2021,West Ham,Crystal Palace,2,2,D,1,0,H,S Attwell,14,9,4,2,10,7,5,3,1,0,0,0
28/08/2021,Liverpool,Chelsea,1,1,D,1,1,D,A Taylor,24,6,7,3,13,4,12,3,0,2,0,1
29/08/2021,Genoa,Napoli,1,2,A,0,1,A,,7,12,3,8,17,15,4,5,2,3,0,0
29/08/2021,Sassuolo,Sampdoria,0,0,D,0,0,D,,19,13,6,3,9,14,8,6,2,2,0,0
29/08/2021,Milan,Cagliari,4,1,H,4,1,H,,17,6,5,2,12,11,8,3,1,5,0,0
29/08/2021,Salernitana,Roma,0,4,A,0,0,D,,4,21,0,10,12,11,1,10,2,2,0,0
29/08/2021,Union Berlin,M'gladbach,2,1,H,2,0,H,,12,18,4,5,15,6,4,8,2,0,0,0
29/08/2021,Wolfsburg,RB Leipzig,1,0,H,0,0,D,,8,12,2,2,13,18,7,7,4,2,0,0
29/08/2021,Barcelona,Getafe,2,1,H,2,1,H,,7,8,3,3,16,22,3,2,3,1,0,0
29/08/2021,Cadiz,Osasuna,2,3,A,1,0,H,,7,14,3,4,9,6,4,11,4,0,0,0
29/08/2021,Vallecano,Granada,4,0,H,3,0,H,,19,9,6,3,19,14,5,6,1,4,0,0
29/08/2021,Ath Madrid,Villarreal,2,2,D,0,0,D,,24,2,5,2,11,6,16,0,4,2,0,0
29/08/2021,Troyes,Monaco,1,2,A,0,1,A,,12,7,3,4,11,11,5,3,1,2,0,0
29/08/2021,Angers,Rennes,2,0,H,0,0,D,,16,7,4,2,14,10,3,1,1,2,0,1
29/08/2021,Clermont,Metz,2,2,D,1,2,A,,16,12,4,4,11,15,6,3,1,2,0,0
29/08/2021,Lens,Lorient,2,2,D,1,2,A,,19,15,9,7,10,10,8,4,2,4,0,0
29/08/2021,Strasbourg,Brest,3,1,H,2,1,H,,11,11,5,5,12,10,1,9,1,1,0,0
29/08/2021,Lille,Montpellier,2,1,H,1,1,D,,15,6,4,3,15,19,3,4,3,7,0,1
29/08/2021,Reims,Paris SG,0,2,A,0,1,A,,11,12,4,3,13,13,3,3,1,3,0,0
29/08/2021,Burnley,Leeds,1,1,D,0,0,D,M Oliver,12,12,3,2,13,9,5,5,4,3,0,0
29/08/2021,Tottenham,Watford,1,0,H,1,0,H,A Marriner,15,9,8,2,8,14,10,3,3,3,0,0
29/08/2021,Wolves,Man United,0,1,A,0,0,D,M Dean,15,10,6,3,7,9,5,7,3,4,0,0
10/09/2021,Lorient,Lille,2,1,H,1,1,D,,14,9,7,3,13,11,2,5,2,2,0,0
11/09/2021,Empoli,Venezia,1,2,A,0,1,A,,17,10,6,3,12,21,8,2,2,5,0,0
11/09/2021,Napoli,Juventus,2,1,H,0,1,A,,24,7,7,4,14,16,13,1,2,1,0,0
11/09/2021,Atalanta,Fiorentina,1,2,A,0,1,A,,10,7,5,2,14,19,10,3,5,4,0,0
11/09/2021,Freiburg,FC Koln,1,1,D,0,1,A,,10,15,3,5,14,12,4,2,1,3,0,1
11/09/2021,Greuther Furth,Wolfsburg,0,2,A,0,1,A,,7,10,3,4,17,15,3,5,2,3,0,0
11/09/2021,Hoffenheim,Mainz,0,2,A,0,1,A,,12,11,0,4,15,16,4,5,2,1,0,0
11/09/2021,Leverkusen,Dortmund,3,4,A,2,1,H,,11,15,5,7,10,11,4,3,4,3,0,0
11/09/2021,Union Berlin,Augsburg,0,0,D,0,0,D,,15,13,6,6,10,12,6,4,1,2,0,0
11/09/2021,RB Leipzig,Bayern Munich,1,4,A,0,1,A,,10,18,4,6,9,13,2,6,0,0,0,0
11/09/2021,Levante,Vallecano,1,1,D,1,0,H,,7,22,2,6,14,16,2,5,3,4,0,0
11/09/2021,Ath Bilbao,Mallorca,2,0,H,0,0,D,,19,7,5,1,7,13,7,2,1,2,0,0
11/09/2021,Paris SG,Clermont,4,0,H,2,0,H,,13,14,7,2,13,9,4,4,0,1,0,0
11/09/2021,Monaco,Marseille,0,2,A,0,1,A,,7,13,0,5,17,8,3,2,4,1,0,0
11/09/2021,Crystal Palace,Tottenham,3,0,H,0,0,D,J Moss,18,2,4,1,13,15,8,2,2,1,0,1
11/09/2021,Arsenal,Norwich,1,0,H,0,0,D,M Oliver,30,10,7,1,9,11,8,4,1,2,0,0
11/09/2021,Brentford,Brighton,0,1,A,0,0,D,G Scott,7,4,1,2,9,12,1,6,3,2,0,0
11/09/2021,Leicester,Man City,0,1,A,0,0,D,P Tierney,6,25,1,8,4,11,5,8,1,2,0,0
11/09/2021,Man United,Newcastle,4,1,H,1,0,H,A Taylor,21,12,7,3,9,2,7,3,1,0,0,0
11/09/2021,Southampton,West Ham,0,0,D,0,0,D,D Coote,11,13,3,3,10,12,5,4,3,1,0,1
11/09/2021,Watford,Wolves,0,2,A,0,0,D,P Bankes,6,14,2,5,15,13,6,8,3,3,0,0
11/09/2021,Chelsea,Aston Villa,3,0,H,1,0,H,S Attwell,12,18,4,6,11,11,4,11,1,4,0,0
12/09/2021,Sampdoria,Inter,2,2,D,1,2,A,,12,8,3,3,12,13,4,4,4,4,0,0
12/09/2021,Cagliari,Genoa,2,3,A,1,0,H,,8,9,3,3,15,15,2,6,2,3,0,0
12/09/2021,Spezia,Udinese,0,1,A,0,0,D,,20,8,5,4,12,14,4,5,1,2,0,0
12/09/2021,Torino,Salernitana,4,0,H,1,0,H,,15,7,7,2,10,11,7,4,0,2,0,0
12/09/2021,Milan,Lazio,2,0,H,1,0,H,,17,7,3,5,9,18,5,1,1,4,0,0
12/09/2021,Roma,Sassuolo,2,1,H,1,0,H,,19,13,9,7,7,11,4,6,2,1,0,0
12/09/2021,Ein Frankfurt,Stuttgart,1,1,D,0,0,D,,18,9,5,3,13,12,6,6,1,4,0,1
12/09/2021,Bochum,Hertha,1,3,A,0,2,A,,19,5,5,4,9,17,7,2,0,3,0,0
12/09/2021,M'gladbach,Bielefeld,3,1,H,1,1,D,,17,18,4,7,10,18,3,4,1,1,0,0
12/09/2021,Espanol,Ath Madrid,1,2,A,1,0,H,,9,13,3,3,10,11,6,3,1,4,0,0
12/09/2021,Osasuna,Valencia,1,4,A,1,1,D,,11,10,2,4,20,14,4,4,4,2,0,0
12/09/2021,Cadiz,Sociedad,0,2,A,0,0,D,,6,16,1,4,10,9,2,8,4,0,1,0
12/09/2021,Real Madrid,Celta,5,2,H,1,2,A,,15,11,11,4,8,16,7,3,2,3,0,0
12/09/2021,Montpellier,St Etienne,2,0,H,1,0,H,,11,14,4,2,15,17,7,6,1,4,0,0
12/09/2021,Bordeaux,Lens,2,3,A,0,2,A,,11,12,3,5,8,11,2,7,3,2,0,0
12/09/2021,Brest,Angers,1,1,D,0,0,D,,12,8,6,2,19,9,5,3,3,2,1,0
12/09/2021,Metz,Troyes,0,2,A,0,0,D,,16,10,2,5,15,14,2,1,2,1,0,0
12/09/2021,Rennes,Reims,0,2,A,0,1,A,,9,7,1,3,18,11,4,6,1,2,0,0
12/09/2021,Nantes,Nice,0,2,A,0,0,D,,19,9,7,3,7,13,8,3,2,3,0,0
12/09/2021,Lyon,Strasbourg,3,1,H,1,0,H,,14,12,7,4,8,11,4,6,2,1,0,0
12/09/2021,Leeds,Liverpool,0,3,A,0,1,A,C Pawson,9,30,4,9,9,8,2,11,2,1,1,0
13/09/2021,Bologna,Verona,1,0,H,0,0,D,,13,5,4,1,14,21,6,2,1,3,0,0
13/09/2021,Getafe,Elche,0,1,A,0,0,D,,10,8,1,3,6,14,8,2,2,3,0,0
13/09/2021,Granada,Betis,1,2,A,0,1,A,,11,19,2,9,7,14,6,8,1,2,0,0
13/09/2021,Everton,Burnley,3,1,H,0,0,D,M Atkinson,14,11,6,6,3,6,4,6,1,1,0,0
17/09/2021,Sassuolo,Torino,0,1,A,0,0,D,,9,18,1,6,7,20,6,3,0,4,0,0
17/09/2021,Hertha,Greuther Furth,2,1,H,0,0,D,,15,10,3,3,12,13,9,4,1,2,0,0
17/09/2021,Celta,Cadiz,1,2,A,0,2,A,,14,7,4,3,8,8,7,1,3,3,0,0
17/09/2021,Strasbourg,Metz,3,0,H,3,0,H,,10,15,6,5,16,8,3,7,2,4,0,0
17/09/2021,Newcastle,Leeds,1,1,D,1,1,D,M Dean,17,22,7,9,9,11,4,5,2,2,0,0
18/09/2021,Genoa,Fiorentina,1,2,A,0,0,D,,9,16,3,5,13,16,1,11,4,4,0,0
18/09/2021,Inter,Bologna,6,1,H,3,0,H,,19,7,11,2,10,9,5,1,0,3,0,0
18/09/2021,Salernitana,Atalanta,0,1,A,0,0,D,,11,10,1,3,21,13,6,4,4,4,0,0
18/09/2021,Augsburg,M'gladbach,1,0,H,0,0,D,,8,11,1,1,13,9,2,6,1,2,0,0
18/09/2021,Bayern Munich,Bochum,7,0,H,4,0,H,,22,5,15,1,5,9,2,2,1,1,0,0
18/09/2021,Bielefeld,Hoffenheim,0,0,D,0,0,D,,9,16,2,3,16,3,5,6,2,1,0,0
18/09/2021,Mainz,Freiburg,0,0,D,0,0,D,,10,7,3,2,18,16,4,4,2,1,0,0
18/09/2021,FC Koln,RB Leipzig,1,1,D,0,0,D,,14,18,6,9,12,6,4,10,3,1,0,0
18/09/2021,Vallecano,Getafe,3,0,H,1,0,H,,11,13,5,3,20,16,5,3,6,7,0,0
18/09/2021,Ath Madrid,Ath Bilbao,0,0,D,0,0,D,,14,6,2,0,10,13,5,5,6,2,1,0
18/09/2021,Elche,Levante,1,1,D,1,0,H,,9,11,2,6,10,14,4,7,2,2,0,0
18/09/2021,Alaves,Osasuna,0,2,A,0,2,A,,8,13,3,5,11,14,2,8,4,3,0,0
18/09/2021,Lens,Lille,1,0,H,0,0,D,,13,6,4,2,12,8,4,3,2,2,0,0
18/09/2021,St Etienne,Bordeaux,1,2,A,0,1,A,,12,13,5,3,9,11,7,2,1,4,0,0
18/09/2021,Wolves,Brentford,0,2,A,0,2,A,D England,11,9,0,3,10,7,4,2,4,2,0,1
18/09/2021,Burnley,Arsenal,0,1,A,0,1,A,A Taylor,18,13,3,3,9,8,8,3,2,1,0,0
18/09/2021,Liverpool,Crystal Palace,3,0,H,1,0,H,A Madley,25,13,10,2,17,11,10,5,3,1,0,0
18/09/2021,Man City,Southampton,0,0,D,0,0,D,J Moss,18,10,1,2,5,12,8,5,0,2,0,0
18/09/2021,Norwich,Watford,1,3,A,1,1,D,R Jones,12,12,5,8,10,14,4,8,1,1,0,0
18/09/2021,Aston Villa,Everton,3,0,H,0,0,D,C Pawson,15,11,3,1,7,10,5,4,1,1,0,0
19/09/2021,Empoli,Sampdoria,0,3,A,0,1,A,,15,14,4,7,10,10,8,8,2,2,0,0
19/09/2021,Venezia,Spezia,1,2,A,0,1,A,,14,12,3,3,13,10,3,10,4,1,0,0
19/09/2021,Lazio,Cagliari,2,2,D,1,0,H,,28,10,10,3,3,11,10,1,1,3,0,1
19/09/2021,Verona,Roma,3,2,H,0,1,A,,10,15,6,2,14,13,3,8,4,2,0,0
19/09/2021,Juventus,Milan,1,1,D,1,0,H,,9,13,4,3,13,16,4,4,1,1,0,0
19/09/2021,Stuttgart,Leverkusen,1,3,A,1,2,A,,18,7,8,4,11,11,2,6,2,3,0,1
19/09/2021,Dortmund,Union Berlin,4,2,H,2,0,H,,13,9,4,6,10,12,3,6,2,3,0,0
19/09/2021,Wolfsburg,Ein Frankfurt,1,1,D,0,1,A,,15,6,6,2,14,18,7,4,2,6,0,0
19/09/2021,Mallorca,Villarreal,0,0,D,0,0,D,,10,11,1,3,11,16,3,1,2,3,0,0
19/09/2021,Sociedad,Sevilla,0,0,D,0,0,D,,11,11,4,4,16,11,5,6,2,3,0,0
19/09/2021,Betis,Espanol,2,2,D,2,1,H,,23,11,9,4,13,9,10,4,4,4,1,0
19/09/2021,Valencia,Real Madrid,1,2,A,0,0,D,,12,18,4,10,14,14,2,5,1,5,0,0
19/09/2021,Nice,Monaco,2,2,D,0,1,A,,12,8,3,3,17,12,5,2,2,3,0,0
19/09/2021,Angers,Nantes,1,4,A,1,3,A,,10,8,5,4,10,16,10,5,2,2,0,0
19/09/2021,Clermont,Brest,1,1,D,0,0,D,,7,5,4,1,7,19,3,5,1,1,1,0
19/09/2021,Reims,Lorient,0,0,D,0,0,D,,10,6,2,3,12,14,5,6,2,3,0,0
19/09/2021,Troyes,Montpellier,1,1,D,1,0,H,,8,6,3,2,16,11,1,6,4,4,0,1
19/09/2021,Marseille,Rennes,2,0,H,0,0,D,,17,13,6,2,5,17,6,7,0,2,0,0
19/09/2021,Paris SG,Lyon,2,1,H,0,0,D,,14,12,5,5,13,19,10,4,3,1,0,0
19/09/2021,Brighton,Leicester,2,1,H,1,0,H,S Attwell,12,14,5,3,8,10,4,9,2,1,0,0
19/09/2021,West Ham,Man United,1,2,A,1,1,D,M Atkinson,13,17,4,10,5,8,2,11,0,0,0,0
19/09/2021,Tottenham,Chelsea,0,3,A,0,0,D,P Tierney,8,20,2,10,4,15,5,11,0,1,0,0
20/09/2021,Udinese,Napoli,0,4,A,0,2,A,,9,18,1,8,10,11,2,5,2,1,0,0
20/09/2021,Barcelona,Granada,1,1,D,0,1,A,,17,5,6,2,15,20,12,4,3,6,0,0
21/09/2021,Bologna,Genoa,2,2,D,0,0,D,,17,11,6,6,14,15,7,2,3,4,0,0
21/09/2021,Atalanta,Sassuolo,2,1,H,2,1,H,,14,8,5,1,17,16,5,5,2,2,0,0
21/09/2021,Fiorentina,Inter,1,3,A,1,0,H,,14,17,6,5,11,15,4,8,2,3,1,0
21/09/2021,Getafe,Ath Madrid,1,2,A,1,0,H,,7,12,2,4,15,11,2,5,4,5,1,0
21/09/2021,Ath Bilbao,Vallecano,1,2,A,1,1,D,,8,8,1,3,16,20,2,1,3,3,0,0
21/09/2021,Levante,Celta,0,2,A,0,0,D,,6,4,2,2,16,12,2,4,3,2,0,0
22/09/2021,Salernitana,Verona,2,2,D,1,2,A,,15,10,4,5,13,17,4,5,2,3,0,0
22/09/2021,Spezia,Juventus,2,3,A,1,1,D,,10,26,5,9,14,10,5,15,2,1,0,0
22/09/2021,Cagliari,Empoli,0,2,A,0,1,A,,16,17,1,5,15,13,7,4,2,1,0,0
22/09/2021,Milan,Venezia,2,0,H,0,0,D,,15,8,4,2,12,13,4,4,0,2,0,0
22/09/2021,Espanol,Alaves,1,0,H,0,0,D,,10,8,2,2,14,18,4,8,2,1,0,0
22/09/2021,Sevilla,Valencia,3,1,H,3,1,H,,11,8,5,3,25,21,1,4,5,3,0,0
22/09/2021,Real Madrid,Mallorca,6,1,H,3,1,H,,18,17,12,5,18,8,3,2,2,1,0,0
22/09/2021,Villarreal,Elche,4,1,H,2,1,H,,14,9,9,3,16,11,8,7,1,2,0,0
22/09/2021,Lille,Reims,2,1,H,2,0,H,,7,11,4,5,16,14,4,4,2,1,0,0
22/09/2021,Monaco,St Etienne,3,1,H,1,1,D,,14,9,6,3,16,13,6,3,1,1,0,1
22/09/2021,Montpellier,Bordeaux,3,3,D,1,2,A,,15,15,6,7,10,8,6,6,0,2,0,0
22/09/2021,Nantes,Brest,3,1,H,1,0,H,,14,10,6,2,8,13,4,4,1,2,0,0
22/09/2021,Rennes,Clermont,6,0,H,2,0,H,,21,4,10,1,14,5,5,7,2,1,0,0
22/09/2021,Angers,Marseille,0,0,D,0,0,D,,9,6,1,1,9,7,4,2,1,3,0,0
22/09/2021,Lens,Strasbourg,0,1,A,0,0,D,,17,6,4,1,14,7,7,3,2,3,1,0
22/09/2021,Lorient,Nice,1,0,H,1,0,H,,8,13,1,1,12,16,6,5,2,4,1,0
22/09/2021,Lyon,Troyes,3,1,H,0,1,A,,15,12,8,7,7,9,7,3,1,3,0,0
22/09/2021,Metz,Paris SG,1,2,A,1,1,D,,6,15,2,5,12,12,3,3,6,2,1,0
23/09/2021,Sampdoria,Napoli,0,4,A,0,2,A,,13,17,5,9,10,7,5,5,2,1,0,0
23/09/2021,Torino,Lazio,1,1,D,0,0,D,,16,6,5,2,19,9,6,5,3,3,0,0
23/09/2021,Roma,Udinese,1,0,H,1,0,H,,12,8,2,3,22,8,6,6,4,1,1,0
23/09/2021,Granada,Sociedad,2,3,A,1,0,H,,10,20,2,11,11,16,4,7,5,1,0,0
23/09/2021,Osasuna,Betis,1,3,A,1,1,D,,11,16,3,9,18,10,4,7,2,0,0,0
23/09/2021,Cadiz,Barcelona,0,0,D,0,0,D,,13,6,3,2,16,8,4,5,3,4,0,1
24/09/2021,Greuther Furth,Bayern Munich,1,3,A,0,2,A,,11,12,6,4,18,13,6,3,4,1,0,1
25/09/2021,Spezia,Milan,1,2,A,0,0,D,,8,18,2,5,12,11,2,4,2,2,0,0
25/09/2021,Inter,Atalanta,2,2,D,1,2,A,,19,23,6,5,13,11,4,11,3,5,0,0
25/09/2021,Genoa,Verona,3,3,D,0,1,A,,10,12,4,7,13,13,3,2,3,2,0,0
25/09/2021,Ein Frankfurt,FC Koln,1,1,D,1,1,D,,10,15,3,2,11,19,7,6,2,3,0,0
25/09/2021,Hoffenheim,Wolfsburg,3,1,H,1,1,D,,11,13,3,2,13,9,5,2,2,2,0,0
25/09/2021,Leverkusen,Mainz,1,0,H,0,0,D,,16,14,9,5,11,12,6,3,4,3,0,0
25/09/2021,RB Leipzig,Hertha,6,0,H,3,0,H,,18,5,11,3,8,19,2,1,1,3,0,0
25/09/2021,Union Berlin,Bielefeld,1,0,H,0,0,D,,17,9,4,2,9,5,5,4,1,0,0,0
25/09/2021,M'gladbach,Dortmund,1,0,H,1,0,H,,14,8,3,0,17,15,5,1,4,4,0,1
25/09/2021,Alaves,Ath Madrid,1,0,H,1,0,H,,7,13,1,1,18,11,3,8,2,3,0,0
25/09/2021,Valencia,Ath Bilbao,1,1,D,0,0,D,,13,12,6,4,14,17,4,5,5,2,1,0
25/09/2021,Sevilla,Espanol,2,0,H,1,0,H,,12,13,5,2,10,8,4,8,4,0,1,0
25/09/2021,Real Madrid,Villarreal,0,0,D,0,0,D,,15,6,2,2,10,12,6,3,1,2,0,0
25/09/2021,St Etienne,Nice,0,3,A,0,1,A,,11,14,6,9,9,13,2,9,0,2,0,0
25/09/2021,Strasbourg,Lille,1,2,A,0,1,A,,10,16,3,7,16,12,8,8,4,4,1,0
25/09/2021,Lyon,Lorient,1,1,D,0,1,A,,12,12,2,5,9,10,9,3,1,2,1,0
25/09/2021,Paris SG,Montpellier,2,0,H,1,0,H,,16,10,5,4,10,8,8,7,0,1,0,0
25/09/2021,Chelsea,Man City,0,1,A,0,0,D,M Oliver,5,15,0,4,12,10,4,13,3,2,0,0
25/09/2021,Man United,Aston Villa,0,1,A,0,0,D,M Dean,28,7,4,3,9,13,5,5,2,2,0,0
25/09/2021,Everton,Norwich,2,0,H,1,0,H,D Coote,11,10,4,2,12,9,6,4,2,3,0,0
25/09/2021,Leeds,West Ham,1,2,A,1,0,H,K Friend,15,20,5,7,10,6,5,7,3,2,0,0
25/09/2021,Leicester,Burnley,2,2,D,1,2,A,C Kavanagh,22,9,5,3,10,8,8,4,2,4,0,0
25/09/2021,Watford,Newcastle,1,1,D,0,1,A,J Gillett,15,20,4,6,19,12,5,6,4,3,0,0
25/09/2021,Brentford,Liverpool,3,3,D,1,1,D,S Attwell,12,16,4,6,8,7,2,11,1,1,0,0
26/09/2021,Juventus,Sampdoria,3,2,H,2,1,H,,16,5,6,3,22,16,4,2,4,3,0,0
26/09/2021,Empoli,Bologna,4,2,H,2,1,H,,15,20,7,5,15,22,2,10,2,2,0,0
26/09/2021,Sassuolo,Salernitana,1,0,H,0,0,D,,17,12,6,5,16,16,4,8,3,3,0,0
26/09/2021,Udinese,Fiorentina,0,1,A,0,1,A,,12,8,5,2,14,11,4,1,2,3,0,0
26/09/2021,Lazio,Roma,3,2,H,2,1,H,,9,20,4,8,11,13,1,9,2,4,0,0
26/09/2021,Napoli,Cagliari,2,0,H,1,0,H,,18,6,7,1,12,10,6,4,2,1,0,0
26/09/2021,Bochum,Stuttgart,0,0,D,0,0,D,,14,8,4,3,15,12,7,2,2,5,0,0
26/09/2021,Freiburg,Augsburg,3,0,H,3,0,H,,19,8,9,2,11,13,6,3,0,1,0,0
26/09/2021,Mallorca,Osasuna,2,3,A,2,1,H,,17,12,8,6,8,17,5,5,2,3,0,0
26/09/2021,Barcelona,Levante,3,0,H,2,0,H,,20,6,12,2,11,16,11,1,1,3,0,0
26/09/2021,Sociedad,Elche,1,0,H,0,0,D,,17,5,5,2,12,16,6,1,1,3,0,0
26/09/2021,Vallecano,Cadiz,3,1,H,2,1,H,,13,6,6,1,11,11,4,3,2,4,0,0
26/09/2021,Betis,Getafe,2,0,H,1,0,H,,20,8,5,3,12,19,3,3,1,3,0,0
26/09/2021,Bordeaux,Rennes,1,1,D,0,0,D,,10,18,3,8,6,20,8,6,1,4,0,0
26/09/2021,Brest,Metz,1,2,A,0,1,A,,11,6,2,4,16,16,4,3,3,2,0,0
26/09/2021,Reims,Nantes,3,1,H,0,0,D,,9,11,5,2,14,10,3,7,1,1,0,0
26/09/2021,Troyes,Angers,1,1,D,1,0,H,,6,17,3,6,9,8,2,9,4,2,1,0
26/09/2021,Clermont,Monaco,1,3,A,1,1,D,,12,6,4,3,9,12,5,1,2,4,0,0
26/09/2021,Marseille,Lens,2,3,A,2,2,D,,14,14,4,5,4,14,5,7,2,1,0,0
26/09/2021,Southampton,Wolves,0,1,A,0,0,D,A Madley,18,5,6,3,12,8,5,5,0,0,0,0
26/09/2021,Arsenal,Tottenham,3,1,H,3,0,H,C Pawson,12,10,7,4,12,13,4,4,2,1,0,0
27/09/2021,Venezia,Torino,1,1,D,0,0,D,,8,8,2,3,9,18,4,1,1,4,0,1
27/09/2021,Celta,Granada,1,0,H,0,0,D,,14,7,5,4,9,12,5,3,2,7,0,0
27/09/2021,Crystal Palace,Brighton,1,1,D,1,0,H,A Marriner,8,8,3,4,12,10,6,5,2,3,0,0
01/10/2021,Cagliari,Venezia,1,1,D,1,0,H,,9,10,3,4,15,19,2,4,2,5,0,0
01/10/2021,FC Koln,Greuther Furth,3,1,H,0,1,A,,18,7,8,3,16,18,8,1,1,1,0,0
01/10/2021,Ath Bilbao,Alaves,1,0,H,1,0,H,,16,17,5,5,16,12,13,9,3,2,0,0
01/10/2021,Lens,Reims,2,0,H,1,0,H,,13,3,7,0,13,13,5,3,3,1,0,1
02/10/2021,Salernitana,Genoa,1,0,H,0,0,D,,10,19,4,4,15,17,10,8,2,2,0,0
02/10/2021,Torino,Juventus,0,1,A,0,0,D,,12,10,2,3,20,14,4,6,3,1,0,0
02/10/2021,Sassuolo,Inter,1,2,A,1,0,H,,12,18,8,3,10,19,6,8,4,2,0,0
02/10/2021,Dortmund,Augsburg,2,1,H,1,1,D,,17,5,3,3,9,16,7,3,1,3,0,0
02/10/2021,Hertha,Freiburg,1,2,A,0,1,A,,12,9,3,4,17,15,4,9,3,0,0,0
02/10/2021,Stuttgart,Hoffenheim,3,1,H,1,0,H,,12,13,6,4,14,12,9,4,0,1,0,0
02/10/2021,Wolfsburg,M'gladbach,1,3,A,1,2,A,,10,19,5,11,17,10,4,6,7,3,1,0
02/10/2021,RB Leipzig,Bochum,3,0,H,0,0,D,,15,9,9,2,10,16,2,3,1,1,0,0
02/10/2021,Osasuna,Vallecano,1,0,H,0,0,D,,7,7,3,0,19,9,6,3,3,3,0,0
02/10/2021,Mallorca,Levante,1,0,H,0,0,D,,9,6,7,2,18,25,8,3,4,4,0,0
02/10/2021,Cadiz,Valencia,0,0,D,0,0,D,,2,16,1,4,16,11,1,3,3,4,0,0
02/10/2021,Ath Madrid,Barcelona,2,0,H,2,0,H,,6,9,3,2,13,10,2,6,2,1,0,0
02/10/2021,Montpellier,Strasbourg,1,1,D,1,1,D,,12,6,4,3,12,14,3,4,2,0,0,0
02/10/2021,Nice,Brest,2,1,H,1,0,H,,20,6,9,2,8,12,6,2,1,1,0,0
02/10/2021,Man United,Everton,1,1,D,1,0,H,M Oliver,13,12,6,2,10,9,10,1,1,1,0,0
02/10/2021,Burnley,Norwich,0,0,D,0,0,D,K Friend,14,10,4,2,13,3,9,5,5,2,0,0
02/10/2021,Chelsea,Southampton,3,1,H,1,0,H,M Atkinson,20,6,9,2,11,13,7,2,1,3,0,1
02/10/2021,Leeds,Watford,1,0,H,1,0,H,S Hooper,20,5,4,1,10,16,6,3,0,3,0,0
02/10/2021,Wolves,Newcastle,2,1,H,1,1,D,G Scott,7,8,3,2,15,5,0,4,0,2,0,0
02/10/2021,Brighton,Arsenal,0,0,D,0,0,D,J Moss,21,8,2,2,8,5,8,5,2,1,0,0
03/10/2021,Bologna,Lazio,3,0,H,2,0,H,,10,8,3,4,5,16,3,3,2,5,0,1
03/10/2021,Sampdoria,Udinese,3,3,D,1,2,A,,13,18,3,7,12,15,6,8,4,5,0,0
03/10/2021,Verona,Spezia,4,0,H,3,0,H,,6,12,4,4,15,11,1,5,1,1,0,1
03/10/2021,Fiorentina,Napoli,1,2,A,1,1,D,,10,12,3,6,16,13,8,2,3,3,0,0
03/10/2021,Roma,Empoli,2,0,H,1,0,H,,18,11,7,3,11,16,5,5,2,3,0,0
03/10/2021,Atalanta,Milan,2,3,A,0,2,A,,17,13,6,7,13,14,9,5,1,4,0,0
03/10/2021,Mainz,Union Berlin,1,2,A,1,0,H,,11,15,4,3,15,6,2,5,2,4,1,0
03/10/2021,Bayern Munich,Ein Frankfurt,1,2,A,1,1,D,,21,5,11,3,6,8,10,1,2,1,0,0
03/10/2021,Bielefeld,Leverkusen,0,4,A,0,2,A,,10,19,3,7,13,7,2,4,4,1,0,0
03/10/2021,Elche,Celta,1,0,H,0,0,D,,12,10,5,1,14,19,7,4,4,3,0,0
03/10/2021,Espanol,Real Madrid,2,1,H,1,0,H,,8,18,4,4,12,13,2,8,2,1,0,0
03/10/2021,Getafe,Sociedad,1,1,D,1,0,H,,9,10,2,5,16,11,2,5,4,2,0,0
03/10/2021,Villarreal,Betis,2,0,H,1,0,H,,11,10,5,3,14,9,4,6,2,4,0,0
03/10/2021,Granada,Sevilla,1,0,H,1,0,H,,3,14,1,3,13,11,2,6,3,4,0,1
03/10/2021,Rennes,Paris SG,2,0,H,1,0,H,,12,13,4,0,9,4,4,4,2,3,0,0
03/10/2021,Angers,Metz,3,2,H,0,1,A,,18,2,5,2,16,11,12,2,1,3,0,0
03/10/2021,Lorient,Clermont,1,1,D,0,1,A,,6,8,1,4,19,12,4,4,2,1,0,0
03/10/2021,Monaco,Bordeaux,3,0,H,1,0,H,,12,4,4,1,12,13,10,2,2,1,0,0
03/10/2021,Nantes,Troyes,2,0,H,0,0,D,,8,15,4,4,14,10,3,7,2,2,0,0
03/10/2021,Lille,Marseille,2,0,H,1,0,H,,12,10,5,3,10,13,3,5,2,3,0,1
03/10/2021,St Etienne,Lyon,1,1,D,0,1,A,,18,15,6,5,14,10,6,4,2,3,0,1
03/10/2021,Crystal Palace,Leicester,2,2,D,0,2,A,A Taylor,18,9,4,5,15,11,1,3,2,3,0,0
03/10/2021,Tottenham,Aston Villa,2,1,H,1,0,H,C Kavanagh,17,14,8,3,11,14,5,8,2,1,0,0
03/10/2021,West Ham,Brentford,1,2,A,0,1,A,P Bankes,18,13,5,6,16,13,11,6,2,3,0,0
03/10/2021,Liverpool,Man City,2,2,D,0,0,D,P Tierney,6,12,4,3,10,12,3,4,3,3,0,0
15/10/2021,Hoffenheim,FC Koln,5,0,H,1,0,H,,14,10,8,0,13,7,3,3,1,1,0,0
15/10/2021,Paris SG,Angers,2,1,H,0,1,A,,13,7,2,2,8,10,6,5,1,2,0,0
16/10/2021,Spezia,Salernitana,2,1,H,0,1,A,,18,15,5,4,13,15,10,2,2,3,0,0
16/10/2021,Lazio,Inter,3,1,H,0,1,A,,19,12,8,4,12,12,7,3,3,6,1,0
16/10/2021,Milan,Verona,3,2,H,0,2,A,,17,10,4,5,11,20,5,4,1,4,0,0
16/10/2021,Dortmund,Mainz,3,1,H,1,0,H,,11,5,5,2,7,12,6,2,2,4,0,0
16/10/2021,Ein Frankfurt,Hertha,1,2,A,0,1,A,,13,12,5,6,17,16,7,4,1,2,0,0
16/10/2021,Freiburg,RB Leipzig,1,1,D,0,1,A,,15,13,2,4,10,17,8,5,0,4,0,0
16/10/2021,Greuther Furth,Bochum,0,1,A,0,0,D,,12,9,3,2,16,16,4,3,2,4,0,0
16/10/2021,Union Berlin,Wolfsburg,2,0,H,0,0,D,,6,13,3,4,7,16,3,3,3,1,0,0
16/10/2021,M'gladbach,Stuttgart,1,1,D,1,1,D,,31,5,8,2,14,21,9,1,3,3,0,0
16/10/2021,Levante,Getafe,0,0,D,0,0,D,,6,14,2,4,14,10,3,11,3,3,0,0
16/10/2021,Sociedad,Mallorca,1,0,H,0,0,D,,10,7,2,1,11,21,2,6,3,3,1,0
16/10/2021,Clermont,Lille,1,0,H,1,0,H,,9,9,3,2,9,8,6,9,1,2,0,0
16/10/2021,Lyon,Monaco,2,0,H,0,0,D,,14,9,8,3,8,10,2,4,1,2,0,0
16/10/2021,Watford,Liverpool,0,5,A,0,2,A,J Moss,6,19,2,8,4,10,1,9,0,0,0,0
16/10/2021,Aston Villa,Wolves,2,3,A,0,0,D,M Oliver,14,9,5,4,8,17,6,7,2,3,0,0
16/10/2021,Leicester,Man United,4,2,H,1,1,D,C Pawson,22,18,11,6,5,17,4,3,0,3,0,0
16/10/2021,Man City,Burnley,2,0,H,1,0,H,M Atkinson,15,7,6,2,11,5,6,2,1,0,0,0
16/10/2021,Norwich,Brighton,0,0,D,0,0,D,P Bankes,15,11,3,3,5,14,8,4,3,5,0,0
16/10/2021,Southampton,Leeds,1,0,H,0,0,D,D Coote,19,3,5,0,16,14,8,1,2,3,0,0
16/10/2021,Brentford,Chelsea,0,1,A,0,1,A,A Taylor,17,5,7,1,13,8,5,5,1,1,0,0
17/10/2021,Cagliari,Sampdoria,3,1,H,1,0,H,,12,17,5,3,14,18,5,9,4,2,0,0
17/10/2021,Empoli,Atalanta,1,4,A,1,2,A,,13,22,6,7,10,15,5,4,3,2,0,0
17/10/2021,Genoa,Sassuolo,2,2,D,1,2,A,,19,15,4,5,11,18,6,1,2,4,0,0
17/10/2021,Udinese,Bologna,1,1,D,0,0,D,,10,23,2,11,15,11,2,8,3,7,1,0
17/10/2021,Napoli,Torino,1,0,H,0,0,D,,10,11,3,3,6,20,3,4,2,4,0,0
17/10/2021,Juventus,Roma,1,0,H,1,0,H,,6,14,2,4,18,13,0,6,3,5,0,0
17/10/2021,Leverkusen,Bayern Munich,1,5,A,0,5,A,,7,27,4,11,9,9,4,7,0,0,0,0
17/10/2021,Augsburg,Bielefeld,1,1,D,1,0,H,,14,10,6,3,8,15,9,5,3,1,0,0
17/10/2021,Vallecano,Elche,2,1,H,1,1,D,,10,7,4,3,16,11,6,2,2,2,0,0
17/10/2021,Celta,Sevilla,0,1,A,0,0,D,,14,8,3,2,13,9,5,4,2,3,0,0
17/10/2021,Villarreal,Osasuna,1,2,A,0,1,A,,11,6,6,2,6,14,4,4,1,5,0,0
17/10/2021,Barcelona,Valencia,3,1,H,2,1,H,,12,9,5,3,16,13,9,3,2,3,0,0
17/10/2021,Troyes,Nice,1,0,H,1,0,H,,8,11,3,3,10,20,3,3,2,1,0,0
17/10/2021,Bordeaux,Nantes,1,1,D,0,0,D,,8,13,1,7,10,16,2,5,2,3,0,0
17/10/2021,Brest,Reims,1,1,D,0,1,A,,9,13,4,2,18,13,7,7,3,4,0,0
17/10/2021,Metz,Rennes,0,3,A,0,3,A,,9,21,2,8,14,9,4,10,3,1,0,0
17/10/2021,Strasbourg,St Etienne,5,1,H,2,1,H,,12,4,6,2,18,10,7,4,3,2,0,1
17/10/2021,Montpellier,Lens,1,0,H,0,0,D,,15,19,6,5,8,16,3,2,4,4,1,0
17/10/2021,Marseille,Lorient,4,1,H,1,1,D,,16,15,6,7,7,10,6,4,0,1,0,0
17/10/2021,Everton,West Ham,0,1,A,0,0,D,S Attwell,15,16,2,4,3,3,7,9,0,2,0,0
17/10/2021,Newcastle,Tottenham,2,3,A,1,3,A,A Marriner,7,14,1,4,13,4,2,9,4,1,1,0
18/10/2021,Venezia,Fiorentina,1,0,H,1,0,H,,4,10,2,2,17,11,2,5,2,5,0,1
18/10/2021,Alaves,Betis,0,1,A,0,0,D,,14,19,2,4,8,11,7,7,1,1,0,0
18/10/2021,Espanol,Cadiz,2,0,H,1,0,H,,14,13,6,2,8,10,7,9,1,0,0,0
18/10/2021,Arsenal,Crystal Palace,2,2,D,1,0,H,M Dean,17,9,6,6,7,4,6,4,1,1,0,0
22/10/2021,Torino,Genoa,3,2,H,2,0,H,,17,14,6,4,20,18,2,4,2,3,0,0
22/10/2021,Sampdoria,Spezia,2,1,H,2,0,H,,6,17,2,7,9,9,0,8,3,1,0,0
22/10/2021,Mainz,Augsburg,4,1,H,3,0,H,,19,6,8,2,9,11,6,2,1,3,0,0
22/10/2021,Osasuna,Granada,1,1,D,1,0,H,,17,9,6,4,15,11,4,1,1,3,1,0
22/10/2021,St Etienne,Angers,2,2,D,0,1,A,,17,4,6,2,12,18,6,1,0,3,0,0
22/10/2021,Arsenal,Aston Villa,3,1,H,2,0,H,C Pawson,22,10,9,4,17,10,7,4,2,5,0,0
23/10/2021,Salernitana,Empoli,2,4,A,0,4,A,,12,11,6,6,11,16,7,1,1,3,0,0
23/10/2021,Sassuolo,Venezia,3,1,H,1,1,D,,14,8,7,3,10,15,5,4,1,2,0,0
23/10/2021,Bologna,Milan,2,4,A,0,2,A,,9,15,4,7,7,15,4,1,1,3,2,0
23/10/2021,Bayern Munich,Hoffenheim,4,0,H,2,0,H,,15,9,7,2,4,18,4,2,0,4,0,0
23/10/2021,Bielefeld,Dortmund,1,3,A,0,2,A,,13,14,6,7,13,9,7,2,1,0,0,0
23/10/2021,RB Leipzig,Greuther Furth,4,1,H,0,1,A,,13,8,5,4,15,12,3,4,2,0,0,0
23/10/2021,Wolfsburg,Freiburg,0,2,A,0,1,A,,17,11,4,4,17,15,7,1,3,0,0,0
23/10/2021,Hertha,M'gladbach,1,0,H,1,0,H,,10,10,4,1,11,21,2,6,2,2,0,0
23/10/2021,Valencia,Mallorca,2,2,D,0,2,A,,20,9,6,4,15,19,5,0,4,5,0,2
23/10/2021,Cadiz,Alaves,0,2,A,0,1,A,,23,8,4,4,11,14,14,3,0,2,0,0
23/10/2021,Elche,Espanol,2,2,D,1,0,H,,12,20,7,7,15,9,3,7,3,1,0,0
23/10/2021,Ath Bilbao,Villarreal,2,1,H,1,1,D,,14,11,7,3,7,12,9,2,0,3,0,0
23/10/2021,Nantes,Clermont,2,1,H,1,0,H,,8,4,4,1,15,11,1,3,1,0,1,1
23/10/2021,Lille,Brest,1,1,D,1,1,D,,13,13,3,5,10,15,5,4,1,2,0,0
23/10/2021,Chelsea,Norwich,7,0,H,3,0,H,A Madley,23,3,13,1,14,16,5,0,0,2,0,1
23/10/2021,Crystal Palace,Newcastle,1,1,D,0,0,D,D England,15,6,3,2,13,9,3,7,3,4,0,0
23/10/2021,Everton,Watford,2,5,A,1,1,D,G Scott,15,20,4,8,9,13,3,5,4,3,0,0
23/10/2021,Leeds,Wolves,1,1,D,0,1,A,R Jones,18,8,4,4,15,14,6,3,2,3,0,0
23/10/2021,Southampton,Burnley,2,2,D,1,1,D,C Kavanagh,16,9,4,5,10,11,6,2,1,3,0,0
23/10/2021,Brighton,Man City,1,4,A,0,3,A,K Friend,10,23,5,14,10,6,7,6,2,3,0,0
24/10/2021,Atalanta,Udinese,1,1,D,0,0,D,,8,9,3,3,15,15,6,3,2,2,0,0
24/10/2021,Fiorentina,Cagliari,3,0,H,2,0,H,,21,3,5,1,11,15,4,1,0,2,0,0
24/10/2021,Verona,Lazio,4,1,H,2,0,H,,16,9,7,4,12,15,3,4,2,2,0,0
24/10/2021,Roma,Napoli,0,0,D,0,0,D,,13,11,1,3,14,10,7,4,4,1,0,0
24/10/2021,Inter,Juventus,1,1,D,1,0,H,,10,16,2,4,14,16,5,2,2,2,0,0
24/10/2021,FC Koln,Leverkusen,2,2,D,0,2,A,,17,9,5,6,10,15,6,6,1,3,0,0
24/10/2021,Stuttgart,Union Berlin,1,1,D,0,1,A,,8,11,2,3,16,13,1,2,3,1,1,0
24/10/2021,Bochum,Ein Frankfurt,2,0,H,1,0,H,,19,14,7,6,9,11,4,7,0,2,0,0
24/10/2021,Sevilla,Levante,5,3,H,3,1,H,,18,12,11,7,13,6,10,3,1,2,0,0
24/10/2021,Barcelona,Real Madrid,1,2,A,0,1,A,,12,10,2,5,17,13,7,4,1,1,0,0
24/10/2021,Betis,Vallecano,3,2,H,2,1,H,,11,14,5,3,12,12,4,4,1,2,0,0
24/10/2021,Ath Madrid,Sociedad,2,2,D,0,1,A,,17,8,4,4,14,14,4,3,1,3,0,0
24/10/2021,Nice,Lyon,3,2,H,0,1,A,,17,13,7,8,11,7,3,2,1,0,0,1
24/10/2021,Lens,Metz,4,1,H,2,1,H,,11,9,5,4,9,13,5,6,2,3,0,0
24/10/2021,Lorient,Bordeaux,1,1,D,0,0,D,,14,11,4,5,12,13,9,4,4,2,0,1
24/10/2021,Reims,Troyes,1,2,A,1,1,D,,18,7,5,4,14,13,7,1,4,2,1,0
24/10/2021,Rennes,Strasbourg,1,0,H,0,0,D,,17,8,3,2,6,11,11,6,1,2,0,0
24/10/2021,Monaco,Montpellier,3,1,H,2,0,H,,14,12,4,3,14,16,4,4,1,4,0,0
24/10/2021,Marseille,Paris SG,0,0,D,0,0,D,,15,10,1,4,7,8,4,5,1,2,0,1
24/10/2021,Brentford,Leicester,1,2,A,0,1,A,S Hooper,15,10,5,6,13,7,9,2,1,1,0,0
24/10/2021,West Ham,Tottenham,1,0,H,0,0,D,P Tierney,13,7,4,4,11,4,2,4,2,1,0,0
24/10/2021,Man United,Liverpool,0,5,A,0,4,A,A Taylor,12,19,4,8,10,8,6,3,6,0,1,0
25/10/2021,Getafe,Celta,0,3,A,0,0,D,,11,16,2,8,15,11,2,7,2,2,2,0
26/10/2021,Spezia,Genoa,1,1,D,0,0,D,,13,9,3,2,12,16,3,3,2,4,0,0
26/10/2021,Venezia,Salernitana,1,2,A,1,0,H,,8,21,4,7,17,13,4,5,3,3,1,0
26/10/2021,Milan,Torino,1,0,H,1,0,H,,10,12,2,2,14,21,2,5,3,3,0,0
26/10/2021,Alaves,Elche,1,0,H,0,0,D,,16,4,5,1,13,9,4,7,1,1,0,0
26/10/2021,Espanol,Ath Bilbao,1,1,D,1,0,H,,14,23,3,7,7,12,8,12,1,2,1,0
26/10/2021,Villarreal,Cadiz,3,3,D,1,2,A,,14,9,5,4,13,9,8,2,3,6,0,0
27/10/2021,Juventus,Sassuolo,1,2,A,0,1,A,,14,8,3,4,21,15,4,4,1,5,0,0
27/10/2021,Sampdoria,Atalanta,1,3,A,1,2,A,,8,13,3,4,15,19,3,3,4,3,0,0
27/10/2021,Udinese,Verona,1,1,D,1,0,H,,16,5,5,2,13,12,7,4,1,2,0,0
27/10/2021,Cagliari,Roma,1,2,A,0,0,D,,7,22,5,3,16,16,2,10,3,4,0,0
27/10/2021,Empoli,Inter,0,2,A,0,1,A,,9,21,3,9,20,15,5,6,1,3,1,0
27/10/2021,Lazio,Fiorentina,1,0,H,0,0,D,,5,9,2,1,16,11,3,6,3,3,0,0
27/10/2021,Mallorca,Sevilla,1,1,D,1,0,H,,11,10,4,3,16,14,4,2,3,6,1,0
27/10/2021,Vallecano,Barcelona,1,0,H,1,0,H,,13,16,3,1,17,12,3,7,2,2,0,0
27/10/2021,Betis,Valencia,4,1,H,2,1,H,,14,10,9,4,14,19,4,7,2,5,0,0
27/10/2021,Real Madrid,Osasuna,0,0,D,0,0,D,,17,7,3,0,12,10,11,3,1,1,0,0
27/10/2021,Nice,Marseille,1,1,D,1,1,D,,11,7,3,1,16,8,6,5,2,2,0,0
28/10/2021,Napoli,Bologna,3,0,H,2,0,H,,18,8,6,1,20,5,4,2,1,1,0,0
28/10/2021,Celta,Sociedad,0,2,A,0,0,D,,14,11,6,4,12,11,7,6,1,0,0,0
28/10/2021,Granada,Getafe,1,1,D,0,1,A,,18,6,3,4,10,15,5,0,1,4,0,0
28/10/2021,Levante,Ath Madrid,2,2,D,1,1,D,,10,7,3,3,15,11,5,2,3,5,1,0
29/10/2021,Hoffenheim,Hertha,2,0,H,2,0,H,,14,5,3,2,15,9,9,4,2,1,0,1
29/10/2021,Paris SG,Lille,2,1,H,0,1,A,,17,11,6,3,7,10,4,5,1,5,0,0
30/10/2021,Atalanta,Lazio,2,2,D,1,1,D,,17,8,3,5,13,13,6,2,1,3,0,0
30/10/2021,Verona,Juventus,2,1,H,2,0,H,,12,15,5,4,22,8,4,1,4,3,0,0
30/10/2021,Torino,Sampdoria,3,0,H,1,0,H,,16,5,6,1,19,8,4,5,2,4,0,1
30/10/2021,Bielefeld,Mainz,1,2,A,1,1,D,,15,16,7,6,16,9,6,6,2,3,0,0
30/10/2021,Dortmund,FC Koln,2,0,H,1,0,H,,7,19,4,6,10,11,4,3,2,3,0,0
30/10/2021,Freiburg,Greuther Furth,3,1,H,2,0,H,,12,8,5,4,10,13,5,2,0,2,0,0
30/10/2021,Leverkusen,Wolfsburg,0,2,A,0,0,D,,12,13,1,8,11,15,10,2,3,2,0,1
30/10/2021,Union Berlin,Bayern Munich,2,5,A,1,3,A,,9,14,6,6,9,7,6,1,1,1,0,0
30/10/2021,Ein Frankfurt,RB Leipzig,1,1,D,0,1,A,,12,15,3,7,11,9,5,5,1,1,0,0
30/10/2021,Elche,Real Madrid,1,2,A,0,1,A,,13,17,4,5,11,13,5,4,2,0,1,0
30/10/2021,Sevilla,Osasuna,2,0,H,1,0,H,,16,10,4,3,17,10,4,5,2,2,0,0
30/10/2021,Valencia,Villarreal,2,0,H,1,0,H,,9,11,3,1,19,17,7,6,2,4,0,0
30/10/2021,Barcelona,Alaves,1,1,D,0,0,D,,16,3,5,2,11,11,9,0,0,2,0,0
30/10/2021,Metz,St Etienne,1,1,D,1,1,D,,9,10,4,3,16,11,5,8,0,3,0,0
30/10/2021,Lyon,Lens,2,1,H,2,0,H,,13,18,4,10,7,13,3,5,1,2,0,0
30/10/2021,Leicester,Arsenal,0,2,A,0,2,A,M Oliver,16,9,8,5,8,11,7,6,2,0,0,0
30/10/2021,Burnley,Brentford,3,1,H,3,0,H,J Moss,15,12,6,5,7,10,4,2,1,1,0,0
30/10/2021,Liverpool,Brighton,2,2,D,2,1,H,M Dean,14,9,3,6,8,5,5,3,2,2,0,0
30/10/2021,Man City,Crystal Palace,0,2,A,0,1,A,A Marriner,14,8,3,3,11,11,7,1,2,3,1,0
30/10/2021,Newcastle,Chelsea,0,3,A,0,0,D,P Tierney,6,19,1,6,14,12,0,2,3,2,0,0
30/10/2021,Watford,Southampton,0,1,A,0,1,A,P Bankes,10,12,4,1,16,6,5,8,2,2,0,0
30/10/2021,Tottenham,Man United,0,3,A,0,1,A,S Attwell,9,10,0,4,12,14,10,2,2,3,0,0
31/10/2021,Inter,Udinese,2,0,H,0,0,D,,15,9,6,5,9,11,6,4,0,2,0,0
31/10/2021,Fiorentina,Spezia,3,0,H,1,0,H,,27,3,12,0,9,20,7,4,4,3,0,0
31/10/2021,Genoa,Venezia,0,0,D,0,0,D,,19,6,4,2,13,13,12,4,1,3,0,0
31/10/2021,Sassuolo,Empoli,1,2,A,1,0,H,,15,14,5,6,16,12,4,6,4,2,0,0
31/10/2021,Salernitana,Napoli,0,1,A,0,0,D,,9,18,3,3,11,13,4,4,0,2,1,1
31/10/2021,Roma,Milan,1,2,A,0,1,A,,24,8,6,3,19,13,6,2,4,7,0,1
31/10/2021,Augsburg,Stuttgart,4,1,H,1,1,D,,20,12,12,3,15,12,7,5,3,4,0,0
31/10/2021,M'gladbach,Bochum,2,1,H,2,0,H,,14,11,5,4,7,15,9,1,1,1,0,0
31/10/2021,Cadiz,Mallorca,1,1,D,0,1,A,,13,11,2,5,14,16,6,5,3,7,0,2
31/10/2021,Ath Madrid,Betis,3,0,H,1,0,H,,18,8,9,1,11,12,13,0,0,0,0,0
31/10/2021,Getafe,Espanol,2,1,H,1,1,D,,12,10,7,3,18,11,6,11,7,4,0,0
31/10/2021,Sociedad,Ath Bilbao,1,1,D,0,0,D,,8,11,3,5,21,14,2,7,4,3,0,1
31/10/2021,Angers,Nice,1,2,A,1,0,H,,3,14,2,5,14,9,3,8,1,2,0,0
31/10/2021,Bordeaux,Reims,3,2,H,0,1,A,,17,12,7,8,5,10,12,2,3,2,0,0
31/10/2021,Montpellier,Nantes,2,0,H,0,0,D,,19,12,10,1,12,23,5,5,3,5,0,0
31/10/2021,Strasbourg,Lorient,4,0,H,3,0,H,,15,5,6,0,12,10,6,3,1,0,0,0
31/10/2021,Troyes,Rennes,2,2,D,2,1,H,,14,13,5,5,6,15,5,12,0,1,0,0
31/10/2021,Brest,Monaco,2,0,H,1,0,H,,7,5,3,2,8,17,2,5,1,5,0,0
31/10/2021,Clermont,Marseille,0,1,A,0,1,A,,12,9,1,4,14,11,4,2,1,4,0,0
31/10/2021,Norwich,Leeds,1,2,A,0,0,D,A Taylor,14,13,3,6,14,23,5,0,1,4,0,0
31/10/2021,Aston Villa,West Ham,1,4,A,1,2,A,C Kavanagh,9,21,3,9,7,13,3,6,1,2,1,0
01/11/2021,Bologna,Cagliari,2,0,H,0,0,D,,8,9,3,2,11,9,5,2,3,2,0,1
01/11/2021,Vallecano,Celta,0,0,D,0,0,D,,11,10,5,4,13,14,4,7,2,5,0,0
01/11/2021,Levante,Granada,0,3,A,0,2,A,,12,12,3,6,14,13,3,5,4,2,0,0
01/11/2021,Wolves,Everton,2,1,H,2,0,H,M Atkinson,10,14,4,5,10,8,4,3,1,1,0,0
05/11/2021,Empoli,Genoa,2,2,D,0,1,A,,10,15,2,7,8,21,4,5,0,4,0,0
05/11/2021,Mainz,M'gladbach,1,1,D,0,1,A,,19,11,8,5,15,8,9,1,3,3,0,0
05/11/2021,Ath Bilbao,Cadiz,0,1,A,0,1,A,,15,8,5,4,14,19,5,1,2,1,0,0
05/11/2021,Lens,Troyes,4,0,H,3,0,H,,28,14,12,6,14,8,4,2,1,1,0,0
05/11/2021,Southampton,Aston Villa,1,0,H,1,0,H,A Madley,9,14,3,3,12,12,10,8,2,2,0,0
06/11/2021,Spezia,Torino,1,0,H,0,0,D,,7,9,3,1,15,17,2,3,3,3,0,0
06/11/2021,Juventus,Fiorentina,1,0,H,0,0,D,,13,6,3,1,15,15,5,5,2,4,0,1
06/11/2021,Cagliari,Atalanta,1,2,A,1,2,A,,7,21,1,8,11,9,2,7,1,1,0,0
06/11/2021,Bayern Munich,Freiburg,2,1,H,1,0,H,,29,14,11,4,5,13,6,4,0,0,0,0
06/11/2021,Bochum,Hoffenheim,2,0,H,0,0,D,,14,9,4,1,7,20,2,4,1,5,0,0
06/11/2021,Stuttgart,Bielefeld,0,1,A,0,1,A,,9,15,4,2,11,11,8,4,0,3,0,0
06/11/2021,Wolfsburg,Augsburg,1,0,H,1,0,H,,9,13,4,3,14,13,0,8,2,3,0,0
06/11/2021,RB Leipzig,Dortmund,2,1,H,1,0,H,,15,9,7,3,12,18,5,6,3,5,0,0
06/11/2021,Espanol,Granada,2,0,H,2,0,H,,17,18,6,5,12,8,5,3,1,1,0,0
06/11/2021,Celta,Barcelona,3,3,D,0,3,A,,18,10,4,6,18,18,3,1,3,6,0,0
06/11/2021,Alaves,Levante,2,1,H,0,1,A,,10,12,3,7,21,17,1,3,3,3,0,0
06/11/2021,Real Madrid,Vallecano,2,1,H,2,0,H,,15,19,7,7,8,14,4,5,1,2,0,0
06/11/2021,Lille,Angers,1,1,D,1,0,H,,11,9,6,5,13,9,4,8,2,2,1,0
06/11/2021,Bordeaux,Paris SG,2,3,A,0,2,A,,18,9,6,5,9,10,10,5,2,1,0,0
06/11/2021,Man United,Man City,0,2,A,0,2,A,M Oliver,5,16,1,5,9,12,1,9,1,2,0,0
06/11/2021,Brentford,Norwich,1,2,A,0,2,A,J Gillett,19,9,7,5,12,13,6,2,2,3,0,0
06/11/2021,Chelsea,Burnley,1,1,D,1,0,H,A Marriner,25,5,4,2,6,9,14,2,1,4,0,0
06/11/2021,Crystal Palace,Wolves,2,0,H,0,0,D,G Scott,13,4,6,2,14,13,4,6,2,1,0,0
06/11/2021,Brighton,Newcastle,1,1,D,1,0,H,D Coote,14,6,5,1,16,10,2,5,3,4,1,0
07/11/2021,Venezia,Roma,3,2,H,1,2,A,,13,27,7,10,12,18,4,11,2,2,0,0
07/11/2021,Sampdoria,Bologna,1,2,A,0,0,D,,10,14,4,7,14,12,6,5,4,1,0,0
07/11/2021,Udinese,Sassuolo,3,2,H,2,2,D,,13,10,2,4,14,15,1,5,3,3,1,0
07/11/2021,Lazio,Salernitana,3,0,H,2,0,H,,16,5,5,0,7,14,5,1,1,2,0,0
07/11/2021,Napoli,Verona,1,1,D,1,1,D,,16,11,1,3,16,19,3,2,2,7,0,2
07/11/2021,Milan,Inter,1,1,D,1,1,D,,16,13,4,3,16,11,4,8,1,0,0,0
07/11/2021,Hertha,Leverkusen,1,1,D,1,0,H,,15,8,5,3,13,13,5,6,1,3,0,0
07/11/2021,FC Koln,Union Berlin,2,2,D,1,2,A,,16,9,5,3,8,19,5,2,2,2,0,0
07/11/2021,Greuther Furth,Ein Frankfurt,1,2,A,0,0,D,,20,14,2,4,12,17,6,3,4,1,0,0
07/11/2021,Villarreal,Getafe,1,0,H,1,0,H,,10,5,4,2,12,13,6,4,1,1,0,0
07/11/2021,Valencia,Ath Madrid,3,3,D,0,1,A,,11,13,5,7,12,17,9,0,2,2,0,0
07/11/2021,Mallorca,Elche,2,2,D,0,0,D,,18,7,6,2,11,19,3,3,2,3,0,0
07/11/2021,Osasuna,Sociedad,0,2,A,0,0,D,,6,9,2,4,11,12,5,2,0,2,0,0
07/11/2021,Betis,Sevilla,0,2,A,0,0,D,,8,11,1,2,12,13,2,1,3,1,1,0
07/11/2021,Marseille,Metz,0,0,D,0,0,D,,15,12,3,4,8,9,9,7,1,3,0,1
07/11/2021,Lorient,Brest,1,2,A,1,0,H,,9,16,3,5,10,8,3,6,1,1,1,0
07/11/2021,Nantes,Strasbourg,2,2,D,1,1,D,,20,17,6,6,15,12,9,5,2,1,0,1
07/11/2021,Reims,Monaco,0,0,D,0,0,D,,11,12,4,3,9,13,5,6,0,2,0,0
07/11/2021,St Etienne,Clermont,3,2,H,0,0,D,,18,9,4,4,7,10,9,2,1,1,0,0
07/11/2021,Nice,Montpellier,0,1,A,0,0,D,,22,8,6,2,9,7,8,2,2,0,0,0
07/11/2021,Rennes,Lyon,4,1,H,1,0,H,,25,6,12,4,12,12,7,2,2,2,0,0
07/11/2021,Arsenal,Watford,1,0,H,0,0,D,K Friend,14,7,6,1,6,19,4,2,4,2,0,1
07/11/2021,Everton,Tottenham,0,0,D,0,0,D,C Kavanagh,12,8,2,0,13,17,4,2,2,4,1,0
07/11/2021,Leeds,Leicester,1,1,D,1,1,D,D England,18,9,5,3,12,5,10,5,1,1,0,0
07/11/2021,West Ham,Liverpool,3,2,H,1,1,D,C Pawson,7,16,3,5,11,6,3,2,1,1,0,0
19/11/2021,Augsburg,Bayern Munich,2,1,H,2,1,H,,6,18,3,4,18,9,1,10,2,1,0,0
19/11/2021,Levante,Ath Bilbao,0,0,D,0,0,D,,15,7,2,2,16,7,6,3,2,1,0,0
19/11/2021,Monaco,Lille,2,2,D,1,2,A,,17,15,8,8,15,16,6,5,3,5,1,0
20/11/2021,Atalanta,Spezia,5,2,H,3,1,H,,18,10,9,5,10,11,0,6,2,3,0,0
20/11/2021,Lazio,Juventus,0,2,A,0,1,A,,8,11,1,5,12,15,3,2,3,1,0,0
20/11/2021,Fiorentina,Milan,4,3,H,2,0,H,,9,17,5,7,6,10,5,6,1,1,0,0
20/11/2021,Bielefeld,Wolfsburg,2,2,D,1,0,H,,10,13,3,5,15,9,6,5,4,1,0,0
20/11/2021,Dortmund,Stuttgart,2,1,H,0,0,D,,20,12,4,4,11,14,2,3,0,2,0,0
20/11/2021,Hoffenheim,RB Leipzig,2,0,H,1,0,H,,24,4,8,0,17,18,7,2,2,2,0,0
20/11/2021,Leverkusen,Bochum,1,0,H,1,0,H,,11,19,5,7,10,13,7,7,3,2,0,0
20/11/2021,M'gladbach,Greuther Furth,4,0,H,3,0,H,,19,4,11,2,11,13,7,7,1,3,0,0
20/11/2021,Union Berlin,Hertha,2,0,H,2,0,H,,16,6,5,3,17,13,7,6,1,1,0,0
20/11/2021,Celta,Villarreal,1,1,D,0,1,A,,12,18,3,6,14,17,3,5,1,1,0,0
20/11/2021,Sevilla,Alaves,2,2,D,1,2,A,,16,8,6,3,14,17,5,2,4,4,0,0
20/11/2021,Ath Madrid,Osasuna,1,0,H,0,0,D,,15,9,2,3,7,8,7,4,2,2,0,0
20/11/2021,Barcelona,Espanol,1,0,H,0,0,D,,16,12,6,2,17,9,4,4,4,2,0,0
20/11/2021,Paris SG,Nantes,3,1,H,1,0,H,,14,12,7,6,8,12,4,3,1,2,1,0
20/11/2021,Rennes,Montpellier,2,0,H,2,0,H,,30,4,7,2,9,10,8,2,1,3,0,1
20/11/2021,Leicester,Chelsea,0,3,A,0,2,A,P Tierney,4,16,3,7,15,8,3,5,3,1,0,0
20/11/2021,Aston Villa,Brighton,2,0,H,0,0,D,A Taylor,9,6,5,2,7,13,5,7,3,3,0,0
20/11/2021,Burnley,Crystal Palace,3,3,D,2,3,A,S Hooper,15,18,9,8,14,15,3,6,2,3,0,0
20/11/2021,Newcastle,Brentford,3,3,D,2,2,D,R Jones,23,10,9,4,13,11,8,2,2,2,0,0
20/11/2021,Norwich,Southampton,2,1,H,1,1,D,M Atkinson,8,17,4,5,8,9,5,7,3,2,0,0
20/11/2021,Watford,Man United,4,1,H,2,0,H,J Moss,20,9,7,3,7,5,9,3,2,1,0,1
20/11/2021,Wolves,West Ham,1,0,H,0,0,D,M Dean,15,8,5,3,6,9,7,3,1,1,0,0
20/11/2021,Liverpool,Arsenal,4,0,H,1,0,H,M Oliver,19,5,9,3,15,12,6,1,2,0,0,0
21/11/2021,Sassuolo,Cagliari,2,2,D,1,1,D,,20,11,4,4,13,10,6,5,1,2,0,0
21/11/2021,Bologna,Venezia,0,1,A,0,0,D,,22,8,6,6,6,9,17,0,0,3,0,0
21/11/2021,Salernitana,Sampdoria,0,2,A,0,2,A,,18,13,2,6,10,19,13,3,0,3,0,0
21/11/2021,Inter,Napoli,3,2,H,2,1,H,,17,9,7,3,15,16,4,1,4,3,0,0
21/11/2021,Genoa,Roma,0,2,A,0,0,D,,1,19,1,4,13,13,1,2,3,2,0,0
21/11/2021,Freiburg,Ein Frankfurt,0,2,A,0,2,A,,20,13,6,7,10,16,10,4,0,4,0,0
21/11/2021,Mainz,FC Koln,1,1,D,1,0,H,,11,12,2,6,18,7,5,7,2,1,0,0
21/11/2021,Getafe,Cadiz,4,0,H,1,0,H,,17,10,8,2,14,7,3,7,2,4,0,0
21/11/2021,Granada,Real Madrid,1,4,A,1,2,A,,11,21,3,10,10,7,9,6,1,1,1,0
21/11/2021,Elche,Betis,0,3,A,0,3,A,,14,9,4,4,12,14,10,1,1,2,0,1
21/11/2021,Sociedad,Valencia,0,0,D,0,0,D,,9,8,2,3,11,16,2,4,4,7,1,0
21/11/2021,Brest,Lens,4,0,H,3,0,H,,13,14,5,5,7,7,5,5,1,2,0,1
21/11/2021,Angers,Lorient,1,0,H,0,0,D,,8,10,4,3,15,13,6,3,4,0,0,0
21/11/2021,Metz,Bordeaux,3,3,D,1,2,A,,20,19,9,5,12,11,2,4,2,2,1,0
21/11/2021,Strasbourg,Reims,1,1,D,0,1,A,,21,10,3,3,8,13,5,4,1,4,0,0
21/11/2021,Troyes,St Etienne,0,1,A,0,0,D,,15,14,3,4,13,11,6,8,1,4,0,0
21/11/2021,Clermont,Nice,1,2,A,1,0,H,,18,9,6,4,7,16,3,5,1,4,0,0
21/11/2021,Man City,Everton,3,0,H,1,0,H,S Attwell,17,4,7,1,5,7,7,1,1,1,0,0
21/11/2021,Tottenham,Leeds,2,1,H,0,1,A,A Marriner,13,18,4,7,11,12,4,8,1,4,0,0
22/11/2021,Verona,Empoli,2,1,H,0,0,D,,22,9,5,4,7,13,1,3,1,3,0,0
22/11/2021,Torino,Udinese,2,1,H,1,0,H,,14,18,4,7,19,17,4,7,1,3,0,0
22/11/2021,Vallecano,Mallorca,3,1,H,2,0,H,,15,11,6,5,14,17,6,4,3,2,0,0
26/11/2021,Cagliari,Salernitana,1,1,D,0,0,D,,19,8,3,2,13,10,7,6,3,1,0,0
26/11/2021,Stuttgart,Mainz,2,1,H,1,1,D,,8,18,3,5,7,17,5,6,2,2,0,0
26/11/2021,Ath Bilbao,Granada,2,2,D,1,2,A,,17,8,5,4,12,9,8,3,1,1,1,0
26/11/2021,Lens,Angers,2,2,D,0,1,A,,9,12,4,5,15,6,5,5,2,0,0,0
27/11/2021,Empoli,Fiorentina,2,1,H,0,0,D,,17,16,5,7,15,10,8,5,1,1,0,0
27/11/2021,Sampdoria,Verona,3,1,H,0,1,A,,15,14,5,3,13,16,4,5,4,1,0,0
27/11/2021,Juventus,Atalanta,0,1,A,0,1,A,,15,7,2,1,13,20,6,4,4,5,0,0
27/11/2021,Venezia,Inter,0,2,A,0,1,A,,6,27,1,11,9,4,3,9,2,0,0,0
27/11/2021,Bochum,Freiburg,2,1,H,0,0,D,,13,22,5,11,12,13,4,7,2,1,0,0
27/11/2021,FC Koln,M'gladbach,4,1,H,0,0,D,,15,15,9,5,15,11,4,4,1,3,0,0
27/11/2021,Greuther Furth,Hoffenheim,3,6,A,1,2,A,,14,20,7,11,17,17,4,10,1,0,0,0
27/11/2021,Hertha,Augsburg,1,1,D,1,0,H,,10,20,4,7,11,14,5,6,2,3,0,0
27/11/2021,Wolfsburg,Dortmund,1,3,A,1,1,D,,15,16,7,8,9,11,7,7,4,1,0,0
27/11/2021,Bayern Munich,Bielefeld,1,0,H,0,0,D,,23,8,9,0,8,13,13,4,1,1,0,0
27/11/2021,Alaves,Celta,1,2,A,1,1,D,,13,8,5,5,12,15,5,3,3,2,0,0
27/11/2021,Valencia,Vallecano,1,1,D,1,0,H,,8,12,4,6,18,15,3,9,6,5,0,0
27/11/2021,Mallorca,Getafe,0,0,D,0,0,D,,12,11,2,0,8,19,2,0,3,0,0,0
27/11/2021,Villarreal,Barcelona,1,3,A,0,0,D,,14,12,2,6,19,14,4,4,2,2,0,0
27/11/2021,Lille,Nantes,1,1,D,1,1,D,,10,7,3,3,7,12,12,1,1,2,0,1
27/11/2021,Nice,Metz,0,1,A,0,1,A,,20,4,2,1,13,12,8,1,2,2,0,0
27/11/2021,Arsenal,Newcastle,2,0,H,0,0,D,S Attwell,24,9,6,5,6,12,4,4,1,3,0,0
27/11/2021,Crystal Palace,Aston Villa,1,2,A,0,1,A,M Salisbury,8,10,3,3,12,10,7,3,3,3,0,0
27/11/2021,Liverpool,Southampton,4,0,H,3,0,H,A Marriner,20,7,6,3,7,14,5,7,0,1,0,0
27/11/2021,Norwich,Wolves,0,0,D,0,0,D,S Hooper,14,5,4,2,11,10,4,3,2,2,0,0
27/11/2021,Brighton,Leeds,0,0,D,0,0,D,C Pawson,20,11,4,4,12,14,6,1,1,3,0,0
28/11/2021,Udinese,Genoa,0,0,D,0,0,D,,17,8,3,2,18,11,8,1,3,4,0,0
28/11/2021,Milan,Sassuolo,1,3,A,1,2,A,,15,15,2,5,15,7,7,6,4,2,1,0
28/11/2021,Spezia,Bologna,0,1,A,0,0,D,,13,17,5,5,16,12,3,6,3,1,0,0
28/11/2021,Roma,Torino,1,0,H,1,0,H,,10,17,2,3,7,11,2,9,2,1,0,0
28/11/2021,Napoli,Lazio,4,0,H,3,0,H,,18,6,8,2,9,14,1,3,2,4,0,0
28/11/2021,Ein Frankfurt,Union Berlin,2,1,H,1,0,H,,17,7,4,4,4,7,7,2,0,4,0,0
28/11/2021,RB Leipzig,Leverkusen,1,3,A,0,2,A,,14,11,3,4,10,9,7,2,1,3,0,0
28/11/2021,Betis,Levante,3,1,H,0,1,A,,26,8,8,2,16,9,5,8,2,3,0,0
28/11/2021,Espanol,Sociedad,1,0,H,0,0,D,,8,10,2,4,15,7,2,9,1,1,0,0
28/11/2021,Cadiz,Ath Madrid,1,4,A,0,0,D,,8,17,0,7,13,11,4,8,2,0,0,0
28/11/2021,Real Madrid,Sevilla,2,1,H,1,1,D,,14,11,4,6,10,9,0,4,3,3,0,0
28/11/2021,St Etienne,Paris SG,1,3,A,1,1,D,,8,15,4,8,7,10,5,5,3,1,1,0
28/11/2021,Bordeaux,Brest,1,2,A,1,0,H,,16,14,4,4,13,11,5,2,3,1,0,0
28/11/2021,Lorient,Rennes,0,2,A,0,0,D,,6,11,0,5,11,11,3,4,0,2,0,0
28/11/2021,Monaco,Strasbourg,1,1,D,1,0,H,,8,7,3,4,12,9,4,3,2,1,0,0
28/11/2021,Reims,Clermont,1,0,H,0,0,D,,12,4,3,0,13,13,4,1,2,2,0,0
28/11/2021,Montpellier,Lyon,0,1,A,0,1,A,,15,11,6,3,7,15,8,5,1,4,0,0
28/11/2021,Marseille,Troyes,1,0,H,0,0,D,,14,5,4,2,10,17,7,3,1,4,0,0
28/11/2021,Brentford,Everton,1,0,H,1,0,H,D England,6,14,4,5,8,11,3,3,4,3,0,0
28/11/2021,Leicester,Watford,4,2,H,3,1,H,A Madley,18,16,8,5,5,19,8,6,0,0,0,0
28/11/2021,Man City,West Ham,2,1,H,1,0,H,M Oliver,19,5,9,3,7,6,8,4,2,0,0,0
28/11/2021,Chelsea,Man United,1,1,D,0,0,D,A Taylor,24,3,6,2,13,14,15,2,2,5,0,0
29/11/2021,Osasuna,Elche,1,1,D,1,1,D,,17,10,4,4,16,12,5,4,1,3,0,0
30/11/2021,Atalanta,Venezia,4,0,H,2,0,H,,19,8,6,4,11,9,4,2,0,1,0,0
30/11/2021,Fiorentina,Sampdoria,3,1,H,3,1,H,,17,11,7,4,6,16,3,6,0,3,0,0
30/11/2021,Salernitana,Juventus,0,2,A,0,1,A,,4,18,0,7,14,9,4,4,1,1,0,0
30/11/2021,Verona,Cagliari,0,0,D,0,0,D,,15,12,6,4,15,12,11,1,3,2,0,0
30/11/2021,Newcastle,Norwich,1,1,D,0,0,D,A Madley,9,16,1,6,8,11,2,5,0,0,0,1
30/11/2021,Leeds,Crystal Palace,1,0,H,0,0,D,K Friend,15,9,3,1,15,15,7,4,5,3,0,0
01/12/2021,Bologna,Roma,1,0,H,1,0,H,,6,13,3,5,9,18,3,3,3,4,0,0
01/12/2021,Inter,Spezia,2,0,H,1,0,H,,31,7,11,4,18,10,11,1,1,2,0,0
01/12/2021,Genoa,Milan,0,3,A,0,2,A,,10,18,3,5,11,16,2,6,2,1,0,0
01/12/2021,Sassuolo,Napoli,2,2,D,0,0,D,,9,9,7,4,10,19,5,4,4,2,0,0
01/12/2021,Real Madrid,Ath Bilbao,1,0,H,1,0,H,,17,18,7,2,12,13,7,6,2,3,0,0
01/12/2021,Angers,Monaco,1,3,A,0,2,A,,9,14,3,8,13,18,4,4,1,2,0,0
01/12/2021,Brest,St Etienne,1,0,H,0,0,D,,8,13,3,3,8,9,1,3,2,3,0,0
01/12/2021,Metz,Montpellier,1,3,A,0,2,A,,20,10,7,7,14,9,7,4,2,2,0,0
01/12/2021,Strasbourg,Bordeaux,5,2,H,3,1,H,,19,13,6,2,14,13,5,2,2,3,0,0
01/12/2021,Troyes,Lorient,2,0,H,2,0,H,,10,9,3,3,12,11,4,3,1,1,0,0
01/12/2021,Clermont,Lens,2,2,D,1,1,D,,19,9,7,2,7,13,5,3,4,5,1,0
01/12/2021,Lyon,Reims,1,2,A,0,0,D,,14,8,6,4,14,17,3,4,3,2,0,0
01/12/2021,Nantes,Marseille,0,1,A,0,1,A,,3,15,1,5,13,7,4,6,3,2,1,0
01/12/2021,Paris SG,Nice,0,0,D,0,0,D,,22,4,5,2,5,13,6,5,2,2,0,0
01/12/2021,Rennes,Lille,1,2,A,0,2,A,,10,6,2,2,12,12,3,1,2,1,0,0
01/12/2021,Southampton,Leicester,2,2,D,2,1,H,R Jones,15,15,7,6,14,11,2,4,1,3,0,0
01/12/2021,Watford,Chelsea,1,2,A,1,1,D,D Coote,13,8,6,4,18,16,6,0,4,3,0,0
01/12/2021,West Ham,Brighton,1,1,D,1,0,H,C Kavanagh,14,9,6,3,10,8,9,5,1,1,0,0
01/12/2021,Wolves,Burnley,0,0,D,0,0,D,J Brooks,16,6,2,1,5,7,5,5,2,3,0,0
01/12/2021,Aston Villa,Man City,1,2,A,0,2,A,M Dean,9,17,3,7,8,12,4,11,0,0,0,0
01/12/2021,Everton,Liverpool,1,4,A,1,2,A,P Tierney,8,16,2,7,8,16,3,11,4,3,0,0
02/12/2021,Torino,Empoli,2,2,D,2,1,H,,10,16,3,5,9,15,1,11,1,3,1,0
02/12/2021,Lazio,Udinese,4,4,D,1,3,A,,13,12,5,5,11,11,5,4,3,5,1,2
02/12/2021,Tottenham,Brentford,2,0,H,1,0,H,J Moss,11,6,6,2,13,11,11,5,0,0,0,0
02/12/2021,Man United,Arsenal,3,2,H,1,1,D,M Atkinson,14,17,10,8,9,10,3,8,1,0,0,0
03/12/2021,Union Berlin,RB Leipzig,2,1,H,1,1,D,,14,11,5,2,12,8,5,7,1,1,0,0
03/12/2021,Granada,Alaves,2,1,H,1,0,H,,9,14,2,2,17,15,3,5,2,2,0,0
04/12/2021,Milan,Salernitana,2,0,H,2,0,H,,22,7,8,2,11,9,9,5,1,2,0,0
04/12/2021,Roma,Inter,0,3,A,0,3,A,,9,10,1,4,9,6,4,4,3,1,0,0
04/12/2021,Napoli,Atalanta,2,3,A,1,1,D,,15,21,4,7,16,18,6,7,2,3,0,0
04/12/2021,Augsburg,Bochum,2,3,A,0,3,A,,16,12,7,6,9,6,13,6,0,2,0,0
04/12/2021,Bielefeld,FC Koln,1,1,D,0,1,A,,18,9,5,3,14,10,7,1,1,1,0,0
04/12/2021,Hoffenheim,Ein Frankfurt,3,2,H,2,1,H,,8,17,4,2,9,12,4,6,2,2,0,0
04/12/2021,Leverkusen,Greuther Furth,7,1,H,3,1,H,,13,8,8,3,13,8,4,3,0,1,0,0
04/12/2021,Mainz,Wolfsburg,3,0,H,2,0,H,,12,16,5,0,18,10,6,5,1,1,0,0
04/12/2021,Dortmund,Bayern Munich,2,3,A,1,2,A,,11,16,4,6,10,10,4,6,2,2,0,0
04/12/2021,Sevilla,Villarreal,1,0,H,1,0,H,,8,16,3,2,9,10,5,8,2,2,0,0
04/12/2021,Barcelona,Betis,0,1,A,0,0,D,,12,8,3,2,17,12,6,1,1,2,0,0
04/12/2021,Ath Madrid,Mallorca,1,2,A,0,0,D,,14,10,6,3,13,16,8,5,2,5,0,0
04/12/2021,Sociedad,Real Madrid,0,2,A,0,0,D,,11,13,0,8,12,8,5,5,2,0,0,0
04/12/2021,Marseille,Brest,1,2,A,1,0,H,,16,9,4,4,10,7,5,0,1,2,0,0
04/12/2021,Lille,Troyes,2,1,H,0,1,A,,13,7,4,3,11,9,8,6,3,4,0,0
04/12/2021,Lens,Paris SG,1,1,D,0,0,D,,18,13,7,6,12,9,8,5,2,2,0,0
04/12/2021,West Ham,Chelsea,3,2,H,1,2,A,A Marriner,11,19,5,7,10,10,1,9,1,3,0,0
04/12/2021,Newcastle,Burnley,1,0,H,1,0,H,P Tierney,19,10,4,1,11,9,10,3,1,1,0,0
04/12/2021,Southampton,Brighton,1,1,D,1,0,H,A Taylor,14,14,4,4,15,12,6,2,4,2,0,0
04/12/2021,Wolves,Liverpool,0,1,A,0,0,D,C Kavanagh,3,17,1,5,4,7,2,8,2,2,0,0
04/12/2021,Watford,Man City,1,3,A,0,2,A,S Hooper,11,26,4,13,10,7,5,11,3,0,0,0
05/12/2021,Bologna,Fiorentina,2,3,A,1,1,D,,8,6,3,3,12,15,0,2,3,3,0,0
05/12/2021,Spezia,Sassuolo,2,2,D,1,0,H,,9,20,4,5,11,9,2,5,4,3,0,0
05/12/2021,Venezia,Verona,3,4,A,3,0,H,,9,16,5,6,13,14,1,6,2,2,1,0
05/12/2021,Sampdoria,Lazio,1,3,A,0,3,A,,18,6,5,5,13,9,7,0,4,3,0,1
05/12/2021,Juventus,Genoa,2,0,H,1,0,H,,27,0,12,0,15,7,5,1,3,1,0,0
05/12/2021,Stuttgart,Hertha,2,2,D,2,1,H,,10,15,3,8,9,16,7,5,0,1,0,0
05/12/2021,M'gladbach,Freiburg,0,6,A,0,6,A,,19,15,3,8,12,15,3,3,2,1,0,0
05/12/2021,Vallecano,Espanol,1,0,H,0,0,D,,7,10,0,3,18,11,6,3,3,3,0,1
05/12/2021,Elche,Cadiz,3,1,H,1,0,H,,8,15,3,6,16,15,3,3,7,3,0,0
05/12/2021,Levante,Osasuna,0,0,D,0,0,D,,11,11,3,1,12,16,7,2,2,3,0,0
05/12/2021,Celta,Valencia,1,2,A,1,1,D,,11,8,5,5,10,22,6,4,3,2,0,0
05/12/2021,St Etienne,Rennes,0,5,A,0,3,A,,12,18,2,10,10,7,7,2,1,0,0,0
05/12/2021,Lorient,Nantes,0,1,A,0,0,D,,17,5,2,1,8,13,8,3,1,3,0,0
05/12/2021,Monaco,Metz,4,0,H,2,0,H,,8,6,5,0,13,13,5,4,1,2,0,0
05/12/2021,Montpellier,Clermont,1,0,H,1,0,H,,8,10,2,3,19,15,1,3,3,3,0,1
05/12/2021,Reims,Angers,1,2,A,0,0,D,,5,13,2,4,8,13,7,4,4,3,1,0
05/12/2021,Nice,Strasbourg,0,3,A,0,1,A,,12,15,5,5,9,14,9,4,3,3,0,0
05/12/2021,Bordeaux,Lyon,2,2,D,1,2,A,,12,19,5,5,11,9,3,8,0,0,0,0
05/12/2021,Leeds,Brentford,2,2,D,1,0,H,D Coote,13,9,6,3,11,9,5,1,5,3,0,0
05/12/2021,Man United,Crystal Palace,1,0,H,0,0,D,C Pawson,16,8,3,2,16,9,9,6,2,2,0,0
05/12/2021,Tottenham,Norwich,3,0,H,1,0,H,J Gillett,17,10,7,1,11,4,6,4,1,2,0,0
05/12/2021,Aston Villa,Leicester,2,1,H,1,1,D,M Oliver,13,12,4,5,8,25,3,6,1,1,0,0
06/12/2021,Empoli,Udinese,3,1,H,0,1,A,,22,19,9,8,12,18,8,6,4,3,0,0
06/12/2021,Cagliari,Torino,1,1,D,0,1,A,,15,8,2,3,12,24,5,2,2,4,0,0
06/12/2021,Getafe,Ath Bilbao,0,0,D,0,0,D,,17,9,5,3,14,14,5,3,2,1,0,0
06/12/2021,Everton,Arsenal,2,1,H,0,1,A,M Dean,11,10,5,3,8,12,3,3,2,2,0,0
10/12/2021,Genoa,Sampdoria,1,3,A,0,1,A,,12,14,2,6,15,17,8,3,2,2,0,0
10/12/2021,FC Koln,Augsburg,0,2,A,0,0,D,,14,12,4,4,12,15,9,4,2,4,0,0
10/12/2021,Mallorca,Celta,0,0,D,0,0,D,,12,14,1,5,14,11,7,4,3,2,0,0
10/12/2021,Nantes,Lens,3,2,H,0,2,A,,15,4,5,2,10,10,8,2,3,3,0,0
10/12/2021,Brentford,Watford,2,1,H,0,1,A,M Oliver,14,6,5,2,12,18,8,2,4,0,0,0
11/12/2021,Fiorentina,Salernitana,4,0,H,1,0,H,,17,11,9,6,9,11,1,3,1,1,0,0
11/12/2021,Venezia,Juventus,1,1,D,0,1,A,,13,20,4,6,20,10,3,11,4,2,0,0
11/12/2021,Udinese,Milan,1,1,D,1,0,H,,11,12,6,1,17,10,3,5,2,2,1,0
11/12/2021,Bayern Munich,Mainz,2,1,H,0,1,A,,21,9,7,4,9,10,7,2,3,3,0,0
11/12/2021,Bochum,Dortmund,1,1,D,1,0,H,,4,23,3,8,8,18,0,15,0,3,0,0
11/12/2021,Freiburg,Hoffenheim,1,2,A,1,1,D,,14,14,6,8,13,9,6,7,4,3,0,0
11/12/2021,Hertha,Bielefeld,2,0,H,0,0,D,,18,9,9,1,10,15,6,4,1,1,0,0
11/12/2021,RB Leipzig,M'gladbach,4,1,H,2,0,H,,19,12,10,4,20,15,6,0,3,2,0,0
11/12/2021,Wolfsburg,Stuttgart,0,2,A,0,1,A,,19,12,3,3,17,9,5,3,2,2,0,0
11/12/2021,Espanol,Levante,4,3,H,1,2,A,,17,14,8,5,9,15,4,2,4,4,0,1
11/12/2021,Alaves,Getafe,1,1,D,0,1,A,,9,11,1,2,18,15,1,1,4,4,1,0
11/12/2021,Valencia,Elche,2,1,H,1,0,H,,21,8,8,4,15,12,8,1,3,2,0,0
11/12/2021,Ath Bilbao,Sevilla,0,1,A,0,1,A,,13,6,2,1,17,10,9,2,4,3,0,0
11/12/2021,Brest,Montpellier,0,4,A,0,1,A,,17,9,6,4,16,6,8,2,2,1,0,0
11/12/2021,Reims,St Etienne,2,0,H,1,0,H,,17,4,6,0,19,16,11,5,2,2,0,1
11/12/2021,Man City,Wolves,1,0,H,0,0,D,J Moss,24,2,10,1,12,5,14,1,3,2,0,1
11/12/2021,Arsenal,Southampton,3,0,H,2,0,H,J Gillett,15,11,5,6,5,9,9,8,2,0,0,0
11/12/2021,Chelsea,Leeds,3,2,H,1,1,D,C Kavanagh,16,12,6,5,9,15,5,2,2,5,0,0
11/12/2021,Liverpool,Aston Villa,1,0,H,0,0,D,S Attwell,20,4,5,0,13,6,11,3,1,2,0,0
11/12/2021,Norwich,Man United,0,1,A,0,0,D,D England,11,13,5,5,6,17,8,6,1,1,0,0
12/12/2021,Torino,Bologna,2,1,H,1,0,H,,16,8,7,5,16,18,5,0,2,4,0,0
12/12/2021,Verona,Atalanta,1,2,A,1,1,D,,19,14,4,6,12,10,6,6,2,1,0,0
12/12/2021,Napoli,Empoli,0,1,A,0,0,D,,30,12,6,5,8,11,10,3,0,1,0,0
12/12/2021,Sassuolo,Lazio,2,1,H,0,1,A,,17,6,6,2,9,11,6,0,1,2,1,0
12/12/2021,Inter,Cagliari,4,0,H,1,0,H,,24,5,15,2,9,13,9,0,1,2,0,0
12/12/2021,Greuther Furth,Union Berlin,1,0,H,0,0,D,,5,14,3,4,12,6,3,7,3,0,0,0
12/12/2021,Ein Frankfurt,Leverkusen,5,2,H,2,2,D,,15,11,7,4,11,11,7,4,0,3,0,0
12/12/2021,Villarreal,Vallecano,2,0,H,2,0,H,,13,19,5,7,16,14,5,6,1,3,0,0
12/12/2021,Osasuna,Barcelona,2,2,D,1,1,D,,8,10,3,2,16,16,6,5,5,4,0,0
12/12/2021,Betis,Sociedad,4,0,H,1,0,H,,11,15,5,5,12,10,4,7,3,1,0,0
12/12/2021,Real Madrid,Ath Madrid,2,0,H,1,0,H,,7,9,3,6,17,15,3,6,2,3,0,0
12/12/2021,Lille,Lyon,0,0,D,0,0,D,,14,13,2,2,11,15,4,3,2,6,0,0
12/12/2021,Angers,Clermont,0,1,A,0,0,D,,12,17,3,3,8,12,8,3,1,2,0,0
12/12/2021,Metz,Lorient,4,1,H,3,0,H,,5,17,3,6,10,8,3,8,2,2,0,0
12/12/2021,Rennes,Nice,1,2,A,0,1,A,,20,7,8,3,10,11,11,6,1,4,0,0
12/12/2021,Troyes,Bordeaux,1,2,A,1,1,D,,21,8,3,4,11,15,8,1,3,3,0,0
12/12/2021,Strasbourg,Marseille,0,2,A,0,0,D,,11,8,3,3,10,12,8,3,2,1,0,0
12/12/2021,Paris SG,Monaco,2,0,H,2,0,H,,9,13,2,3,8,15,1,6,3,4,0,0
12/12/2021,Burnley,West Ham,0,0,D,0,0,D,G Scott,9,16,1,3,13,11,6,4,2,1,0,0
12/12/2021,Leicester,Newcastle,4,0,H,1,0,H,P Bankes,8,12,5,3,9,16,4,6,2,3,0,0
12/12/2021,Crystal Palace,Everton,3,1,H,1,0,H,A Madley,17,12,6,6,15,14,8,2,0,2,0,0
13/12/2021,Roma,Spezia,2,0,H,1,0,H,,12,8,6,2,13,7,9,4,4,1,1,0
13/12/2021,Cadiz,Granada,1,1,D,1,0,H,,13,16,3,5,14,10,8,1,5,0,1,0
14/12/2021,Stuttgart,Bayern Munich,0,5,A,0,1,A,,13,25,1,12,7,7,1,3,1,1,0,0
14/12/2021,Bielefeld,Bochum,2,0,H,0,0,D,,13,5,4,3,13,9,6,2,2,2,0,0
14/12/2021,Mainz,Hertha,4,0,H,2,0,H,,21,7,11,1,10,14,4,1,0,2,0,0
14/12/2021,Wolfsburg,FC Koln,2,3,A,1,1,D,,19,19,5,6,18,9,9,5,3,2,0,0
14/12/2021,Norwich,Aston Villa,0,2,A,0,1,A,D Coote,7,17,3,6,12,9,7,10,3,1,0,0
14/12/2021,Man City,Leeds,7,0,H,3,0,H,P Tierney,31,6,15,3,5,9,6,2,1,1,0,0
15/12/2021,M'gladbach,Ein Frankfurt,2,3,A,1,1,D,,19,12,8,5,8,19,7,1,2,5,0,1
15/12/2021,Augsburg,RB Leipzig,1,1,D,0,1,A,,9,13,2,4,14,7,6,8,2,0,0,0
15/12/2021,Dortmund,Greuther Furth,3,0,H,1,0,H,,12,7,5,1,10,10,5,8,2,2,0,0
15/12/2021,Leverkusen,Hoffenheim,2,2,D,1,0,H,,17,14,9,6,12,4,6,3,5,3,1,0
15/12/2021,Union Berlin,Freiburg,0,0,D,0,0,D,,18,8,5,2,10,12,4,3,1,1,0,0
15/12/2021,Brighton,Wolves,0,1,A,0,1,A,T Harrington,12,8,2,5,11,14,7,4,2,0,0,0
15/12/2021,Crystal Palace,Southampton,2,2,D,1,2,A,S Hooper,9,15,6,4,16,20,4,6,2,4,0,0
15/12/2021,Arsenal,West Ham,2,0,H,0,0,D,A Taylor,21,7,8,1,8,9,5,2,2,0,0,1
16/12/2021,Chelsea,Everton,1,1,D,0,0,D,M Oliver,23,5,10,3,11,11,7,1,2,3,0,0
16/12/2021,Liverpool,Newcastle,3,1,H,2,1,H,M Dean,23,4,8,2,9,4,11,0,1,3,0,0
17/12/2021,Lazio,Genoa,3,1,H,1,0,H,,11,4,5,2,9,8,5,2,0,3,0,0
17/12/2021,Salernitana,Inter,0,5,A,0,2,A,,10,23,2,8,10,10,3,10,1,2,0,0
17/12/2021,Bayern Munich,Wolfsburg,4,0,H,1,0,H,,24,7,9,2,10,4,5,3,0,0,0,0
17/12/2021,Celta,Espanol,3,1,H,1,0,H,,12,6,5,3,13,5,3,3,2,1,0,0
18/12/2021,Atalanta,Roma,1,4,A,1,2,A,,17,8,6,5,11,15,10,0,1,3,0,0
18/12/2021,Bologna,Juventus,0,2,A,0,1,A,,11,11,3,7,7,19,8,4,1,1,0,0
18/12/2021,Cagliari,Udinese,0,4,A,0,2,A,,5,10,2,5,12,14,4,2,4,2,1,0
18/12/2021,Bochum,Union Berlin,0,1,A,0,1,A,,13,9,3,3,13,9,1,5,2,0,0,0
18/12/2021,Ein Frankfurt,Mainz,1,0,H,1,0,H,,13,11,4,5,11,9,8,6,0,1,0,0
18/12/2021,Greuther Furth,Augsburg,0,0,D,0,0,D,,4,14,1,5,8,13,6,5,2,3,0,0
18/12/2021,Hoffenheim,M'gladbach,1,1,D,0,1,A,,21,11,8,5,6,9,15,3,2,2,0,0
18/12/2021,RB Leipzig,Bielefeld,0,2,A,0,0,D,,15,4,4,4,6,16,10,1,0,2,0,1
18/12/2021,Hertha,Dortmund,3,2,H,0,1,A,,14,9,5,3,4,19,1,5,0,1,0,0
18/12/2021,Vallecano,Alaves,2,0,H,2,0,H,,20,6,5,4,12,19,5,5,1,2,0,0
18/12/2021,Sociedad,Villarreal,1,3,A,1,1,D,,8,15,4,8,9,15,5,5,2,3,1,0
18/12/2021,Barcelona,Elche,3,2,H,2,0,H,,19,5,8,3,13,17,5,0,1,3,0,0
18/12/2021,Sevilla,Ath Madrid,2,1,H,1,1,D,,6,15,2,3,15,14,4,7,2,1,0,0
18/12/2021,Leeds,Arsenal,1,4,A,0,3,A,A Marriner,9,21,2,12,11,7,1,4,3,1,0,0
19/12/2021,Fiorentina,Sassuolo,2,2,D,0,2,A,,23,8,8,4,7,14,9,3,3,5,1,0
19/12/2021,Spezia,Empoli,1,1,D,0,0,D,,9,22,2,6,20,9,3,5,3,2,0,0
19/12/2021,Sampdoria,Venezia,1,1,D,1,0,H,,18,12,8,1,8,17,4,3,2,1,0,0
19/12/2021,Torino,Verona,1,0,H,1,0,H,,8,8,1,2,15,7,5,3,1,2,0,1
19/12/2021,Milan,Napoli,0,1,A,0,1,A,,12,11,2,2,14,18,5,5,0,2,0,0
19/12/2021,Freiburg,Leverkusen,2,1,H,1,1,D,,14,6,6,4,6,8,4,8,2,3,0,0
19/12/2021,FC Koln,Stuttgart,1,0,H,0,0,D,,8,6,2,2,17,13,2,1,3,1,0,0
19/12/2021,Granada,Mallorca,4,1,H,1,1,D,,15,8,6,5,12,15,4,2,3,2,0,0
19/12/2021,Ath Bilbao,Betis,3,2,H,1,1,D,,9,16,6,8,7,12,5,6,1,3,0,0
19/12/2021,Getafe,Osasuna,1,0,H,0,0,D,,18,11,4,2,14,8,4,3,3,1,0,0
19/12/2021,Real Madrid,Cadiz,0,0,D,0,0,D,,36,4,9,0,9,10,13,2,1,1,0,0
19/12/2021,Newcastle,Man City,0,4,A,0,2,A,M Atkinson,5,18,1,7,9,6,3,6,1,2,0,0
19/12/2021,Wolves,Chelsea,0,0,D,0,0,D,D Coote,4,8,1,1,9,7,4,9,0,2,0,0
19/12/2021,Tottenham,Liverpool,2,2,D,1,1,D,P Tierney,10,18,5,6,12,11,6,4,4,4,0,1
20/12/2021,Levante,Valencia,3,4,A,2,1,H,,15,15,9,8,21,11,6,4,3,4,0,0
21/12/2021,Genoa,Atalanta,0,0,D,0,0,D,,1,17,0,3,13,15,3,8,2,1,0,0
21/12/2021,Juventus,Cagliari,2,0,H,1,0,H,,15,6,4,1,16,12,7,1,0,3,0,0
21/12/2021,Villarreal,Alaves,5,2,H,2,1,H,,24,4,10,2,16,14,6,2,0,2,0,0
21/12/2021,Sevilla,Barcelona,1,1,D,1,1,D,,5,23,1,7,15,13,4,9,2,3,1,0
22/12/2021,Sassuolo,Bologna,0,3,A,0,2,A,,13,9,5,5,13,12,5,5,1,3,0,0
22/12/2021,Venezia,Lazio,1,3,A,1,1,D,,11,7,2,4,11,10,4,4,3,3,1,0
22/12/2021,Inter,Torino,1,0,H,1,0,H,,14,12,3,3,10,17,7,4,1,0,0,0
22/12/2021,Roma,Sampdoria,1,1,D,0,0,D,,15,10,4,2,6,8,10,2,0,3,0,0
22/12/2021,Verona,Fiorentina,1,1,D,1,0,H,,7,11,2,1,15,5,3,8,2,1,0,0
22/12/2021,Empoli,Milan,2,4,A,1,2,A,,16,18,5,8,18,10,7,3,1,2,0,0
22/12/2021,Napoli,Spezia,0,1,A,0,1,A,,25,8,7,0,14,12,10,5,2,3,0,0
22/12/2021,Granada,Ath Madrid,2,1,H,1,1,D,,6,15,4,3,17,7,2,7,4,1,0,0
22/12/2021,Ath Bilbao,Real Madrid,1,2,A,1,2,A,,15,12,2,7,17,7,7,0,2,2,0,0
22/12/2021,Bordeaux,Lille,2,3,A,2,1,H,,12,12,3,3,10,7,5,6,1,3,0,0
22/12/2021,Lorient,Paris SG,1,1,D,1,0,H,,17,17,5,4,6,8,6,8,1,3,0,1
22/12/2021,Lyon,Metz,1,1,D,0,0,D,,18,6,6,2,12,19,13,2,2,3,0,0
22/12/2021,Marseille,Reims,1,1,D,0,0,D,,14,7,5,2,12,6,7,4,4,4,1,1
22/12/2021,Monaco,Rennes,2,1,H,1,1,D,,11,16,3,6,11,9,7,5,2,1,0,0
22/12/2021,Montpellier,Angers,4,1,H,2,1,H,,9,13,6,6,13,13,1,6,1,1,0,0
22/12/2021,Nice,Lens,2,1,H,0,1,A,,9,8,3,4,7,9,5,4,0,2,0,0
22/12/2021,St Etienne,Nantes,0,1,A,0,0,D,,13,8,6,3,13,12,5,4,1,1,0,0
22/12/2021,Troyes,Brest,1,1,D,0,1,A,,15,8,4,2,16,10,9,0,4,1,1,0
26/12/2021,Man City,Leicester,6,3,H,4,0,H,C Kavanagh,17,14,9,8,11,9,14,4,1,2,0,0
26/12/2021,Norwich,Arsenal,0,5,A,0,2,A,G Scott,4,16,2,6,13,7,3,5,1,2,0,0
26/12/2021,Tottenham,Crystal Palace,3,0,H,2,0,H,J Moss,17,4,6,0,16,10,4,2,1,1,0,1
26/12/2021,West Ham,Southampton,2,3,A,0,1,A,K Friend,11,11,5,6,10,9,10,2,2,3,0,0
26/12/2021,Aston Villa,Chelsea,1,3,A,1,1,D,M Atkinson,8,10,1,4,8,11,2,5,3,1,0,0
26/12/2021,Brighton,Brentford,2,0,H,2,0,H,D England,15,16,5,6,8,10,6,9,1,3,0,0
27/12/2021,Newcastle,Man United,1,1,D,1,0,H,C Pawson,13,13,8,4,11,8,2,4,3,3,0,0
28/12/2021,Crystal Palace,Norwich,3,0,H,3,0,H,P Tierney,19,12,6,3,9,13,8,8,1,2,0,0
28/12/2021,Southampton,Tottenham,1,1,D,1,1,D,A Taylor,9,21,2,11,15,5,3,7,2,2,1,0
28/12/2021,Watford,West Ham,1,4,A,1,2,A,D England,14,13,5,6,12,12,4,5,0,1,0,0
28/12/2021,Leicester,Liverpool,1,0,H,0,0,D,M Oliver,6,21,1,4,8,11,1,12,0,1,0,0
29/12/2021,Chelsea,Brighton,1,1,D,1,0,H,M Dean,11,18,5,6,14,7,10,8,4,1,0,0
29/12/2021,Brentford,Man City,0,1,A,0,1,A,D Coote,6,12,2,3,12,10,3,5,0,0,0,0
30/12/2021,Man United,Burnley,3,1,H,3,1,H,J Moss,18,10,6,3,5,10,7,5,0,0,0,0
31/12/2021,Valencia,Espanol,1,2,A,0,0,D,,12,15,2,4,19,14,7,5,7,3,1,0
01/01/2022,Arsenal,Man City,1,2,A,1,0,H,S Attwell,7,15,2,2,13,5,5,5,3,2,1,0
01/01/2022,Watford,Tottenham,0,1,A,0,0,D,R Jones,6,21,4,9,6,9,3,7,0,1,0,0
01/01/2022,Crystal Palace,West Ham,2,3,A,0,3,A,D England,22,10,6,5,6,16,9,1,0,2,0,0
02/01/2022,Getafe,Real Madrid,1,0,H,1,0,H,,6,14,3,4,20,8,2,9,3,2,0,0
02/01/2022,Ath Madrid,Vallecano,2,0,H,1,0,H,,15,5,5,0,14,12,8,2,3,0,0,0
02/01/2022,Elche,Granada,0,0,D,0,0,D,,18,10,2,5,18,15,6,3,3,3,1,0
02/01/2022,Alaves,Sociedad,1,1,D,0,1,A,,19,10,5,4,22,10,2,3,3,3,0,0
02/01/2022,Betis,Celta,0,2,A,0,2,A,,18,7,7,5,15,11,3,3,1,2,0,0
02/01/2022,Mallorca,Barcelona,0,1,A,0,1,A,,13,13,3,4,22,24,4,3,5,2,0,0
02/01/2022,Brentford,Aston Villa,2,1,H,1,1,D,C Pawson,10,16,4,5,17,11,3,7,2,2,0,0
02/01/2022,Everton,Brighton,2,3,A,0,2,A,J Brooks,17,12,6,5,5,12,8,5,1,1,0,0
02/01/2022,Leeds,Burnley,3,1,H,1,0,H,P Tierney,22,8,7,2,11,7,9,3,2,1,0,0
02/01/2022,Chelsea,Liverpool,2,2,D,2,2,D,A Taylor,15,10,6,6,5,13,6,7,1,2,0,0
03/01/2022,Villarreal,Levante,5,0,H,3,0,H,,17,7,7,3,12,9,6,5,3,2,0,0
03/01/2022,Osasuna,Ath Bilbao,1,3,A,1,2,A,,15,17,4,5,12,7,4,5,5,2,1,0
03/01/2022,Cadiz,Sevilla,0,1,A,0,0,D,,9,14,2,4,5,9,2,8,0,1,0,0
03/01/2022,Man United,Wolves,0,1,A,0,0,D,M Dean,9,19,2,6,9,8,3,8,3,1,0,0
06/01/2022,Sampdoria,Cagliari,1,2,A,1,0,H,,4,15,1,7,12,17,0,5,1,3,1,0
06/01/2022,Lazio,Empoli,3,3,D,1,2,A,,23,11,10,4,13,11,9,2,4,4,0,0
06/01/2022,Spezia,Verona,1,2,A,0,0,D,,9,22,3,5,14,11,6,7,3,2,1,0
06/01/2022,Sassuolo,Genoa,1,1,D,0,1,A,,28,4,7,1,8,11,7,4,3,0,0,0
06/01/2022,Milan,Roma,3,1,H,2,1,H,,19,11,5,5,6,20,3,9,2,6,0,2
06/01/2022,Juventus,Napoli,1,1,D,0,1,A,,22,16,5,4,8,11,4,3,2,1,0,0
07/01/2022,Bayern Munich,M'gladbach,1,2,A,1,2,A,,19,9,8,3,18,11,6,6,0,1,0,0
07/01/2022,Bordeaux,Marseille,0,1,A,0,1,A,,6,18,2,6,13,7,3,9,1,1,0,0
08/01/2022,Freiburg,Bielefeld,2,2,D,1,0,H,,18,15,6,5,6,5,7,12,2,1,0,0
08/01/2022,Greuther Furth,Stuttgart,0,0,D,0,0,D,,10,18,3,3,8,12,1,5,0,1,0,0
08/01/2022,Hoffenheim,Augsburg,3,1,H,2,1,H,,12,9,5,4,17,8,2,4,1,0,0,0
08/01/2022,Leverkusen,Union Berlin,2,2,D,1,1,D,,17,17,8,7,8,11,11,5,1,2,0,0
08/01/2022,RB Leipzig,Mainz,4,1,H,1,0,H,,16,2,8,1,6,10,6,1,0,2,0,1
08/01/2022,Ein Frankfurt,Dortmund,2,3,A,2,0,H,,12,21,5,8,14,6,4,11,3,2,0,0
08/01/2022,Levante,Mallorca,2,0,H,0,0,D,,16,15,8,8,20,11,5,5,3,1,1,0
08/01/2022,Sociedad,Celta,1,0,H,1,0,H,,12,4,3,0,10,18,6,4,3,3,0,0
08/01/2022,Granada,Barcelona,1,1,D,0,0,D,,14,13,4,1,9,21,3,2,2,5,0,1
08/01/2022,Real Madrid,Valencia,4,1,H,1,0,H,,23,12,8,7,15,24,3,8,3,3,0,0
08/01/2022,Lens,Rennes,1,0,H,0,0,D,,11,5,4,0,5,6,12,1,1,1,0,0
09/01/2022,Empoli,Sassuolo,1,5,A,1,2,A,,15,25,4,14,10,15,5,5,2,3,1,0
09/01/2022,Venezia,Milan,0,3,A,0,1,A,,9,18,3,8,11,11,1,7,1,3,1,0
09/01/2022,Napoli,Sampdoria,1,0,H,1,0,H,,22,10,5,1,12,11,13,0,0,2,0,0
09/01/2022,Udinese,Atalanta,2,6,A,0,3,A,,8,21,4,7,9,12,2,5,2,2,0,0
09/01/2022,Genoa,Spezia,0,1,A,0,1,A,,15,17,2,9,17,16,7,4,3,3,0,0
09/01/2022,Roma,Juventus,3,4,A,1,1,D,,19,14,7,5,11,12,8,1,3,4,0,1
09/01/2022,Inter,Lazio,2,1,H,1,1,D,,17,5,6,2,11,14,4,3,1,4,0,0
09/01/2022,Verona,Salernitana,1,2,A,0,1,A,,24,9,7,5,13,12,17,4,1,3,1,0
09/01/2022,Hertha,FC Koln,1,3,A,0,2,A,,10,14,5,8,9,16,10,4,3,1,0,0
09/01/2022,Bochum,Wolfsburg,1,0,H,0,0,D,,12,12,3,4,15,18,4,2,1,2,0,0
09/01/2022,Vallecano,Betis,1,1,D,0,1,A,,17,9,7,5,18,13,6,4,1,3,0,1
09/01/2022,Sevilla,Getafe,1,0,H,1,0,H,,10,4,1,2,8,20,5,2,1,3,0,0
09/01/2022,Alaves,Ath Bilbao,0,0,D,0,0,D,,12,10,1,2,15,11,7,5,2,0,0,0
09/01/2022,Osasuna,Cadiz,2,0,H,1,0,H,,15,6,5,1,13,13,5,7,2,2,0,0
09/01/2022,Villarreal,Ath Madrid,2,2,D,1,1,D,,13,7,3,5,13,8,7,3,0,2,0,1
09/01/2022,Brest,Nice,0,3,A,0,1,A,,26,9,10,4,5,11,14,3,0,3,0,1
09/01/2022,Clermont,Reims,0,0,D,0,0,D,,12,7,7,2,13,24,6,2,1,3,1,0
09/01/2022,Metz,Strasbourg,0,2,A,0,0,D,,7,19,1,7,11,6,4,3,1,1,0,0
09/01/2022,Nantes,Monaco,0,0,D,0,0,D,,8,9,4,1,17,12,5,2,1,2,0,0
09/01/2022,Lyon,Paris SG,1,1,D,1,0,H,,11,15,4,3,18,13,2,7,2,2,0,0
10/01/2022,Torino,Fiorentina,4,0,H,3,0,H,,9,10,6,3,16,12,1,5,2,2,0,0
10/01/2022,Espanol,Elche,1,2,A,1,2,A,,8,3,3,2,13,18,13,0,4,6,0,0
11/01/2022,Cagliari,Bologna,2,1,H,0,0,D,,13,9,4,3,12,15,5,5,3,2,0,0
11/01/2022,Southampton,Brentford,4,1,H,2,1,H,S Attwell,12,5,6,4,9,8,5,2,0,1,0,0
12/01/2022,West Ham,Norwich,2,0,H,1,0,H,S Hooper,13,7,5,3,9,8,11,2,0,0,0,0
14/01/2022,Dortmund,Freiburg,5,1,H,3,0,H,,20,4,8,4,8,8,9,2,2,0,0,0
14/01/2022,Nice,Nantes,2,1,H,1,1,D,,13,11,5,3,8,17,3,5,2,1,0,0
14/01/2022,Brighton,Crystal Palace,1,1,D,0,0,D,R Jones,19,3,4,1,11,7,9,0,0,2,0,0
15/01/2022,Sampdoria,Torino,1,2,A,1,1,D,,11,20,3,12,13,14,3,10,0,2,0,0
15/01/2022,Salernitana,Lazio,0,3,A,0,2,A,,6,15,1,8,11,16,3,7,2,3,0,0
15/01/2022,Juventus,Udinese,2,0,H,1,0,H,,14,16,4,3,13,10,7,6,1,2,0,0
15/01/2022,FC Koln,Bayern Munich,0,4,A,0,2,A,,11,19,3,9,6,10,5,12,1,0,0,0
15/01/2022,Mainz,Bochum,1,0,H,0,0,D,,20,12,5,3,19,14,7,3,3,3,0,0
15/01/2022,Stuttgart,RB Leipzig,0,2,A,0,1,A,,16,7,10,3,12,13,5,1,3,1,0,0
15/01/2022,Union Berlin,Hoffenheim,2,1,H,1,1,D,,6,12,3,5,10,11,0,8,0,3,0,0
15/01/2022,Wolfsburg,Hertha,0,0,D,0,0,D,,7,6,3,2,12,12,3,2,1,1,0,0
15/01/2022,M'gladbach,Leverkusen,1,2,A,0,0,D,,16,29,6,13,8,18,5,7,2,3,0,0
15/01/2022,St Etienne,Lens,1,2,A,1,0,H,,13,14,4,4,9,13,6,6,1,1,0,0
15/01/2022,Paris SG,Brest,2,0,H,1,0,H,,20,6,9,3,10,8,9,6,5,3,0,0
15/01/2022,Man City,Chelsea,1,0,H,0,0,D,C Pawson,11,4,6,1,11,6,9,1,0,2,0,0
15/01/2022,Newcastle,Watford,1,1,D,0,0,D,P Tierney,12,18,1,5,13,13,4,6,3,2,0,0
15/01/2022,Norwich,Everton,2,1,H,2,0,H,A Madley,14,12,3,5,12,14,8,8,3,1,0,0
15/01/2022,Wolves,Southampton,3,1,H,1,0,H,M Salisbury,9,13,5,10,13,14,2,10,2,3,0,0
15/01/2022,Aston Villa,Man United,2,2,D,0,1,A,D Coote,13,13,9,6,8,13,3,6,1,2,0,0
16/01/2022,Sassuolo,Verona,2,4,A,0,2,A,,13,21,5,6,6,18,9,7,2,4,0,0
16/01/2022,Venezia,Empoli,1,1,D,0,1,A,,14,17,3,6,13,17,6,5,3,5,0,0
16/01/2022,Roma,Cagliari,1,0,H,1,0,H,,15,8,7,2,13,17,1,1,3,4,0,0
16/01/2022,Atalanta,Inter,0,0,D,0,0,D,,12,11,6,3,12,9,6,4,2,2,0,0
16/01/2022,Augsburg,Ein Frankfurt,1,1,D,1,1,D,,12,14,5,4,12,14,4,3,3,3,0,0
16/01/2022,Bielefeld,Greuther Furth,2,2,D,1,1,D,,13,6,5,3,16,6,3,5,4,1,0,0
16/01/2022,Elche,Villarreal,1,0,H,0,0,D,,5,9,2,4,12,15,3,8,4,3,0,0
16/01/2022,Rennes,Bordeaux,6,0,H,2,0,H,,19,5,11,1,9,9,9,1,1,5,0,1
16/01/2022,Lorient,Angers,0,0,D,0,0,D,,14,5,4,0,12,9,6,1,3,1,0,1
16/01/2022,Monaco,Clermont,4,0,H,1,0,H,,20,6,10,1,9,10,6,1,0,1,0,0
16/01/2022,Reims,Metz,0,1,A,0,0,D,,14,17,2,5,14,16,11,4,4,4,0,0
16/01/2022,Strasbourg,Montpellier,3,1,H,0,1,A,,19,9,8,5,18,9,7,3,2,2,0,1
16/01/2022,Troyes,Lyon,0,1,A,0,1,A,,6,19,2,8,9,12,4,7,2,1,0,0
16/01/2022,Marseille,Lille,1,1,D,0,1,A,,22,5,7,4,11,11,15,2,1,5,0,1
16/01/2022,Liverpool,Brentford,3,0,H,1,0,H,J Moss,27,6,13,1,6,6,9,0,0,1,0,0
16/01/2022,West Ham,Leeds,2,3,A,1,2,A,M Dean,15,18,5,5,6,9,4,3,3,2,0,0
17/01/2022,Bologna,Napoli,0,2,A,0,1,A,,12,14,5,5,9,10,1,4,3,1,0,0
17/01/2022,Milan,Spezia,1,2,A,1,0,H,,25,10,8,6,11,17,10,1,2,5,0,0
17/01/2022,Fiorentina,Genoa,6,0,H,3,0,H,,22,3,12,0,10,11,4,0,1,3,0,0
18/01/2022,Betis,Alaves,4,0,H,3,0,H,,18,9,5,2,14,14,8,3,2,0,0,0
18/01/2022,Cadiz,Espanol,2,2,D,0,1,A,,10,14,4,7,14,9,3,2,5,1,0,0
18/01/2022,Brighton,Chelsea,1,1,D,0,1,A,K Friend,10,15,2,3,8,5,5,7,1,2,0,0
19/01/2022,Celta,Osasuna,2,0,H,2,0,H,,5,9,3,0,14,11,0,5,1,2,0,0
19/01/2022,Valencia,Sevilla,1,1,D,1,1,D,,10,12,2,3,22,14,4,4,3,3,1,0
19/01/2022,Clermont,Strasbourg,0,2,A,0,1,A,,7,15,1,5,8,11,6,4,2,0,0,0
19/01/2022,Lille,Lorient,3,1,H,3,0,H,,13,18,5,5,8,11,4,2,0,0,0,0
19/01/2022,Montpellier,Troyes,0,1,A,0,0,D,,11,13,2,5,12,10,5,4,5,1,1,0
19/01/2022,Leicester,Tottenham,2,3,A,1,1,D,J Moss,14,27,4,10,6,12,3,8,1,2,0,0
19/01/2022,Brentford,Man United,1,3,A,0,0,D,A Marriner,18,13,8,5,7,9,6,9,0,0,0,0
20/01/2022,Getafe,Granada,4,2,H,1,1,D,,12,7,4,4,15,10,4,8,3,4,0,0
21/01/2022,Verona,Bologna,2,1,H,1,1,D,,14,8,6,2,21,9,7,2,2,4,0,0
21/01/2022,Ein Frankfurt,Bielefeld,0,2,A,0,2,A,,17,8,7,5,7,10,10,1,4,2,0,0
21/01/2022,Espanol,Betis,1,4,A,1,2,A,,12,15,4,8,15,12,6,5,3,4,1,0
21/01/2022,Lyon,St Etienne,1,0,H,1,0,H,,11,4,4,1,15,17,2,2,1,4,0,0
21/01/2022,Watford,Norwich,0,3,A,0,0,D,M Dean,15,7,4,2,16,11,5,1,0,1,1,0
22/01/2022,Genoa,Udinese,0,0,D,0,0,D,,10,2,3,0,27,17,10,4,4,4,1,0
22/01/2022,Inter,Venezia,2,1,H,1,1,D,,24,3,12,3,13,9,6,0,3,4,0,0
22/01/2022,Lazio,Atalanta,0,0,D,0,0,D,,9,6,1,2,10,17,4,1,0,3,0,0
22/01/2022,Freiburg,Stuttgart,2,0,H,1,0,H,,16,7,4,1,12,7,6,3,1,1,0,0
22/01/2022,Greuther Furth,Mainz,2,1,H,1,0,H,,11,16,7,4,12,15,7,8,1,1,0,0
22/01/2022,Hoffenheim,Dortmund,2,3,A,1,1,D,,14,3,2,2,14,7,7,3,2,2,0,0
22/01/2022,Leverkusen,Augsburg,5,1,H,2,0,H,,22,14,12,5,8,7,9,5,1,2,0,0
22/01/2022,M'gladbach,Union Berlin,1,2,A,1,1,D,,12,6,5,3,11,19,4,1,1,2,0,0
22/01/2022,Bochum,FC Koln,2,2,D,1,2,A,,17,7,7,3,11,12,1,5,0,3,0,0
22/01/2022,Levante,Cadiz,0,2,A,0,1,A,,15,8,8,2,15,16,8,2,4,6,0,0
22/01/2022,Villarreal,Mallorca,3,0,H,2,0,H,,12,8,6,2,13,12,10,6,1,2,0,1
22/01/2022,Sevilla,Celta,2,2,D,0,2,A,,16,6,5,4,11,16,7,0,1,4,0,0
22/01/2022,Ath Madrid,Valencia,3,2,H,0,2,A,,16,7,6,3,13,22,5,4,5,6,0,0
22/01/2022,Brest,Lille,2,0,H,1,0,H,,9,17,3,5,7,10,5,10,2,3,0,0
22/01/2022,Lens,Marseille,0,2,A,0,1,A,,9,10,3,7,7,6,8,5,3,2,0,0
22/01/2022,Everton,Aston Villa,0,1,A,0,1,A,C Pawson,15,8,1,3,14,16,9,2,5,3,0,0
22/01/2022,Brentford,Wolves,1,2,A,0,0,D,P Bankes,11,7,1,2,6,7,6,3,2,3,0,0
22/01/2022,Leeds,Newcastle,0,1,A,0,0,D,C Kavanagh,13,15,4,3,9,9,6,7,4,2,0,0
22/01/2022,Man United,West Ham,1,0,H,0,0,D,J Moss,18,6,3,1,9,8,3,3,1,1,0,0
22/01/2022,Southampton,Man City,1,1,D,1,0,H,S Hooper,7,20,3,5,13,5,2,11,3,0,0,0
23/01/2022,Cagliari,Fiorentina,1,1,D,0,0,D,,12,16,3,6,21,16,6,4,3,3,0,1
23/01/2022,Napoli,Salernitana,4,1,H,2,1,H,,26,1,14,1,9,14,10,0,0,4,0,1
23/01/2022,Spezia,Sampdoria,1,0,H,0,0,D,,7,8,2,0,24,12,2,4,2,4,0,1
23/01/2022,Torino,Sassuolo,1,1,D,1,0,H,,21,6,6,1,21,15,4,3,3,3,0,0
23/01/2022,Empoli,Roma,2,4,A,0,4,A,,16,16,7,8,13,14,2,3,2,2,0,0
23/01/2022,Milan,Juventus,0,0,D,0,0,D,,14,8,4,0,16,19,4,1,2,2,0,0
23/01/2022,RB Leipzig,Wolfsburg,2,0,H,0,0,D,,12,9,4,3,17,16,4,3,5,1,0,0
23/01/2022,Hertha,Bayern Munich,1,4,A,0,2,A,,5,29,2,20,9,9,4,9,1,0,0,0
23/01/2022,Granada,Osasuna,0,2,A,0,0,D,,6,16,2,7,12,15,4,3,0,2,0,0
23/01/2022,Real Madrid,Elche,2,2,D,0,1,A,,23,3,8,2,11,14,10,3,3,1,0,0
23/01/2022,Sociedad,Getafe,0,0,D,0,0,D,,9,9,3,2,17,13,7,2,1,1,0,0
23/01/2022,Vallecano,Ath Bilbao,0,1,A,0,1,A,,29,9,3,3,8,20,9,7,1,6,0,0
23/01/2022,Alaves,Barcelona,0,1,A,0,0,D,,6,10,2,4,16,8,1,10,0,0,0,0
23/01/2022,Metz,Nice,0,2,A,0,0,D,,8,7,1,6,14,6,3,4,3,1,0,0
23/01/2022,Angers,Troyes,2,1,H,2,1,H,,10,11,3,6,16,21,3,3,1,3,0,0
23/01/2022,Bordeaux,Strasbourg,4,3,H,3,1,H,,13,18,6,6,11,11,1,3,5,2,0,0
23/01/2022,Clermont,Rennes,2,1,H,0,1,A,,12,13,4,4,9,17,4,6,2,3,0,0
23/01/2022,Nantes,Lorient,4,2,H,1,0,H,,12,15,8,6,12,10,7,6,3,0,0,0
23/01/2022,Montpellier,Monaco,3,2,H,2,1,H,,15,17,7,7,10,10,5,10,2,2,0,0
23/01/2022,Paris SG,Reims,4,0,H,1,0,H,,22,7,8,3,6,10,14,0,0,1,0,0
23/01/2022,Arsenal,Burnley,0,0,D,0,0,D,D Coote,20,10,5,1,9,13,12,4,0,2,0,0
23/01/2022,Crystal Palace,Liverpool,1,3,A,0,2,A,K Friend,8,15,5,7,12,10,2,5,4,1,0,0
23/01/2022,Leicester,Brighton,1,1,D,0,0,D,M Atkinson,15,14,5,5,6,8,4,5,0,1,0,0
23/01/2022,Chelsea,Tottenham,2,0,H,0,0,D,P Tierney,15,6,7,3,17,14,10,3,2,1,0,0
26/01/2022,Angers,St Etienne,0,1,A,0,1,A,,7,8,4,5,7,13,3,1,1,1,0,0
01/02/2022,Lyon,Marseille,2,1,H,0,1,A,,12,9,4,1,8,8,4,6,0,0,0,0
04/02/2022,Hertha,Bochum,1,1,D,1,0,H,,13,9,2,4,14,22,4,7,3,1,0,0
04/02/2022,Getafe,Levante,3,0,H,2,0,H,,14,11,8,2,12,13,2,8,4,3,0,0
04/02/2022,Marseille,Angers,5,2,H,2,2,D,,18,4,8,2,13,13,6,2,0,3,0,0
05/02/2022,Roma,Genoa,0,0,D,0,0,D,,23,10,3,3,8,23,6,4,3,2,1,1
05/02/2022,Inter,Milan,1,2,A,1,0,H,,11,10,5,3,20,14,6,4,2,4,0,1
05/02/2022,Fiorentina,Lazio,0,3,A,0,0,D,,9,12,3,7,13,15,4,3,3,5,1,0
05/02/2022,Augsburg,Union Berlin,2,0,H,1,0,H,,14,14,9,4,8,16,4,6,0,2,0,0
05/02/2022,Bielefeld,M'gladbach,1,1,D,1,1,D,,10,22,5,4,15,10,5,11,3,3,0,0
05/02/2022,FC Koln,Freiburg,1,0,H,1,0,H,,14,18,3,2,14,16,8,8,2,2,0,0
05/02/2022,Mainz,Hoffenheim,2,0,H,0,0,D,,9,12,4,2,12,13,5,3,0,2,0,0
05/02/2022,Stuttgart,Ein Frankfurt,2,3,A,1,1,D,,15,15,6,6,7,12,3,14,0,0,0,0
05/02/2022,Bayern Munich,RB Leipzig,3,2,H,2,1,H,,25,13,8,7,11,12,2,0,1,3,0,0
05/02/2022,Elche,Alaves,3,1,H,0,1,A,,14,6,4,2,15,11,7,3,1,1,0,0
05/02/2022,Mallorca,Cadiz,2,1,H,1,1,D,,17,12,5,5,14,15,6,4,2,4,0,0
05/02/2022,Celta,Vallecano,2,0,H,1,0,H,,13,11,3,0,17,17,7,2,0,2,0,0
05/02/2022,Osasuna,Sevilla,0,0,D,0,0,D,,9,9,3,4,13,7,1,1,1,1,0,0
05/02/2022,St Etienne,Montpellier,3,1,H,0,1,A,,27,3,8,2,11,4,11,0,1,0,0,0
05/02/2022,Monaco,Lyon,2,0,H,2,0,H,,10,19,6,5,17,14,3,4,1,2,0,0
05/02/2022,Burnley,Watford,0,0,D,0,0,D,C Pawson,13,11,2,5,16,9,4,7,1,2,0,0
06/02/2022,Atalanta,Cagliari,1,2,A,0,0,D,,10,7,3,4,13,14,3,1,1,5,1,0
06/02/2022,Bologna,Empoli,0,0,D,0,0,D,,12,15,2,4,9,16,3,5,2,4,0,0
06/02/2022,Sampdoria,Sassuolo,4,0,H,2,0,H,,11,26,7,9,15,16,3,9,2,2,0,0
06/02/2022,Venezia,Napoli,0,2,A,0,0,D,,7,16,3,6,12,11,2,6,2,2,1,0
06/02/2022,Udinese,Torino,2,0,H,0,0,D,,11,5,3,1,12,21,8,3,3,5,0,1
06/02/2022,Juventus,Verona,2,0,H,1,0,H,,11,13,8,1,11,11,6,5,1,1,0,0
06/02/2022,Dortmund,Leverkusen,2,5,A,1,3,A,,14,10,6,7,8,10,7,6,1,1,0,0
06/02/2022,Wolfsburg,Greuther Furth,4,1,H,1,1,D,,11,8,6,4,11,13,2,3,1,2,0,0
06/02/2022,Valencia,Sociedad,0,0,D,0,0,D,,14,8,3,2,17,14,9,9,4,2,0,0
06/02/2022,Barcelona,Ath Madrid,4,2,H,3,1,H,,9,10,4,4,15,13,3,5,2,2,1,0
06/02/2022,Betis,Villarreal,0,2,A,0,1,A,,9,9,3,3,19,14,6,6,2,3,0,0
06/02/2022,Real Madrid,Granada,1,0,H,0,0,D,,24,7,11,3,9,11,9,2,2,1,0,0
06/02/2022,Lorient,Lens,2,0,H,1,0,H,,8,8,3,0,14,11,1,4,0,3,0,0
06/02/2022,Nice,Clermont,0,1,A,0,0,D,,7,14,3,5,10,9,5,3,1,1,0,0
06/02/2022,Reims,Bordeaux,5,0,H,1,0,H,,16,6,7,0,5,12,7,4,0,1,0,1
06/02/2022,Strasbourg,Nantes,1,0,H,0,0,D,,13,10,3,2,7,8,7,9,3,3,0,0
06/02/2022,Troyes,Metz,0,0,D,0,0,D,,9,6,2,0,8,14,6,7,1,2,0,0
06/02/2022,Rennes,Brest,2,0,H,1,0,H,,19,5,8,1,11,8,6,1,3,1,0,0
06/02/2022,Lille,Paris SG,1,5,A,1,3,A,,10,18,5,7,19,9,4,3,2,1,0,0
07/02/2022,Salernitana,Spezia,2,2,D,2,2,D,,9,13,5,2,12,19,5,6,3,3,0,0
07/02/2022,Ath Bilbao,Espanol,2,1,H,2,1,H,,7,7,4,3,17,11,5,3,3,3,0,0
08/02/2022,Newcastle,Everton,3,1,H,1,1,D,A Taylor,20,11,9,3,13,13,6,2,2,3,0,0
08/02/2022,West Ham,Watford,1,0,H,0,0,D,M Atkinson,9,6,3,1,1,6,5,6,1,0,0,0
08/02/2022,Burnley,Man United,1,1,D,0,1,A,M Dean,9,22,3,5,11,10,2,10,2,1,0,0
09/02/2022,Man City,Brentford,2,0,H,1,0,H,D England,15,6,7,2,7,13,9,3,0,0,0,0
09/02/2022,Norwich,Crystal Palace,1,1,D,1,0,H,P Tierney,5,13,1,5,11,15,4,6,1,2,0,0
09/02/2022,Tottenham,Southampton,2,3,A,1,1,D,D Coote,8,23,3,10,7,13,2,8,2,3,0,0
09/02/2022,Aston Villa,Leeds,3,3,D,3,2,H,J Gillett,12,16,4,8,11,9,6,11,1,3,1,0
10/02/2022,Liverpool,Leicester,2,0,H,1,0,H,C Kavanagh,22,5,11,1,11,7,7,6,1,0,0,0
10/02/2022,Wolves,Arsenal,0,1,A,0,1,A,M Oliver,15,12,4,2,12,13,7,4,2,3,0,1
11/02/2022,RB Leipzig,FC Koln,3,1,H,1,0,H,,6,9,4,2,6,11,5,6,1,2,0,0
11/02/2022,Sevilla,Elche,2,0,H,0,0,D,,14,7,6,1,13,14,5,4,1,5,0,0
11/02/2022,Paris SG,Rennes,1,0,H,0,0,D,,12,13,1,1,13,10,5,3,2,1,0,0
12/02/2022,Lazio,Bologna,3,0,H,1,0,H,,12,11,6,3,13,16,5,3,2,2,0,0
12/02/2022,Napoli,Inter,1,1,D,1,0,H,,13,8,4,2,8,13,4,2,1,1,0,0
12/02/2022,Torino,Venezia,1,2,A,1,1,D,,14,5,2,2,14,12,8,4,2,3,0,1
12/02/2022,Bochum,Bayern Munich,4,2,H,4,1,H,,12,22,7,4,13,7,4,9,2,1,0,0
12/02/2022,Ein Frankfurt,Wolfsburg,0,2,A,0,1,A,,16,11,2,3,12,9,10,1,1,2,0,0
12/02/2022,Freiburg,Mainz,1,1,D,0,1,A,,16,20,5,5,14,15,7,3,0,2,0,0
12/02/2022,Greuther Furth,Hertha,2,1,H,1,0,H,,19,24,10,8,11,12,8,8,2,4,0,0
12/02/2022,M'gladbach,Augsburg,3,2,H,1,0,H,,14,14,5,8,8,12,3,2,2,2,0,0
12/02/2022,Leverkusen,Stuttgart,4,2,H,1,0,H,,20,8,6,5,10,6,10,0,3,2,0,0
12/02/2022,Cadiz,Celta,0,0,D,0,0,D,,8,6,2,1,12,19,3,3,3,2,0,0
12/02/2022,Villarreal,Real Madrid,0,0,D,0,0,D,,9,17,2,6,11,10,3,3,2,4,0,0
12/02/2022,Vallecano,Osasuna,0,3,A,0,2,A,,10,12,3,5,11,16,4,5,2,1,0,0
12/02/2022,Ath Madrid,Getafe,4,3,H,3,3,D,,11,10,7,4,18,17,5,4,3,4,1,0
12/02/2022,Montpellier,Lille,0,1,A,0,0,D,,16,16,5,7,13,15,6,4,3,4,0,0
12/02/2022,Lyon,Nice,2,0,H,1,0,H,,12,1,8,1,11,9,4,1,0,1,0,0
12/02/2022,Man United,Southampton,1,1,D,1,0,H,S Attwell,12,13,8,4,12,13,1,4,4,0,0,0
12/02/2022,Brentford,Crystal Palace,0,0,D,0,0,D,S Hooper,9,6,2,3,10,10,3,9,1,0,0,0
12/02/2022,Everton,Leeds,3,0,H,2,0,H,G Scott,21,7,10,0,8,9,5,3,1,1,0,0
12/02/2022,Watford,Brighton,0,2,A,0,1,A,J Moss,9,11,1,6,16,9,4,5,3,2,0,0
12/02/2022,Norwich,Man City,0,4,A,0,1,A,A Marriner,8,22,3,9,7,8,4,12,0,2,0,0
13/02/2022,Milan,Sampdoria,1,0,H,1,0,H,,15,4,7,1,13,11,4,0,3,1,0,0
13/02/2022,Empoli,Cagliari,1,1,D,1,0,H,,13,17,4,5,14,13,6,4,1,2,0,0
13/02/2022,Genoa,Salernitana,1,1,D,1,1,D,,15,12,5,4,17,10,5,4,3,2,0,0
13/02/2022,Verona,Udinese,4,0,H,2,0,H,,6,21,5,7,18,7,2,7,3,1,0,0
13/02/2022,Sassuolo,Roma,2,2,D,0,1,A,,12,12,3,7,13,13,4,3,4,2,1,0
13/02/2022,Atalanta,Juventus,1,1,D,0,0,D,,21,15,3,6,13,9,8,8,2,3,0,0
13/02/2022,Union Berlin,Dortmund,0,3,A,0,2,A,,12,10,2,6,20,9,2,5,4,1,0,0
13/02/2022,Hoffenheim,Bielefeld,2,0,H,1,0,H,,25,8,9,4,12,12,13,3,2,0,0,0
13/02/2022,Alaves,Valencia,2,1,H,1,0,H,,9,9,5,4,15,17,5,9,4,3,0,0
13/02/2022,Levante,Betis,2,4,A,1,3,A,,12,19,4,11,13,8,5,7,1,2,1,0
13/02/2022,Sociedad,Granada,2,0,H,1,0,H,,18,15,8,2,13,13,6,5,0,2,0,0
13/02/2022,Espanol,Barcelona,2,2,D,1,1,D,,10,12,4,4,14,13,3,5,5,4,1,1
13/02/2022,Monaco,Lorient,0,0,D,0,0,D,,15,5,4,1,18,11,11,2,3,2,0,0
13/02/2022,Angers,Strasbourg,0,1,A,0,1,A,,9,8,2,2,20,11,5,3,3,1,0,0
13/02/2022,Brest,Troyes,5,1,H,2,1,H,,12,5,5,2,13,11,1,5,1,1,0,0
13/02/2022,Clermont,St Etienne,1,2,A,1,0,H,,9,6,3,3,16,10,6,3,4,1,0,0
13/02/2022,Nantes,Reims,1,0,H,1,0,H,,11,7,3,4,17,8,5,5,1,0,0,1
13/02/2022,Lens,Bordeaux,3,2,H,3,1,H,,9,10,7,4,9,7,6,2,3,2,0,0
13/02/2022,Metz,Marseille,1,2,A,0,1,A,,11,13,4,5,11,6,3,8,2,2,0,0
13/02/2022,Burnley,Liverpool,0,1,A,0,1,A,M Atkinson,8,12,5,4,7,6,5,8,0,1,0,0
13/02/2022,Newcastle,Aston Villa,1,0,H,1,0,H,C Pawson,10,11,2,1,22,15,3,6,3,4,0,0
13/02/2022,Tottenham,Wolves,0,2,A,0,2,A,K Friend,17,11,7,7,13,13,7,3,3,1,0,0
13/02/2022,Leicester,West Ham,2,2,D,1,1,D,M Oliver,13,8,2,3,10,9,5,4,1,2,0,0
14/02/2022,Spezia,Fiorentina,1,2,A,0,1,A,,9,21,1,4,17,10,4,8,2,1,0,0
14/02/2022,Mallorca,Ath Bilbao,3,2,H,2,0,H,,16,7,5,2,22,15,6,6,6,4,0,0
15/02/2022,Man United,Brighton,2,0,H,0,0,D,P Bankes,19,10,7,3,8,10,10,2,3,1,0,1
16/02/2022,Ath Madrid,Levante,0,1,A,0,0,D,,10,8,1,5,9,19,5,3,3,4,0,0
18/02/2022,Juventus,Torino,1,1,D,1,0,H,,11,10,3,3,16,19,7,9,1,2,0,0
18/02/2022,Mainz,Leverkusen,3,2,H,0,1,A,,17,8,5,6,15,13,6,2,2,2,0,0
18/02/2022,Elche,Vallecano,2,1,H,0,0,D,,9,13,5,2,18,15,2,3,2,4,0,0
18/02/2022,Lille,Metz,0,0,D,0,0,D,,13,7,1,0,10,13,11,1,4,4,1,1
19/02/2022,Sampdoria,Empoli,2,0,H,2,0,H,,8,10,3,2,15,12,3,6,4,2,0,0
19/02/2022,Roma,Verona,2,2,D,0,2,A,,7,5,3,3,18,14,4,2,3,2,0,0
19/02/2022,Salernitana,Milan,2,2,D,1,1,D,,9,14,5,5,14,12,4,7,2,4,0,0
19/02/2022,Augsburg,Freiburg,1,2,A,1,2,A,,18,15,4,5,11,8,11,4,1,1,0,0
19/02/2022,Bielefeld,Union Berlin,1,0,H,0,0,D,,11,11,3,4,6,15,6,4,0,2,0,0
19/02/2022,Stuttgart,Bochum,1,1,D,0,0,D,,15,13,7,5,7,17,6,0,0,4,0,0
19/02/2022,Wolfsburg,Hoffenheim,1,2,A,1,0,H,,14,10,6,4,10,17,5,2,1,2,0,0
19/02/2022,FC Koln,Ein Frankfurt,1,0,H,0,0,D,,13,10,8,2,9,16,5,6,1,2,0,0
19/02/2022,Granada,Villarreal,1,4,A,0,2,A,,20,15,5,7,15,10,9,2,3,6,0,0
19/02/2022,Osasuna,Ath Madrid,0,3,A,0,1,A,,14,5,4,4,12,19,4,2,1,2,0,0
19/02/2022,Cadiz,Getafe,1,1,D,1,1,D,,9,6,2,1,17,11,7,2,3,4,0,0
19/02/2022,Real Madrid,Alaves,3,0,H,0,0,D,,22,7,9,2,6,11,7,1,1,1,0,0
19/02/2022,Lens,Lyon,1,1,D,1,1,D,,12,10,6,2,8,10,4,4,0,2,0,0
19/02/2022,Nantes,Paris SG,3,1,H,3,0,H,,13,16,7,9,16,10,5,7,2,6,0,0
19/02/2022,West Ham,Newcastle,1,1,D,1,1,D,C Kavanagh,11,14,3,3,3,7,3,7,3,3,0,0
19/02/2022,Arsenal,Brentford,2,1,H,0,0,D,J Moss,24,6,8,2,10,5,14,0,1,1,0,0
19/02/2022,Aston Villa,Watford,0,1,A,0,0,D,R Jones,20,8,1,4,12,7,10,5,1,2,0,0
19/02/2022,Brighton,Burnley,0,3,A,0,2,A,K Friend,11,10,1,4,12,12,4,4,1,4,0,0
19/02/2022,Crystal Palace,Chelsea,0,1,A,0,0,D,D Coote,7,9,0,3,4,20,4,4,1,3,0,0
19/02/2022,Liverpool,Norwich,3,1,H,0,0,D,M Dean,29,6,8,1,7,8,9,4,0,1,0,0
19/02/2022,Southampton,Everton,2,0,H,0,0,D,A Madley,19,9,11,0,6,9,4,4,0,2,0,0
19/02/2022,Man City,Tottenham,2,3,A,1,1,D,A Taylor,21,6,4,5,5,7,10,0,0,3,0,0
20/02/2022,Fiorentina,Atalanta,1,0,H,0,0,D,,6,7,3,1,17,20,2,1,2,5,0,0
20/02/2022,Venezia,Genoa,1,1,D,1,1,D,,15,12,4,3,14,15,6,5,2,2,0,0
20/02/2022,Inter,Sassuolo,0,2,A,0,2,A,,29,13,8,5,12,12,8,3,1,2,0,0
20/02/2022,Udinese,Lazio,1,1,D,1,1,D,,12,10,2,2,22,9,2,12,3,2,0,0
20/02/2022,Bayern Munich,Greuther Furth,4,1,H,0,1,A,,22,8,8,3,15,17,6,4,2,1,0,0
20/02/2022,Dortmund,M'gladbach,6,0,H,2,0,H,,16,8,10,5,17,11,5,5,2,1,0,0
20/02/2022,Hertha,RB Leipzig,1,6,A,0,1,A,,8,16,4,10,10,8,3,10,2,3,1,0
20/02/2022,Espanol,Sevilla,1,1,D,0,1,A,,11,7,4,2,14,14,3,7,4,5,0,1
20/02/2022,Valencia,Barcelona,1,4,A,0,3,A,,11,6,5,6,22,16,8,3,3,4,0,0
20/02/2022,Betis,Mallorca,2,1,H,1,0,H,,14,10,5,1,13,17,4,7,3,2,0,0
20/02/2022,Ath Bilbao,Sociedad,4,0,H,0,0,D,,18,9,8,2,9,9,6,4,4,1,0,0
20/02/2022,Nice,Angers,1,0,H,1,0,H,,9,11,5,2,11,17,4,5,2,2,0,0
20/02/2022,Lorient,Montpellier,0,1,A,0,0,D,,16,6,3,5,15,9,8,5,2,2,0,0
20/02/2022,Reims,Brest,1,1,D,1,1,D,,8,15,2,4,10,17,1,6,1,2,0,0
20/02/2022,Rennes,Troyes,4,1,H,2,1,H,,17,4,8,1,11,16,6,7,1,4,0,0
20/02/2022,St Etienne,Strasbourg,2,2,D,2,2,D,,9,8,4,4,12,5,3,4,3,2,0,0
20/02/2022,Bordeaux,Monaco,1,1,D,1,0,H,,11,13,3,4,13,13,2,7,3,4,0,1
20/02/2022,Marseille,Clermont,0,2,A,0,1,A,,18,4,4,3,11,9,8,3,2,2,0,0
20/02/2022,Leeds,Man United,2,4,A,0,2,A,P Tierney,16,15,6,9,13,19,3,3,6,3,0,0
20/02/2022,Wolves,Leicester,2,1,H,1,1,D,C Pawson,11,17,3,7,12,9,7,10,4,4,0,0
21/02/2022,Cagliari,Napoli,1,1,D,0,0,D,,13,7,5,3,17,22,3,6,1,2,0,0
21/02/2022,Bologna,Spezia,2,1,H,1,1,D,,19,6,7,2,7,13,11,0,1,1,0,0
21/02/2022,Celta,Levante,1,1,D,0,0,D,,8,13,4,3,15,16,2,5,3,5,0,0
23/02/2022,Burnley,Tottenham,1,0,H,0,0,D,G Scott,15,12,4,2,8,8,3,7,0,0,0,0
23/02/2022,Watford,Crystal Palace,1,4,A,1,2,A,A Marriner,8,7,1,5,12,9,6,4,2,1,0,0
23/02/2022,Liverpool,Leeds,6,0,H,3,0,H,M Oliver,23,3,15,2,5,11,4,0,0,3,0,0
24/02/2022,Arsenal,Wolves,2,1,H,0,1,A,M Atkinson,26,6,5,2,8,9,5,4,1,1,0,0
25/02/2022,Milan,Udinese,1,1,D,1,0,H,,9,11,3,6,13,17,5,4,2,4,0,0
25/02/2022,Genoa,Inter,0,0,D,0,0,D,,7,21,1,4,11,9,0,14,2,1,0,0
25/02/2022,Hoffenheim,Stuttgart,2,1,H,0,0,D,,19,13,7,4,14,13,9,3,3,2,0,0
25/02/2022,Levante,Elche,3,0,H,1,0,H,,11,8,4,3,17,8,3,3,1,2,0,1
25/02/2022,Montpellier,Rennes,2,4,A,2,2,D,,12,11,5,9,11,11,7,1,3,2,0,0
25/02/2022,Southampton,Norwich,2,0,H,1,0,H,S Hooper,27,8,9,1,12,9,13,6,1,2,0,0
26/02/2022,Salernitana,Bologna,1,1,D,0,1,A,,15,8,4,3,13,25,6,1,2,3,0,0
26/02/2022,Empoli,Juventus,2,3,A,1,2,A,,11,12,2,5,16,8,7,3,2,0,0,0
26/02/2022,Sassuolo,Fiorentina,2,1,H,1,0,H,,16,15,6,6,12,12,6,10,1,1,0,1
26/02/2022,Freiburg,Hertha,3,0,H,1,0,H,,16,17,5,2,13,10,6,6,1,2,0,0
26/02/2022,Greuther Furth,FC Koln,1,1,D,0,0,D,,13,17,5,5,15,13,7,11,1,2,0,0
26/02/2022,Leverkusen,Bielefeld,3,0,H,1,0,H,,21,8,9,3,8,10,6,3,0,1,0,0
26/02/2022,M'gladbach,Wolfsburg,2,2,D,1,2,A,,23,6,11,3,12,14,7,4,2,4,0,1
26/02/2022,Union Berlin,Mainz,3,1,H,1,0,H,,7,14,3,1,13,18,2,6,4,4,0,1
26/02/2022,Ein Frankfurt,Bayern Munich,0,1,A,0,0,D,,7,20,2,9,16,3,2,8,1,2,0,0
26/02/2022,Mallorca,Valencia,0,1,A,0,1,A,,23,8,3,4,14,21,14,1,4,6,0,1
26/02/2022,Getafe,Alaves,2,2,D,0,1,A,,12,7,3,3,7,24,6,1,2,4,1,0
26/02/2022,Vallecano,Real Madrid,0,1,A,0,0,D,,19,13,5,6,20,5,5,9,5,3,0,0
26/02/2022,Ath Madrid,Celta,2,0,H,1,0,H,,13,16,6,2,10,7,5,9,4,3,0,0
26/02/2022,Strasbourg,Nice,0,0,D,0,0,D,,17,3,6,0,9,12,8,2,1,2,0,1
26/02/2022,Paris SG,St Etienne,3,1,H,1,1,D,,21,13,8,6,9,13,8,3,2,1,0,0
26/02/2022,Leeds,Tottenham,0,4,A,0,3,A,C Pawson,19,15,3,11,16,11,3,6,4,2,0,0
26/02/2022,Brentford,Newcastle,0,2,A,0,2,A,M Dean,6,26,1,11,9,7,6,6,3,1,1,0
26/02/2022,Crystal Palace,Burnley,1,1,D,1,0,H,J Moss,11,5,4,1,5,17,5,4,0,2,0,0
26/02/2022,Man United,Watford,0,0,D,0,0,D,K Friend,22,10,3,2,2,7,4,3,0,0,0,0
26/02/2022,Brighton,Aston Villa,0,2,A,0,1,A,J Brooks,12,9,1,4,17,11,7,2,4,5,0,0
26/02/2022,Everton,Man City,0,1,A,0,0,D,P Tierney,6,13,2,8,7,14,3,4,3,2,0,0
27/02/2022,Torino,Cagliari,1,2,A,0,1,A,,15,11,6,5,16,20,4,3,2,4,0,0
27/02/2022,Verona,Venezia,3,1,H,0,0,D,,19,9,11,4,13,10,5,5,0,1,0,0
27/02/2022,Spezia,Roma,0,1,A,0,0,D,,9,31,3,10,13,11,1,8,5,3,1,0
27/02/2022,Lazio,Napoli,1,2,A,0,0,D,,13,15,8,7,13,14,1,5,3,2,0,0
27/02/2022,Bochum,RB Leipzig,0,1,A,0,0,D,,13,6,2,1,15,9,5,0,1,1,0,0
27/02/2022,Augsburg,Dortmund,1,1,D,0,1,A,,8,11,3,7,15,8,5,5,2,1,0,0
27/02/2022,Villarreal,Espanol,5,1,H,3,0,H,,19,7,11,2,11,12,10,3,2,1,0,0
27/02/2022,Sevilla,Betis,2,1,H,2,0,H,,12,10,3,2,13,16,4,4,6,3,0,0
27/02/2022,Sociedad,Osasuna,1,0,H,0,0,D,,11,11,5,1,10,9,6,5,0,4,0,0
27/02/2022,Barcelona,Ath Bilbao,4,0,H,1,0,H,,17,6,7,3,8,10,5,0,2,1,0,0
27/02/2022,Monaco,Reims,1,2,A,0,0,D,,18,12,5,7,15,12,10,3,3,2,1,0
27/02/2022,Angers,Lens,1,2,A,0,0,D,,13,8,4,2,13,16,7,3,4,3,1,0
27/02/2022,Brest,Lorient,0,1,A,0,0,D,,4,17,0,8,12,15,4,6,2,4,1,0
27/02/2022,Clermont,Bordeaux,1,1,D,1,1,D,,9,10,3,3,5,13,6,6,1,2,0,0
27/02/2022,Metz,Nantes,0,0,D,0,0,D,,8,12,0,3,14,15,3,4,1,2,1,0
27/02/2022,Troyes,Marseille,1,1,D,0,1,A,,9,8,3,3,15,8,4,8,5,3,0,0
27/02/2022,Lyon,Lille,0,1,A,0,1,A,,20,6,8,2,13,15,7,3,3,2,0,0
27/02/2022,West Ham,Wolves,1,0,H,0,0,D,A Taylor,13,14,4,1,8,2,3,5,1,0,0,0
28/02/2022,Atalanta,Sampdoria,4,0,H,2,0,H,,19,6,9,1,16,9,8,1,1,2,0,0
28/02/2022,Granada,Cadiz,0,0,D,0,0,D,,6,12,1,4,12,17,0,4,3,3,1,0
01/03/2022,Burnley,Leicester,0,2,A,0,0,D,C Kavanagh,9,22,2,6,10,13,6,8,1,1,0,0
02/03/2022,Mallorca,Sociedad,0,2,A,0,1,A,,13,13,1,3,12,9,3,4,0,2,0,0
04/03/2022,Inter,Salernitana,5,0,H,2,0,H,,23,11,12,3,11,7,10,3,2,1,0,0
04/03/2022,Bielefeld,Augsburg,0,1,A,0,0,D,,6,7,1,1,12,10,6,1,3,5,0,0
04/03/2022,Alaves,Sevilla,0,0,D,0,0,D,,14,13,2,4,16,8,5,5,3,1,0,0
04/03/2022,Lorient,Lyon,1,4,A,0,2,A,,15,15,6,7,9,14,8,3,1,0,0,0
05/03/2022,Udinese,Sampdoria,2,1,H,2,1,H,,19,8,5,4,20,14,11,4,5,2,0,0
05/03/2022,Roma,Atalanta,1,0,H,1,0,H,,13,7,4,4,18,14,6,3,6,4,1,1
05/03/2022,Cagliari,Lazio,0,3,A,0,2,A,,16,13,3,5,10,13,7,6,3,2,0,1
05/03/2022,Bayern Munich,Leverkusen,1,1,D,1,1,D,,20,9,6,2,10,14,7,2,1,2,0,0
05/03/2022,Bochum,Greuther Furth,2,1,H,1,0,H,,15,9,9,2,16,14,3,6,2,4,0,0
05/03/2022,Hertha,Ein Frankfurt,1,4,A,0,1,A,,10,12,4,6,10,16,3,8,2,2,0,0
05/03/2022,RB Leipzig,Freiburg,1,1,D,0,1,A,,14,4,5,3,8,15,4,1,1,0,0,0
05/03/2022,Wolfsburg,Union Berlin,1,0,H,1,0,H,,9,17,3,5,12,15,6,10,0,1,0,0
05/03/2022,Stuttgart,M'gladbach,3,2,H,1,2,A,,18,9,7,3,7,10,5,2,1,2,0,0
05/03/2022,Osasuna,Villarreal,1,0,H,0,0,D,,12,10,3,1,12,6,6,8,1,0,0,0
05/03/2022,Espanol,Getafe,2,0,H,2,0,H,,4,12,1,3,17,15,1,5,6,5,0,0
05/03/2022,Valencia,Granada,3,1,H,0,0,D,,12,7,4,0,14,13,3,6,3,3,0,0
05/03/2022,Real Madrid,Sociedad,4,1,H,2,1,H,,18,1,8,1,12,14,7,1,0,2,0,0
05/03/2022,Lens,Brest,0,1,A,0,0,D,,20,5,6,3,14,11,4,0,1,1,0,0
05/03/2022,Nice,Paris SG,1,0,H,0,0,D,,11,8,6,2,15,10,3,4,1,0,0,0
05/03/2022,Leicester,Leeds,1,0,H,0,0,D,D Coote,7,19,4,4,9,12,5,10,1,2,0,0
05/03/2022,Aston Villa,Southampton,4,0,H,2,0,H,P Bankes,14,11,9,1,10,8,4,7,1,1,0,0
05/03/2022,Burnley,Chelsea,0,4,A,0,0,D,A Marriner,6,11,1,5,12,7,5,2,2,0,0,0
05/03/2022,Newcastle,Brighton,2,1,H,2,0,H,M Atkinson,10,15,4,4,8,10,4,7,1,1,0,0
05/03/2022,Norwich,Brentford,1,3,A,0,1,A,A Taylor,15,10,7,6,13,18,5,5,2,5,0,0
05/03/2022,Wolves,Crystal Palace,0,2,A,0,2,A,A Madley,12,12,5,8,13,8,7,7,0,3,0,0
05/03/2022,Liverpool,West Ham,1,0,H,1,0,H,J Moss,22,13,5,5,7,7,4,6,2,1,0,0
06/03/2022,Genoa,Empoli,0,0,D,0,0,D,,18,8,7,2,15,19,7,2,4,3,0,0
06/03/2022,Bologna,Torino,0,0,D,0,0,D,,6,13,1,2,23,16,5,7,3,3,0,0
06/03/2022,Fiorentina,Verona,1,1,D,1,1,D,,8,2,2,2,15,15,4,2,0,4,0,0
06/03/2022,Venezia,Sassuolo,1,4,A,1,3,A,,16,16,5,10,18,14,8,6,4,1,0,0
06/03/2022,Juventus,Spezia,1,0,H,1,0,H,,10,9,3,4,14,11,4,4,3,2,0,0
06/03/2022,Napoli,Milan,0,1,A,0,0,D,,9,12,2,7,7,15,6,7,4,4,0,0
06/03/2022,FC Koln,Hoffenheim,0,1,A,0,0,D,,10,13,3,3,9,12,4,1,1,4,0,0
06/03/2022,Cadiz,Vallecano,2,0,H,0,0,D,,13,14,7,3,23,15,5,6,5,3,0,0
06/03/2022,Elche,Barcelona,1,2,A,1,0,H,,13,20,3,9,10,8,5,6,2,6,1,0
06/03/2022,Celta,Mallorca,4,3,H,2,1,H,,16,12,8,3,17,9,4,5,5,4,1,0
06/03/2022,Betis,Ath Madrid,1,3,A,1,1,D,,18,8,6,6,16,10,10,3,5,3,0,0
06/03/2022,St Etienne,Metz,1,0,H,0,0,D,,13,5,5,2,11,18,12,3,3,4,0,0
06/03/2022,Bordeaux,Troyes,0,2,A,0,1,A,,10,10,3,2,18,15,6,2,6,1,0,1
06/03/2022,Nantes,Montpellier,2,0,H,0,0,D,,16,6,5,1,11,11,6,4,1,1,0,0
06/03/2022,Reims,Strasbourg,1,1,D,0,0,D,,8,17,1,6,6,11,2,4,0,2,0,0
06/03/2022,Rennes,Angers,2,0,H,1,0,H,,15,7,4,2,11,7,7,7,1,1,0,0
06/03/2022,Lille,Clermont,4,0,H,1,0,H,,15,9,8,1,15,9,3,2,1,3,0,1
06/03/2022,Marseille,Monaco,0,1,A,0,0,D,,13,5,2,3,13,9,10,3,2,1,0,0
06/03/2022,Watford,Arsenal,2,3,A,1,2,A,C Pawson,13,16,7,4,5,11,1,5,1,2,0,0
06/03/2022,Man City,Man United,4,1,H,2,1,H,M Oliver,24,5,10,2,10,14,9,3,0,1,0,0
07/03/2022,Ath Bilbao,Levante,3,1,H,0,0,D,,17,5,9,2,6,14,4,3,1,2,0,0
07/03/2022,Tottenham,Everton,5,0,H,3,0,H,S Attwell,14,6,7,0,15,10,5,2,2,0,0,0
10/03/2022,Norwich,Chelsea,1,3,A,0,2,A,M Atkinson,9,15,3,7,8,15,3,8,0,2,0,0
10/03/2022,Southampton,Newcastle,1,2,A,1,1,D,K Friend,14,8,5,4,6,7,12,5,1,1,0,0
10/03/2022,Wolves,Watford,4,0,H,3,0,H,D England,10,9,5,0,11,10,5,2,2,2,0,0
10/03/2022,Leeds,Aston Villa,0,3,A,0,1,A,S Hooper,4,15,1,9,17,11,3,5,5,3,0,0
11/03/2022,Ath Madrid,Cadiz,2,1,H,1,1,D,,6,14,5,3,23,14,0,4,4,1,1,0
11/03/2022,Lille,St Etienne,0,0,D,0,0,D,,10,11,2,3,14,12,2,3,1,1,0,0
12/03/2022,Salernitana,Sassuolo,2,2,D,1,2,A,,15,20,5,7,13,15,5,5,2,4,0,1
12/03/2022,Spezia,Cagliari,2,0,H,0,0,D,,12,11,7,1,10,17,8,7,1,4,0,0
12/03/2022,Sampdoria,Juventus,1,3,A,0,2,A,,16,6,5,3,7,15,9,0,0,2,0,0
12/03/2022,Milan,Empoli,1,0,H,1,0,H,,15,5,5,2,6,12,5,4,1,0,0,0
12/03/2022,Freiburg,Wolfsburg,3,2,H,2,0,H,,16,11,8,5,11,9,7,5,2,0,0,0
12/03/2022,Hoffenheim,Bayern Munich,1,1,D,1,1,D,,9,18,6,8,12,9,3,8,4,1,0,0
12/03/2022,Union Berlin,Stuttgart,1,1,D,1,0,H,,11,11,3,3,25,12,3,3,3,2,0,0
12/03/2022,M'gladbach,Hertha,2,0,H,1,0,H,,12,12,5,3,7,17,3,6,3,0,0,0
12/03/2022,Levante,Espanol,1,1,D,0,0,D,,14,6,3,1,17,10,8,2,4,4,0,0
12/03/2022,Granada,Elche,0,1,A,0,1,A,,15,13,4,2,15,16,3,3,3,6,0,0
12/03/2022,Villarreal,Celta,1,0,H,0,0,D,,10,12,3,2,12,14,5,6,1,1,0,0
12/03/2022,Getafe,Valencia,0,0,D,0,0,D,,16,6,6,0,18,21,5,3,6,5,0,0
12/03/2022,Montpellier,Nice,0,0,D,0,0,D,,24,8,7,0,10,8,13,1,3,2,0,1
12/03/2022,Troyes,Nantes,1,0,H,1,0,H,,11,6,2,1,7,16,8,4,1,1,0,0
12/03/2022,Brighton,Liverpool,0,2,A,0,1,A,M Dean,8,18,3,9,12,15,7,6,3,1,0,0
12/03/2022,Brentford,Burnley,2,0,H,0,0,D,P Tierney,13,7,4,1,6,10,2,9,1,1,0,1
12/03/2022,Man United,Tottenham,3,2,H,2,1,H,J Moss,10,10,6,3,8,7,4,5,2,1,0,0
13/03/2022,Fiorentina,Bologna,1,0,H,0,0,D,,14,4,5,0,9,16,9,1,1,5,0,1
13/03/2022,Verona,Napoli,1,2,A,0,1,A,,8,13,1,4,19,9,3,5,6,0,2,0
13/03/2022,Atalanta,Genoa,0,0,D,0,0,D,,11,13,2,3,13,17,4,3,2,0,0,0
13/03/2022,Udinese,Roma,1,1,D,1,0,H,,11,10,5,2,16,12,6,4,3,2,0,0
13/03/2022,Torino,Inter,1,1,D,1,0,H,,13,15,4,7,15,17,3,4,1,5,0,0
13/03/2022,Leverkusen,FC Koln,0,1,A,0,0,D,,15,6,3,3,13,19,7,0,2,2,0,0
13/03/2022,Dortmund,Bielefeld,1,0,H,1,0,H,,20,11,3,4,6,10,4,5,1,1,0,0
13/03/2022,Ein Frankfurt,Bochum,2,1,H,0,1,A,,14,8,3,4,10,15,9,3,3,4,0,0
13/03/2022,Greuther Furth,RB Leipzig,1,6,A,1,4,A,,7,12,1,7,9,8,0,2,2,0,0,0
13/03/2022,Vallecano,Sevilla,1,1,D,0,0,D,,10,3,2,2,16,15,5,6,0,1,0,0
13/03/2022,Betis,Ath Bilbao,1,0,H,1,0,H,,8,11,5,2,17,12,5,6,4,5,1,0
13/03/2022,Sociedad,Alaves,1,0,H,0,0,D,,15,13,6,4,15,12,6,4,1,1,0,0
13/03/2022,Barcelona,Osasuna,4,0,H,3,0,H,,24,4,9,3,7,4,5,1,0,4,0,0
13/03/2022,Paris SG,Bordeaux,3,0,H,1,0,H,,12,15,5,5,4,9,2,4,1,2,0,0
13/03/2022,Angers,Reims,0,1,A,0,1,A,,20,10,7,3,19,8,4,2,6,3,1,1
13/03/2022,Clermont,Lorient,0,2,A,0,0,D,,10,9,1,6,14,14,2,2,1,2,0,0
13/03/2022,Metz,Lens,0,0,D,0,0,D,,6,11,3,0,11,14,5,4,5,2,0,0
13/03/2022,Strasbourg,Monaco,1,0,H,1,0,H,,11,5,3,0,10,13,6,7,1,2,0,0
13/03/2022,Lyon,Rennes,2,4,A,0,3,A,,11,10,2,7,8,12,8,2,2,3,0,0
13/03/2022,Brest,Marseille,1,4,A,0,1,A,,8,13,2,7,11,14,1,3,1,4,0,0
13/03/2022,Chelsea,Newcastle,1,0,H,0,0,D,D Coote,8,7,3,2,17,16,7,2,4,3,0,0
13/03/2022,Everton,Wolves,0,1,A,0,0,D,M Oliver,8,14,2,3,13,11,5,2,2,1,1,0
13/03/2022,Leeds,Norwich,2,1,H,1,0,H,S Attwell,13,12,7,4,18,8,6,2,3,1,0,0
13/03/2022,Southampton,Watford,1,2,A,1,2,A,G Scott,13,9,7,5,8,12,11,3,3,2,0,0
13/03/2022,West Ham,Aston Villa,2,1,H,0,0,D,J Gillett,11,13,4,7,9,3,5,7,1,0,0,0
13/03/2022,Arsenal,Leicester,2,0,H,1,0,H,A Taylor,21,6,8,3,8,10,2,6,0,3,0,0
14/03/2022,Lazio,Venezia,1,0,H,0,0,D,,10,7,1,2,11,13,8,4,1,1,0,0
14/03/2022,Mallorca,Real Madrid,0,3,A,0,0,D,,14,11,3,5,13,15,1,6,3,3,0,0
14/03/2022,Crystal Palace,Man City,0,0,D,0,0,D,M Atkinson,7,18,1,4,6,11,2,6,3,1,0,0
16/03/2022,Mainz,Dortmund,0,1,A,0,0,D,,10,11,1,4,18,10,5,5,3,4,0,0
16/03/2022,Brighton,Tottenham,0,2,A,0,1,A,R Jones,15,17,0,7,11,9,6,3,2,2,0,0
16/03/2022,Arsenal,Liverpool,0,2,A,0,0,D,A Marriner,9,9,2,3,9,9,1,6,0,1,0,0
17/03/2022,Everton,Newcastle,1,0,H,0,0,D,C Pawson,9,17,3,6,13,11,5,7,2,1,1,0
18/03/2022,Sassuolo,Spezia,4,1,H,1,1,D,,16,5,7,1,14,16,6,2,2,3,0,0
18/03/2022,Genoa,Torino,1,0,H,1,0,H,,7,9,2,3,12,17,2,3,3,3,1,0
18/03/2022,Bochum,M'gladbach,0,2,A,0,0,D,,15,8,7,5,12,10,7,3,2,1,0,0
18/03/2022,Ath Bilbao,Getafe,1,1,D,1,1,D,,22,7,11,2,15,13,8,2,4,5,0,2
18/03/2022,St Etienne,Troyes,1,1,D,0,1,A,,10,8,3,4,13,9,1,4,2,2,0,0
18/03/2022,Wolves,Leeds,2,3,A,2,0,H,K Friend,14,15,8,6,13,14,2,5,1,4,1,0
19/03/2022,Napoli,Udinese,2,1,H,0,1,A,,20,10,8,3,10,12,7,4,2,2,0,1
19/03/2022,Inter,Fiorentina,1,1,D,0,0,D,,13,17,5,4,14,12,5,3,1,2,0,0
19/03/2022,Cagliari,Milan,0,1,A,0,0,D,,13,21,1,5,13,14,6,5,1,0,0,0
19/03/2022,Greuther Furth,Freiburg,0,0,D,0,0,D,,8,13,1,3,15,9,1,11,1,0,0,0
19/03/2022,Hertha,Hoffenheim,3,0,H,1,0,H,,13,8,6,0,10,13,1,6,2,1,0,0
19/03/2022,Mainz,Bielefeld,4,0,H,1,0,H,,14,6,6,0,10,14,6,1,1,0,0,0
19/03/2022,Stuttgart,Augsburg,3,2,H,1,2,A,,24,10,9,4,13,17,8,0,2,3,0,0
19/03/2022,Bayern Munich,Union Berlin,4,0,H,3,0,H,,16,9,7,4,8,7,3,2,2,1,0,0
19/03/2022,Alaves,Granada,2,3,A,0,0,D,,11,12,6,3,12,10,6,2,4,6,0,1
19/03/2022,Elche,Valencia,0,1,A,0,0,D,,8,8,2,3,19,14,4,2,3,3,1,0
19/03/2022,Osasuna,Levante,3,1,H,1,0,H,,20,13,7,4,9,17,6,1,0,1,0,0
19/03/2022,Vallecano,Ath Madrid,0,1,A,0,0,D,,15,11,3,3,15,12,3,6,0,0,0,1
19/03/2022,Lens,Clermont,3,1,H,2,1,H,,20,10,7,3,15,12,7,2,1,1,0,0
19/03/2022,Nantes,Lille,0,1,A,0,1,A,,11,12,3,4,19,15,7,7,3,4,0,1
19/03/2022,Aston Villa,Arsenal,0,1,A,0,1,A,A Madley,8,10,1,3,13,14,6,5,3,3,0,0
20/03/2022,Venezia,Sampdoria,0,2,A,0,2,A,,13,8,1,4,28,17,3,4,5,1,1,0
20/03/2022,Empoli,Verona,1,1,D,1,0,H,,7,14,2,4,17,13,3,7,2,3,0,0
20/03/2022,Juventus,Salernitana,2,0,H,2,0,H,,12,12,7,4,10,13,5,5,3,2,0,0
20/03/2022,Roma,Lazio,3,0,H,3,0,H,,11,9,5,3,16,12,6,3,4,3,0,0
20/03/2022,Bologna,Atalanta,0,1,A,0,0,D,,12,15,3,2,9,12,6,3,0,1,0,0
20/03/2022,RB Leipzig,Ein Frankfurt,0,0,D,0,0,D,,14,5,7,0,6,21,3,2,1,5,0,0
20/03/2022,Wolfsburg,Leverkusen,0,2,A,0,0,D,,18,17,4,7,6,13,7,7,2,3,0,0
20/03/2022,FC Koln,Dortmund,1,1,D,1,1,D,,10,9,1,3,13,16,7,5,2,3,0,0
20/03/2022,Espanol,Mallorca,1,0,H,1,0,H,,12,9,3,3,14,12,6,6,3,3,0,0
20/03/2022,Cadiz,Villarreal,1,0,H,0,0,D,,16,3,7,1,11,11,6,3,3,2,0,0
20/03/2022,Celta,Betis,0,0,D,0,0,D,,9,7,3,1,12,12,2,2,1,2,0,0
20/03/2022,Sevilla,Sociedad,0,0,D,0,0,D,,10,13,0,2,12,13,7,3,0,3,0,0
20/03/2022,Real Madrid,Barcelona,0,4,A,0,2,A,,14,18,4,10,9,12,4,3,4,4,0,0
20/03/2022,Monaco,Paris SG,3,0,H,1,0,H,,13,13,8,6,17,10,6,7,3,3,0,0
20/03/2022,Angers,Brest,1,0,H,1,0,H,,9,16,3,2,11,9,6,11,2,1,0,0
20/03/2022,Bordeaux,Montpellier,0,2,A,0,2,A,,32,7,10,2,18,7,11,4,3,0,0,2
20/03/2022,Lorient,Strasbourg,0,0,D,0,0,D,,9,13,2,4,11,18,6,5,2,2,0,0
20/03/2022,Rennes,Metz,6,1,H,3,0,H,,21,2,8,1,13,11,10,1,1,2,0,0
20/03/2022,Reims,Lyon,0,0,D,0,0,D,,5,10,2,2,12,13,7,3,0,3,0,0
20/03/2022,Marseille,Nice,2,1,H,1,0,H,,13,9,6,3,12,11,3,2,2,2,0,0
20/03/2022,Leicester,Brentford,2,1,H,2,0,H,D England,12,15,4,6,10,10,2,5,1,2,0,0
20/03/2022,Tottenham,West Ham,3,1,H,2,1,H,A Taylor,17,6,4,1,7,7,5,3,0,1,0,0
01/04/2022,Union Berlin,FC Koln,1,0,H,0,0,D,,13,6,5,1,17,11,2,4,3,3,0,0
02/04/2022,Spezia,Venezia,1,0,H,0,0,D,,11,13,5,2,15,12,5,2,3,1,0,0
02/04/2022,Lazio,Sassuolo,2,1,H,1,0,H,,14,20,5,5,11,8,4,3,1,3,0,0
02/04/2022,Salernitana,Torino,0,1,A,0,1,A,,14,8,3,5,15,21,9,2,5,4,1,0
02/04/2022,Bielefeld,Stuttgart,1,1,D,0,1,A,,10,14,4,4,13,12,6,2,1,5,0,0
02/04/2022,Ein Frankfurt,Greuther Furth,0,0,D,0,0,D,,20,4,6,2,10,14,9,0,1,0,0,0
02/04/2022,Freiburg,Bayern Munich,1,4,A,0,0,D,,8,21,3,11,13,6,1,6,1,1,0,0
02/04/2022,Hoffenheim,Bochum,1,2,A,0,1,A,,14,20,7,6,9,11,5,6,3,2,0,0
02/04/2022,Leverkusen,Hertha,2,1,H,2,1,H,,18,7,7,4,13,11,3,3,0,1,0,0
02/04/2022,Dortmund,RB Leipzig,1,4,A,0,2,A,,10,11,2,5,7,10,7,5,3,1,0,0
02/04/2022,Getafe,Mallorca,1,0,H,0,0,D,,16,7,3,1,15,22,5,1,5,6,0,1
02/04/2022,Levante,Villarreal,2,0,H,0,0,D,,13,13,4,2,16,13,1,8,4,2,0,0
02/04/2022,Celta,Real Madrid,1,2,A,0,1,A,,10,12,4,6,16,12,9,3,3,0,0,0
02/04/2022,Ath Madrid,Alaves,4,1,H,1,0,H,,14,7,8,1,10,13,8,2,1,0,0,0
02/04/2022,Nice,Rennes,1,1,D,0,0,D,,10,13,3,4,12,12,7,11,2,1,0,0
02/04/2022,Lille,Bordeaux,0,0,D,0,0,D,,22,2,6,0,13,15,7,2,2,4,0,1
02/04/2022,Liverpool,Watford,2,0,H,1,0,H,S Attwell,20,5,3,2,9,8,9,3,1,1,0,0
02/04/2022,Brighton,Norwich,0,0,D,0,0,D,S Hooper,31,6,4,0,12,11,11,2,1,1,0,0
02/04/2022,Burnley,Man City,0,2,A,0,2,A,C Pawson,3,18,1,6,11,6,1,8,1,0,0,0
02/04/2022,Chelsea,Brentford,1,4,A,0,0,D,A Madley,21,17,8,6,11,7,12,7,0,0,0,0
02/04/2022,Leeds,Southampton,1,1,D,1,0,H,A Taylor,12,14,3,6,14,7,4,7,1,1,0,0
02/04/2022,Wolves,Aston Villa,2,1,H,2,0,H,D England,11,15,5,5,15,8,4,9,4,3,0,0
02/04/2022,Man United,Leicester,1,1,D,0,0,D,A Marriner,11,11,5,3,13,6,6,5,2,2,0,0
03/04/2022,Fiorentina,Empoli,1,0,H,0,0,D,,24,5,11,1,10,20,5,0,1,3,0,1
03/04/2022,Atalanta,Napoli,1,3,A,0,2,A,,19,6,3,5,15,11,9,1,2,3,0,0
03/04/2022,Udinese,Cagliari,5,1,H,2,1,H,,24,6,11,3,19,15,2,2,2,4,0,1
03/04/2022,Sampdoria,Roma,0,1,A,0,1,A,,8,6,3,1,15,13,4,4,2,3,0,0
03/04/2022,Juventus,Inter,0,1,A,0,1,A,,23,5,5,1,9,19,8,1,4,4,0,0
03/04/2022,Augsburg,Wolfsburg,3,0,H,1,0,H,,13,17,5,5,15,11,3,5,1,0,0,0
03/04/2022,M'gladbach,Mainz,1,1,D,1,0,H,,17,22,8,10,13,20,3,7,2,1,0,0
03/04/2022,Ath Bilbao,Elche,2,1,H,1,0,H,,16,6,6,2,14,16,7,4,2,4,0,0
03/04/2022,Betis,Osasuna,4,1,H,2,0,H,,24,10,8,3,11,5,11,7,1,3,0,0
03/04/2022,Granada,Vallecano,2,2,D,0,2,A,,17,10,9,4,14,14,5,4,4,5,0,1
03/04/2022,Valencia,Cadiz,0,0,D,0,0,D,,5,4,1,3,11,18,4,3,3,6,0,1
03/04/2022,Barcelona,Sevilla,1,0,H,0,0,D,,19,8,6,3,12,8,9,2,3,3,0,0
03/04/2022,Strasbourg,Lens,1,0,H,0,0,D,,13,13,3,2,8,10,2,6,3,1,0,0
03/04/2022,Clermont,Nantes,2,3,A,0,1,A,,12,9,4,4,10,10,5,6,5,1,1,0
03/04/2022,Metz,Monaco,1,2,A,0,0,D,,17,14,4,4,6,9,3,6,0,0,0,0
03/04/2022,Montpellier,Brest,1,2,A,0,0,D,,9,12,3,6,16,14,7,5,2,4,0,0
03/04/2022,St Etienne,Marseille,2,4,A,1,1,D,,5,15,2,9,14,12,2,9,2,1,0,0
03/04/2022,Troyes,Reims,1,0,H,0,0,D,,19,10,5,4,15,11,6,3,1,4,0,1
03/04/2022,Lyon,Angers,3,2,H,1,0,H,,15,7,5,4,4,13,9,2,1,1,0,0
03/04/2022,Paris SG,Lorient,5,1,H,2,0,H,,15,11,7,4,7,14,3,1,2,1,0,0
03/04/2022,West Ham,Everton,2,1,H,1,0,H,M Oliver,11,13,5,2,9,12,2,4,1,1,0,1
03/04/2022,Tottenham,Newcastle,5,1,H,1,1,D,M Atkinson,19,8,6,1,10,7,2,3,2,3,0,0
04/04/2022,Verona,Genoa,1,0,H,1,0,H,,7,7,3,4,16,15,2,5,4,3,0,0
04/04/2022,Milan,Bologna,0,0,D,0,0,D,,33,8,7,4,10,7,9,2,0,2,0,0
04/04/2022,Sociedad,Espanol,1,0,H,0,0,D,,17,8,6,2,17,13,6,0,2,4,0,0
04/04/2022,Crystal Palace,Arsenal,3,0,H,2,0,H,P Tierney,6,12,5,3,11,15,0,2,0,2,0,0
06/04/2022,Augsburg,Mainz,2,1,H,1,0,H,,14,17,4,3,16,18,5,7,3,2,0,0
06/04/2022,Burnley,Everton,3,2,H,1,2,A,M Dean,13,16,4,4,11,16,9,6,2,2,0,0
08/04/2022,Stuttgart,Dortmund,0,2,A,0,1,A,,13,10,2,4,8,6,4,5,2,1,0,0
08/04/2022,Sevilla,Granada,4,2,H,1,1,D,,16,15,8,5,7,7,14,3,2,2,0,0
08/04/2022,Lorient,St Etienne,6,2,H,2,2,D,,18,13,12,4,18,18,2,3,2,5,0,1
08/04/2022,Newcastle,Wolves,1,0,H,0,0,D,P Bankes,12,5,4,2,6,13,1,2,1,1,0,0
09/04/2022,Empoli,Spezia,0,0,D,0,0,D,,15,11,4,5,11,18,5,4,2,2,0,0
09/04/2022,Inter,Verona,2,0,H,2,0,H,,18,9,6,3,10,7,10,2,2,0,0,0
09/04/2022,Cagliari,Juventus,1,2,A,1,1,D,,4,20,1,6,19,10,1,4,1,0,0,0
09/04/2022,Bayern Munich,Augsburg,1,0,H,0,0,D,,13,6,4,1,10,22,3,3,1,2,0,0
09/04/2022,FC Koln,Mainz,3,2,H,0,1,A,,13,9,5,6,19,23,8,5,2,2,0,0
09/04/2022,Greuther Furth,M'gladbach,0,2,A,0,2,A,,10,18,1,7,12,8,3,5,1,0,0,0
09/04/2022,Wolfsburg,Bielefeld,4,0,H,2,0,H,,11,6,6,3,11,13,3,2,0,1,0,0
09/04/2022,Hertha,Union Berlin,1,4,A,0,1,A,,12,17,3,13,11,11,2,8,4,0,0,0
09/04/2022,Cadiz,Betis,1,2,A,0,0,D,,10,10,4,3,18,10,8,4,1,2,0,0
09/04/2022,Mallorca,Ath Madrid,1,0,H,0,0,D,,10,9,3,1,14,11,1,6,1,4,0,0
09/04/2022,Villarreal,Ath Bilbao,1,1,D,0,1,A,,11,12,5,6,17,15,7,2,2,3,0,0
09/04/2022,Real Madrid,Getafe,2,0,H,1,0,H,,26,8,8,0,13,11,10,2,2,2,0,0
09/04/2022,Reims,Rennes,2,3,A,0,2,A,,15,14,7,8,15,7,2,6,2,0,0,0
09/04/2022,Clermont,Paris SG,1,6,A,1,2,A,,10,17,4,10,8,7,2,5,1,1,0,0
09/04/2022,Everton,Man United,1,0,H,1,0,H,J Moss,7,12,3,4,4,10,5,7,2,2,0,0
09/04/2022,Arsenal,Brighton,1,2,A,0,1,A,D Coote,20,8,4,3,12,19,11,2,3,4,0,0
09/04/2022,Southampton,Chelsea,0,6,A,0,4,A,K Friend,4,24,1,14,11,10,3,3,1,0,0,0
09/04/2022,Watford,Leeds,0,3,A,0,1,A,A Marriner,8,10,1,5,8,12,3,8,2,0,0,0
09/04/2022,Aston Villa,Tottenham,0,4,A,0,1,A,G Scott,9,11,8,5,12,14,9,3,2,3,0,0
10/04/2022,Genoa,Lazio,1,4,A,0,2,A,,15,17,4,11,7,8,3,6,0,1,0,0
10/04/2022,Napoli,Fiorentina,2,3,A,0,1,A,,15,11,3,4,10,17,3,2,0,3,0,0
10/04/2022,Sassuolo,Atalanta,2,1,H,1,0,H,,14,15,7,4,18,14,8,8,2,1,0,0
10/04/2022,Venezia,Udinese,1,2,A,0,1,A,,9,16,4,5,15,11,7,11,7,2,0,0
10/04/2022,Roma,Salernitana,2,1,H,0,1,A,,17,6,7,3,16,23,9,2,5,8,0,0
10/04/2022,Torino,Milan,0,0,D,0,0,D,,14,14,3,3,18,6,6,5,2,2,0,0
10/04/2022,Bochum,Leverkusen,0,0,D,0,0,D,,11,9,2,2,10,9,2,3,0,0,0,0
10/04/2022,Ein Frankfurt,Freiburg,1,2,A,0,1,A,,17,12,5,4,13,9,2,4,1,2,0,0
10/04/2022,RB Leipzig,Hoffenheim,3,0,H,3,0,H,,11,4,4,0,11,15,2,1,1,2,0,0
10/04/2022,Osasuna,Alaves,1,0,H,0,0,D,,15,8,4,2,12,6,7,3,3,1,0,0
10/04/2022,Espanol,Celta,1,0,H,0,0,D,,11,10,2,5,12,21,2,3,4,1,0,0
10/04/2022,Elche,Sociedad,1,2,A,1,2,A,,10,17,1,6,15,12,8,9,3,3,0,0
10/04/2022,Levante,Barcelona,2,3,A,0,0,D,,11,14,6,7,8,7,4,3,1,1,0,0
10/04/2022,Bordeaux,Metz,3,1,H,0,1,A,,12,9,7,2,15,15,5,6,3,2,0,0
10/04/2022,Angers,Lille,1,1,D,0,0,D,,13,17,3,3,10,12,6,7,3,2,0,0
10/04/2022,Brest,Nantes,1,1,D,0,1,A,,12,12,6,5,10,13,4,5,1,3,0,0
10/04/2022,Monaco,Troyes,2,1,H,1,1,D,,11,8,3,1,12,9,10,1,2,2,0,0
10/04/2022,Lens,Nice,3,0,H,0,0,D,,6,16,3,6,8,15,1,7,2,4,1,2
10/04/2022,Strasbourg,Lyon,1,1,D,1,0,H,,15,13,4,3,19,14,5,3,3,1,0,0
10/04/2022,Marseille,Montpellier,2,0,H,2,0,H,,11,6,5,2,12,13,0,8,0,2,0,1
10/04/2022,Brentford,West Ham,2,0,H,0,0,D,M Atkinson,15,5,7,1,2,6,4,6,0,1,0,0
10/04/2022,Leicester,Crystal Palace,2,1,H,2,0,H,R Jones,12,11,3,3,11,12,3,4,1,1,0,0
10/04/2022,Norwich,Burnley,2,0,H,1,0,H,M Oliver,17,18,6,4,12,10,6,7,1,1,0,0
10/04/2022,Man City,Liverpool,2,2,D,2,1,H,A Taylor,11,6,5,4,9,11,4,1,1,4,0,0
11/04/2022,Bologna,Sampdoria,2,0,H,0,0,D,,19,9,4,2,11,11,6,0,1,2,0,0
11/04/2022,Vallecano,Valencia,1,1,D,0,0,D,,11,6,4,2,13,17,5,4,3,4,0,0
15/04/2022,Spezia,Inter,1,3,A,0,1,A,,10,23,2,7,9,11,6,7,2,0,0,0
15/04/2022,Milan,Genoa,2,0,H,1,0,H,,10,7,5,1,10,19,3,1,1,2,0,0
15/04/2022,Sociedad,Betis,0,0,D,0,0,D,,9,9,2,2,17,7,8,1,4,4,1,0
15/04/2022,Rennes,Monaco,2,3,A,1,1,D,,13,12,4,4,7,15,6,0,1,3,0,0
16/04/2022,Cagliari,Sassuolo,1,0,H,1,0,H,,16,8,8,2,15,11,3,3,2,2,0,0
16/04/2022,Sampdoria,Salernitana,1,2,A,1,2,A,,5,7,1,2,18,23,5,2,1,7,0,0
16/04/2022,Udinese,Empoli,4,1,H,1,0,H,,13,15,5,4,18,13,4,7,1,4,0,0
16/04/2022,Fiorentina,Venezia,1,0,H,1,0,H,,22,3,6,1,15,17,5,0,4,4,0,0
16/04/2022,Juventus,Bologna,1,1,D,0,0,D,,23,9,4,2,11,11,4,5,1,5,0,2
16/04/2022,Lazio,Torino,1,1,D,0,0,D,,10,12,4,4,10,12,9,7,1,2,0,0
16/04/2022,Augsburg,Hertha,0,1,A,0,0,D,,13,11,2,1,14,17,1,7,4,4,0,0
16/04/2022,Dortmund,Wolfsburg,6,1,H,5,0,H,,12,9,8,4,14,9,4,6,0,2,0,0
16/04/2022,Freiburg,Bochum,3,0,H,2,0,H,,14,10,8,2,8,10,3,4,0,0,0,1
16/04/2022,Mainz,Stuttgart,0,0,D,0,0,D,,9,6,0,3,17,12,5,3,0,1,0,0
16/04/2022,M'gladbach,FC Koln,1,3,A,0,3,A,,18,17,4,6,15,19,5,5,3,2,0,0
16/04/2022,Elche,Mallorca,3,0,H,1,0,H,,6,13,2,2,17,13,2,1,2,3,0,0
16/04/2022,Alaves,Vallecano,1,0,H,0,0,D,,11,20,5,3,10,9,2,12,2,3,0,1
16/04/2022,Valencia,Osasuna,1,2,A,0,0,D,,11,9,4,3,11,22,9,5,1,2,0,0
16/04/2022,Getafe,Villarreal,1,2,A,0,2,A,,12,11,5,6,17,6,6,6,2,0,0,0
16/04/2022,St Etienne,Brest,2,1,H,2,1,H,,11,7,4,3,10,10,7,3,0,2,0,0
16/04/2022,Lille,Lens,1,2,A,1,2,A,,17,11,5,7,12,9,13,7,3,2,0,0
16/04/2022,Tottenham,Brighton,0,1,A,0,0,D,C Pawson,5,12,0,5,14,10,4,4,3,3,0,0
16/04/2022,Man United,Norwich,3,2,H,2,1,H,A Madley,20,15,9,4,7,6,6,7,0,0,0,0
16/04/2022,Southampton,Arsenal,1,0,H,1,0,H,P Bankes,9,23,3,6,6,6,6,8,2,1,0,0
16/04/2022,Watford,Brentford,1,2,A,0,1,A,S Hooper,17,16,4,5,11,9,6,5,2,1,0,0
17/04/2022,Bielefeld,Bayern Munich,0,3,A,0,2,A,,8,24,3,9,11,11,5,4,1,2,0,0
17/04/2022,Hoffenheim,Greuther Furth,0,0,D,0,0,D,,16,7,3,1,19,15,10,1,3,3,0,0
17/04/2022,Union Berlin,Ein Frankfurt,2,0,H,2,0,H,,14,10,4,3,10,8,4,3,2,1,0,0
17/04/2022,Leverkusen,RB Leipzig,0,1,A,0,0,D,,12,4,4,1,18,7,7,1,2,1,0,0
17/04/2022,Granada,Levante,1,4,A,0,1,A,,16,17,4,8,10,9,13,2,5,2,1,0
17/04/2022,Ath Madrid,Espanol,2,1,H,0,0,D,,10,11,3,5,18,12,6,3,5,5,1,0
17/04/2022,Ath Bilbao,Celta,0,2,A,0,2,A,,10,6,2,4,13,15,5,4,2,2,0,0
17/04/2022,Sevilla,Real Madrid,2,3,A,2,0,H,,7,15,2,6,11,9,0,3,3,4,0,0
17/04/2022,Nice,Lorient,2,1,H,0,0,D,,15,6,2,1,10,12,5,1,2,1,0,0
17/04/2022,Metz,Clermont,1,1,D,1,1,D,,4,26,2,4,15,11,0,9,1,1,1,0
17/04/2022,Montpellier,Reims,0,0,D,0,0,D,,14,15,3,9,9,12,9,6,0,3,0,0
17/04/2022,Nantes,Angers,1,1,D,0,1,A,,24,10,7,3,12,10,14,5,4,1,0,0
17/04/2022,Troyes,Strasbourg,1,1,D,0,0,D,,11,12,3,4,12,19,5,9,1,2,0,0
17/04/2022,Lyon,Bordeaux,6,1,H,3,0,H,,15,17,9,5,8,13,3,5,0,0,0,0
17/04/2022,Paris SG,Marseille,2,1,H,2,1,H,,7,3,3,1,16,12,3,4,6,1,0,0
17/04/2022,Newcastle,Leicester,2,1,H,1,1,D,J Gillett,16,8,7,2,10,10,3,5,2,2,0,0
17/04/2022,West Ham,Burnley,1,1,D,0,1,A,P Tierney,21,9,8,1,9,10,13,4,2,2,0,0
18/04/2022,Napoli,Roma,1,1,D,1,0,H,,9,8,4,6,21,12,5,5,4,2,0,0
18/04/2022,Atalanta,Verona,1,2,A,0,1,A,,17,21,4,6,13,13,10,1,3,3,0,0
18/04/2022,Barcelona,Cadiz,0,1,A,0,0,D,,18,6,6,4,16,9,8,1,4,1,0,0
19/04/2022,Mallorca,Alaves,2,1,H,2,0,H,,5,12,3,4,25,15,0,6,2,6,0,0
19/04/2022,Betis,Elche,0,1,A,0,0,D,,18,9,3,1,9,14,2,3,2,3,1,0
19/04/2022,Villarreal,Valencia,2,0,H,2,0,H,,12,5,5,1,14,12,3,2,2,3,0,0
19/04/2022,Liverpool,Man United,4,0,H,2,0,H,M Atkinson,14,2,5,1,3,6,10,2,1,2,0,0
20/04/2022,Udinese,Salernitana,0,1,A,0,0,D,,11,9,3,2,20,13,9,3,3,5,0,0
20/04/2022,Ath Madrid,Granada,0,0,D,0,0,D,,22,7,1,2,9,12,11,1,4,5,0,0
20/04/2022,Celta,Getafe,0,2,A,0,1,A,,9,6,2,3,13,13,2,1,2,5,0,0
20/04/2022,Osasuna,Real Madrid,1,3,A,1,2,A,,12,23,3,11,13,7,3,4,1,3,0,0
20/04/2022,Bordeaux,St Etienne,2,2,D,2,1,H,,11,9,7,2,17,18,5,4,5,6,0,0
20/04/2022,Lorient,Metz,1,0,H,0,0,D,,15,20,5,5,13,17,10,12,2,2,0,0
20/04/2022,Monaco,Nice,1,0,H,1,0,H,,17,15,7,2,19,11,7,10,5,2,0,0
20/04/2022,Reims,Lille,2,1,H,1,0,H,,10,20,4,5,13,8,5,2,1,1,0,0
20/04/2022,Troyes,Clermont,0,1,A,0,0,D,,16,3,3,1,11,15,5,2,3,6,1,1
20/04/2022,Angers,Paris SG,0,3,A,0,2,A,,8,15,1,8,5,10,3,7,1,2,0,1
20/04/2022,Brest,Lyon,2,1,H,1,0,H,,9,18,3,5,15,12,2,2,2,2,0,0
20/04/2022,Lens,Montpellier,2,0,H,1,0,H,,12,9,5,4,11,10,5,3,1,0,0,0
20/04/2022,Marseille,Nantes,3,2,H,1,2,A,,19,4,5,3,10,15,7,3,2,5,0,1
20/04/2022,Strasbourg,Rennes,2,1,H,1,0,H,,13,10,5,3,16,11,2,7,1,2,0,0
20/04/2022,Chelsea,Arsenal,2,4,A,2,2,D,J Moss,11,14,2,4,7,6,6,1,3,1,0,0
20/04/2022,Everton,Leicester,1,1,D,0,1,A,D Coote,13,11,3,3,8,17,5,4,3,1,0,0
20/04/2022,Newcastle,Crystal Palace,1,0,H,1,0,H,T Harrington,13,10,4,2,12,12,2,5,1,1,0,0
20/04/2022,Man City,Brighton,3,0,H,0,0,D,M Dean,17,2,5,1,12,7,7,4,0,3,0,0
21/04/2022,Espanol,Vallecano,0,1,A,0,1,A,,6,13,2,2,14,18,3,10,4,4,0,0
21/04/2022,Levante,Sevilla,2,3,A,1,2,A,,15,13,6,6,9,12,10,4,1,5,0,0
21/04/2022,Cadiz,Ath Bilbao,2,3,A,0,3,A,,27,9,8,7,9,15,4,1,3,5,0,1
21/04/2022,Sociedad,Barcelona,0,1,A,0,1,A,,8,11,5,1,12,9,5,3,1,2,0,0
21/04/2022,Burnley,Southampton,2,0,H,2,0,H,S Attwell,16,11,6,3,7,7,10,10,2,2,0,0
22/04/2022,Wolfsburg,Mainz,5,0,H,5,0,H,,15,5,7,3,10,10,2,3,0,2,0,1
23/04/2022,Torino,Spezia,2,1,H,1,0,H,,14,7,6,2,9,13,5,6,1,2,0,0
23/04/2022,Venezia,Atalanta,1,3,A,0,1,A,,8,19,2,5,12,13,0,7,0,3,0,0
23/04/2022,Inter,Roma,3,1,H,2,0,H,,11,9,8,2,11,13,4,3,2,2,0,0
23/04/2022,Verona,Sampdoria,1,1,D,0,1,A,,12,4,1,3,15,15,4,5,1,3,0,0
23/04/2022,Ein Frankfurt,Hoffenheim,2,2,D,1,1,D,,17,11,7,4,10,9,9,7,1,3,0,0
23/04/2022,FC Koln,Bielefeld,3,1,H,2,1,H,,19,16,6,4,7,15,5,10,2,3,0,0
23/04/2022,Freiburg,M'gladbach,3,3,D,0,2,A,,19,7,8,4,12,12,8,0,1,4,0,0
23/04/2022,Greuther Furth,Leverkusen,1,4,A,1,2,A,,9,10,4,5,4,13,6,3,0,0,0,0
23/04/2022,RB Leipzig,Union Berlin,1,2,A,0,0,D,,5,12,1,4,13,9,2,5,2,2,0,0
23/04/2022,Bayern Munich,Dortmund,3,1,H,2,0,H,,13,7,6,3,9,11,3,1,0,1,0,0
23/04/2022,Lyon,Montpellier,5,2,H,2,2,D,,27,11,13,7,13,10,8,2,2,2,0,0
23/04/2022,St Etienne,Monaco,1,4,A,1,2,A,,8,12,4,6,11,19,1,1,2,3,0,0
23/04/2022,Paris SG,Lens,1,1,D,0,0,D,,18,8,7,3,17,12,4,3,4,2,0,1
23/04/2022,Arsenal,Man United,3,1,H,2,1,H,C Pawson,14,14,7,5,9,12,1,7,3,4,0,0
23/04/2022,Leicester,Aston Villa,0,0,D,0,0,D,A Madley,5,11,2,3,15,16,7,6,3,2,0,0
23/04/2022,Man City,Watford,5,1,H,3,1,H,K Friend,21,5,8,2,9,7,11,4,1,0,0,0
23/04/2022,Norwich,Newcastle,0,3,A,0,2,A,C Kavanagh,5,13,2,7,11,10,2,3,0,2,0,0
23/04/2022,Brentford,Tottenham,0,0,D,0,0,D,M Atkinson,15,9,2,0,8,7,12,8,2,1,0,0
24/04/2022,Salernitana,Fiorentina,2,1,H,1,0,H,,10,8,4,3,15,12,6,4,1,1,0,0
24/04/2022,Bologna,Udinese,2,2,D,1,1,D,,10,17,3,5,9,22,2,4,2,2,0,0
24/04/2022,Empoli,Napoli,3,2,H,0,1,A,,17,16,7,2,14,9,10,7,4,1,0,0
24/04/2022,Genoa,Cagliari,1,0,H,0,0,D,,13,11,2,1,21,18,2,3,3,2,0,0
24/04/2022,Lazio,Milan,1,2,A,1,0,H,,7,25,2,8,13,15,2,8,3,4,0,0
24/04/2022,Bochum,Augsburg,0,2,A,0,2,A,,18,12,3,4,10,17,10,4,1,3,0,0
24/04/2022,Hertha,Stuttgart,2,0,H,1,0,H,,7,12,2,5,10,8,4,6,1,1,0,0
24/04/2022,Barcelona,Vallecano,0,1,A,0,1,A,,18,3,5,1,10,1,9,1,4,6,0,0
24/04/2022,Rennes,Lorient,5,0,H,2,0,H,,10,12,7,2,10,10,2,4,1,0,1,0
24/04/2022,Clermont,Angers,2,2,D,0,2,A,,12,9,6,5,10,21,4,4,0,6,0,1
24/04/2022,Metz,Brest,0,1,A,0,1,A,,10,16,0,3,16,17,4,7,4,0,2,0
24/04/2022,Nantes,Bordeaux,5,3,H,0,2,A,,15,20,6,7,12,15,6,4,1,1,0,0
24/04/2022,Nice,Troyes,1,0,H,0,0,D,,18,9,3,3,18,11,7,3,0,1,0,0
24/04/2022,Lille,Strasbourg,1,0,H,0,0,D,,11,11,3,3,18,18,4,6,2,3,0,0
24/04/2022,Reims,Marseille,0,1,A,0,0,D,,10,14,3,3,14,7,3,4,1,1,0,0
24/04/2022,Brighton,Southampton,2,2,D,2,1,H,R Jones,8,18,5,5,12,7,6,6,1,0,0,0
24/04/2022,Burnley,Wolves,1,0,H,0,0,D,A Taylor,14,10,5,4,8,7,3,6,3,1,0,0
24/04/2022,Chelsea,West Ham,1,0,H,0,0,D,M Oliver,26,6,5,2,11,9,3,1,1,0,0,1
24/04/2022,Liverpool,Everton,2,0,H,0,0,D,S Attwell,18,9,4,1,8,8,13,1,2,5,0,0
25/04/2022,Sassuolo,Juventus,1,2,A,1,1,D,,22,10,7,5,15,8,6,4,2,2,0,0
25/04/2022,Crystal Palace,Leeds,0,0,D,0,0,D,D England,17,9,7,2,12,13,6,3,2,2,0,0
27/04/2022,Fiorentina,Udinese,0,4,A,0,2,A,,18,17,7,8,12,22,14,2,3,4,0,0
27/04/2022,Atalanta,Torino,4,4,D,2,2,D,,16,5,5,4,12,11,8,0,2,2,0,0
27/04/2022,Bologna,Inter,2,1,H,1,1,D,,5,26,3,7,11,9,0,7,1,3,0,0
28/04/2022,Man United,Chelsea,1,1,D,0,0,D,M Dean,6,21,3,6,9,12,2,9,0,1,0,0
29/04/2022,Union Berlin,Greuther Furth,1,1,D,0,1,A,,6,7,3,2,14,14,2,4,2,2,0,0
29/04/2022,Sevilla,Cadiz,1,1,D,1,0,H,,11,10,6,4,15,11,5,6,2,2,0,0
29/04/2022,Strasbourg,Paris SG,3,3,D,1,1,D,,14,14,2,6,15,6,2,5,3,3,0,0
30/04/2022,Cagliari,Verona,1,2,A,0,2,A,,14,13,5,4,16,17,2,2,2,4,0,0
30/04/2022,Napoli,Sassuolo,6,1,H,4,0,H,,18,13,8,4,10,9,4,3,0,3,0,0
30/04/2022,Sampdoria,Genoa,1,0,H,1,0,H,,10,14,2,4,13,23,1,2,3,1,0,0
30/04/2022,Spezia,Lazio,3,4,A,2,1,H,,9,22,3,9,15,10,4,5,3,1,0,0
30/04/2022,Augsburg,FC Koln,1,4,A,0,2,A,,14,18,5,8,14,14,5,7,2,4,0,0
30/04/2022,Bielefeld,Hertha,1,1,D,0,0,D,,6,9,1,5,14,14,2,6,3,1,0,0
30/04/2022,Dortmund,Bochum,3,4,A,2,2,D,,19,12,10,5,14,18,10,3,4,3,0,0
30/04/2022,Mainz,Bayern Munich,3,1,H,2,1,H,,24,4,7,1,11,11,7,8,0,4,0,0
30/04/2022,Stuttgart,Wolfsburg,1,1,D,0,1,A,,18,15,5,5,9,11,7,9,3,2,0,0
30/04/2022,Hoffenheim,Freiburg,3,4,A,1,1,D,,17,9,7,5,12,6,4,5,1,0,0,0
30/04/2022,Alaves,Villarreal,2,1,H,2,0,H,,11,16,5,6,14,5,5,8,5,2,0,0
30/04/2022,Real Madrid,Espanol,4,0,H,2,0,H,,11,20,5,6,11,6,6,8,2,0,0,0
30/04/2022,Valencia,Levante,1,1,D,1,0,H,,6,24,1,6,11,21,1,7,4,3,1,0
30/04/2022,Ath Bilbao,Ath Madrid,2,0,H,1,0,H,,11,9,4,3,18,15,5,3,3,3,0,0
30/04/2022,Lens,Nantes,2,2,D,0,2,A,,20,13,5,5,7,11,6,5,0,5,1,0
30/04/2022,Rennes,St Etienne,2,0,H,1,0,H,,13,8,3,3,11,15,4,3,1,4,0,0
30/04/2022,Newcastle,Liverpool,0,1,A,0,1,A,A Marriner,4,24,2,10,11,11,0,6,1,3,0,0
30/04/2022,Aston Villa,Norwich,2,0,H,1,0,H,J Brooks,21,9,6,3,16,8,2,3,4,1,0,0
30/04/2022,Southampton,Crystal Palace,1,2,A,1,0,H,J Gillett,8,14,3,5,13,11,6,7,1,3,0,0
30/04/2022,Watford,Burnley,1,2,A,1,0,H,C Pawson,13,17,1,6,13,9,5,6,1,2,0,0
30/04/2022,Wolves,Brighton,0,3,A,0,1,A,S Hooper,11,17,1,9,6,4,7,3,2,1,0,0
30/04/2022,Leeds,Man City,0,4,A,0,1,A,P Tierney,7,19,2,6,13,3,3,6,1,2,0,0
01/05/2022,Juventus,Venezia,2,1,H,1,0,H,,17,9,4,3,17,12,8,4,3,3,0,0
01/05/2022,Empoli,Torino,1,3,A,0,0,D,,11,13,4,3,14,11,5,4,5,2,2,0
01/05/2022,Milan,Fiorentina,1,0,H,0,0,D,,13,8,2,2,17,17,2,2,1,3,0,0
01/05/2022,Udinese,Inter,1,2,A,0,2,A,,7,12,3,5,12,10,5,11,2,1,0,0
01/05/2022,Roma,Bologna,0,0,D,0,0,D,,17,10,5,4,10,9,10,5,0,1,0,0
01/05/2022,Elche,Osasuna,1,1,D,0,0,D,,11,9,4,3,13,18,7,4,4,2,0,0
01/05/2022,Granada,Celta,1,1,D,0,0,D,,15,13,6,6,11,13,5,4,1,3,0,0
01/05/2022,Vallecano,Sociedad,1,1,D,0,1,A,,13,8,7,3,15,7,8,5,2,1,0,0
01/05/2022,Barcelona,Mallorca,2,1,H,1,0,H,,17,6,5,2,13,12,5,2,2,3,0,0
01/05/2022,Troyes,Lille,3,0,H,1,0,H,,9,10,5,1,9,13,1,4,0,4,0,2
01/05/2022,Brest,Clermont,2,0,H,0,0,D,,8,16,4,7,7,16,5,13,2,2,1,0
01/05/2022,Lorient,Reims,1,2,A,1,1,D,,20,12,8,2,15,13,7,3,2,1,0,0
01/05/2022,Monaco,Angers,2,0,H,1,0,H,,15,11,7,5,14,12,8,5,2,2,0,0
01/05/2022,Montpellier,Metz,2,2,D,0,1,A,,18,17,6,5,9,15,8,1,2,3,0,0
01/05/2022,Bordeaux,Nice,0,1,A,0,0,D,,5,14,1,3,10,12,2,5,1,2,0,0
01/05/2022,Marseille,Lyon,0,3,A,0,0,D,,9,12,2,5,5,13,3,6,2,1,0,0
01/05/2022,Everton,Chelsea,1,0,H,0,0,D,K Friend,9,17,4,5,9,12,3,8,3,5,0,0
01/05/2022,Tottenham,Leicester,3,1,H,1,0,H,J Moss,13,6,7,2,13,8,7,3,2,3,0,0
01/05/2022,West Ham,Arsenal,1,2,A,1,1,D,M Dean,8,13,3,7,8,9,3,7,2,2,0,0
02/05/2022,Atalanta,Salernitana,1,1,D,0,1,A,,20,11,5,9,13,9,11,4,3,2,0,0
02/05/2022,Leverkusen,Ein Frankfurt,2,0,H,1,0,H,,11,9,3,4,5,8,4,4,0,0,0,0
02/05/2022,M'gladbach,RB Leipzig,3,1,H,2,1,H,,9,10,6,7,11,20,3,8,4,2,1,0
02/05/2022,Getafe,Betis,0,0,D,0,0,D,,13,9,2,4,13,13,2,4,1,1,0,0
02/05/2022,Man United,Brentford,3,0,H,1,0,H,C Kavanagh,9,12,5,4,4,6,3,8,1,0,0,0
05/05/2022,Salernitana,Venezia,2,1,H,1,0,H,,19,10,4,4,12,17,6,4,2,7,0,1
06/05/2022,Inter,Empoli,4,2,H,2,2,D,,37,4,10,2,10,9,15,2,1,0,0,0
06/05/2022,Genoa,Juventus,2,1,H,0,0,D,,18,12,6,4,13,15,9,2,2,3,0,0
06/05/2022,Bochum,Bielefeld,2,1,H,1,1,D,,16,14,9,5,9,12,6,2,0,0,0,0
06/05/2022,Levante,Sociedad,2,1,H,0,0,D,,16,21,7,6,10,11,7,6,2,3,0,0
06/05/2022,Lille,Monaco,1,2,A,0,1,A,,15,9,5,3,10,8,3,5,4,1,0,0
07/05/2022,Torino,Napoli,0,1,A,0,0,D,,10,11,3,6,18,11,6,4,2,3,0,0
07/05/2022,Sassuolo,Udinese,1,1,D,1,0,H,,15,13,6,6,10,18,6,9,2,2,0,0
07/05/2022,Lazio,Sampdoria,2,0,H,1,0,H,,16,9,10,2,9,9,6,0,1,1,0,0
07/05/2022,FC Koln,Wolfsburg,0,1,A,0,1,A,,17,5,9,3,12,12,9,2,0,2,0,0
07/05/2022,Freiburg,Union Berlin,1,4,A,0,3,A,,18,13,4,5,12,14,4,6,1,2,0,0
07/05/2022,Greuther Furth,Dortmund,1,3,A,0,1,A,,8,8,3,4,15,10,5,2,1,1,0,0
07/05/2022,Hoffenheim,Leverkusen,2,4,A,2,1,H,,12,15,5,8,14,10,6,7,1,0,0,0
07/05/2022,Hertha,Mainz,1,2,A,1,1,D,,10,13,1,6,19,18,3,8,3,1,0,0
07/05/2022,Mallorca,Granada,2,6,A,1,1,D,,18,14,8,7,11,13,5,5,3,2,0,0
07/05/2022,Ath Bilbao,Valencia,0,0,D,0,0,D,,10,4,5,1,13,22,4,2,4,4,0,1
07/05/2022,Cadiz,Elche,3,0,H,0,0,D,,17,4,7,2,18,13,8,1,1,0,0,1
07/05/2022,Celta,Alaves,4,0,H,2,0,H,,15,3,7,1,7,7,7,1,1,3,0,1
07/05/2022,Betis,Barcelona,1,2,A,0,0,D,,14,11,5,5,16,18,4,8,1,2,0,0
07/05/2022,Brest,Strasbourg,0,1,A,0,0,D,,7,14,2,5,5,15,5,5,1,2,0,0
07/05/2022,Brentford,Southampton,3,0,H,2,0,H,M Salisbury,18,19,5,4,12,9,4,7,0,1,0,0
07/05/2022,Burnley,Aston Villa,1,3,A,0,2,A,D Coote,14,12,6,7,13,11,4,5,1,2,0,0
07/05/2022,Chelsea,Wolves,2,2,D,0,0,D,P Bankes,19,14,6,4,7,11,9,3,1,3,0,0
07/05/2022,Crystal Palace,Watford,1,0,H,1,0,H,G Scott,15,6,7,1,11,18,8,5,2,1,0,1
07/05/2022,Brighton,Man United,4,0,H,1,0,H,A Madley,17,15,6,5,13,9,7,6,0,2,0,0
07/05/2022,Liverpool,Tottenham,1,1,D,0,0,D,M Oliver,22,8,3,3,12,8,11,5,3,2,0,0
08/05/2022,Spezia,Atalanta,1,3,A,1,1,D,,5,17,1,6,10,12,0,3,2,3,0,0
08/05/2022,Venezia,Bologna,4,3,H,2,1,H,,18,23,9,10,10,13,4,8,2,4,0,0
08/05/2022,Salernitana,Cagliari,1,1,D,0,0,D,,13,9,2,3,12,17,7,6,5,2,1,1
08/05/2022,Verona,Milan,1,3,A,1,1,D,,10,18,3,8,15,7,5,8,2,1,0,0
08/05/2022,Ein Frankfurt,M'gladbach,1,1,D,0,1,A,,18,11,4,7,6,7,9,1,1,0,0,0
08/05/2022,Bayern Munich,Stuttgart,2,2,D,2,1,H,,25,15,8,5,10,8,7,4,2,3,1,0
08/05/2022,RB Leipzig,Augsburg,4,0,H,1,0,H,,14,6,8,1,8,16,5,1,1,2,0,0
08/05/2022,Getafe,Vallecano,0,0,D,0,0,D,,12,12,6,1,20,14,4,5,3,4,0,0
08/05/2022,Villarreal,Sevilla,1,1,D,0,0,D,,14,7,6,2,14,15,4,2,3,0,0,0
08/05/2022,Espanol,Osasuna,1,1,D,0,1,A,,12,12,3,5,6,15,6,6,1,3,0,0
08/05/2022,Ath Madrid,Real Madrid,1,0,H,1,0,H,,16,15,2,6,17,7,4,6,2,4,0,0
08/05/2022,Metz,Lyon,3,2,H,2,1,H,,15,17,8,5,19,8,3,7,3,2,0,1
08/05/2022,Angers,Bordeaux,4,1,H,2,0,H,,13,7,8,3,14,18,6,3,1,5,0,0
08/05/2022,Clermont,Montpellier,2,1,H,1,1,D,,12,10,4,2,10,15,5,3,2,4,0,0
08/05/2022,Reims,Lens,1,2,A,1,0,H,,7,21,2,5,12,9,3,10,1,2,0,0
08/05/2022,Lorient,Marseille,0,3,A,0,1,A,,7,9,0,6,22,10,4,8,1,1,0,0
08/05/2022,Paris SG,Troyes,2,2,D,2,1,H,,17,9,7,3,10,19,7,4,1,2,0,0
08/05/2022,Arsenal,Leeds,2,1,H,2,0,H,C Kavanagh,19,3,9,2,13,15,8,2,2,2,0,1
08/05/2022,Leicester,Everton,1,2,A,1,2,A,C Pawson,16,10,9,4,11,6,6,1,3,0,0,0
08/05/2022,Norwich,West Ham,0,4,A,0,3,A,R Jones,8,13,2,5,7,7,9,5,1,1,0,0
08/05/2022,Man City,Newcastle,5,0,H,2,0,H,S Attwell,21,7,9,3,6,11,8,2,1,3,0,0
09/05/2022,Fiorentina,Roma,2,0,H,2,0,H,,12,6,7,1,16,11,5,3,3,1,0,0
10/05/2022,Valencia,Betis,0,3,A,0,0,D,,19,9,5,5,17,11,7,3,1,3,0,0
10/05/2022,Granada,Ath Bilbao,1,0,H,1,0,H,,12,8,2,1,20,11,2,7,4,2,0,1
10/05/2022,Barcelona,Celta,3,1,H,2,0,H,,10,13,4,5,18,6,2,8,3,0,0,1
10/05/2022,Aston Villa,Liverpool,1,2,A,1,1,D,J Moss,9,17,4,6,10,12,2,3,0,0,0,0
11/05/2022,Alaves,Espanol,2,1,H,1,1,D,,27,5,9,3,11,15,12,3,3,3,0,1
11/05/2022,Osasuna,Getafe,1,1,D,1,1,D,,12,6,1,0,10,17,7,2,2,4,0,1
11/05/2022,Sevilla,Mallorca,0,0,D,0,0,D,,18,10,4,2,11,18,6,3,4,6,0,0
11/05/2022,Elche,Ath Madrid,0,2,A,0,1,A,,9,11,0,6,16,7,6,3,2,2,0,0
11/05/2022,Nice,St Etienne,4,2,H,0,2,A,,14,12,7,6,10,13,2,2,2,3,0,0
11/05/2022,Nantes,Rennes,2,1,H,1,1,D,,9,17,3,5,13,9,5,5,2,1,0,0
11/05/2022,Leeds,Chelsea,0,3,A,0,1,A,A Taylor,5,17,0,4,10,14,1,5,1,0,1,0
11/05/2022,Leicester,Norwich,3,0,H,0,0,D,S Hooper,20,9,8,5,10,5,10,2,0,0,0,0
11/05/2022,Watford,Everton,0,0,D,0,0,D,M Dean,6,16,0,5,5,12,1,13,1,2,0,0
11/05/2022,Wolves,Man City,1,5,A,1,3,A,M Atkinson,7,16,3,5,2,10,6,2,0,1,0,0
12/05/2022,Sociedad,Cadiz,3,0,H,1,0,H,,13,14,7,1,13,11,2,12,4,2,0,0
12/05/2022,Vallecano,Villarreal,1,5,A,1,4,A,,17,11,3,8,13,10,9,3,5,2,0,0
12/05/2022,Real Madrid,Levante,6,0,H,4,0,H,,27,16,16,1,8,6,6,6,2,1,0,0
12/05/2022,Tottenham,Arsenal,3,0,H,2,0,H,P Tierney,16,8,6,4,8,15,2,2,1,3,0,1
14/05/2022,Empoli,Salernitana,1,1,D,1,0,H,,16,28,6,9,18,8,3,11,2,2,0,0
14/05/2022,Udinese,Spezia,2,3,A,1,2,A,,17,10,6,6,19,10,4,2,3,2,0,0
14/05/2022,Verona,Torino,0,1,A,0,1,A,,10,11,5,5,17,18,4,4,4,2,0,0
14/05/2022,Roma,Venezia,1,1,D,0,1,A,,46,4,16,2,11,14,20,2,2,5,0,1
14/05/2022,Augsburg,Greuther Furth,2,1,H,1,1,D,,8,6,3,3,21,20,3,5,2,3,0,0
14/05/2022,Bielefeld,RB Leipzig,1,1,D,0,0,D,,8,18,4,9,11,8,2,6,1,1,0,0
14/05/2022,Dortmund,Hertha,2,1,H,0,1,A,,9,4,3,1,11,16,3,1,0,2,0,0
14/05/2022,Leverkusen,Freiburg,2,1,H,0,0,D,,11,13,5,2,6,12,6,9,2,3,0,0
14/05/2022,Mainz,Ein Frankfurt,2,2,D,1,2,A,,13,13,4,4,7,11,5,3,2,0,0,0
14/05/2022,M'gladbach,Hoffenheim,5,1,H,3,1,H,,19,10,9,2,8,12,6,2,1,2,0,0
14/05/2022,Stuttgart,FC Koln,2,1,H,1,0,H,,24,16,12,3,15,10,8,10,1,4,0,0
14/05/2022,Union Berlin,Bochum,3,2,H,2,0,H,,17,5,11,3,12,7,1,3,3,2,0,0
14/05/2022,Wolfsburg,Bayern Munich,2,2,D,1,2,A,,10,25,2,10,5,10,2,12,1,2,0,0
14/05/2022,Espanol,Valencia,1,1,D,1,1,D,,5,18,3,5,18,15,2,3,4,1,0,0
14/05/2022,Bordeaux,Lorient,0,0,D,0,0,D,,14,13,1,2,10,11,3,1,4,4,1,0
14/05/2022,Lyon,Nantes,3,2,H,1,0,H,,17,17,6,6,12,10,5,6,1,0,0,0
14/05/2022,Metz,Angers,1,0,H,0,0,D,,7,11,2,4,18,17,1,4,3,1,0,0
14/05/2022,Monaco,Brest,4,2,H,1,2,A,,25,10,9,5,10,12,10,5,2,1,0,0
14/05/2022,Montpellier,Paris SG,0,4,A,0,3,A,,10,15,3,9,9,7,0,2,2,4,0,0
14/05/2022,Nice,Lille,1,3,A,1,0,H,,16,9,6,5,11,9,10,3,2,3,0,0
14/05/2022,Rennes,Marseille,2,0,H,2,0,H,,12,8,4,0,14,8,6,1,1,2,0,0
14/05/2022,St Etienne,Reims,1,2,A,1,1,D,,16,17,7,7,8,9,3,2,1,0,0,0
14/05/2022,Strasbourg,Clermont,1,0,H,1,0,H,,11,11,6,3,13,9,3,2,1,2,0,0
14/05/2022,Troyes,Lens,1,3,A,1,2,A,,6,15,2,9,9,9,5,7,1,2,0,0
15/05/2022,Bologna,Sassuolo,1,3,A,0,1,A,,8,16,2,7,9,10,4,9,0,1,0,0
15/05/2022,Napoli,Genoa,3,0,H,1,0,H,,17,11,9,3,13,15,9,2,1,1,0,0
15/05/2022,Milan,Atalanta,2,0,H,0,0,D,,12,12,6,2,8,14,4,6,3,2,0,0
15/05/2022,Cagliari,Inter,1,3,A,0,1,A,,10,17,2,7,12,15,2,5,0,2,0,0
15/05/2022,Ath Bilbao,Osasuna,2,0,H,1,0,H,,14,8,8,1,6,14,10,6,0,0,0,0
15/05/2022,Ath Madrid,Sevilla,1,1,D,1,0,H,,12,8,3,4,14,18,4,5,2,5,0,0
15/05/2022,Betis,Granada,2,0,H,1,0,H,,11,14,4,4,11,17,4,9,0,1,0,0
15/05/2022,Cadiz,Real Madrid,1,1,D,1,1,D,,21,16,7,7,13,11,10,2,7,2,0,0
15/05/2022,Celta,Elche,1,0,H,1,0,H,,14,10,5,1,11,12,7,5,2,2,0,0
15/05/2022,Getafe,Barcelona,0,0,D,0,0,D,,9,5,3,1,9,8,5,5,1,2,0,0
15/05/2022,Levante,Alaves,3,1,H,0,1,A,,15,6,5,2,19,10,3,4,8,6,0,0
15/05/2022,Mallorca,Vallecano,2,1,H,1,0,H,,12,11,5,4,13,8,5,3,1,0,0,0
15/05/2022,Villarreal,Sociedad,1,2,A,1,0,H,,10,11,4,6,12,16,4,3,4,2,0,0
15/05/2022,Tottenham,Burnley,1,0,H,1,0,H,K Friend,21,8,8,1,12,8,8,2,3,2,0,0
15/05/2022,Aston Villa,Crystal Palace,1,1,D,0,0,D,C Kavanagh,13,16,4,4,11,15,1,5,1,3,0,0
15/05/2022,Leeds,Brighton,1,1,D,0,1,A,M Dean,19,16,5,6,16,8,8,1,3,2,0,0
15/05/2022,Watford,Leicester,1,5,A,1,2,A,J Gillett,13,13,5,7,4,6,7,3,0,1,0,0
15/05/2022,West Ham,Man City,2,2,D,2,0,H,A Taylor,6,31,2,8,9,5,4,9,3,1,0,0
15/05/2022,Wolves,Norwich,1,1,D,0,1,A,T Harrington,17,11,4,2,5,10,5,3,0,3,0,0
15/05/2022,Everton,Brentford,2,3,A,2,1,H,M Oliver,10,18,5,7,8,8,5,2,0,3,2,0
16/05/2022,Sampdoria,Fiorentina,4,1,H,2,0,H,,12,12,5,1,18,9,4,5,2,3,1,0
16/05/2022,Juventus,Lazio,2,2,D,2,0,H,,4,18,2,7,16,13,0,9,3,3,0,0
16/05/2022,Newcastle,Arsenal,2,0,H,0,0,D,D England,16,11,4,2,11,8,12,8,0,3,0,0
17/05/2022,Southampton,Liverpool,1,2,A,1,1,D,M Atkinson,4,24,2,5,6,6,1,9,2,0,0,0
19/05/2022,Everton,Crystal Palace,3,2,H,0,2,A,A Taylor,12,7,6,5,9,13,4,5,2,3,0,0
19/05/2022,Aston Villa,Burnley,1,1,D,0,1,A,P Tierney,22,10,9,5,11,20,13,6,0,1,0,1
19/05/2022,Chelsea,Leicester,1,1,D,1,1,D,S Attwell,20,2,7,1,13,7,6,0,4,1,0,0
20/05/2022,Torino,Roma,0,3,A,0,2,A,,13,14,2,6,10,10,5,6,2,2,0,0
20/05/2022,Real Madrid,Betis,0,0,D,0,0,D,,17,11,3,2,7,12,8,5,0,0,0,0
20/05/2022,Vallecano,Levante,2,4,A,1,3,A,,19,14,8,7,8,12,7,3,0,3,0,0
21/05/2022,Genoa,Bologna,0,1,A,0,0,D,,18,11,5,4,17,10,9,9,3,1,0,0
21/05/2022,Atalanta,Empoli,0,1,A,0,0,D,,40,7,10,3,6,7,15,2,1,1,0,0
21/05/2022,Fiorentina,Juventus,2,0,H,1,0,H,,13,1,4,0,13,14,6,2,3,3,0,0
21/05/2022,Lazio,Verona,3,3,D,2,2,D,,19,10,7,7,9,19,6,4,2,6,0,0
21/05/2022,Valencia,Celta,2,0,H,1,0,H,,10,9,3,3,22,19,3,3,3,3,0,0
21/05/2022,Angers,Montpellier,2,0,H,1,0,H,,19,14,3,1,17,12,4,3,1,4,0,0
21/05/2022,Brest,Bordeaux,2,4,A,2,2,D,,11,15,7,7,10,12,10,1,1,0,0,0
21/05/2022,Clermont,Lyon,1,2,A,0,1,A,,18,21,3,5,10,15,10,4,2,2,0,0
21/05/2022,Lens,Monaco,2,2,D,1,1,D,,28,12,10,5,5,7,10,8,2,3,0,0
21/05/2022,Lille,Rennes,2,2,D,1,1,D,,13,13,4,3,12,0,7,4,2,2,0,0
21/05/2022,Lorient,Troyes,1,1,D,0,1,A,,17,8,6,3,18,10,6,4,2,2,0,1
21/05/2022,Marseille,Strasbourg,4,0,H,1,0,H,,17,10,11,4,11,16,7,3,2,1,0,0
21/05/2022,Nantes,St Etienne,1,1,D,1,0,H,,12,13,5,3,8,9,5,5,2,0,0,0
21/05/2022,Paris SG,Metz,5,0,H,3,0,H,,27,4,12,1,7,12,4,2,1,2,0,1
21/05/2022,Reims,Nice,2,3,A,2,0,H,,5,17,4,6,8,14,2,7,0,2,0,0
22/05/2022,Spezia,Napoli,0,3,A,0,3,A,,16,10,4,4,10,9,4,2,1,2,0,0
22/05/2022,Inter,Sampdoria,3,0,H,0,0,D,,27,9,12,3,6,12,8,2,1,2,0,0
22/05/2022,Sassuolo,Milan,0,3,A,0,3,A,,15,18,3,12,8,13,3,7,2,1,0,0
22/05/2022,Salernitana,Udinese,0,4,A,0,3,A,,25,19,10,11,11,12,7,1,1,1,0,0
22/05/2022,Venezia,Cagliari,0,0,D,0,0,D,,7,31,1,7,6,19,6,11,0,3,0,0
22/05/2022,Elche,Getafe,3,1,H,1,1,D,,19,7,9,2,11,9,8,3,2,2,0,0
22/05/2022,Alaves,Cadiz,0,1,A,0,0,D,,9,13,2,6,11,13,4,4,0,1,0,0
22/05/2022,Granada,Espanol,0,0,D,0,0,D,,15,10,5,5,9,12,7,3,1,0,0,0
22/05/2022,Osasuna,Mallorca,0,2,A,0,0,D,,11,14,1,6,8,14,5,7,2,2,0,0
22/05/2022,Barcelona,Villarreal,0,2,A,0,1,A,,14,4,3,3,12,7,12,1,3,1,0,0
22/05/2022,Sevilla,Ath Bilbao,1,0,H,0,0,D,,13,9,3,1,13,12,5,0,3,3,0,0
22/05/2022,Sociedad,Ath Madrid,1,2,A,0,0,D,,12,6,3,5,16,11,3,2,4,2,0,0
22/05/2022,Arsenal,Everton,5,1,H,2,1,H,A Marriner,26,6,9,2,8,9,12,2,0,1,0,0
22/05/2022,Brentford,Leeds,1,2,A,0,0,D,P Tierney,14,14,5,6,11,13,3,2,2,1,1,0
22/05/2022,Brighton,West Ham,3,1,H,0,1,A,K Friend,18,7,7,2,9,9,5,6,1,1,0,0
22/05/2022,Burnley,Newcastle,1,2,A,0,1,A,C Pawson,12,8,5,6,8,9,8,2,1,0,0,0
22/05/2022,Chelsea,Watford,2,1,H,1,0,H,M Dean,19,8,8,3,9,9,3,3,0,0,0,0
22/05/2022,Crystal Palace,Man United,1,0,H,1,0,H,M Atkinson,6,10,3,4,12,22,3,6,2,4,0,0
22/05/2022,Leicester,Southampton,4,1,H,0,0,D,J Moss,12,7,6,2,10,5,3,3,0,1,0,0
22/05/2022,Liverpool,Wolves,3,1,H,1,1,D,A Taylor,29,7,8,5,6,3,5,3,1,0,0,0
22/05/2022,Man City,Aston Villa,3,2,H,0,1,A,M Oliver,24,4,5,2,5,11,13,1,0,1,0,0
22/05/2022,Norwich,Tottenham,0,5,A,0,2,A,C Kavanagh,9,19,0,13,13,7,3,2,3,1,0,0
05/08/2022,Ein Frankfurt,Bayern Munich,1,6,A,0,5,A,,8,23,2,10,10,11,5,6,2,0,0,0
05/08/2022,Lyon,Ajaccio,2,1,H,2,1,H,,11,8,6,4,10,18,4,3,1,6,1,1
05/08/2022,Crystal Palace,Arsenal,0,2,A,0,1,A,A Taylor,10,10,2,2,16,11,3,5,1,2,0,0
06/08/2022,Augsburg,Freiburg,0,4,A,0,0,D,,10,19,2,7,13,13,5,8,0,0,0,0
06/08/2022,Bochum,Mainz,1,2,A,1,1,D,,16,13,3,6,11,16,3,5,2,3,0,0
06/08/2022,M'gladbach,Hoffenheim,3,1,H,1,1,D,,18,2,8,1,18,12,4,2,1,4,0,1
06/08/2022,Union Berlin,Hertha,3,1,H,1,0,H,,18,9,8,3,23,17,5,4,2,3,0,0
06/08/2022,Wolfsburg,Werder Bremen,2,2,D,1,2,A,,13,10,3,5,11,14,2,5,2,2,0,0
06/08/2022,Dortmund,Leverkusen,1,0,H,1,0,H,,13,8,4,3,14,13,3,3,2,4,0,1
06/08/2022,Strasbourg,Monaco,1,2,A,0,1,A,,11,24,7,11,18,15,3,7,0,2,0,0
06/08/2022,Clermont,Paris SG,0,5,A,0,3,A,,7,18,1,12,13,13,0,6,2,1,0,0
06/08/2022,Fulham,Liverpool,2,2,D,1,0,H,A Madley,9,11,3,4,7,9,4,4,2,0,0,0
06/08/2022,Bournemouth,Aston Villa,2,0,H,1,0,H,P Bankes,7,15,3,2,18,16,5,5,3,3,0,0
06/08/2022,Leeds,Wolves,2,1,H,1,1,D,R Jones,12,15,4,6,13,9,6,4,2,0,0,0
06/08/2022,Newcastle,Nott'm Forest,2,0,H,0,0,D,S Hooper,23,5,10,0,9,14,11,1,0,3,0,0
06/08/2022,Tottenham,Southampton,4,1,H,2,1,H,A Marriner,18,10,8,2,11,6,10,2,3,0,0,0
06/08/2022,Everton,Chelsea,0,1,A,0,1,A,C Pawson,8,15,4,6,14,11,4,16,3,2,0,0
07/08/2022,Stuttgart,RB Leipzig,1,1,D,1,1,D,,11,27,2,9,14,9,1,9,2,1,0,0
07/08/2022,FC Koln,Schalke 04,3,1,H,0,0,D,,30,6,10,2,8,10,9,1,0,1,0,1
07/08/2022,Toulouse,Nice,1,1,D,1,0,H,,6,11,4,4,10,8,6,3,1,2,0,0
07/08/2022,Angers,Nantes,0,0,D,0,0,D,,16,14,6,4,15,13,3,6,3,3,0,0
07/08/2022,Lens,Brest,3,2,H,1,0,H,,17,6,7,4,16,14,6,3,2,4,0,0
07/08/2022,Lille,Auxerre,4,1,H,3,0,H,,16,10,7,2,10,9,7,2,2,1,0,0
07/08/2022,Montpellier,Troyes,3,2,H,2,2,D,,17,15,6,10,13,10,3,6,1,0,0,0
07/08/2022,Rennes,Lorient,0,1,A,0,0,D,,21,8,6,2,11,5,7,2,3,1,0,0
07/08/2022,Marseille,Reims,4,1,H,2,0,H,,16,16,6,6,14,10,6,7,2,0,0,0
07/08/2022,Leicester,Brentford,2,2,D,1,0,H,J Gillett,14,8,5,3,6,5,5,6,0,0,0,0
07/08/2022,Man United,Brighton,1,2,A,0,2,A,P Tierney,17,15,5,4,7,12,6,2,4,1,0,0
07/08/2022,West Ham,Man City,0,2,A,0,1,A,M Oliver,6,14,1,2,8,4,1,4,0,1,0,0
12/08/2022,Freiburg,Dortmund,1,3,A,1,0,H,,16,16,7,7,16,10,9,2,1,3,0,0
12/08/2022,Osasuna,Sevilla,2,1,H,1,1,D,,12,10,5,3,16,9,5,2,5,3,0,0
12/08/2022,Nantes,Lille,1,1,D,1,0,H,,10,16,1,5,14,10,5,11,1,4,0,0
13/08/2022,Milan,Udinese,4,2,H,2,2,D,,14,9,5,4,16,13,5,1,1,4,0,0
13/08/2022,Sampdoria,Atalanta,0,2,A,0,1,A,,11,9,1,3,13,21,3,2,4,6,0,0
13/08/2022,Lecce,Inter,1,2,A,0,1,A,,10,19,4,9,21,19,6,8,4,2,0,0
13/08/2022,Monza,Torino,1,2,A,0,1,A,,15,13,4,6,6,17,2,7,1,2,0,0
13/08/2022,Hertha,Ein Frankfurt,1,1,D,1,0,H,,11,11,5,1,11,11,4,5,3,1,0,0
13/08/2022,Hoffenheim,Bochum,3,2,H,2,2,D,,24,11,13,5,13,10,8,2,1,1,0,0
13/08/2022,Leverkusen,Augsburg,1,2,A,1,1,D,,23,6,10,4,7,16,7,3,1,6,0,0
13/08/2022,RB Leipzig,FC Koln,2,2,D,1,1,D,,9,12,5,3,8,18,2,7,1,4,1,0
13/08/2022,Werder Bremen,Stuttgart,2,2,D,1,1,D,,5,14,3,7,6,10,2,5,4,2,0,0
13/08/2022,Schalke 04,M'gladbach,2,2,D,1,0,H,,14,14,5,9,12,8,2,7,4,2,0,0
13/08/2022,Celta,Espanol,2,2,D,1,0,H,,8,10,3,2,17,15,3,3,5,2,0,0
13/08/2022,Valladolid,Villarreal,0,3,A,0,0,D,,12,10,6,4,6,10,4,5,1,0,0,0
13/08/2022,Barcelona,Vallecano,0,0,D,0,0,D,,21,4,6,2,16,14,8,0,3,6,1,0
13/08/2022,Monaco,Rennes,1,1,D,0,0,D,,12,24,4,8,6,11,1,6,0,3,1,0
13/08/2022,Paris SG,Montpellier,5,2,H,2,0,H,,20,7,10,4,15,18,11,0,2,1,0,0
13/08/2022,Aston Villa,Everton,2,1,H,1,0,H,M Oliver,12,15,4,4,9,7,5,8,4,1,0,0
13/08/2022,Arsenal,Leicester,4,2,H,2,0,H,D England,19,6,7,2,15,9,6,2,1,1,0,0
13/08/2022,Brighton,Newcastle,0,0,D,0,0,D,G Scott,13,4,7,1,8,6,7,3,2,3,0,0
13/08/2022,Man City,Bournemouth,4,0,H,3,0,H,D Coote,19,3,7,1,9,9,11,1,0,3,0,0
13/08/2022,Southampton,Leeds,2,2,D,0,0,D,T Harrington,14,13,4,5,10,12,2,5,1,3,0,0
13/08/2022,Wolves,Fulham,0,0,D,0,0,D,J Brooks,7,9,1,3,7,14,5,3,3,3,0,0
13/08/2022,Brentford,Man United,4,0,H,4,0,H,S Attwell,13,15,7,4,6,15,8,2,0,4,0,0
14/08/2022,Fiorentina,Cremonese,3,2,H,2,1,H,,27,13,11,4,10,19,11,4,0,3,0,1
14/08/2022,Lazio,Bologna,2,1,H,0,1,A,,9,11,6,3,11,18,3,2,2,6,1,1
14/08/2022,Salernitana,Roma,0,1,A,0,1,A,,13,20,2,5,18,9,4,2,3,2,0,0
14/08/2022,Spezia,Empoli,1,0,H,1,0,H,,9,18,2,5,15,8,6,4,2,1,0,0
14/08/2022,Mainz,Union Berlin,0,0,D,0,0,D,,10,10,5,2,9,14,4,4,1,0,0,0
14/08/2022,Bayern Munich,Wolfsburg,2,0,H,2,0,H,,24,7,8,1,7,10,8,4,2,1,0,0
14/08/2022,Cadiz,Sociedad,0,1,A,0,1,A,,7,15,2,7,9,20,3,6,4,2,0,0
14/08/2022,Valencia,Girona,1,0,H,1,0,H,,17,5,2,1,18,14,4,4,2,3,1,0
14/08/2022,Almeria,Real Madrid,1,2,A,1,0,H,,10,29,6,15,11,4,2,15,3,1,0,0
14/08/2022,Ajaccio,Lens,0,0,D,0,0,D,,9,12,2,3,16,18,1,3,5,2,0,0
14/08/2022,Auxerre,Angers,2,2,D,2,1,H,,11,11,4,2,10,16,4,5,5,3,1,0
14/08/2022,Reims,Clermont,2,4,A,2,0,H,,9,10,6,5,18,8,1,6,3,3,1,0
14/08/2022,Troyes,Toulouse,0,3,A,0,1,A,,12,10,2,4,14,19,6,6,2,1,0,0
14/08/2022,Nice,Strasbourg,1,1,D,1,0,H,,13,9,3,5,7,13,7,3,1,4,0,0
14/08/2022,Brest,Marseille,1,1,D,0,1,A,,17,5,5,2,10,15,7,5,1,4,0,0
14/08/2022,Nott'm Forest,West Ham,1,0,H,1,0,H,R Jones,13,19,6,5,10,11,6,7,4,1,0,0
14/08/2022,Chelsea,Tottenham,2,2,D,1,0,H,A Taylor,16,10,3,5,9,9,8,5,3,0,0,0
15/08/2022,Verona,Napoli,2,5,A,1,2,A,,6,25,3,8,15,6,4,8,2,2,0,0
15/08/2022,Juventus,Sassuolo,3,0,H,2,0,H,,14,19,4,7,7,5,3,2,1,3,0,0
15/08/2022,Ath Bilbao,Mallorca,0,0,D,0,0,D,,23,6,6,2,13,12,7,2,0,6,0,0
15/08/2022,Getafe,Ath Madrid,0,3,A,0,1,A,,10,12,0,5,14,19,3,6,2,1,0,0
15/08/2022,Betis,Elche,3,0,H,2,0,H,,17,4,8,2,10,18,8,4,3,6,0,1
15/08/2022,Liverpool,Crystal Palace,1,1,D,0,1,A,P Tierney,24,7,4,3,7,8,4,2,2,4,1,0
19/08/2022,M'gladbach,Hertha,1,0,H,1,0,H,,11,18,6,5,7,11,5,5,1,2,0,1
19/08/2022,Espanol,Vallecano,0,2,A,0,1,A,,13,8,1,3,12,17,9,2,2,5,1,1
19/08/2022,Sevilla,Valladolid,1,1,D,0,0,D,,18,6,2,3,20,10,12,2,3,2,1,1
19/08/2022,Lyon,Troyes,4,1,H,1,1,D,,16,4,8,1,9,7,4,5,0,1,0,0
20/08/2022,Torino,Lazio,0,0,D,0,0,D,,10,7,1,2,11,12,6,4,0,5,0,0
20/08/2022,Udinese,Salernitana,0,0,D,0,0,D,,15,17,2,6,9,12,6,6,2,4,1,0
20/08/2022,Inter,Spezia,3,0,H,1,0,H,,19,2,8,0,11,7,10,4,0,0,0,0
20/08/2022,Sassuolo,Lecce,1,0,H,1,0,H,,12,7,3,1,14,12,5,4,5,1,0,0
20/08/2022,Augsburg,Mainz,1,2,A,1,1,D,,6,14,2,7,13,19,3,3,2,2,0,0
20/08/2022,Dortmund,Werder Bremen,2,3,A,1,0,H,,5,14,3,7,13,9,3,5,4,1,0,0
20/08/2022,Leverkusen,Hoffenheim,0,3,A,0,2,A,,14,10,3,5,15,18,3,1,1,4,0,0
20/08/2022,Stuttgart,Freiburg,0,1,A,0,1,A,,18,9,5,3,8,12,3,1,4,2,0,0
20/08/2022,Wolfsburg,Schalke 04,0,0,D,0,0,D,,16,9,6,2,13,10,12,4,1,3,0,0
20/08/2022,Union Berlin,RB Leipzig,2,1,H,2,0,H,,9,16,4,2,14,8,1,13,2,1,0,0
20/08/2022,Osasuna,Cadiz,2,0,H,1,0,H,,16,9,3,2,11,13,2,2,2,5,0,1
20/08/2022,Mallorca,Betis,1,2,A,0,1,A,,13,8,7,3,22,17,5,2,7,8,0,0
20/08/2022,Celta,Real Madrid,1,4,A,1,2,A,,15,16,2,7,12,8,2,2,2,2,0,0
20/08/2022,Monaco,Lens,1,4,A,1,2,A,,12,14,5,6,18,13,3,5,4,0,1,0
20/08/2022,Marseille,Nantes,2,1,H,0,0,D,,16,12,5,3,15,6,7,4,5,1,1,0
20/08/2022,Tottenham,Wolves,1,0,H,0,0,D,S Hooper,11,20,4,3,10,8,8,6,2,2,0,0
20/08/2022,Crystal Palace,Aston Villa,3,1,H,1,1,D,A Madley,17,13,9,5,16,14,4,2,2,1,0,0
20/08/2022,Everton,Nott'm Forest,1,1,D,0,0,D,A Marriner,19,14,8,5,6,9,6,2,3,2,0,0
20/08/2022,Fulham,Brentford,3,2,H,2,1,H,P Bankes,18,13,9,5,13,7,6,3,3,2,0,0
20/08/2022,Leicester,Southampton,1,2,A,0,0,D,M Salisbury,6,9,1,3,11,15,2,5,2,3,0,0
20/08/2022,Bournemouth,Arsenal,0,3,A,0,2,A,C Pawson,6,14,1,6,12,10,3,4,2,1,0,0
21/08/2022,Empoli,Fiorentina,0,0,D,0,0,D,,4,19,2,2,13,11,1,9,1,3,1,0
21/08/2022,Napoli,Monza,4,0,H,2,0,H,,22,4,5,1,11,13,10,4,2,1,0,0
21/08/2022,Atalanta,Milan,1,1,D,1,0,H,,11,18,2,7,15,6,4,6,4,3,0,0
21/08/2022,Bologna,Verona,1,1,D,1,1,D,,17,19,5,3,10,14,9,8,3,3,1,0
21/08/2022,Ein Frankfurt,FC Koln,1,1,D,0,0,D,,10,6,3,2,15,11,5,9,0,1,0,0
21/08/2022,Bochum,Bayern Munich,0,7,A,0,4,A,,13,22,7,12,10,6,5,5,1,0,0,0
21/08/2022,Ath Bilbao,Valencia,1,0,H,1,0,H,,12,10,2,0,11,15,6,3,5,2,0,0
21/08/2022,Ath Madrid,Villarreal,0,2,A,0,0,D,,13,19,5,5,8,11,5,6,2,3,1,0
21/08/2022,Sociedad,Barcelona,1,4,A,1,1,D,,10,15,5,7,16,9,3,6,2,1,0,0
21/08/2022,Strasbourg,Reims,1,1,D,1,0,H,,12,12,3,6,12,16,5,4,1,4,0,0
21/08/2022,Angers,Brest,1,3,A,0,2,A,,7,11,5,7,9,10,3,6,2,0,1,0
21/08/2022,Clermont,Nice,1,0,H,1,0,H,,7,13,2,4,4,21,3,6,1,2,0,2
21/08/2022,Montpellier,Auxerre,1,2,A,1,0,H,,13,7,7,2,10,13,7,2,1,3,2,2
21/08/2022,Toulouse,Lorient,2,2,D,1,1,D,,16,14,8,4,14,10,3,6,2,1,0,0
21/08/2022,Rennes,Ajaccio,2,1,H,1,0,H,,16,10,7,3,13,11,4,8,5,2,2,0
21/08/2022,Lille,Paris SG,1,7,A,0,4,A,,16,16,10,9,13,8,2,4,2,1,0,0
21/08/2022,Leeds,Chelsea,3,0,H,2,0,H,S Attwell,12,14,6,3,16,15,4,6,0,1,0,1
21/08/2022,West Ham,Brighton,0,2,A,0,1,A,A Taylor,13,11,3,2,10,7,5,4,2,0,0,0
21/08/2022,Newcastle,Man City,3,3,D,2,1,H,J Gillett,12,21,6,10,14,7,5,5,4,2,0,0
22/08/2022,Roma,Cremonese,1,0,H,0,0,D,,27,14,12,3,7,14,5,6,0,3,0,0
22/08/2022,Sampdoria,Juventus,0,0,D,0,0,D,,10,10,1,4,8,14,3,4,3,2,0,0
22/08/2022,Elche,Almeria,1,1,D,1,1,D,,13,12,3,7,12,16,6,5,1,4,0,1
22/08/2022,Girona,Getafe,3,1,H,1,0,H,,12,7,6,3,16,18,5,2,3,6,0,1
22/08/2022,Man United,Liverpool,2,1,H,1,0,H,M Oliver,12,17,4,5,11,7,6,8,3,1,0,0
26/08/2022,Monza,Udinese,1,2,A,1,1,D,,10,15,5,4,16,10,3,5,3,2,0,0
26/08/2022,Lazio,Inter,3,1,H,1,0,H,,11,19,7,7,5,12,2,4,2,1,0,0
26/08/2022,Freiburg,Bochum,1,0,H,0,0,D,,28,15,12,5,15,13,2,5,2,2,0,0
26/08/2022,Girona,Celta,0,1,A,0,0,D,,11,11,3,6,16,13,2,4,2,1,0,0
26/08/2022,Betis,Osasuna,1,0,H,1,0,H,,7,12,1,2,9,21,2,4,0,3,1,0
26/08/2022,Ajaccio,Lille,1,3,A,0,2,A,,13,7,2,4,13,13,6,0,3,2,0,0
27/08/2022,Cremonese,Torino,1,2,A,0,1,A,,16,14,6,5,9,21,3,3,0,3,0,0
27/08/2022,Juventus,Roma,1,1,D,1,0,H,,14,8,3,4,16,7,4,5,2,2,0,0
27/08/2022,Milan,Bologna,2,0,H,1,0,H,,19,8,7,0,13,9,5,1,2,1,0,0
27/08/2022,Spezia,Sassuolo,2,2,D,2,1,H,,7,21,2,8,17,10,2,6,2,1,1,0
27/08/2022,Hertha,Dortmund,0,1,A,0,1,A,,12,24,3,7,8,9,6,10,1,0,0,0
27/08/2022,Hoffenheim,Augsburg,1,0,H,1,0,H,,24,12,6,1,14,9,4,6,1,1,0,0
27/08/2022,Mainz,Leverkusen,0,3,A,0,3,A,,17,7,3,5,10,12,3,4,1,6,0,2
27/08/2022,RB Leipzig,Wolfsburg,2,0,H,1,0,H,,16,9,7,4,20,15,8,4,3,3,0,0
27/08/2022,Schalke 04,Union Berlin,1,6,A,1,3,A,,12,12,4,7,9,11,8,2,1,0,0,0
27/08/2022,Bayern Munich,M'gladbach,1,1,D,0,1,A,,35,5,20,3,14,7,14,1,4,2,0,0
27/08/2022,Elche,Sociedad,0,1,A,0,1,A,,12,9,5,5,13,18,4,6,3,3,0,0
27/08/2022,Vallecano,Mallorca,0,2,A,0,1,A,,15,9,0,4,11,18,7,3,1,3,0,0
27/08/2022,Almeria,Sevilla,2,1,H,1,1,D,,11,13,5,5,18,11,5,2,5,8,0,0
27/08/2022,Auxerre,Strasbourg,1,0,H,1,0,H,,7,14,3,4,4,6,2,5,0,1,0,0
27/08/2022,Lens,Rennes,2,1,H,0,0,D,,17,12,4,6,15,13,7,2,0,1,0,0
27/08/2022,Southampton,Man United,0,1,A,0,0,D,A Madley,17,11,5,6,4,14,5,3,0,3,0,0
27/08/2022,Brentford,Everton,1,1,D,0,1,A,J Brooks,19,14,5,7,8,8,8,5,2,2,0,0
27/08/2022,Brighton,Leeds,1,0,H,0,0,D,M Salisbury,13,10,4,2,10,14,5,3,2,3,0,0
27/08/2022,Chelsea,Leicester,2,1,H,0,0,D,P Tierney,7,17,3,5,10,7,3,11,1,2,1,0
27/08/2022,Liverpool,Bournemouth,9,0,H,5,0,H,S Attwell,19,5,12,2,6,5,8,1,0,1,0,0
27/08/2022,Man City,Crystal Palace,4,2,H,0,2,A,D England,18,2,5,2,14,8,6,1,1,2,0,0
27/08/2022,Arsenal,Fulham,2,1,H,0,0,D,J Gillett,22,11,8,3,6,12,9,2,2,3,0,0
28/08/2022,Salernitana,Sampdoria,4,0,H,2,0,H,,9,17,6,6,19,14,6,3,2,2,0,0
28/08/2022,Verona,Atalanta,0,1,A,0,0,D,,14,15,2,7,15,7,7,6,3,3,0,0
28/08/2022,Fiorentina,Napoli,0,0,D,0,0,D,,10,13,5,2,12,14,2,3,2,3,0,0
28/08/2022,Lecce,Empoli,1,1,D,1,1,D,,15,9,5,3,10,5,3,5,1,2,0,0
28/08/2022,FC Koln,Stuttgart,0,0,D,0,0,D,,6,13,2,5,14,12,6,8,2,2,0,1
28/08/2022,Werder Bremen,Ein Frankfurt,3,4,A,2,3,A,,10,12,4,7,17,17,5,7,1,3,0,0
28/08/2022,Getafe,Villarreal,0,0,D,0,0,D,,8,11,2,6,11,19,1,4,1,5,0,0
28/08/2022,Barcelona,Valladolid,4,0,H,2,0,H,,24,8,9,3,9,8,14,4,0,3,0,0
28/08/2022,Espanol,Real Madrid,1,3,A,1,1,D,,15,19,4,6,15,12,7,7,0,0,1,0
28/08/2022,Nantes,Toulouse,3,1,H,0,1,A,,16,9,8,3,11,9,4,5,0,3,0,0
28/08/2022,Brest,Montpellier,0,7,A,0,5,A,,6,14,0,8,15,16,5,4,0,2,1,0
28/08/2022,Lorient,Clermont,2,1,H,2,0,H,,22,9,9,2,12,9,3,4,1,3,0,1
28/08/2022,Nice,Marseille,0,3,A,0,3,A,,16,13,2,4,7,15,7,5,1,1,0,0
28/08/2022,Troyes,Angers,3,1,H,1,0,H,,25,7,11,3,8,12,8,3,2,3,0,1
28/08/2022,Reims,Lyon,1,1,D,1,0,H,,8,18,5,5,12,12,2,7,1,1,1,0
28/08/2022,Paris SG,Monaco,1,1,D,0,1,A,,18,4,5,3,12,15,4,3,4,4,0,0
28/08/2022,Aston Villa,West Ham,0,1,A,0,0,D,D Coote,9,7,3,2,10,10,3,2,2,0,0,0
28/08/2022,Wolves,Newcastle,1,1,D,1,0,H,P Bankes,10,21,4,6,10,11,4,13,2,1,0,0
28/08/2022,Nott'm Forest,Tottenham,0,2,A,0,1,A,C Pawson,17,18,1,7,11,13,6,1,6,1,0,0
29/08/2022,Cadiz,Ath Bilbao,0,4,A,0,1,A,,9,20,3,8,18,4,0,6,2,1,0,0
29/08/2022,Valencia,Ath Madrid,0,1,A,0,0,D,,12,13,2,7,15,17,6,2,4,3,0,0
30/08/2022,Sassuolo,Milan,0,0,D,0,0,D,,8,10,3,2,14,13,3,8,5,2,0,0
30/08/2022,Inter,Cremonese,3,1,H,2,0,H,,18,11,7,4,6,14,6,6,0,3,0,0
30/08/2022,Roma,Monza,3,0,H,2,0,H,,14,13,7,1,10,7,5,4,0,3,0,0
30/08/2022,Crystal Palace,Brentford,1,1,D,0,0,D,S Hooper,13,9,4,3,11,8,4,6,1,2,0,0
30/08/2022,Fulham,Brighton,2,1,H,0,0,D,T Bramall,10,7,3,4,9,11,3,3,2,1,0,0
30/08/2022,Southampton,Chelsea,2,1,H,2,1,H,M Oliver,9,10,7,4,15,10,5,3,2,1,0,0
30/08/2022,Leeds,Everton,1,1,D,0,1,A,D England,14,7,5,2,10,9,10,2,3,3,0,0
31/08/2022,Empoli,Verona,1,1,D,1,0,H,,16,9,4,3,5,21,7,10,0,4,0,0
31/08/2022,Sampdoria,Lazio,1,1,D,0,1,A,,10,13,3,6,10,7,5,7,0,2,0,0
31/08/2022,Udinese,Fiorentina,1,0,H,1,0,H,,8,12,3,2,13,9,3,7,1,2,0,0
31/08/2022,Juventus,Spezia,2,0,H,1,0,H,,15,9,3,0,1,4,7,3,0,2,0,0
31/08/2022,Napoli,Lecce,1,1,D,1,1,D,,19,9,7,4,1,3,6,4,1,4,0,0
31/08/2022,Angers,Reims,2,4,A,0,2,A,,10,11,3,5,9,15,4,3,1,6,0,1
31/08/2022,Lyon,Auxerre,2,1,H,1,0,H,,20,6,8,2,13,13,9,3,0,2,0,0
31/08/2022,Monaco,Troyes,2,4,A,1,2,A,,8,19,6,11,13,11,8,6,3,1,1,0
31/08/2022,Montpellier,Ajaccio,2,0,H,1,0,H,,9,15,4,0,9,17,3,8,2,4,1,1
31/08/2022,Strasbourg,Nantes,1,1,D,1,0,H,,5,12,2,3,13,18,3,6,0,3,0,0
31/08/2022,Lens,Lorient,5,2,H,2,1,H,,15,10,8,3,10,6,4,5,1,3,0,0
31/08/2022,Lille,Nice,1,2,A,1,2,A,,18,3,6,2,15,21,6,3,1,4,0,0
31/08/2022,Marseille,Clermont,1,0,H,0,0,D,,21,3,7,0,16,12,7,1,2,2,0,0
31/08/2022,Rennes,Brest,3,1,H,0,0,D,,16,7,9,2,11,6,7,3,2,0,0,0
31/08/2022,Toulouse,Paris SG,0,3,A,0,1,A,,14,20,7,13,10,7,3,9,1,0,0,0
31/08/2022,Arsenal,Aston Villa,2,1,H,1,0,H,R Jones,22,4,9,3,10,14,10,3,2,3,0,0
31/08/2022,Bournemouth,Wolves,0,0,D,0,0,D,A Taylor,5,17,2,4,12,12,2,5,2,1,0,0
31/08/2022,Man City,Nott'm Forest,6,0,H,3,0,H,P Tierney,17,8,9,1,9,7,10,1,0,1,0,0
31/08/2022,West Ham,Tottenham,1,1,D,0,1,A,P Bankes,14,13,4,4,10,9,3,4,2,5,0,0
31/08/2022,Liverpool,Newcastle,2,1,H,0,1,A,A Marriner,23,5,6,2,9,10,13,0,0,2,0,0
01/09/2022,Atalanta,Torino,3,1,H,1,0,H,,12,8,5,2,14,13,7,2,1,3,0,0
01/09/2022,Bologna,Salernitana,1,1,D,0,0,D,,11,20,4,4,10,11,1,8,2,2,0,0
01/09/2022,Leicester,Man United,0,1,A,0,1,A,C Pawson,10,9,2,2,7,15,1,3,1,3,0,0
02/09/2022,Dortmund,Hoffenheim,1,0,H,1,0,H,,16,7,5,2,14,15,5,8,3,4,0,0
02/09/2022,Celta,Cadiz,3,0,H,0,0,D,,9,7,5,0,13,23,2,2,1,2,0,0
03/09/2022,Fiorentina,Juventus,1,1,D,1,1,D,,17,4,5,1,13,12,10,2,1,3,0,0
03/09/2022,Milan,Inter,3,2,H,1,1,D,,21,16,5,5,10,12,2,5,5,2,0,0
03/09/2022,Lazio,Napoli,1,2,A,1,1,D,,8,19,2,7,12,14,6,8,4,0,0,0
03/09/2022,Bochum,Werder Bremen,0,2,A,0,0,D,,19,16,6,6,15,10,7,3,2,2,0,0
03/09/2022,Leverkusen,Freiburg,2,3,A,1,0,H,,15,5,6,3,15,10,8,4,2,2,0,0
03/09/2022,Stuttgart,Schalke 04,1,1,D,1,1,D,,13,13,3,4,11,10,5,7,4,2,1,0
03/09/2022,Union Berlin,Bayern Munich,1,1,D,1,1,D,,10,21,3,6,19,7,5,7,1,2,0,0
03/09/2022,Wolfsburg,FC Koln,2,4,A,1,3,A,,9,18,3,5,13,14,5,4,2,1,0,0
03/09/2022,Ein Frankfurt,RB Leipzig,4,0,H,2,0,H,,14,5,9,0,14,10,4,3,1,1,0,0
03/09/2022,Mallorca,Girona,1,1,D,0,0,D,,10,10,4,4,23,9,6,3,4,2,0,0
03/09/2022,Real Madrid,Betis,2,1,H,1,1,D,,22,8,4,4,8,12,9,2,0,1,0,0
03/09/2022,Sociedad,Ath Madrid,1,1,D,0,1,A,,12,15,5,7,18,13,7,7,5,4,0,0
03/09/2022,Sevilla,Barcelona,0,3,A,0,2,A,,9,18,4,7,15,14,4,4,2,4,0,0
03/09/2022,Auxerre,Marseille,0,2,A,0,1,A,,8,15,2,7,8,14,4,1,1,1,0,0
03/09/2022,Lyon,Angers,5,0,H,2,0,H,,16,8,9,3,5,9,13,3,2,1,0,0
03/09/2022,Nantes,Paris SG,0,3,A,0,1,A,,10,19,1,7,6,12,1,7,1,4,1,0
03/09/2022,Everton,Liverpool,0,0,D,0,0,D,A Taylor,14,23,3,8,7,11,7,9,2,2,0,0
03/09/2022,Brentford,Leeds,5,2,H,2,1,H,R Jones,14,17,8,6,8,9,2,6,2,2,0,0
03/09/2022,Chelsea,West Ham,2,1,H,0,0,D,A Madley,8,6,3,3,6,11,10,3,4,2,0,0
03/09/2022,Newcastle,Crystal Palace,0,0,D,0,0,D,M Salisbury,23,19,6,9,19,12,13,5,2,1,0,0
03/09/2022,Nott'm Forest,Bournemouth,2,3,A,2,0,H,M Oliver,11,8,3,3,13,10,4,6,2,1,0,0
03/09/2022,Tottenham,Fulham,2,1,H,1,0,H,S Attwell,23,9,10,3,9,6,10,3,3,4,0,0
03/09/2022,Wolves,Southampton,1,0,H,1,0,H,J Brooks,7,12,2,1,10,14,5,6,4,2,0,0
03/09/2022,Aston Villa,Man City,1,1,D,0,0,D,S Hooper,3,13,1,4,7,6,1,4,2,0,0,0
04/09/2022,Cremonese,Sassuolo,0,0,D,0,0,D,,10,17,0,7,16,6,2,3,1,1,0,0
04/09/2022,Spezia,Bologna,2,2,D,1,1,D,,15,13,5,6,12,5,7,2,4,1,0,0
04/09/2022,Verona,Sampdoria,2,1,H,2,1,H,,17,11,9,3,16,11,7,2,2,2,0,0
04/09/2022,Udinese,Roma,4,0,H,1,0,H,,11,12,5,2,16,13,3,7,3,2,0,0
04/09/2022,Augsburg,Hertha,0,2,A,0,0,D,,8,16,2,6,12,15,5,1,2,1,0,0
04/09/2022,M'gladbach,Mainz,0,1,A,0,0,D,,13,12,3,5,8,15,4,8,1,4,1,0
04/09/2022,Osasuna,Vallecano,2,1,H,0,0,D,,13,5,6,3,14,16,4,0,2,2,0,0
04/09/2022,Ath Bilbao,Espanol,0,1,A,0,0,D,,17,9,2,2,12,12,4,2,3,2,0,0
04/09/2022,Villarreal,Elche,4,0,H,2,0,H,,18,7,10,0,10,9,6,4,1,3,0,0
04/09/2022,Valencia,Getafe,5,1,H,3,0,H,,24,7,9,4,11,21,9,1,3,6,1,1
04/09/2022,Montpellier,Lille,1,3,A,1,1,D,,4,26,2,7,8,11,1,9,0,4,1,0
04/09/2022,Ajaccio,Lorient,0,1,A,0,0,D,,16,7,3,4,16,12,3,3,4,1,0,0
04/09/2022,Brest,Strasbourg,1,1,D,1,1,D,,11,10,2,3,15,9,7,3,3,1,0,1
04/09/2022,Clermont,Toulouse,2,0,H,0,0,D,,12,14,3,4,14,12,4,6,4,1,0,0
04/09/2022,Reims,Lens,1,1,D,0,0,D,,17,20,4,4,9,11,4,4,2,2,0,1
04/09/2022,Troyes,Rennes,1,1,D,1,0,H,,9,19,1,6,13,22,3,5,2,2,1,0
04/09/2022,Nice,Monaco,0,1,A,0,0,D,,12,14,5,2,10,12,3,6,2,1,0,0
04/09/2022,Brighton,Leicester,5,2,H,2,2,D,T Harrington,23,6,11,4,6,8,10,1,1,1,0,0
04/09/2022,Man United,Arsenal,3,1,H,1,0,H,P Tierney,10,16,6,3,13,9,2,5,3,3,0,0
05/09/2022,Monza,Atalanta,0,2,A,0,0,D,,11,13,3,6,9,10,4,9,1,1,0,0
05/09/2022,Salernitana,Empoli,2,2,D,1,1,D,,15,11,4,5,7,9,6,7,3,2,0,0
05/09/2022,Torino,Lecce,1,0,H,1,0,H,,13,10,4,2,16,8,4,4,2,1,0,0
05/09/2022,Valladolid,Almeria,1,0,H,0,0,D,,14,12,6,1,11,20,2,8,1,6,0,0
07/09/2022,Lorient,Lyon,3,1,H,2,1,H,,11,15,6,7,8,18,1,6,1,3,0,0
09/09/2022,Werder Bremen,Augsburg,0,1,A,0,0,D,,11,14,6,5,12,12,3,7,4,5,0,0
09/09/2022,Girona,Valladolid,2,1,H,1,1,D,,14,14,5,4,11,15,3,12,0,2,0,0
09/09/2022,Lens,Troyes,1,0,H,1,0,H,,12,7,3,2,16,10,9,1,2,1,0,0
10/09/2022,Napoli,Spezia,1,0,H,0,0,D,,28,10,6,1,6,14,10,5,1,2,0,0
10/09/2022,Inter,Torino,1,0,H,0,0,D,,16,9,3,7,8,17,6,5,1,2,0,0
10/09/2022,Sampdoria,Milan,1,2,A,0,1,A,,10,15,4,4,12,10,2,4,5,2,0,1
10/09/2022,Bayern Munich,Stuttgart,2,2,D,1,0,H,,18,8,7,3,11,9,3,0,2,5,0,0
10/09/2022,Ein Frankfurt,Wolfsburg,0,1,A,0,0,D,,11,6,0,3,16,13,10,5,2,4,0,0
10/09/2022,Hertha,Leverkusen,2,2,D,0,0,D,,17,11,6,5,15,16,3,5,3,1,0,0
10/09/2022,Hoffenheim,Mainz,4,1,H,0,0,D,,21,10,9,2,9,13,7,5,3,2,0,1
10/09/2022,RB Leipzig,Dortmund,3,0,H,2,0,H,,14,4,5,0,12,6,5,8,2,1,0,0
10/09/2022,Schalke 04,Bochum,3,1,H,1,0,H,,20,9,8,2,12,16,3,8,2,3,0,0
10/09/2022,Vallecano,Valencia,2,1,H,1,0,H,,14,17,6,4,22,11,7,7,5,2,0,0
10/09/2022,Espanol,Sevilla,2,3,A,1,3,A,,19,11,5,7,11,14,9,3,3,5,0,1
10/09/2022,Cadiz,Barcelona,0,4,A,0,0,D,,6,16,0,8,12,13,5,6,1,2,0,0
10/09/2022,Ath Madrid,Celta,4,1,H,1,0,H,,10,14,4,3,11,6,4,7,2,3,0,0
10/09/2022,Paris SG,Brest,1,0,H,1,0,H,,13,6,4,3,13,16,3,5,4,2,0,0
10/09/2022,Marseille,Lille,2,1,H,1,1,D,,14,7,7,3,22,17,4,3,5,1,0,0
11/09/2022,Atalanta,Cremonese,1,1,D,0,0,D,,14,7,6,4,9,17,3,3,2,5,0,0
11/09/2022,Bologna,Fiorentina,2,1,H,0,0,D,,12,13,4,2,8,13,6,8,1,4,0,1
11/09/2022,Lecce,Monza,1,1,D,0,1,A,,7,2,3,1,18,22,8,5,3,3,0,0
11/09/2022,Sassuolo,Udinese,1,3,A,1,0,H,,5,17,2,4,7,15,5,6,1,3,1,0
11/09/2022,Lazio,Verona,2,0,H,0,0,D,,15,7,6,1,5,23,3,5,2,5,0,0
11/09/2022,Juventus,Salernitana,2,2,D,0,2,A,,22,11,7,5,13,15,8,2,5,4,2,1
11/09/2022,FC Koln,Union Berlin,0,1,A,0,1,A,,7,12,2,3,15,12,7,8,4,1,1,0
11/09/2022,Freiburg,M'gladbach,0,0,D,0,0,D,,13,14,8,5,13,6,7,6,1,1,0,0
11/09/2022,Real Madrid,Mallorca,4,1,H,1,1,D,,22,5,7,2,7,15,4,3,3,5,0,0
11/09/2022,Elche,Ath Bilbao,1,4,A,0,4,A,,9,16,2,8,15,9,5,5,3,0,0,0
11/09/2022,Getafe,Sociedad,2,1,H,1,0,H,,8,13,3,6,9,16,3,7,4,1,0,0
11/09/2022,Betis,Villarreal,1,0,H,0,0,D,,16,14,5,3,11,14,9,8,1,1,0,0
11/09/2022,Strasbourg,Clermont,0,0,D,0,0,D,,12,10,4,4,20,15,3,5,4,2,1,0
11/09/2022,Ajaccio,Nice,0,1,A,0,0,D,,9,12,3,3,9,11,2,3,1,5,0,0
11/09/2022,Angers,Montpellier,2,1,H,1,1,D,,11,7,5,2,15,12,2,5,2,4,0,0
11/09/2022,Lorient,Nantes,3,2,H,1,1,D,,13,9,5,4,9,17,2,5,2,3,0,0
11/09/2022,Toulouse,Reims,1,0,H,1,0,H,,14,11,3,1,17,11,4,6,2,2,0,1
11/09/2022,Rennes,Auxerre,5,0,H,1,0,H,,12,7,9,3,11,9,2,1,1,0,0,0
11/09/2022,Monaco,Lyon,2,1,H,0,0,D,,11,20,4,6,12,9,1,6,1,2,0,0
12/09/2022,Empoli,Roma,1,2,A,1,1,D,,20,13,3,7,13,12,7,7,3,1,1,0
12/09/2022,Almeria,Osasuna,0,1,A,0,1,A,,7,15,2,4,4,9,5,10,0,2,0,0
16/09/2022,Salernitana,Lecce,1,2,A,0,1,A,,8,13,4,4,9,11,4,5,1,3,0,0
16/09/2022,Mainz,Hertha,1,1,D,0,1,A,,12,4,2,2,12,10,4,3,3,5,0,0
16/09/2022,Valladolid,Cadiz,0,1,A,0,0,D,,18,7,6,1,12,19,8,2,1,4,0,0
16/09/2022,Auxerre,Lorient,1,3,A,0,3,A,,17,12,5,8,13,11,9,5,3,1,0,0
16/09/2022,Aston Villa,Southampton,1,0,H,1,0,H,T Harrington,11,7,3,1,13,13,6,3,3,1,0,0
16/09/2022,Nott'm Forest,Fulham,2,3,A,1,0,H,J Gillett,11,15,3,7,11,10,2,10,2,4,0,0
17/09/2022,Bologna,Empoli,0,1,A,0,0,D,,16,12,3,5,11,16,5,8,2,3,0,0
17/09/2022,Spezia,Sampdoria,2,1,H,1,1,D,,6,11,3,8,17,14,3,6,4,5,0,0
17/09/2022,Torino,Sassuolo,0,1,A,0,0,D,,12,10,3,5,13,7,4,3,4,1,0,0
17/09/2022,Augsburg,Bayern Munich,1,0,H,0,0,D,,9,21,4,7,16,9,2,8,3,1,0,0
17/09/2022,Dortmund,Schalke 04,1,0,H,0,0,D,,19,3,7,0,12,14,11,2,3,2,0,0
17/09/2022,Leverkusen,Werder Bremen,1,1,D,0,0,D,,19,19,7,7,5,14,9,6,2,3,0,0
17/09/2022,Stuttgart,Ein Frankfurt,1,3,A,0,1,A,,15,13,2,8,9,11,7,4,2,0,0,0
17/09/2022,M'gladbach,RB Leipzig,3,0,H,2,0,H,,21,13,10,6,14,14,8,3,2,2,0,0
17/09/2022,Mallorca,Almeria,1,0,H,1,0,H,,5,9,2,3,15,14,5,2,3,6,0,0
17/09/2022,Barcelona,Elche,3,0,H,2,0,H,,25,1,9,1,11,9,6,0,2,2,0,1
17/09/2022,Valencia,Celta,3,0,H,1,0,H,,14,6,7,2,18,23,5,4,3,2,0,1
17/09/2022,Ath Bilbao,Vallecano,3,2,H,3,1,H,,14,11,7,2,13,13,2,7,1,2,0,0
17/09/2022,Montpellier,Strasbourg,2,1,H,1,0,H,,10,8,4,2,11,20,8,6,4,4,0,0
17/09/2022,Lille,Toulouse,2,1,H,1,0,H,,10,14,4,5,20,14,5,7,2,0,0,0
17/09/2022,Wolves,Man City,0,3,A,0,2,A,A Taylor,6,16,1,7,7,9,5,7,2,1,1,0
17/09/2022,Newcastle,Bournemouth,1,1,D,0,0,D,C Pawson,20,10,7,3,10,11,8,1,2,2,0,0
17/09/2022,Tottenham,Leicester,6,2,H,2,2,D,S Hooper,16,19,11,7,9,9,6,1,1,2,0,0
18/09/2022,Udinese,Inter,3,1,H,1,1,D,,20,14,6,3,11,13,7,4,3,4,0,0
18/09/2022,Cremonese,Lazio,0,4,A,0,3,A,,18,14,3,6,12,9,8,5,1,1,0,0
18/09/2022,Fiorentina,Verona,2,0,H,1,0,H,,15,8,9,1,18,17,7,3,4,4,0,0
18/09/2022,Monza,Juventus,1,0,H,0,0,D,,17,10,4,2,16,17,5,3,2,1,0,1
18/09/2022,Roma,Atalanta,0,1,A,0,1,A,,21,4,5,1,9,19,5,1,0,7,0,0
18/09/2022,Milan,Napoli,1,2,A,0,0,D,,22,9,5,4,18,11,9,4,4,3,0,0
18/09/2022,Union Berlin,Wolfsburg,2,0,H,0,0,D,,16,5,4,0,18,6,4,1,0,0,0,0
18/09/2022,Bochum,FC Koln,1,1,D,1,0,H,,7,18,0,3,12,8,4,8,0,1,0,0
18/09/2022,Hoffenheim,Freiburg,0,0,D,0,0,D,,10,14,3,4,15,9,5,3,1,2,0,0
18/09/2022,Osasuna,Getafe,0,2,A,0,1,A,,12,10,4,4,15,15,8,1,7,3,1,1
18/09/2022,Villarreal,Sevilla,1,1,D,0,1,A,,17,12,7,1,15,12,6,4,1,5,0,0
18/09/2022,Betis,Girona,2,1,H,1,1,D,,9,8,3,3,9,8,2,4,0,3,0,0
18/09/2022,Sociedad,Espanol,2,1,H,2,1,H,,14,14,6,4,18,8,4,2,3,0,0,0
18/09/2022,Ath Madrid,Real Madrid,1,2,A,0,2,A,,12,6,5,3,15,16,8,1,4,2,1,0
18/09/2022,Reims,Monaco,0,3,A,0,0,D,,9,20,2,11,14,16,5,4,3,3,1,0
18/09/2022,Brest,Ajaccio,0,1,A,0,0,D,,8,6,4,4,13,12,6,2,2,2,0,0
18/09/2022,Clermont,Troyes,1,3,A,1,1,D,,14,9,2,4,8,15,5,1,0,3,0,0
18/09/2022,Marseille,Rennes,1,1,D,0,1,A,,15,12,4,4,13,13,11,7,3,4,0,0
18/09/2022,Nice,Angers,0,1,A,0,1,A,,18,16,5,3,9,11,5,4,0,4,1,1
18/09/2022,Nantes,Lens,0,0,D,0,0,D,,12,8,4,2,14,14,3,7,1,1,0,0
18/09/2022,Lyon,Paris SG,0,1,A,0,1,A,,12,15,3,8,14,4,3,7,0,2,0,0
18/09/2022,Brentford,Arsenal,0,3,A,0,2,A,D Coote,5,13,2,7,10,10,3,3,0,2,0,0
18/09/2022,Everton,West Ham,1,0,H,0,0,D,M Oliver,7,14,2,4,8,11,5,14,3,1,0,0
30/09/2022,Bayern Munich,Leverkusen,4,0,H,3,0,H,,20,10,10,5,10,6,6,2,0,0,0,0
30/09/2022,Ath Bilbao,Almeria,4,0,H,2,0,H,,17,8,4,2,17,8,11,2,1,3,0,0
30/09/2022,Angers,Marseille,0,3,A,0,1,A,,16,15,5,7,9,14,6,3,0,0,0,0
01/10/2022,Napoli,Torino,3,1,H,3,1,H,,15,16,7,3,4,17,4,4,0,2,0,0
01/10/2022,Inter,Roma,1,2,A,1,1,D,,15,10,2,3,15,14,5,1,4,3,0,0
01/10/2022,Empoli,Milan,1,3,A,0,0,D,,16,19,4,6,15,10,3,7,4,2,0,0
01/10/2022,Ein Frankfurt,Union Berlin,2,0,H,2,0,H,,14,14,4,5,4,11,4,7,3,4,1,0
01/10/2022,FC Koln,Dortmund,3,2,H,0,1,A,,20,21,16,13,14,10,7,11,4,3,0,0
01/10/2022,Freiburg,Mainz,2,1,H,2,0,H,,13,17,6,7,9,15,5,5,2,4,0,0
01/10/2022,RB Leipzig,Bochum,4,0,H,2,0,H,,17,2,9,1,8,8,7,2,0,2,0,0
01/10/2022,Wolfsburg,Stuttgart,3,2,H,2,2,D,,20,15,7,7,16,14,8,5,3,5,0,0
01/10/2022,Werder Bremen,M'gladbach,5,1,H,4,0,H,,14,13,9,9,8,8,4,5,0,1,0,0
01/10/2022,Cadiz,Villarreal,0,0,D,0,0,D,,10,14,2,6,13,8,6,5,2,3,1,0
01/10/2022,Getafe,Valladolid,2,3,A,2,2,D,,14,14,6,7,23,13,4,2,2,4,0,0
01/10/2022,Sevilla,Ath Madrid,0,2,A,0,1,A,,14,20,3,6,9,12,5,7,3,2,0,0
01/10/2022,Mallorca,Barcelona,0,1,A,0,1,A,,13,11,3,3,9,13,5,5,2,4,0,0
01/10/2022,Strasbourg,Rennes,1,3,A,0,1,A,,9,17,3,7,9,13,1,5,0,2,1,0
01/10/2022,Paris SG,Nice,2,1,H,1,0,H,,12,4,4,1,16,9,4,0,1,1,0,0
01/10/2022,Arsenal,Tottenham,3,1,H,1,1,D,A Taylor,22,7,9,3,10,10,5,2,2,1,0,1
01/10/2022,Bournemouth,Brentford,0,0,D,0,0,D,T Bramall,7,13,1,4,11,10,7,8,1,2,0,0
01/10/2022,Crystal Palace,Chelsea,1,2,A,1,1,D,C Kavanagh,7,13,3,3,11,13,5,2,1,3,0,0
01/10/2022,Fulham,Newcastle,1,4,A,0,3,A,D England,3,19,1,10,9,10,1,8,2,0,1,0
01/10/2022,Liverpool,Brighton,3,3,D,1,2,A,A Madley,15,6,7,6,9,13,9,2,1,1,0,0
01/10/2022,Southampton,Everton,1,2,A,0,0,D,A Marriner,22,12,6,5,11,10,7,6,2,2,0,0
01/10/2022,West Ham,Wolves,2,0,H,1,0,H,P Tierney,18,15,5,4,8,6,1,6,2,2,0,0
02/10/2022,Lazio,Spezia,4,0,H,2,0,H,,13,14,6,2,3,14,3,6,0,2,0,0
02/10/2022,Lecce,Cremonese,1,1,D,1,1,D,,6,13,1,4,11,15,1,8,3,1,0,0
02/10/2022,Sampdoria,Monza,0,3,A,0,1,A,,3,13,1,6,16,24,2,4,2,2,0,0
02/10/2022,Sassuolo,Salernitana,5,0,H,2,0,H,,17,6,11,1,10,8,1,2,1,1,0,0
02/10/2022,Atalanta,Fiorentina,1,0,H,0,0,D,,10,16,5,5,12,10,1,5,2,2,0,0
02/10/2022,Juventus,Bologna,3,0,H,1,0,H,,17,9,6,1,11,15,2,4,0,1,0,0
02/10/2022,Hertha,Hoffenheim,1,1,D,1,1,D,,13,16,5,4,5,15,2,6,2,1,0,0
02/10/2022,Schalke 04,Augsburg,2,3,A,1,2,A,,16,11,5,5,11,10,8,4,2,6,0,1
02/10/2022,Espanol,Valencia,2,2,D,0,0,D,,10,12,5,5,16,15,6,4,2,1,1,1
02/10/2022,Celta,Betis,1,0,H,1,0,H,,11,9,4,4,26,3,5,3,4,3,0,1
02/10/2022,Girona,Sociedad,3,5,A,2,2,D,,16,11,8,5,9,19,2,2,3,1,0,0
02/10/2022,Real Madrid,Osasuna,1,1,D,1,0,H,,22,8,4,2,9,13,10,2,1,2,0,1
02/10/2022,Lorient,Lille,2,1,H,1,0,H,,7,20,4,4,13,14,0,14,3,3,1,0
02/10/2022,Ajaccio,Clermont,1,3,A,0,1,A,,12,7,3,3,13,10,4,4,3,3,0,0
02/10/2022,Auxerre,Brest,1,1,D,0,0,D,,11,9,3,2,15,18,0,6,4,4,1,0
02/10/2022,Toulouse,Montpellier,4,2,H,3,1,H,,12,23,6,6,13,6,3,12,5,4,1,0
02/10/2022,Troyes,Reims,2,2,D,0,1,A,,19,5,6,2,13,13,10,2,4,2,0,1
02/10/2022,Monaco,Nantes,4,1,H,3,0,H,,10,7,6,2,8,10,7,7,0,1,0,0
02/10/2022,Lens,Lyon,1,0,H,0,0,D,,21,4,6,0,19,16,6,2,2,2,0,0
02/10/2022,Man City,Man United,6,3,H,4,0,H,M Oliver,22,12,10,8,3,9,5,1,0,3,0,0
02/10/2022,Leeds,Aston Villa,0,0,D,0,0,D,S Attwell,9,19,1,7,23,12,2,9,3,2,1,0
03/10/2022,Verona,Udinese,1,2,A,1,0,H,,7,21,2,8,15,11,4,9,3,3,0,0
03/10/2022,Vallecano,Elche,2,1,H,1,1,D,,15,5,6,2,5,19,13,3,1,8,0,0
03/10/2022,Leicester,Nott'm Forest,4,0,H,3,0,H,R Jones,17,10,7,3,13,12,6,6,2,4,0,0
07/10/2022,Hoffenheim,Werder Bremen,1,2,A,1,1,D,,16,8,6,3,12,18,3,3,3,3,0,0
07/10/2022,Osasuna,Valencia,1,2,A,0,1,A,,11,15,2,7,11,19,7,5,3,6,2,1
07/10/2022,Lyon,Toulouse,1,1,D,1,0,H,,19,5,8,2,13,11,4,5,2,2,0,0
08/10/2022,Sassuolo,Inter,1,2,A,0,1,A,,15,16,3,4,14,17,6,5,3,2,0,0
08/10/2022,Milan,Juventus,2,0,H,1,0,H,,21,10,3,3,7,7,9,3,2,3,0,0
08/10/2022,Bologna,Sampdoria,1,1,D,1,0,H,,10,9,3,3,17,21,2,5,2,3,0,0
08/10/2022,Augsburg,Wolfsburg,1,1,D,0,1,A,,18,12,5,7,19,11,11,5,5,3,0,0
08/10/2022,Bochum,Ein Frankfurt,3,0,H,0,0,D,,11,11,6,2,12,10,9,4,2,1,0,0
08/10/2022,Leverkusen,Schalke 04,4,0,H,2,0,H,,13,2,7,1,9,17,3,3,1,1,0,0
08/10/2022,Mainz,RB Leipzig,1,1,D,1,0,H,,9,12,3,3,12,12,4,2,1,1,0,0
08/10/2022,Dortmund,Bayern Munich,2,2,D,0,1,A,,13,9,6,3,8,11,7,4,3,6,0,1
08/10/2022,Almeria,Vallecano,3,1,H,3,0,H,,10,12,4,4,22,12,7,6,4,2,1,0
08/10/2022,Ath Madrid,Girona,2,1,H,1,0,H,,13,11,7,4,12,13,8,3,3,1,0,0
08/10/2022,Sevilla,Ath Bilbao,1,1,D,1,0,H,,10,21,3,4,19,14,5,7,4,0,0,1
08/10/2022,Getafe,Real Madrid,0,1,A,0,1,A,,9,19,2,4,10,5,4,4,0,0,0,0
08/10/2022,Marseille,Ajaccio,1,2,A,1,1,D,,10,6,2,1,17,18,11,2,0,2,0,0
08/10/2022,Reims,Paris SG,0,0,D,0,0,D,,24,11,4,3,20,12,7,3,3,5,0,1
08/10/2022,Bournemouth,Leicester,2,1,H,0,1,A,M Salisbury,10,9,4,5,8,16,7,2,1,2,0,0
08/10/2022,Chelsea,Wolves,3,0,H,1,0,H,S Hooper,20,8,7,2,8,8,4,2,2,0,0,0
08/10/2022,Man City,Southampton,4,0,H,2,0,H,A Madley,21,5,8,0,4,8,9,1,0,1,0,0
08/10/2022,Newcastle,Brentford,5,1,H,2,0,H,J Brooks,16,6,6,3,14,9,9,5,0,1,0,0
08/10/2022,Brighton,Tottenham,0,1,A,0,1,A,T Harrington,14,8,4,3,9,14,6,2,1,2,0,0
09/10/2022,Torino,Empoli,1,1,D,0,0,D,,20,6,7,2,15,9,6,1,2,4,0,0
09/10/2022,Monza,Spezia,2,0,H,1,0,H,,7,9,4,1,10,20,3,6,3,2,0,0
09/10/2022,Salernitana,Verona,2,1,H,1,0,H,,14,12,4,2,9,15,1,6,3,3,1,1
09/10/2022,Udinese,Atalanta,2,2,D,0,1,A,,10,9,2,5,11,12,5,3,2,3,0,0
09/10/2022,Cremonese,Napoli,1,4,A,0,1,A,,12,21,1,10,18,6,5,2,2,0,0,0
09/10/2022,Roma,Lecce,2,1,H,1,1,D,,20,6,6,3,12,11,13,4,2,2,0,1
09/10/2022,M'gladbach,FC Koln,5,2,H,2,1,H,,13,5,6,3,8,14,7,4,2,3,0,1
09/10/2022,Hertha,Freiburg,2,2,D,1,1,D,,11,10,3,4,14,13,4,2,2,1,0,0
09/10/2022,Stuttgart,Union Berlin,0,1,A,0,0,D,,9,7,3,4,12,10,2,5,3,3,1,0
09/10/2022,Valladolid,Betis,0,0,D,0,0,D,,12,4,3,1,12,16,3,1,1,1,0,1
09/10/2022,Cadiz,Espanol,2,2,D,1,0,H,,8,9,3,6,13,12,8,3,4,4,0,0
09/10/2022,Sociedad,Villarreal,1,0,H,1,0,H,,17,5,5,1,21,18,9,3,5,3,0,0
09/10/2022,Barcelona,Celta,1,0,H,1,0,H,,13,14,5,3,16,9,6,3,2,4,0,0
09/10/2022,Montpellier,Monaco,0,2,A,0,1,A,,11,11,1,7,13,16,7,2,2,3,0,0
09/10/2022,Angers,Strasbourg,2,3,A,1,2,A,,14,15,8,7,16,14,6,6,1,1,0,0
09/10/2022,Brest,Lorient,1,2,A,1,1,D,,12,14,4,5,14,13,7,8,3,1,0,0
09/10/2022,Clermont,Auxerre,2,1,H,0,0,D,,10,14,6,5,4,17,4,4,0,0,0,0
09/10/2022,Nice,Troyes,3,2,H,2,0,H,,14,17,6,6,8,9,5,5,1,1,0,0
09/10/2022,Rennes,Nantes,3,0,H,1,0,H,,14,8,4,3,13,14,4,3,1,0,1,0
09/10/2022,Lille,Lens,1,0,H,1,0,H,,12,10,6,3,19,15,5,9,3,5,0,0
09/10/2022,Crystal Palace,Leeds,2,1,H,1,1,D,P Tierney,13,10,5,4,13,23,5,3,3,3,0,0
09/10/2022,West Ham,Fulham,3,1,H,1,1,D,C Kavanagh,17,8,8,2,9,7,4,2,1,3,0,0
09/10/2022,Arsenal,Liverpool,3,2,H,2,1,H,M Oliver,11,8,7,3,11,11,4,3,1,2,0,0
09/10/2022,Everton,Man United,1,2,A,1,2,A,D Coote,11,12,2,4,7,13,5,4,2,1,0,0
10/10/2022,Fiorentina,Lazio,0,4,A,0,2,A,,24,10,3,6,17,9,9,2,4,1,0,0
10/10/2022,Elche,Mallorca,1,1,D,1,0,H,,7,11,2,4,12,17,5,7,4,5,1,1
10/10/2022,Nott'm Forest,Aston Villa,1,1,D,1,1,D,A Taylor,6,12,3,2,13,19,1,4,3,3,0,0
14/10/2022,Schalke 04,Hoffenheim,0,3,A,0,2,A,,14,18,2,7,12,8,4,5,2,2,0,0
14/10/2022,Vallecano,Getafe,0,0,D,0,0,D,,16,6,3,3,13,17,4,1,2,3,0,0
14/10/2022,Strasbourg,Lille,0,3,A,0,1,A,,12,10,1,7,12,17,3,0,3,1,0,0
14/10/2022,Brentford,Brighton,2,0,H,1,0,H,M Salisbury,7,21,3,7,12,15,2,11,3,1,0,0
15/10/2022,Empoli,Monza,1,0,H,1,0,H,,11,16,5,4,17,14,2,9,5,3,0,1
15/10/2022,Torino,Juventus,0,1,A,0,0,D,,15,14,2,8,11,8,3,6,2,0,0,0
15/10/2022,Atalanta,Sassuolo,2,1,H,1,1,D,,16,11,4,3,10,8,3,3,1,4,0,0
15/10/2022,Ein Frankfurt,Leverkusen,5,1,H,1,0,H,,20,5,11,2,10,9,7,1,0,4,0,1
15/10/2022,Stuttgart,Bochum,4,1,H,2,1,H,,16,14,7,4,6,17,3,3,0,3,0,0
15/10/2022,Werder Bremen,Mainz,0,2,A,0,1,A,,14,11,4,5,3,11,3,3,1,2,0,0
15/10/2022,Wolfsburg,M'gladbach,2,2,D,1,1,D,,16,10,4,5,13,11,7,6,3,3,0,0
15/10/2022,RB Leipzig,Hertha,3,2,H,3,0,H,,14,16,5,5,17,9,8,4,2,3,0,0
15/10/2022,Girona,Cadiz,1,1,D,0,0,D,,23,9,6,2,16,9,6,2,5,4,0,0
15/10/2022,Valencia,Elche,2,2,D,2,1,H,,20,8,8,6,14,19,6,1,3,6,0,0
15/10/2022,Mallorca,Sevilla,0,1,A,0,0,D,,9,4,5,1,17,15,1,3,2,3,0,0
15/10/2022,Ath Bilbao,Ath Madrid,0,1,A,0,0,D,,13,3,3,1,14,17,6,1,0,6,0,0
15/10/2022,Lorient,Reims,0,0,D,0,0,D,,10,7,3,2,10,17,2,2,1,3,0,2
15/10/2022,Lens,Montpellier,1,0,H,0,0,D,,17,8,5,1,12,10,4,5,2,2,0,0
15/10/2022,Leicester,Crystal Palace,0,0,D,0,0,D,A Madley,14,8,5,1,18,13,9,2,2,2,0,0
15/10/2022,Fulham,Bournemouth,2,2,D,1,2,A,G Scott,19,10,4,6,9,11,5,6,2,0,0,0
15/10/2022,Wolves,Nott'm Forest,1,0,H,0,0,D,T Bramall,9,10,2,2,17,13,4,5,2,2,0,0
15/10/2022,Tottenham,Everton,2,0,H,0,0,D,P Tierney,21,4,7,0,12,13,7,1,1,4,0,0
16/10/2022,Inter,Salernitana,2,0,H,1,0,H,,16,8,6,3,12,14,6,4,0,1,0,0
16/10/2022,Lazio,Udinese,0,0,D,0,0,D,,8,12,3,2,8,11,7,3,1,4,0,0
16/10/2022,Spezia,Cremonese,2,2,D,2,1,H,,15,24,6,4,12,11,6,8,2,0,0,0
16/10/2022,Napoli,Bologna,3,2,H,1,1,D,,30,16,11,3,6,10,6,4,0,4,0,0
16/10/2022,Verona,Milan,1,2,A,1,1,D,,19,16,5,6,7,9,9,3,3,2,0,0
16/10/2022,FC Koln,Augsburg,3,2,H,0,1,A,,14,7,6,3,11,15,5,3,2,4,0,0
16/10/2022,Union Berlin,Dortmund,2,0,H,2,0,H,,14,13,5,6,15,5,5,8,1,2,0,0
16/10/2022,Bayern Munich,Freiburg,5,0,H,2,0,H,,18,6,8,0,8,9,5,5,0,2,0,0
16/10/2022,Celta,Sociedad,1,2,A,1,1,D,,10,8,3,6,14,17,1,6,5,7,1,0
16/10/2022,Real Madrid,Barcelona,3,1,H,2,0,H,,8,18,4,5,11,14,2,3,2,2,0,0
16/10/2022,Espanol,Valladolid,1,0,H,0,0,D,,15,14,3,2,13,11,6,4,1,4,0,0
16/10/2022,Betis,Almeria,3,1,H,1,0,H,,15,12,6,5,6,7,9,3,1,1,0,0
16/10/2022,Toulouse,Angers,3,2,H,2,1,H,,14,13,7,6,12,15,2,8,3,2,0,0
16/10/2022,Auxerre,Nice,1,1,D,1,1,D,,11,9,3,2,11,3,2,6,0,0,0,0
16/10/2022,Nantes,Brest,4,1,H,2,1,H,,17,11,6,2,12,10,7,5,0,2,0,0
16/10/2022,Rennes,Lyon,3,2,H,1,1,D,,14,7,5,5,13,14,3,2,2,2,0,0
16/10/2022,Troyes,Ajaccio,1,1,D,0,0,D,,9,15,2,7,8,14,3,5,2,1,0,0
16/10/2022,Monaco,Clermont,1,1,D,1,0,H,,6,21,4,7,8,11,3,4,2,4,1,0
16/10/2022,Paris SG,Marseille,1,0,H,1,0,H,,23,18,8,7,9,16,7,6,1,0,0,1
16/10/2022,Aston Villa,Chelsea,0,2,A,0,1,A,R Jones,18,8,7,4,12,11,7,1,0,3,0,0
16/10/2022,Leeds,Arsenal,0,1,A,0,1,A,C Kavanagh,16,9,4,4,10,11,6,3,0,2,0,0
16/10/2022,Man United,Newcastle,0,0,D,0,0,D,C Pawson,15,9,2,2,13,11,4,4,3,1,0,0
16/10/2022,Southampton,West Ham,1,1,D,1,0,H,P Bankes,10,25,8,4,7,3,4,14,1,1,0,0
16/10/2022,Liverpool,Man City,1,0,H,0,0,D,A Taylor,13,16,2,6,10,7,5,6,3,1,0,0
17/10/2022,Sampdoria,Roma,0,1,A,0,1,A,,8,7,1,4,20,20,4,3,5,3,0,0
17/10/2022,Lecce,Fiorentina,1,1,D,1,0,H,,6,10,2,5,15,16,2,8,5,5,1,0
17/10/2022,Villarreal,Osasuna,2,0,H,1,0,H,,12,14,9,3,14,23,8,4,2,6,0,0
18/10/2022,Sevilla,Valencia,1,1,D,0,1,A,,18,13,5,5,11,26,11,6,4,7,1,0
18/10/2022,Getafe,Ath Bilbao,2,2,D,1,1,D,,11,14,4,4,14,11,7,4,7,4,0,0
18/10/2022,Ath Madrid,Vallecano,1,1,D,1,0,H,,12,14,4,4,11,11,3,4,3,0,0,0
18/10/2022,Brighton,Nott'm Forest,0,0,D,0,0,D,D England,19,3,7,0,10,14,9,1,3,1,0,0
18/10/2022,Crystal Palace,Wolves,2,1,H,0,1,A,D Coote,14,10,4,4,14,18,4,3,3,1,0,0
19/10/2022,Cadiz,Betis,0,0,D,0,0,D,,13,12,3,3,15,7,4,9,1,2,0,1
19/10/2022,Valladolid,Celta,4,1,H,1,1,D,,9,22,7,5,12,11,3,7,1,1,0,0
19/10/2022,Sociedad,Mallorca,1,0,H,1,0,H,,14,12,7,3,18,9,10,7,1,2,0,0
19/10/2022,Elche,Real Madrid,0,3,A,0,1,A,,10,10,3,7,14,10,8,2,1,1,0,0
19/10/2022,Bournemouth,Southampton,0,1,A,0,1,A,J Brooks,15,9,3,3,8,13,7,3,1,3,0,0
19/10/2022,Brentford,Chelsea,0,0,D,0,0,D,J Gillett,8,14,5,5,7,7,6,2,0,0,0,0
19/10/2022,Liverpool,West Ham,1,0,H,1,0,H,S Attwell,22,8,7,3,9,8,8,3,0,0,0,0
19/10/2022,Newcastle,Everton,1,0,H,1,0,H,T Harrington,16,1,4,0,9,12,8,2,2,4,0,0
19/10/2022,Man United,Tottenham,2,0,H,0,0,D,S Hooper,28,9,10,2,7,7,8,3,1,0,0,0
20/10/2022,Almeria,Girona,3,2,H,3,0,H,,13,14,7,5,14,14,4,5,1,3,0,0
20/10/2022,Osasuna,Espanol,1,0,H,0,0,D,,17,5,5,3,17,15,9,2,1,2,0,0
20/10/2022,Barcelona,Villarreal,3,0,H,3,0,H,,16,5,5,1,18,11,8,0,0,1,0,0
20/10/2022,Fulham,Aston Villa,3,0,H,1,0,H,M Oliver,18,12,8,6,11,11,9,7,0,2,0,1
20/10/2022,Leicester,Leeds,2,0,H,2,0,H,P Bankes,5,14,1,2,15,11,2,9,2,1,0,0
21/10/2022,Juventus,Empoli,4,0,H,1,0,H,,21,12,7,4,13,11,6,4,2,2,0,0
21/10/2022,Mainz,FC Koln,5,0,H,3,0,H,,15,6,7,2,13,14,5,4,1,5,0,1
21/10/2022,Ajaccio,Paris SG,0,3,A,0,1,A,,8,11,1,6,13,13,3,8,0,1,0,0
22/10/2022,Salernitana,Spezia,1,0,H,0,0,D,,17,14,4,2,9,8,4,7,2,4,0,0
22/10/2022,Milan,Monza,4,1,H,2,0,H,,12,16,7,6,18,9,2,2,1,1,0,0
22/10/2022,Fiorentina,Inter,3,4,A,1,2,A,,10,8,4,7,15,14,1,2,4,3,0,0
22/10/2022,Augsburg,RB Leipzig,3,3,D,1,0,H,,11,19,3,8,15,11,3,6,7,1,1,0
22/10/2022,Dortmund,Stuttgart,5,0,H,3,0,H,,19,10,10,1,7,8,9,2,1,0,0,0
22/10/2022,Freiburg,Werder Bremen,2,0,H,0,0,D,,25,10,7,2,14,12,6,2,2,2,0,1
22/10/2022,Hoffenheim,Bayern Munich,0,2,A,0,2,A,,7,23,3,10,12,8,7,5,3,2,0,0
22/10/2022,Leverkusen,Wolfsburg,2,2,D,1,1,D,,13,9,5,3,19,5,3,3,3,1,0,0
22/10/2022,M'gladbach,Ein Frankfurt,1,3,A,0,3,A,,8,16,3,5,9,20,3,2,3,2,0,0
22/10/2022,Vallecano,Cadiz,5,1,H,2,0,H,,28,3,11,0,13,12,10,1,1,4,1,2
22/10/2022,Valladolid,Sociedad,1,0,H,1,0,H,,9,20,2,2,19,14,4,10,2,3,0,0
22/10/2022,Valencia,Mallorca,1,2,A,0,0,D,,13,10,3,5,14,19,5,3,3,5,0,0
22/10/2022,Real Madrid,Sevilla,3,1,H,1,0,H,,18,9,6,2,9,12,4,3,1,4,0,0
22/10/2022,Montpellier,Lyon,1,2,A,0,1,A,,10,21,4,10,9,18,4,7,2,2,1,1
22/10/2022,Marseille,Lens,0,1,A,0,0,D,,13,12,3,4,19,20,7,3,3,3,0,0
22/10/2022,Nott'm Forest,Liverpool,1,0,H,0,0,D,P Tierney,10,15,7,7,14,8,2,11,2,1,0,0
22/10/2022,Everton,Crystal Palace,3,0,H,1,0,H,S Hooper,9,9,6,2,16,14,3,4,3,4,0,0
22/10/2022,Man City,Brighton,3,1,H,2,0,H,C Pawson,10,8,4,2,11,12,7,3,1,3,0,0
22/10/2022,Chelsea,Man United,1,1,D,0,0,D,S Attwell,6,13,2,6,8,10,6,4,1,4,0,0
23/10/2022,Udinese,Torino,1,2,A,1,1,D,,16,15,4,4,12,15,7,4,3,4,0,0
23/10/2022,Bologna,Lecce,2,0,H,2,0,H,,12,9,3,3,11,14,9,4,5,2,0,0
23/10/2022,Atalanta,Lazio,0,2,A,0,1,A,,7,12,0,5,15,9,5,8,4,2,1,0
23/10/2022,Roma,Napoli,0,1,A,0,0,D,,6,12,0,5,14,12,3,4,3,4,0,0
23/10/2022,Bochum,Union Berlin,2,1,H,1,0,H,,8,6,5,3,14,10,3,7,1,3,0,0
23/10/2022,Hertha,Schalke 04,2,1,H,0,0,D,,11,9,4,2,14,14,5,6,5,1,0,0
23/10/2022,Espanol,Elche,2,2,D,1,1,D,,13,9,5,4,13,10,5,3,2,3,0,0
23/10/2022,Betis,Ath Madrid,1,2,A,0,0,D,,17,9,4,3,10,17,7,4,2,3,0,0
23/10/2022,Girona,Osasuna,1,1,D,1,1,D,,7,9,1,2,11,11,3,5,2,3,0,0
23/10/2022,Villarreal,Almeria,2,1,H,0,1,A,,11,15,5,4,7,8,10,4,4,1,1,0
23/10/2022,Barcelona,Ath Bilbao,4,0,H,3,0,H,,10,5,7,3,7,13,1,2,2,2,0,0
23/10/2022,Angers,Rennes,1,2,A,0,1,A,,7,14,2,5,9,11,5,6,2,2,0,0
23/10/2022,Clermont,Brest,1,3,A,0,1,A,,14,19,4,11,10,17,7,4,4,1,0,0
23/10/2022,Reims,Auxerre,2,1,H,1,1,D,,19,10,10,2,13,12,8,2,4,0,0,0
23/10/2022,Toulouse,Strasbourg,2,2,D,1,0,H,,17,11,6,5,14,8,6,6,2,1,1,0
23/10/2022,Troyes,Lorient,2,2,D,1,0,H,,13,21,4,5,8,9,3,6,2,0,0,0
23/10/2022,Nice,Nantes,1,1,D,0,0,D,,11,11,5,4,9,9,7,3,3,4,0,2
23/10/2022,Lille,Monaco,4,3,H,2,2,D,,20,9,7,6,8,10,6,6,1,2,0,0
23/10/2022,Aston Villa,Brentford,4,0,H,3,0,H,D England,19,12,11,3,14,11,7,6,1,0,0,0
23/10/2022,Leeds,Fulham,2,3,A,1,1,D,A Taylor,14,11,5,5,12,8,3,6,1,1,0,0
23/10/2022,Southampton,Arsenal,1,1,D,0,1,A,R Jones,10,12,3,3,11,8,9,4,2,1,0,0
23/10/2022,Wolves,Leicester,0,4,A,0,2,A,M Oliver,21,5,5,4,10,13,9,2,2,1,0,0
23/10/2022,Tottenham,Newcastle,1,2,A,0,2,A,J Gillett,17,13,5,5,12,6,6,7,4,2,0,0
24/10/2022,Cremonese,Sampdoria,0,1,A,0,0,D,,21,8,4,4,16,15,5,1,3,4,0,0
24/10/2022,Sassuolo,Verona,2,1,H,1,1,D,,14,13,3,5,7,19,4,5,1,3,0,0
24/10/2022,Celta,Getafe,1,1,D,0,1,A,,17,4,5,1,10,13,10,0,1,1,0,0
24/10/2022,West Ham,Bournemouth,2,0,H,1,0,H,D Coote,20,5,4,3,9,11,5,0,0,2,0,0
28/10/2022,Werder Bremen,Hertha,1,0,H,0,0,D,,15,9,4,1,14,11,4,5,2,3,0,0
28/10/2022,Mallorca,Espanol,1,1,D,0,0,D,,12,7,5,2,15,9,4,4,4,1,0,0
28/10/2022,Lens,Toulouse,3,0,H,0,0,D,,13,9,8,0,12,13,6,8,2,1,0,0
29/10/2022,Napoli,Sassuolo,4,0,H,3,0,H,,18,10,6,6,5,6,11,5,0,3,0,1
29/10/2022,Lecce,Juventus,0,1,A,0,0,D,,5,13,0,5,16,13,7,7,3,5,0,0
29/10/2022,Inter,Sampdoria,3,0,H,2,0,H,,17,9,8,2,5,13,3,3,1,6,0,0
29/10/2022,Bayern Munich,Mainz,6,2,H,3,1,H,,25,13,12,5,10,11,8,5,1,1,0,0
29/10/2022,RB Leipzig,Leverkusen,2,0,H,1,0,H,,10,4,6,1,9,7,3,3,3,3,0,0
29/10/2022,Stuttgart,Augsburg,2,1,H,1,1,D,,31,12,8,6,7,12,10,3,1,2,0,0
29/10/2022,Wolfsburg,Bochum,4,0,H,2,0,H,,22,10,7,3,7,17,7,2,1,1,0,0
29/10/2022,Ein Frankfurt,Dortmund,1,2,A,1,1,D,,20,8,8,2,15,11,4,3,5,5,0,0
29/10/2022,Almeria,Celta,3,1,H,0,1,A,,19,8,5,3,10,7,6,4,4,0,0,1
29/10/2022,Cadiz,Ath Madrid,3,2,H,1,0,H,,10,15,7,7,15,12,5,3,2,4,0,0
29/10/2022,Sevilla,Vallecano,0,1,A,0,0,D,,10,15,4,5,9,20,6,6,6,1,0,0
29/10/2022,Valencia,Barcelona,0,1,A,0,0,D,,3,13,2,2,13,7,3,10,4,5,0,0
29/10/2022,Paris SG,Troyes,4,3,H,1,1,D,,19,16,11,5,9,12,8,4,0,3,0,0
29/10/2022,Strasbourg,Marseille,2,2,D,0,2,A,,12,13,5,5,14,11,3,0,0,2,0,0
29/10/2022,Leicester,Man City,0,1,A,0,0,D,R Jones,10,15,5,5,5,10,3,10,0,0,0,0
29/10/2022,Bournemouth,Tottenham,2,3,A,1,0,H,A Taylor,6,23,4,7,10,5,2,19,1,2,0,0
29/10/2022,Brentford,Wolves,1,1,D,0,0,D,R Madley,12,14,3,4,10,17,3,6,3,3,0,1
29/10/2022,Brighton,Chelsea,4,1,H,3,0,H,A Madley,19,15,9,7,16,6,8,7,1,2,0,0
29/10/2022,Crystal Palace,Southampton,1,0,H,1,0,H,M Salisbury,12,14,3,4,13,12,8,4,3,3,0,0
29/10/2022,Newcastle,Aston Villa,4,0,H,1,0,H,P Tierney,20,3,7,0,11,11,3,0,1,1,0,0
29/10/2022,Fulham,Everton,0,0,D,0,0,D,J Brooks,24,9,6,4,10,8,13,4,2,1,0,0
29/10/2022,Liverpool,Leeds,1,2,A,1,1,D,M Oliver,22,14,10,6,9,3,14,5,0,1,0,0
30/10/2022,Empoli,Atalanta,0,2,A,0,1,A,,13,20,3,6,10,13,7,2,2,1,0,0
30/10/2022,Cremonese,Udinese,0,0,D,0,0,D,,13,13,2,3,8,9,7,4,1,0,0,0
30/10/2022,Spezia,Fiorentina,1,2,A,1,1,D,,10,27,6,5,19,14,5,5,5,3,1,0
30/10/2022,Lazio,Salernitana,1,3,A,1,0,H,,13,10,4,6,10,7,4,5,3,3,0,0
30/10/2022,Torino,Milan,2,1,H,2,0,H,,7,12,4,1,11,16,6,1,5,2,0,0
30/10/2022,Union Berlin,M'gladbach,2,1,H,0,1,A,,14,7,5,3,17,6,6,5,3,2,0,0
30/10/2022,Schalke 04,Freiburg,0,2,A,0,1,A,,12,19,3,9,20,7,4,8,3,2,0,0
30/10/2022,FC Koln,Hoffenheim,1,1,D,1,1,D,,11,9,3,4,11,10,5,4,1,2,0,1
30/10/2022,Osasuna,Valladolid,2,0,H,2,0,H,,20,7,10,2,14,16,1,8,1,3,0,0
30/10/2022,Real Madrid,Girona,1,1,D,0,0,D,,19,8,6,2,16,8,7,1,3,3,1,0
30/10/2022,Ath Bilbao,Villarreal,1,0,H,0,0,D,,19,6,7,3,12,10,6,2,2,1,0,0
30/10/2022,Sociedad,Betis,0,2,A,0,0,D,,14,10,7,4,22,16,5,3,4,4,0,0
30/10/2022,Auxerre,Ajaccio,1,0,H,1,0,H,,18,5,5,1,13,12,5,5,1,1,1,1
30/10/2022,Brest,Reims,0,0,D,0,0,D,,12,11,4,3,15,13,5,5,1,1,0,0
30/10/2022,Monaco,Angers,2,0,H,0,0,D,,8,8,5,4,18,15,7,0,3,3,0,0
30/10/2022,Nantes,Clermont,1,1,D,0,0,D,,13,10,4,6,15,9,2,2,0,2,0,0
30/10/2022,Rennes,Montpellier,3,0,H,2,0,H,,14,8,3,3,15,12,3,4,1,2,0,0
30/10/2022,Lorient,Nice,1,2,A,1,0,H,,14,16,8,5,7,7,8,3,0,1,0,0
30/10/2022,Lyon,Lille,1,0,H,0,0,D,,6,15,3,5,11,15,3,6,3,1,0,0
30/10/2022,Arsenal,Nott'm Forest,5,0,H,1,0,H,S Hooper,24,5,10,2,9,8,9,4,0,1,0,0
30/10/2022,Man United,West Ham,1,0,H,1,0,H,C Kavanagh,16,13,3,5,12,10,5,10,1,3,0,0
31/10/2022,Verona,Roma,1,3,A,1,1,D,,7,14,3,6,9,9,2,4,3,1,1,0
31/10/2022,Monza,Bologna,1,2,A,0,0,D,,9,10,3,5,13,18,4,5,4,2,0,0
31/10/2022,Elche,Getafe,0,1,A,0,0,D,,12,8,5,3,12,11,6,2,0,3,0,1
04/11/2022,Udinese,Lecce,1,1,D,0,1,A,,16,9,5,1,12,18,3,2,2,3,0,0
04/11/2022,M'gladbach,Stuttgart,3,1,H,2,1,H,,11,13,6,4,13,16,3,5,2,1,0,0
04/11/2022,Girona,Ath Bilbao,2,1,H,0,0,D,,19,11,10,7,11,11,7,1,1,1,0,0
04/11/2022,Troyes,Auxerre,1,1,D,1,0,H,,21,13,6,2,9,10,10,5,2,0,0,0
05/11/2022,Empoli,Sassuolo,1,0,H,0,0,D,,17,10,1,3,11,11,3,6,2,0,0,0
05/11/2022,Salernitana,Cremonese,2,2,D,2,1,H,,11,11,2,5,14,10,2,2,2,2,0,0
05/11/2022,Atalanta,Napoli,1,2,A,1,2,A,,17,7,4,5,10,9,5,2,5,1,0,0
05/11/2022,Milan,Spezia,2,1,H,1,0,H,,23,13,11,5,12,13,3,6,6,4,1,0
05/11/2022,Augsburg,Ein Frankfurt,1,2,A,1,1,D,,9,12,5,7,17,15,3,6,0,1,0,0
05/11/2022,Dortmund,Bochum,3,0,H,3,0,H,,6,7,3,1,7,14,2,5,1,1,0,0
05/11/2022,Hertha,Bayern Munich,2,3,A,2,3,A,,7,14,5,4,13,9,2,7,0,0,0,0
05/11/2022,Hoffenheim,RB Leipzig,1,3,A,0,1,A,,11,17,3,8,9,9,6,3,4,2,0,0
05/11/2022,Mainz,Wolfsburg,0,3,A,0,1,A,,16,10,3,3,15,6,9,4,1,1,0,0
05/11/2022,Werder Bremen,Schalke 04,2,1,H,1,0,H,,11,19,5,3,11,12,3,3,3,2,0,0
05/11/2022,Getafe,Cadiz,0,0,D,0,0,D,,13,15,2,4,15,16,5,5,5,2,2,1
05/11/2022,Valladolid,Elche,2,1,H,1,0,H,,16,4,11,2,9,10,8,4,2,0,0,0
05/11/2022,Celta,Osasuna,1,2,A,1,2,A,,13,8,5,4,12,20,2,3,1,5,0,0
05/11/2022,Barcelona,Almeria,2,0,H,0,0,D,,27,4,13,1,14,13,9,1,2,1,0,0
05/11/2022,Ajaccio,Strasbourg,4,2,H,4,2,H,,12,9,7,5,15,20,4,3,0,4,1,0
05/11/2022,Angers,Lens,1,2,A,0,1,A,,6,12,3,4,16,6,3,4,1,2,0,0
05/11/2022,Leeds,Bournemouth,4,3,H,1,2,A,T Harrington,18,9,4,6,16,10,13,3,2,2,0,0
05/11/2022,Man City,Fulham,2,1,H,1,1,D,D England,16,4,5,2,6,11,9,0,2,4,1,0
05/11/2022,Nott'm Forest,Brentford,2,2,D,1,1,D,A Marriner,15,6,7,2,10,11,3,3,2,2,0,0
05/11/2022,Wolves,Brighton,2,3,A,2,2,D,G Scott,8,19,5,8,15,11,4,9,2,0,1,0
05/11/2022,Everton,Leicester,0,2,A,0,1,A,D Coote,12,22,2,8,9,5,8,3,0,0,0,0
06/11/2022,Bologna,Torino,2,1,H,0,1,A,,9,7,5,2,14,17,3,1,3,3,0,0
06/11/2022,Monza,Verona,2,0,H,0,0,D,,14,7,3,2,10,10,5,2,3,1,0,1
06/11/2022,Sampdoria,Fiorentina,0,2,A,0,1,A,,14,5,2,4,10,18,4,4,1,0,0,0
06/11/2022,Roma,Lazio,0,1,A,0,1,A,,8,5,2,3,18,14,4,2,2,3,0,0
06/11/2022,Juventus,Inter,2,0,H,0,0,D,,8,14,3,4,16,13,2,8,2,2,0,0
06/11/2022,Leverkusen,Union Berlin,5,0,H,0,0,D,,11,6,8,1,11,17,1,5,1,4,0,0
06/11/2022,Freiburg,FC Koln,2,0,H,0,0,D,,13,6,5,2,9,10,5,3,0,1,0,0
06/11/2022,Ath Madrid,Espanol,1,1,D,0,0,D,,27,6,7,2,13,10,12,2,3,5,0,1
06/11/2022,Sociedad,Valencia,1,1,D,1,1,D,,9,14,4,3,11,12,1,11,2,0,1,0
06/11/2022,Villarreal,Mallorca,0,2,A,0,1,A,,9,7,2,5,17,16,5,2,4,6,0,0
06/11/2022,Betis,Sevilla,1,1,D,1,0,H,,9,22,4,6,6,20,1,4,4,5,2,1
06/11/2022,Lorient,Paris SG,1,2,A,0,1,A,,9,15,2,8,10,9,5,8,1,1,0,0
06/11/2022,Clermont,Montpellier,1,1,D,0,1,A,,16,7,7,3,14,17,5,1,1,2,0,0
06/11/2022,Nice,Brest,1,0,H,0,0,D,,14,12,9,2,6,11,2,6,1,1,0,0
06/11/2022,Reims,Nantes,1,0,H,0,0,D,,22,15,9,5,7,13,10,4,2,4,0,1
06/11/2022,Toulouse,Monaco,0,2,A,0,0,D,,13,24,5,10,9,11,7,6,0,1,0,0
06/11/2022,Lille,Rennes,1,1,D,1,0,H,,19,3,7,2,9,14,6,2,4,1,0,1
06/11/2022,Marseille,Lyon,1,0,H,1,0,H,,6,11,2,4,9,13,6,4,0,1,0,0
06/11/2022,Chelsea,Arsenal,0,1,A,0,0,D,M Oliver,5,14,1,2,20,13,4,6,5,2,0,0
06/11/2022,Aston Villa,Man United,3,1,H,2,1,H,A Taylor,6,8,4,3,6,12,3,5,3,3,0,0
06/11/2022,Southampton,Newcastle,1,4,A,0,1,A,S Attwell,16,7,5,4,7,10,8,2,1,0,0,0
06/11/2022,West Ham,Crystal Palace,1,2,A,1,1,D,P Tierney,5,15,2,6,10,7,2,5,1,1,0,0
06/11/2022,Tottenham,Liverpool,1,2,A,0,2,A,A Madley,14,13,5,6,10,8,5,3,0,0,0,0
07/11/2022,Vallecano,Real Madrid,3,2,H,2,2,D,,15,16,7,2,22,11,4,5,4,5,0,0
08/11/2022,Napoli,Empoli,2,0,H,0,0,D,,18,6,4,1,12,16,5,0,1,6,0,1
08/11/2022,Spezia,Udinese,1,1,D,1,1,D,,21,10,6,2,12,12,9,0,3,3,0,0
08/11/2022,Cremonese,Milan,0,0,D,0,0,D,,6,16,1,5,16,10,2,4,4,3,0,0
08/11/2022,Wolfsburg,Dortmund,2,0,H,1,0,H,,15,20,8,6,10,12,6,9,4,2,0,0
08/11/2022,Bayern Munich,Werder Bremen,6,1,H,4,1,H,,21,4,10,1,9,8,8,4,0,0,0,0
08/11/2022,Bochum,M'gladbach,2,1,H,2,0,H,,13,8,4,2,11,14,6,3,1,3,0,0
08/11/2022,Stuttgart,Hertha,2,1,H,1,1,D,,16,11,7,4,9,15,8,5,3,2,0,0
08/11/2022,Elche,Girona,1,2,A,1,1,D,,11,21,2,3,16,9,2,5,3,2,0,0
08/11/2022,Ath Bilbao,Valladolid,3,0,H,1,0,H,,19,8,6,0,20,6,10,2,3,1,0,0
08/11/2022,Osasuna,Barcelona,1,2,A,1,0,H,,15,9,3,3,15,6,2,5,4,4,0,2
09/11/2022,Lecce,Atalanta,2,1,H,2,1,H,,15,12,3,4,11,12,4,3,1,2,0,0
09/11/2022,Sassuolo,Roma,1,1,D,0,0,D,,14,10,6,4,11,11,3,2,5,3,0,0
09/11/2022,Fiorentina,Salernitana,2,1,H,1,0,H,,18,4,7,1,10,11,4,3,0,1,0,0
09/11/2022,Inter,Bologna,6,1,H,3,1,H,,13,10,7,4,10,11,4,4,1,5,0,0
09/11/2022,Torino,Sampdoria,2,0,H,1,0,H,,8,11,5,1,14,21,4,3,1,3,0,0
09/11/2022,FC Koln,Leverkusen,1,2,A,1,0,H,,17,10,7,3,9,7,6,1,1,2,0,0
09/11/2022,Ein Frankfurt,Hoffenheim,4,2,H,3,1,H,,15,12,8,3,9,22,4,5,0,3,0,0
09/11/2022,RB Leipzig,Freiburg,3,1,H,0,0,D,,18,4,8,2,9,21,6,2,1,4,0,0
09/11/2022,Schalke 04,Mainz,1,0,H,1,0,H,,13,11,4,1,16,17,1,6,3,1,0,0
09/11/2022,Union Berlin,Augsburg,2,2,D,2,2,D,,18,7,6,2,7,10,6,3,1,4,0,0
09/11/2022,Almeria,Getafe,1,0,H,1,0,H,,8,11,3,3,17,8,7,6,8,4,1,0
09/11/2022,Sevilla,Sociedad,1,2,A,1,2,A,,6,17,3,9,9,12,2,1,2,2,2,0
09/11/2022,Espanol,Villarreal,0,1,A,0,0,D,,14,10,6,3,11,6,4,7,1,3,0,0
09/11/2022,Mallorca,Ath Madrid,1,0,H,1,0,H,,9,17,3,5,14,17,2,5,5,3,0,0
10/11/2022,Verona,Juventus,0,1,A,0,0,D,,15,11,2,3,14,13,5,4,3,2,0,1
10/11/2022,Lazio,Monza,1,0,H,0,0,D,,12,8,4,0,15,14,4,3,2,1,0,0
10/11/2022,Vallecano,Celta,0,0,D,0,0,D,,10,11,3,3,19,16,5,3,7,1,0,0
10/11/2022,Valencia,Betis,3,0,H,0,0,D,,15,5,7,1,12,9,5,5,1,3,0,1
10/11/2022,Real Madrid,Cadiz,2,1,H,1,0,H,,18,10,5,5,12,16,7,1,3,3,0,0
11/11/2022,Empoli,Cremonese,2,0,H,0,0,D,,13,19,6,5,9,14,4,9,1,2,0,0
11/11/2022,M'gladbach,Dortmund,4,2,H,3,2,H,,11,20,6,10,12,12,2,9,1,2,0,0
11/11/2022,Lyon,Nice,1,1,D,0,1,A,,9,13,3,3,7,7,3,4,1,0,0,0
12/11/2022,Napoli,Udinese,3,2,H,2,0,H,,15,10,5,4,12,13,5,3,2,3,0,0
12/11/2022,Sampdoria,Lecce,0,2,A,0,1,A,,11,11,2,3,14,19,9,0,2,3,0,0
12/11/2022,Bologna,Sassuolo,3,0,H,1,0,H,,8,9,4,3,12,6,4,6,1,0,0,0
12/11/2022,Augsburg,Bochum,0,1,A,0,0,D,,19,11,5,4,12,9,6,2,1,1,0,0
12/11/2022,Hertha,FC Koln,2,0,H,1,0,H,,17,10,8,2,15,10,10,5,3,1,0,0
12/11/2022,Hoffenheim,Wolfsburg,1,2,A,1,1,D,,22,6,8,3,15,11,7,1,0,3,0,0
12/11/2022,Leverkusen,Stuttgart,2,0,H,1,0,H,,11,7,3,1,11,10,4,2,2,3,0,0
12/11/2022,Werder Bremen,RB Leipzig,1,2,A,0,1,A,,7,14,5,3,14,8,0,4,1,2,0,0
12/11/2022,Schalke 04,Bayern Munich,0,2,A,0,1,A,,6,22,2,6,7,4,4,5,0,0,0,0
12/11/2022,Lens,Clermont,2,1,H,0,1,A,,16,5,3,2,19,17,5,3,1,3,0,0
12/11/2022,Rennes,Toulouse,2,1,H,1,0,H,,16,10,8,4,9,10,4,4,0,0,0,0
12/11/2022,Man City,Brentford,1,2,A,1,1,D,P Bankes,29,10,6,8,9,7,10,2,2,2,0,0
12/11/2022,Bournemouth,Everton,3,0,H,2,0,H,C Pawson,16,15,9,3,12,8,3,5,2,0,0,0
12/11/2022,Liverpool,Southampton,3,1,H,3,1,H,S Hooper,15,9,7,5,8,8,6,0,0,2,0,0
12/11/2022,Nott'm Forest,Crystal Palace,1,0,H,0,0,D,J Brooks,9,8,2,0,11,13,1,5,1,4,0,0
12/11/2022,Tottenham,Leeds,4,3,H,1,2,A,M Salisbury,14,12,8,5,8,7,9,2,1,1,0,1
12/11/2022,West Ham,Leicester,0,2,A,0,1,A,J Gillett,18,9,6,6,9,8,7,2,3,1,0,0
12/11/2022,Newcastle,Chelsea,1,0,H,0,0,D,R Jones,10,5,3,2,14,11,5,3,3,2,0,0
12/11/2022,Wolves,Arsenal,0,2,A,0,0,D,S Attwell,11,14,2,4,5,6,6,4,3,2,0,0
13/11/2022,Atalanta,Inter,2,3,A,1,1,D,,19,14,7,3,10,11,5,4,0,3,0,0
13/11/2022,Monza,Salernitana,3,0,H,2,0,H,,19,5,7,0,9,11,6,1,0,2,0,1
13/11/2022,Roma,Torino,1,1,D,0,0,D,,13,10,4,2,13,10,7,0,3,2,0,0
13/11/2022,Verona,Spezia,1,2,A,1,0,H,,18,16,5,9,13,21,2,10,2,4,0,0
13/11/2022,Milan,Fiorentina,2,1,H,1,1,D,,12,11,3,5,13,11,5,7,1,4,0,0
13/11/2022,Juventus,Lazio,3,0,H,1,0,H,,13,10,9,3,10,8,2,6,2,1,0,0
13/11/2022,Mainz,Ein Frankfurt,1,1,D,1,0,H,,19,10,6,3,12,8,5,2,2,2,0,0
13/11/2022,Freiburg,Union Berlin,4,1,H,4,0,H,,7,4,5,2,13,9,2,1,0,1,0,1
13/11/2022,Paris SG,Auxerre,5,0,H,1,0,H,,9,9,6,3,5,7,3,7,0,0,0,0
13/11/2022,Brest,Troyes,2,1,H,0,0,D,,15,8,5,2,13,12,5,5,3,2,0,1
13/11/2022,Lille,Angers,1,0,H,1,0,H,,9,8,4,2,18,12,2,6,3,1,1,0
13/11/2022,Montpellier,Reims,1,1,D,0,0,D,,16,17,8,4,15,15,11,7,2,2,0,0
13/11/2022,Nantes,Ajaccio,2,2,D,0,0,D,,15,13,5,4,16,17,9,6,3,3,0,0
13/11/2022,Strasbourg,Lorient,1,1,D,0,1,A,,20,6,4,2,9,9,4,2,4,1,0,0
13/11/2022,Monaco,Marseille,2,3,A,1,1,D,,11,11,6,3,17,9,5,4,3,1,0,0
13/11/2022,Brighton,Aston Villa,1,2,A,1,1,D,C Kavanagh,7,8,2,2,14,11,11,4,2,7,0,0
13/11/2022,Fulham,Man United,1,2,A,0,1,A,P Tierney,14,14,7,9,9,10,10,3,1,1,0,0
26/12/2022,Brentford,Tottenham,2,2,D,1,0,H,D Coote,9,16,5,8,11,10,6,5,3,1,0,0
26/12/2022,Crystal Palace,Fulham,0,3,A,0,1,A,A Madley,4,23,0,11,12,15,1,8,0,0,2,0
26/12/2022,Everton,Wolves,1,2,A,1,1,D,C Pawson,12,7,6,4,9,22,2,2,1,6,0,0
26/12/2022,Leicester,Newcastle,0,3,A,0,3,A,J Gillett,8,12,2,5,9,6,5,5,0,0,0,0
26/12/2022,Southampton,Brighton,1,3,A,0,2,A,R Jones,14,7,4,4,9,10,4,2,1,2,0,0
26/12/2022,Aston Villa,Liverpool,1,3,A,0,2,A,P Tierney,12,16,6,9,7,12,0,6,0,0,0,0
26/12/2022,Arsenal,West Ham,3,1,H,0,1,A,M Oliver,16,8,5,4,13,17,7,5,0,2,0,0
27/12/2022,Chelsea,Bournemouth,2,0,H,2,0,H,S Hooper,15,9,5,4,8,10,6,8,0,0,0,0
27/12/2022,Man United,Nott'm Forest,3,0,H,2,0,H,A Taylor,17,8,8,3,13,4,9,9,3,1,0,0
28/12/2022,Ajaccio,Angers,1,0,H,1,0,H,,11,14,3,4,13,13,3,5,1,0,0,0
28/12/2022,Troyes,Nantes,0,0,D,0,0,D,,6,19,2,5,9,13,4,4,0,2,0,0
28/12/2022,Auxerre,Monaco,2,3,A,1,1,D,,11,6,6,3,9,15,1,3,1,0,0,0
28/12/2022,Clermont,Lille,0,2,A,0,0,D,,9,14,3,3,9,17,3,3,4,2,1,0
28/12/2022,Brest,Lyon,2,4,A,1,3,A,,17,17,5,10,8,19,6,6,2,2,0,0
28/12/2022,Paris SG,Strasbourg,2,1,H,1,0,H,,9,10,6,3,6,12,8,3,4,1,1,0
28/12/2022,Leeds,Man City,1,3,A,0,1,A,S Attwell,9,26,1,9,11,14,3,5,3,3,0,0
29/12/2022,Girona,Vallecano,2,2,D,1,1,D,,16,12,7,4,14,14,2,4,3,2,0,0
29/12/2022,Betis,Ath Bilbao,0,0,D,0,0,D,,9,10,5,0,8,17,2,6,1,4,1,0
29/12/2022,Ath Madrid,Elche,2,0,H,0,0,D,,18,5,4,1,14,20,3,5,3,4,1,2
29/12/2022,Lorient,Montpellier,0,2,A,0,2,A,,12,14,4,6,15,15,5,2,3,4,0,0
29/12/2022,Reims,Rennes,3,1,H,2,1,H,,10,11,4,5,8,8,4,6,2,2,0,0
29/12/2022,Marseille,Toulouse,6,1,H,2,0,H,,13,10,7,6,14,8,1,6,1,2,0,0
29/12/2022,Nice,Lens,0,0,D,0,0,D,,9,10,5,2,11,18,4,6,2,3,0,0
30/12/2022,Getafe,Mallorca,2,0,H,0,0,D,,14,3,6,0,10,19,4,2,0,1,0,0
30/12/2022,Cadiz,Almeria,1,1,D,0,1,A,,12,18,6,9,7,14,3,2,2,0,0,0
30/12/2022,Celta,Sevilla,1,1,D,1,0,H,,17,7,5,5,11,13,5,6,2,4,0,1
30/12/2022,Valladolid,Real Madrid,0,2,A,0,0,D,,14,19,4,8,7,9,5,9,2,0,1,0
30/12/2022,West Ham,Brentford,0,2,A,0,2,A,D England,20,9,5,6,9,5,8,1,1,0,0,0
30/12/2022,Liverpool,Leicester,2,1,H,2,1,H,C Pawson,21,7,5,2,8,15,4,5,0,1,0,0
31/12/2022,Barcelona,Espanol,1,1,D,1,0,H,,21,4,6,1,11,15,10,2,6,7,1,1
31/12/2022,Sociedad,Osasuna,2,0,H,1,0,H,,9,11,2,3,10,15,3,2,1,1,0,0
31/12/2022,Villarreal,Valencia,2,1,H,1,1,D,,14,13,8,4,12,16,5,2,1,3,0,0
31/12/2022,Wolves,Man United,0,1,A,0,0,D,R Jones,10,16,3,6,11,11,7,5,1,3,0,0
31/12/2022,Bournemouth,Crystal Palace,0,2,A,0,2,A,A Marriner,6,15,2,6,17,11,2,7,4,1,0,0
31/12/2022,Fulham,Southampton,2,1,H,1,0,H,G Scott,8,9,2,3,8,13,4,4,0,1,0,0
31/12/2022,Man City,Everton,1,1,D,1,0,H,A Madley,16,2,3,1,13,14,7,1,3,4,0,0
31/12/2022,Newcastle,Leeds,0,0,D,0,0,D,S Hooper,16,8,5,1,13,19,9,3,3,5,0,0
31/12/2022,Brighton,Arsenal,2,4,A,0,2,A,A Taylor,9,14,5,7,7,11,7,4,3,3,0,0
01/01/2023,Angers,Lorient,1,2,A,1,0,H,,14,10,6,5,16,9,7,7,3,0,0,0
01/01/2023,Monaco,Brest,1,0,H,0,0,D,,17,13,5,6,23,14,7,5,3,4,0,0
01/01/2023,Nantes,Auxerre,1,0,H,0,0,D,,10,14,3,6,10,19,3,7,1,2,0,0
01/01/2023,Toulouse,Ajaccio,2,0,H,0,0,D,,11,1,4,0,15,15,5,2,3,1,0,0
01/01/2023,Lyon,Clermont,0,1,A,0,0,D,,13,13,2,3,21,13,7,4,1,3,0,0
01/01/2023,Lens,Paris SG,3,1,H,2,1,H,,10,16,4,6,16,12,3,7,2,3,0,0
01/01/2023,Tottenham,Aston Villa,0,2,A,0,0,D,J Brooks,6,13,2,4,15,10,5,3,4,3,0,0
01/01/2023,Nott'm Forest,Chelsea,1,1,D,0,1,A,P Bankes,12,7,5,2,16,14,1,2,2,2,0,0
02/01/2023,Strasbourg,Troyes,2,3,A,1,2,A,,17,9,7,5,10,12,3,1,1,2,0,0
02/01/2023,Lille,Reims,1,1,D,1,0,H,,14,9,5,6,8,12,5,1,1,1,0,0
02/01/2023,Montpellier,Marseille,1,2,A,0,0,D,,8,18,1,9,10,14,5,7,2,2,0,1
02/01/2023,Rennes,Nice,2,1,H,1,1,D,,20,7,5,3,16,7,5,2,1,1,0,0
02/01/2023,Brentford,Liverpool,3,1,H,2,0,H,S Attwell,10,16,7,6,5,8,4,9,1,3,0,0
03/01/2023,Arsenal,Newcastle,0,0,D,0,0,D,A Madley,17,8,4,1,10,16,5,5,4,4,0,0
03/01/2023,Everton,Brighton,1,4,A,0,1,A,A Marriner,10,19,4,8,8,10,5,2,3,1,0,0
03/01/2023,Leicester,Fulham,0,1,A,0,1,A,D Bond,15,11,6,2,12,11,6,3,2,6,0,0
03/01/2023,Man United,Bournemouth,3,0,H,1,0,H,M Salisbury,18,7,6,4,13,7,6,5,0,3,0,0
04/01/2023,Salernitana,Milan,1,2,A,0,2,A,,8,16,1,10,21,13,6,2,4,1,0,0
04/01/2023,Sassuolo,Sampdoria,1,2,A,0,2,A,,16,9,4,4,16,19,9,1,2,3,0,0
04/01/2023,Spezia,Atalanta,2,2,D,2,0,H,,7,19,3,3,11,11,3,8,3,3,0,0
04/01/2023,Torino,Verona,1,1,D,0,1,A,,9,10,3,2,7,17,6,3,1,1,0,0
04/01/2023,Lecce,Lazio,2,1,H,0,1,A,,11,8,4,2,16,13,4,3,3,2,0,0
04/01/2023,Roma,Bologna,1,0,H,1,0,H,,14,10,4,2,10,10,3,3,2,3,0,0
04/01/2023,Cremonese,Juventus,0,1,A,0,0,D,,13,19,3,8,12,12,3,8,5,3,0,0
04/01/2023,Fiorentina,Monza,1,1,D,1,0,H,,22,10,6,3,11,13,9,1,1,3,0,0
04/01/2023,Inter,Napoli,1,0,H,0,0,D,,6,9,1,2,12,7,5,4,3,2,0,0
04/01/2023,Udinese,Empoli,1,1,D,0,1,A,,21,6,3,1,15,14,8,1,2,3,0,1
04/01/2023,Southampton,Nott'm Forest,0,1,A,0,1,A,T Bramall,8,11,0,1,14,17,6,2,2,2,0,0
04/01/2023,Leeds,West Ham,2,2,D,1,1,D,D Coote,14,15,6,2,11,18,8,1,3,1,0,0
04/01/2023,Aston Villa,Wolves,1,1,D,0,1,A,J Gillett,13,10,4,3,6,12,7,8,1,3,0,0
04/01/2023,Crystal Palace,Tottenham,0,4,A,0,0,D,M Oliver,19,14,4,6,11,8,10,4,1,2,0,0
05/01/2023,Chelsea,Man City,0,1,A,0,0,D,P Tierney,8,12,2,3,9,9,3,2,2,0,0,0
06/01/2023,Elche,Celta,0,1,A,0,1,A,,13,14,5,7,15,15,8,4,3,1,1,0
06/01/2023,Valencia,Cadiz,0,1,A,0,1,A,,11,6,2,2,14,21,13,2,5,6,0,0
07/01/2023,Fiorentina,Sassuolo,2,1,H,0,0,D,,14,17,5,4,14,9,6,3,4,3,0,0
07/01/2023,Juventus,Udinese,1,0,H,0,0,D,,14,11,4,3,16,13,6,4,1,2,0,0
07/01/2023,Monza,Inter,2,2,D,1,2,A,,13,11,4,3,14,20,3,5,0,3,0,0
07/01/2023,Villarreal,Real Madrid,2,1,H,0,0,D,,17,13,5,3,13,6,6,5,4,1,0,0
07/01/2023,Mallorca,Valladolid,1,0,H,0,0,D,,13,9,4,1,14,17,6,2,2,3,0,0
07/01/2023,Espanol,Girona,2,2,D,0,1,A,,12,12,6,5,13,16,5,2,3,2,0,0
08/01/2023,Salernitana,Torino,1,1,D,0,1,A,,11,23,4,8,10,15,6,7,2,3,0,0
08/01/2023,Lazio,Empoli,2,2,D,1,0,H,,18,5,4,2,17,10,10,3,4,1,0,0
08/01/2023,Spezia,Lecce,0,0,D,0,0,D,,10,15,2,4,14,15,5,7,0,1,0,0
08/01/2023,Sampdoria,Napoli,0,2,A,0,1,A,,9,24,2,8,15,12,2,5,3,2,1,0
08/01/2023,Milan,Roma,2,2,D,1,0,H,,12,12,5,3,19,13,3,4,4,7,0,0
08/01/2023,Almeria,Sociedad,0,2,A,0,0,D,,6,9,1,6,13,14,4,2,1,0,0,0
08/01/2023,Vallecano,Betis,1,2,A,1,2,A,,15,14,3,3,10,16,5,7,3,2,0,0
08/01/2023,Sevilla,Getafe,2,1,H,1,0,H,,11,11,5,2,13,16,4,4,3,3,0,0
08/01/2023,Ath Madrid,Barcelona,0,1,A,0,1,A,,20,10,5,2,8,16,7,4,2,3,1,1
09/01/2023,Verona,Cremonese,2,0,H,2,0,H,,9,15,4,5,16,11,3,5,3,4,0,0
09/01/2023,Bologna,Atalanta,1,2,A,1,0,H,,12,7,3,3,16,15,4,0,3,2,0,0
09/01/2023,Ath Bilbao,Osasuna,0,0,D,0,0,D,,17,3,3,1,8,13,14,1,0,1,0,0
11/01/2023,Ajaccio,Reims,0,1,A,0,1,A,,11,9,1,3,20,22,2,2,3,3,0,0
11/01/2023,Auxerre,Toulouse,0,5,A,0,3,A,,19,9,4,7,22,13,7,4,3,1,0,0
11/01/2023,Brest,Lille,0,0,D,0,0,D,,5,11,0,4,15,12,0,8,0,1,0,0
11/01/2023,Clermont,Rennes,2,1,H,1,0,H,,11,9,5,2,12,13,4,1,0,2,0,2
11/01/2023,Nantes,Lyon,0,0,D,0,0,D,,13,10,5,6,12,15,6,1,2,3,0,0
11/01/2023,Lorient,Monaco,2,2,D,0,0,D,,8,16,6,4,8,13,3,4,1,1,0,0
11/01/2023,Nice,Montpellier,6,1,H,2,0,H,,16,4,10,2,16,17,3,4,1,1,0,0
11/01/2023,Paris SG,Angers,2,0,H,1,0,H,,9,6,6,0,5,10,5,1,1,2,0,0
11/01/2023,Strasbourg,Lens,2,2,D,2,2,D,,9,15,6,8,15,10,3,4,1,1,0,0
11/01/2023,Troyes,Marseille,0,2,A,0,1,A,,5,13,1,4,12,13,4,7,2,3,0,0
12/01/2023,Fulham,Chelsea,2,1,H,1,0,H,D Coote,8,20,3,10,12,16,5,7,4,3,0,1
13/01/2023,Napoli,Juventus,5,1,H,2,1,H,,14,11,10,2,10,9,2,5,0,1,0,0
13/01/2023,Celta,Villarreal,1,1,D,0,1,A,,21,3,8,1,11,8,14,3,0,2,0,0
13/01/2023,Aston Villa,Leeds,2,1,H,1,0,H,M Oliver,11,16,5,4,12,8,0,11,2,2,0,0
14/01/2023,Cremonese,Monza,2,3,A,0,2,A,,11,8,7,3,12,12,4,2,2,4,0,0
14/01/2023,Lecce,Milan,2,2,D,2,0,H,,17,12,3,5,11,12,8,4,1,2,0,0
14/01/2023,Inter,Verona,1,0,H,1,0,H,,11,6,3,1,11,13,3,4,0,3,0,0
14/01/2023,Valladolid,Vallecano,0,1,A,0,0,D,,9,13,2,6,17,18,4,8,2,2,0,0
14/01/2023,Girona,Sevilla,2,1,H,0,1,A,,19,10,7,2,11,7,5,2,3,1,0,0
14/01/2023,Osasuna,Mallorca,1,0,H,0,0,D,,15,6,4,2,15,19,3,1,2,3,0,0
14/01/2023,Sociedad,Ath Bilbao,3,1,H,2,1,H,,11,6,5,2,20,15,4,2,5,1,0,1
14/01/2023,Lens,Auxerre,1,0,H,0,0,D,,10,6,2,1,21,16,9,2,2,4,0,1
14/01/2023,Marseille,Lorient,3,1,H,1,1,D,,16,11,8,3,14,12,6,3,1,0,0,0
14/01/2023,Lyon,Strasbourg,1,2,A,1,2,A,,28,8,7,6,10,16,14,2,1,3,0,0
14/01/2023,Man United,Man City,2,1,H,0,0,D,S Attwell,8,5,4,1,15,5,1,2,3,0,0,0
14/01/2023,Brighton,Liverpool,3,0,H,0,0,D,D England,16,6,9,2,8,15,7,1,1,3,0,0
14/01/2023,Everton,Southampton,1,2,A,1,0,H,J Brooks,12,13,4,5,7,19,6,4,0,3,0,0
14/01/2023,Nott'm Forest,Leicester,2,0,H,0,0,D,P Tierney,15,6,5,1,11,12,3,5,1,2,0,0
14/01/2023,Wolves,West Ham,1,0,H,0,0,D,S Hooper,17,16,4,4,10,7,4,3,0,2,0,0
14/01/2023,Brentford,Bournemouth,2,0,H,1,0,H,J Gillett,12,7,4,2,5,9,5,3,1,1,0,0
15/01/2023,Sassuolo,Lazio,0,2,A,0,1,A,,12,12,2,3,17,10,7,3,5,3,0,0
15/01/2023,Torino,Spezia,0,1,A,0,1,A,,11,13,4,5,13,12,7,2,3,3,0,0
15/01/2023,Udinese,Bologna,1,2,A,1,0,H,,20,15,4,2,10,17,6,4,1,3,0,0
15/01/2023,Atalanta,Salernitana,8,2,H,5,1,H,,19,7,13,2,10,12,5,2,1,0,0,0
15/01/2023,Roma,Fiorentina,2,0,H,1,0,H,,10,7,4,3,15,12,5,9,3,4,0,1
15/01/2023,Getafe,Espanol,1,2,A,1,1,D,,10,10,2,4,20,13,5,1,2,3,0,0
15/01/2023,Almeria,Ath Madrid,1,1,D,1,1,D,,14,12,3,6,14,12,3,4,4,4,0,1
15/01/2023,Lille,Troyes,5,1,H,2,0,H,,23,10,13,2,12,5,7,2,1,0,0,0
15/01/2023,Angers,Clermont,1,2,A,0,1,A,,5,10,1,6,15,11,3,1,2,2,0,0
15/01/2023,Montpellier,Nantes,0,3,A,0,1,A,,11,12,5,7,13,14,3,5,1,2,2,0
15/01/2023,Reims,Nice,0,0,D,0,0,D,,13,6,2,4,5,5,5,3,1,1,0,0
15/01/2023,Toulouse,Brest,1,1,D,0,1,A,,16,17,7,5,16,12,10,5,2,2,0,0
15/01/2023,Monaco,Ajaccio,7,1,H,5,1,H,,11,5,8,2,8,14,3,3,1,2,0,0
15/01/2023,Rennes,Paris SG,1,0,H,0,0,D,,8,8,6,1,8,17,4,5,0,0,0,0
15/01/2023,Chelsea,Crystal Palace,1,0,H,0,0,D,P Bankes,15,10,5,5,10,17,11,7,2,5,0,0
15/01/2023,Newcastle,Fulham,1,0,H,0,0,D,R Jones,20,5,5,0,6,14,10,5,1,3,0,0
15/01/2023,Tottenham,Arsenal,0,2,A,0,2,A,C Pawson,17,14,7,5,16,15,4,3,4,2,0,0
16/01/2023,Empoli,Sampdoria,1,0,H,0,0,D,,16,16,5,7,15,16,3,3,5,6,0,0
16/01/2023,Cadiz,Elche,1,1,D,1,0,H,,16,12,3,5,11,21,3,6,3,2,0,0
18/01/2023,Crystal Palace,Man United,1,1,D,0,1,A,R Jones,10,15,5,4,9,10,3,3,1,2,0,0
19/01/2023,Man City,Tottenham,4,2,H,0,2,A,S Hooper,16,9,6,3,10,14,8,3,1,2,0,0
20/01/2023,RB Leipzig,Bayern Munich,1,1,D,0,1,A,,10,7,3,2,17,12,3,2,2,3,0,0
20/01/2023,Mallorca,Celta,1,0,H,0,0,D,,8,10,3,3,15,11,4,6,2,3,0,0
21/01/2023,Verona,Lecce,2,0,H,1,0,H,,11,9,4,3,15,12,5,4,3,0,0,0
21/01/2023,Salernitana,Napoli,0,2,A,0,1,A,,5,9,2,4,14,15,3,4,2,2,0,0
21/01/2023,Fiorentina,Torino,0,1,A,0,1,A,,19,9,5,3,9,23,5,3,2,2,0,0
21/01/2023,Bochum,Hertha,3,1,H,2,0,H,,10,10,3,2,13,13,1,6,1,1,0,0
21/01/2023,Ein Frankfurt,Schalke 04,3,0,H,1,0,H,,11,18,3,4,14,10,5,4,2,3,0,0
21/01/2023,Stuttgart,Mainz,1,1,D,1,1,D,,16,12,4,2,15,17,3,5,1,3,0,0
21/01/2023,Union Berlin,Hoffenheim,3,1,H,0,1,A,,23,10,5,5,11,13,9,4,2,1,0,0
21/01/2023,Wolfsburg,Freiburg,6,0,H,3,0,H,,13,9,11,1,11,12,0,5,1,2,0,0
21/01/2023,FC Koln,Werder Bremen,7,1,H,5,1,H,,15,4,7,2,10,14,2,2,0,0,0,0
21/01/2023,Vallecano,Sociedad,0,2,A,0,2,A,,14,12,2,7,11,11,3,4,0,0,0,0
21/01/2023,Espanol,Betis,1,0,H,1,0,H,,8,13,2,4,18,8,7,4,3,2,0,0
21/01/2023,Ath Madrid,Valladolid,3,0,H,3,0,H,,18,7,8,1,12,7,4,1,1,1,0,0
21/01/2023,Sevilla,Cadiz,1,0,H,0,0,D,,17,4,9,1,15,14,8,1,1,4,0,1
21/01/2023,Liverpool,Chelsea,0,0,D,0,0,D,M Oliver,15,11,3,2,16,9,5,5,3,1,0,0
21/01/2023,Bournemouth,Nott'm Forest,1,1,D,1,0,H,A Madley,16,20,4,5,10,7,4,6,1,2,0,0
21/01/2023,Leicester,Brighton,2,2,D,1,1,D,T Bramall,9,13,2,4,9,9,5,6,0,1,0,0
21/01/2023,Southampton,Aston Villa,0,1,A,0,0,D,M Salisbury,8,16,5,5,19,9,2,2,1,2,0,0
21/01/2023,West Ham,Everton,2,0,H,2,0,H,S Attwell,11,5,4,2,9,6,4,9,1,1,0,0
21/01/2023,Crystal Palace,Newcastle,0,0,D,0,0,D,C Pawson,6,16,1,7,13,7,3,15,4,2,0,0
22/01/2023,Sampdoria,Udinese,0,1,A,0,0,D,,9,14,1,5,15,17,6,6,3,1,0,0
22/01/2023,Monza,Sassuolo,1,1,D,0,1,A,,14,13,3,1,17,18,10,4,2,2,0,0
22/01/2023,Spezia,Roma,0,2,A,0,1,A,,8,13,0,3,17,11,4,0,3,1,0,0
22/01/2023,Juventus,Atalanta,3,3,D,2,1,H,,15,14,8,4,9,6,6,4,1,2,0,0
22/01/2023,Dortmund,Augsburg,4,3,H,2,2,D,,27,14,10,4,6,9,7,3,1,4,0,0
22/01/2023,M'gladbach,Leverkusen,2,3,A,0,2,A,,15,13,8,5,12,14,2,3,3,2,0,0
22/01/2023,Villarreal,Girona,1,0,H,0,0,D,,19,8,9,1,21,15,3,2,5,5,0,1
22/01/2023,Elche,Osasuna,1,1,D,0,1,A,,13,8,4,4,19,9,7,2,2,1,0,0
22/01/2023,Barcelona,Getafe,1,0,H,1,0,H,,8,7,4,3,11,6,4,2,1,2,0,0
22/01/2023,Ath Bilbao,Real Madrid,0,2,A,0,1,A,,18,10,3,4,17,10,12,2,3,2,0,0
22/01/2023,Leeds,Brentford,0,0,D,0,0,D,P Bankes,9,6,5,0,10,18,2,3,2,2,0,0
22/01/2023,Man City,Wolves,3,0,H,1,0,H,D Coote,13,10,7,1,10,10,5,7,1,2,0,0
22/01/2023,Arsenal,Man United,3,2,H,1,1,D,A Taylor,25,6,5,4,8,9,12,4,1,2,0,0
23/01/2023,Bologna,Cremonese,1,1,D,0,0,D,,21,9,8,2,11,13,4,1,2,5,0,0
23/01/2023,Inter,Empoli,0,1,A,0,0,D,,16,13,1,8,13,16,2,3,4,3,1,0
23/01/2023,Valencia,Almeria,2,2,D,0,0,D,,16,14,6,3,8,8,6,2,2,1,0,0
23/01/2023,Fulham,Tottenham,0,1,A,0,1,A,P Tierney,10,10,5,3,10,10,3,8,1,3,0,0
24/01/2023,Lazio,Milan,4,0,H,2,0,H,,10,10,5,3,14,11,3,4,1,2,0,0
24/01/2023,Schalke 04,RB Leipzig,1,6,A,0,4,A,,9,21,1,14,16,13,1,6,1,1,0,0
24/01/2023,Bayern Munich,FC Koln,1,1,D,0,1,A,,22,2,7,1,7,10,9,4,0,1,0,0
24/01/2023,Hertha,Wolfsburg,0,5,A,0,3,A,,8,15,2,7,20,13,6,4,2,0,0,0
24/01/2023,Hoffenheim,Stuttgart,2,2,D,1,1,D,,13,8,5,4,12,4,6,4,1,3,0,1
25/01/2023,Mainz,Dortmund,1,2,A,1,1,D,,12,12,4,6,15,7,2,3,2,0,0,0
25/01/2023,Augsburg,M'gladbach,1,0,H,0,0,D,,14,7,4,2,15,15,3,2,1,2,0,0
25/01/2023,Freiburg,Ein Frankfurt,1,1,D,0,1,A,,12,4,5,2,15,15,4,3,3,3,0,0
25/01/2023,Leverkusen,Bochum,2,0,H,1,0,H,,11,9,4,2,15,14,3,4,2,4,0,0
25/01/2023,Werder Bremen,Union Berlin,1,2,A,1,1,D,,8,11,3,5,11,17,5,7,0,0,0,0
27/01/2023,Bologna,Spezia,2,0,H,1,0,H,,18,6,6,4,8,16,5,5,2,2,0,0
27/01/2023,Lecce,Salernitana,1,2,A,1,2,A,,15,10,5,6,14,11,4,4,2,4,0,0
27/01/2023,RB Leipzig,Stuttgart,2,1,H,1,0,H,,9,10,4,3,8,6,3,6,0,0,0,0
27/01/2023,Almeria,Espanol,3,1,H,1,0,H,,19,6,7,3,16,6,2,2,3,3,0,0
27/01/2023,Lorient,Rennes,2,1,H,2,0,H,,4,19,4,6,4,6,2,10,1,1,0,0
28/01/2023,Empoli,Torino,2,2,D,1,0,H,,11,16,4,4,12,9,5,5,2,0,0,0
28/01/2023,Cremonese,Inter,1,2,A,1,1,D,,12,30,4,10,7,12,2,14,0,2,0,0
28/01/2023,Atalanta,Sampdoria,2,0,H,1,0,H,,21,15,5,5,17,11,7,4,0,2,0,0
28/01/2023,Freiburg,Augsburg,3,1,H,2,1,H,,15,16,9,4,14,9,3,7,3,3,0,0
28/01/2023,Hertha,Union Berlin,0,2,A,0,1,A,,10,7,3,3,12,13,3,2,1,2,0,0
28/01/2023,Hoffenheim,M'gladbach,1,4,A,0,2,A,,15,10,5,5,23,10,4,3,2,1,0,0
28/01/2023,Mainz,Bochum,5,2,H,3,0,H,,14,14,7,4,17,11,3,2,0,1,0,0
28/01/2023,Werder Bremen,Wolfsburg,2,1,H,1,0,H,,14,7,5,3,16,12,2,6,3,3,0,0
28/01/2023,Bayern Munich,Ein Frankfurt,1,1,D,1,0,H,,14,7,6,1,6,4,7,6,3,1,0,0
28/01/2023,Cadiz,Mallorca,2,0,H,2,0,H,,11,9,4,2,13,12,6,2,2,2,0,0
28/01/2023,Girona,Barcelona,0,1,A,0,0,D,,8,8,2,3,10,15,4,2,2,3,1,0
28/01/2023,Sevilla,Elche,3,0,H,3,0,H,,22,6,8,1,7,8,5,2,1,3,0,1
28/01/2023,Getafe,Betis,0,1,A,0,0,D,,6,13,1,2,25,12,6,1,4,2,0,0
28/01/2023,Troyes,Lens,1,1,D,0,0,D,,6,21,1,5,12,7,3,11,2,2,0,0
28/01/2023,Marseille,Monaco,1,1,D,0,1,A,,22,11,6,4,7,9,6,3,2,2,0,0
29/01/2023,Milan,Sassuolo,2,5,A,1,3,A,,10,9,5,7,13,8,2,3,7,4,0,0
29/01/2023,Juventus,Monza,0,2,A,0,2,A,,22,3,8,3,12,10,12,1,0,2,0,0
29/01/2023,Lazio,Fiorentina,1,1,D,1,0,H,,13,17,1,6,12,17,3,4,2,3,0,0
29/01/2023,Napoli,Roma,2,1,H,1,0,H,,11,11,6,3,8,14,3,8,1,2,0,0
29/01/2023,Schalke 04,FC Koln,0,0,D,0,0,D,,15,7,2,0,13,16,7,7,3,4,0,0
29/01/2023,Leverkusen,Dortmund,0,2,A,0,1,A,,20,6,7,2,13,20,8,4,2,4,0,0
29/01/2023,Valladolid,Valencia,1,0,H,0,0,D,,13,15,6,2,14,15,4,7,3,1,0,0
29/01/2023,Osasuna,Ath Madrid,0,1,A,0,0,D,,14,13,4,5,13,7,5,4,1,0,0,0
29/01/2023,Celta,Ath Bilbao,1,0,H,0,0,D,,9,5,3,0,17,19,2,5,3,2,0,0
29/01/2023,Real Madrid,Sociedad,0,0,D,0,0,D,,20,8,7,3,8,19,10,3,1,4,0,0
29/01/2023,Nice,Lille,1,0,H,1,0,H,,12,16,6,7,12,11,5,7,3,2,0,0
29/01/2023,Auxerre,Montpellier,0,2,A,0,0,D,,16,4,5,3,13,18,5,3,1,3,0,0
29/01/2023,Brest,Angers,4,0,H,2,0,H,,9,8,7,1,10,17,4,5,0,2,0,0
29/01/2023,Clermont,Nantes,0,0,D,0,0,D,,9,4,0,0,9,23,9,1,2,1,0,0
29/01/2023,Strasbourg,Toulouse,1,2,A,1,1,D,,11,10,2,3,14,10,4,2,2,2,1,0
29/01/2023,Ajaccio,Lyon,0,2,A,0,1,A,,16,8,5,2,22,18,5,1,2,3,0,0
29/01/2023,Paris SG,Reims,1,1,D,0,0,D,,12,17,5,4,5,10,3,3,2,1,1,0
30/01/2023,Udinese,Verona,1,1,D,1,1,D,,26,10,8,2,9,11,14,6,1,3,0,0
30/01/2023,Villarreal,Vallecano,0,1,A,0,0,D,,12,11,3,3,11,18,5,4,2,3,0,0
01/02/2023,Betis,Barcelona,1,2,A,0,0,D,,5,13,1,3,17,9,1,6,3,0,1,0
01/02/2023,Angers,Ajaccio,1,2,A,1,0,H,,6,9,2,4,18,11,2,6,1,2,1,0
01/02/2023,Lille,Clermont,0,0,D,0,0,D,,22,13,5,5,15,11,8,3,0,1,0,0
01/02/2023,Nantes,Marseille,0,2,A,0,0,D,,12,13,2,4,14,16,5,7,4,3,0,0
01/02/2023,Reims,Lorient,4,2,H,1,2,A,,31,12,9,5,11,7,5,7,1,0,0,0
01/02/2023,Toulouse,Troyes,4,1,H,2,1,H,,13,11,6,3,12,14,8,0,2,3,0,0
01/02/2023,Lens,Nice,0,1,A,0,0,D,,9,14,4,6,12,8,5,3,0,2,0,0
01/02/2023,Lyon,Brest,0,0,D,0,0,D,,28,8,8,1,10,13,15,2,0,0,0,0
01/02/2023,Monaco,Auxerre,3,2,H,2,0,H,,16,11,6,3,11,7,5,4,0,0,0,0
01/02/2023,Montpellier,Paris SG,1,3,A,0,0,D,,6,19,3,8,9,12,1,3,1,1,0,0
01/02/2023,Rennes,Strasbourg,3,0,H,2,0,H,,6,3,3,0,12,13,4,0,0,1,0,0
02/02/2023,Real Madrid,Valencia,2,0,H,0,0,D,,19,4,7,0,12,17,6,6,3,1,0,1
03/02/2023,Augsburg,Leverkusen,1,0,H,0,0,D,,10,12,5,4,14,8,2,1,3,2,0,0
03/02/2023,Ath Bilbao,Cadiz,4,1,H,3,1,H,,17,15,9,3,14,12,0,3,2,1,1,0
03/02/2023,Chelsea,Fulham,0,0,D,0,0,D,S Attwell,12,10,3,4,16,12,6,2,1,4,0,0
04/02/2023,Cremonese,Lecce,0,2,A,0,0,D,,12,9,3,4,12,15,4,8,1,2,0,0
04/02/2023,Roma,Empoli,2,0,H,2,0,H,,12,11,6,2,10,18,7,7,2,1,0,0
04/02/2023,Sassuolo,Atalanta,1,0,H,0,0,D,,18,7,8,2,12,13,2,7,5,1,0,2
04/02/2023,Bochum,Hoffenheim,5,2,H,3,0,H,,17,10,11,4,13,15,6,6,2,3,0,0
04/02/2023,Dortmund,Freiburg,5,1,H,1,1,D,,24,6,8,3,13,14,14,0,3,4,0,1
04/02/2023,Ein Frankfurt,Hertha,3,0,H,2,0,H,,10,13,4,3,12,10,7,1,1,2,0,0
04/02/2023,FC Koln,RB Leipzig,0,0,D,0,0,D,,9,7,0,2,10,15,5,1,3,4,0,0
04/02/2023,Union Berlin,Mainz,2,1,H,1,0,H,,9,9,5,2,12,10,5,5,1,1,0,0
04/02/2023,M'gladbach,Schalke 04,0,0,D,0,0,D,,17,18,4,5,9,15,9,5,2,3,0,0
04/02/2023,Espanol,Osasuna,1,1,D,0,1,A,,9,9,4,3,9,17,4,3,3,5,1,1
04/02/2023,Elche,Villarreal,3,1,H,2,1,H,,18,14,7,2,19,8,6,10,4,2,0,0
04/02/2023,Ath Madrid,Getafe,1,1,D,0,0,D,,12,9,4,1,11,18,8,0,3,5,0,0
04/02/2023,Betis,Celta,3,4,A,2,2,D,,15,9,7,7,11,13,5,5,2,3,1,0
04/02/2023,Paris SG,Toulouse,2,1,H,1,1,D,,22,14,5,5,9,14,6,2,2,2,0,0
04/02/2023,Troyes,Lyon,1,3,A,0,1,A,,8,10,2,6,10,14,5,6,0,1,0,0
04/02/2023,Rennes,Lille,1,3,A,1,0,H,,10,15,6,6,16,9,2,1,1,2,0,0
04/02/2023,Everton,Arsenal,1,0,H,0,0,D,D Coote,12,15,4,3,13,8,7,5,4,1,0,0
04/02/2023,Aston Villa,Leicester,2,4,A,2,3,A,D England,19,9,4,5,10,10,11,3,0,2,0,0
04/02/2023,Brentford,Southampton,3,0,H,2,0,H,D Bond,14,14,4,6,10,9,4,4,1,2,0,0
04/02/2023,Brighton,Bournemouth,1,0,H,0,0,D,C Pawson,20,12,6,2,14,7,7,3,3,1,0,0
04/02/2023,Man United,Crystal Palace,2,1,H,1,0,H,A Marriner,14,10,5,3,9,9,5,5,1,2,1,0
04/02/2023,Wolves,Liverpool,3,0,H,2,0,H,P Tierney,12,22,6,4,9,7,2,7,1,1,0,0
04/02/2023,Newcastle,West Ham,1,1,D,1,1,D,P Bankes,8,10,2,1,11,13,4,2,2,1,0,0
05/02/2023,Spezia,Napoli,0,3,A,0,0,D,,9,12,3,5,19,18,3,6,3,2,0,0
05/02/2023,Torino,Udinese,1,0,H,0,0,D,,11,11,3,3,13,8,6,5,1,1,0,0
05/02/2023,Fiorentina,Bologna,1,2,A,1,1,D,,18,11,6,7,10,25,5,3,2,4,0,0
05/02/2023,Inter,Milan,1,0,H,1,0,H,,15,4,4,0,13,14,8,0,2,5,0,0
05/02/2023,Stuttgart,Werder Bremen,0,2,A,0,0,D,,16,9,5,4,8,17,8,4,2,5,0,0
05/02/2023,Wolfsburg,Bayern Munich,2,4,A,1,3,A,,19,9,5,4,10,9,7,4,2,6,0,1
05/02/2023,Mallorca,Real Madrid,1,0,H,1,0,H,,4,20,1,1,29,14,1,12,5,5,0,0
05/02/2023,Girona,Valencia,1,0,H,0,0,D,,20,8,8,4,11,10,8,4,1,4,0,0
05/02/2023,Sociedad,Valladolid,0,1,A,0,0,D,,15,7,4,2,17,14,0,4,4,5,0,0
05/02/2023,Barcelona,Sevilla,3,0,H,0,0,D,,16,3,7,1,8,10,8,3,0,2,0,0
05/02/2023,Clermont,Monaco,0,2,A,0,2,A,,8,14,3,5,9,21,2,4,1,2,0,0
05/02/2023,Ajaccio,Nantes,0,2,A,0,0,D,,8,7,2,3,16,16,2,2,2,1,1,0
05/02/2023,Auxerre,Reims,0,0,D,0,0,D,,12,8,3,4,13,10,4,5,2,0,0,0
05/02/2023,Lorient,Angers,0,0,D,0,0,D,,13,13,2,5,16,16,8,6,2,4,0,0
05/02/2023,Strasbourg,Montpellier,2,0,H,2,0,H,,6,11,2,0,11,16,4,7,3,1,1,0
05/02/2023,Brest,Lens,1,1,D,0,0,D,,16,20,3,7,15,9,11,5,4,2,0,0
05/02/2023,Marseille,Nice,1,3,A,0,2,A,,22,14,5,8,10,5,9,1,0,1,0,0
05/02/2023,Nott'm Forest,Leeds,1,0,H,1,0,H,R Jones,6,10,2,4,15,14,0,2,4,2,0,0
05/02/2023,Tottenham,Man City,1,0,H,1,0,H,A Madley,12,15,3,5,19,14,4,6,2,3,1,0
06/02/2023,Verona,Lazio,1,1,D,0,1,A,,15,9,4,2,16,12,6,5,4,1,0,0
06/02/2023,Monza,Sampdoria,2,2,D,1,1,D,,17,11,5,6,12,12,9,3,2,4,0,0
06/02/2023,Vallecano,Almeria,2,0,H,0,0,D,,15,14,11,5,16,9,3,7,3,3,0,0
07/02/2023,Salernitana,Juventus,0,3,A,0,2,A,,10,17,1,5,9,12,6,3,1,1,0,0
08/02/2023,Man United,Leeds,2,2,D,0,1,A,S Hooper,24,8,7,2,7,11,6,5,1,3,0,0
10/02/2023,Milan,Torino,1,0,H,0,0,D,,9,12,4,2,10,20,3,8,1,4,0,0
10/02/2023,Schalke 04,Wolfsburg,0,0,D,0,0,D,,17,8,5,2,10,20,9,3,1,4,0,0
10/02/2023,Cadiz,Girona,2,0,H,2,0,H,,12,7,3,1,17,11,5,6,4,4,0,0
10/02/2023,Nice,Ajaccio,3,0,H,1,0,H,,11,6,3,3,9,7,5,5,1,0,0,0
11/02/2023,Empoli,Spezia,2,2,D,0,2,A,,25,9,8,3,10,13,7,3,1,5,1,1
11/02/2023,Lecce,Roma,1,1,D,1,1,D,,8,12,3,5,24,8,3,7,4,1,0,0
11/02/2023,Lazio,Atalanta,0,2,A,0,1,A,,13,23,5,10,12,14,5,7,1,2,0,0
11/02/2023,Bayern Munich,Bochum,3,0,H,1,0,H,,25,7,12,1,10,12,6,3,1,1,0,0
11/02/2023,Freiburg,Stuttgart,2,1,H,0,1,A,,9,14,5,3,13,10,4,3,3,3,0,0
11/02/2023,Hoffenheim,Leverkusen,1,3,A,0,1,A,,11,12,6,5,15,9,5,8,3,1,0,0
11/02/2023,Mainz,Augsburg,3,1,H,2,1,H,,13,11,7,3,12,6,4,12,1,1,0,0
11/02/2023,Werder Bremen,Dortmund,0,2,A,0,0,D,,8,17,3,9,7,7,3,7,1,0,0,0
11/02/2023,RB Leipzig,Union Berlin,1,2,A,1,0,H,,9,6,1,5,15,13,3,4,4,4,0,0
11/02/2023,Almeria,Betis,2,3,A,1,2,A,,16,12,9,7,12,10,8,2,2,3,0,0
11/02/2023,Sevilla,Mallorca,2,0,H,2,0,H,,15,6,6,0,9,14,8,2,5,2,0,0
11/02/2023,Valencia,Ath Bilbao,1,2,A,1,1,D,,18,11,8,3,11,17,7,1,2,2,0,0
11/02/2023,Monaco,Paris SG,3,1,H,3,1,H,,19,7,9,2,9,11,3,2,0,1,0,0
11/02/2023,Clermont,Marseille,0,2,A,0,1,A,,9,17,4,5,15,16,3,4,4,3,0,0
11/02/2023,West Ham,Chelsea,1,1,D,1,1,D,C Pawson,10,12,2,4,9,11,5,6,1,1,0,0
11/02/2023,Arsenal,Brentford,1,1,D,0,0,D,P Bankes,23,9,7,2,9,9,7,4,0,2,0,0
11/02/2023,Crystal Palace,Brighton,1,1,D,0,0,D,M Oliver,6,17,1,7,10,11,1,6,4,1,0,0
11/02/2023,Fulham,Nott'm Forest,2,0,H,1,0,H,A Madley,16,10,3,1,9,11,5,4,0,1,0,0
11/02/2023,Leicester,Tottenham,4,1,H,3,1,H,M Salisbury,15,11,7,4,14,9,1,5,5,2,0,0
11/02/2023,Southampton,Wolves,1,2,A,1,0,H,J Gillett,17,11,2,2,12,14,5,2,2,2,0,1
11/02/2023,Bournemouth,Newcastle,1,1,D,1,1,D,S Attwell,11,15,5,7,8,10,4,6,2,3,0,0
12/02/2023,Udinese,Sassuolo,2,2,D,2,2,D,,17,6,8,1,12,8,10,7,2,2,0,0
12/02/2023,Bologna,Monza,0,1,A,0,1,A,,12,5,3,4,15,18,3,2,1,4,0,0
12/02/2023,Juventus,Fiorentina,1,0,H,1,0,H,,7,11,3,2,11,17,5,6,5,2,0,0
12/02/2023,Napoli,Cremonese,3,0,H,1,0,H,,15,6,10,1,7,7,9,7,0,2,0,0
12/02/2023,Hertha,M'gladbach,4,1,H,1,1,D,,17,7,7,3,12,11,4,6,1,1,0,0
12/02/2023,FC Koln,Ein Frankfurt,3,0,H,0,0,D,,9,7,4,1,15,11,3,9,3,2,0,0
12/02/2023,Getafe,Vallecano,1,1,D,0,1,A,,13,19,4,4,21,19,5,6,4,4,1,0
12/02/2023,Celta,Ath Madrid,0,1,A,0,0,D,,14,10,3,2,10,13,7,5,2,2,0,1
12/02/2023,Valladolid,Osasuna,0,0,D,0,0,D,,18,15,5,4,13,16,10,4,1,3,0,0
12/02/2023,Villarreal,Barcelona,0,1,A,0,1,A,,11,7,2,4,22,18,6,2,4,4,0,0
12/02/2023,Toulouse,Rennes,3,1,H,3,0,H,,13,13,7,4,12,17,2,7,1,1,0,0
12/02/2023,Angers,Auxerre,1,1,D,1,1,D,,10,15,5,4,10,9,6,4,2,0,0,0
12/02/2023,Lille,Strasbourg,2,0,H,2,0,H,,14,5,10,0,13,13,5,4,1,2,0,0
12/02/2023,Montpellier,Brest,3,0,H,2,0,H,,16,10,7,2,15,20,4,3,1,2,0,0
12/02/2023,Reims,Troyes,4,0,H,2,0,H,,20,7,10,2,13,14,5,2,1,2,0,0
12/02/2023,Nantes,Lorient,1,0,H,0,0,D,,13,9,6,5,12,11,7,3,0,0,0,0
12/02/2023,Lyon,Lens,2,1,H,1,1,D,,11,14,5,4,15,11,2,5,1,1,0,0
12/02/2023,Leeds,Man United,0,2,A,0,0,D,P Tierney,16,11,6,5,10,13,7,3,2,1,0,0
12/02/2023,Man City,Aston Villa,3,1,H,3,0,H,R Jones,17,6,9,2,13,14,8,4,1,2,0,0
13/02/2023,Verona,Salernitana,1,0,H,1,0,H,,14,8,4,3,14,21,5,1,2,3,0,0
13/02/2023,Sampdoria,Inter,0,0,D,0,0,D,,7,25,2,5,13,11,3,7,3,1,0,0
13/02/2023,Espanol,Sociedad,2,3,A,0,1,A,,10,11,6,5,9,17,4,3,4,1,1,0
13/02/2023,Liverpool,Everton,2,0,H,1,0,H,S Hooper,15,6,6,1,8,16,3,3,1,3,0,0
15/02/2023,Real Madrid,Elche,4,0,H,3,0,H,,26,7,13,0,5,13,6,4,1,3,0,0
15/02/2023,Arsenal,Man City,1,3,A,1,1,D,A Taylor,10,9,1,6,11,15,1,3,2,3,0,0
17/02/2023,Sassuolo,Napoli,0,2,A,0,2,A,,11,15,2,4,12,10,1,3,2,2,0,0
17/02/2023,Augsburg,Hoffenheim,1,0,H,0,0,D,,16,8,3,2,13,14,6,1,3,3,0,0
17/02/2023,Girona,Almeria,6,2,H,4,0,H,,14,16,8,4,10,8,1,7,1,1,0,0
17/02/2023,Auxerre,Lyon,2,1,H,0,1,A,,8,6,3,4,17,12,6,4,4,2,0,0
18/02/2023,Sampdoria,Bologna,1,2,A,0,1,A,,9,12,4,5,13,13,1,8,3,1,0,0
18/02/2023,Monza,Milan,0,1,A,0,1,A,,11,14,5,8,10,18,10,3,4,2,0,0
18/02/2023,Inter,Udinese,3,1,H,1,1,D,,19,9,7,1,15,14,3,8,2,2,0,0
18/02/2023,Bochum,Freiburg,0,2,A,0,1,A,,15,15,6,5,15,10,5,5,4,2,1,0
18/02/2023,M'gladbach,Bayern Munich,3,2,H,1,1,D,,17,13,7,4,9,9,4,0,0,1,0,1
18/02/2023,Stuttgart,FC Koln,3,0,H,1,0,H,,18,11,7,4,10,12,3,6,3,4,0,0
18/02/2023,Wolfsburg,RB Leipzig,0,3,A,0,1,A,,7,17,2,5,16,15,2,5,1,1,0,0
18/02/2023,Ein Frankfurt,Werder Bremen,2,0,H,1,0,H,,11,3,6,0,15,9,5,2,1,1,0,0
18/02/2023,Sociedad,Celta,1,1,D,1,0,H,,9,18,3,4,14,12,3,7,3,5,0,1
18/02/2023,Betis,Valladolid,2,1,H,2,1,H,,16,17,10,3,18,15,4,6,3,5,0,0
18/02/2023,Mallorca,Villarreal,4,2,H,2,1,H,,13,8,5,4,19,8,4,4,5,0,0,1
18/02/2023,Osasuna,Real Madrid,0,2,A,0,0,D,,11,11,4,6,17,7,5,5,3,2,0,0
18/02/2023,Nice,Reims,0,0,D,0,0,D,,16,10,1,2,9,13,9,0,1,1,0,0
18/02/2023,Strasbourg,Angers,2,1,H,2,0,H,,18,10,5,3,14,16,4,5,3,3,0,0
18/02/2023,Aston Villa,Arsenal,2,4,A,2,1,H,S Hooper,7,20,5,5,13,4,2,9,2,1,0,0
18/02/2023,Brentford,Crystal Palace,1,1,D,0,0,D,P Tierney,12,10,5,4,10,8,2,6,2,2,0,0
18/02/2023,Brighton,Fulham,0,1,A,0,0,D,D England,21,5,7,2,12,14,10,2,0,5,0,0
18/02/2023,Chelsea,Southampton,0,1,A,0,1,A,D Coote,17,8,5,5,16,24,8,2,3,6,0,0
18/02/2023,Everton,Leeds,1,0,H,0,0,D,A Madley,15,8,6,0,8,6,6,4,2,3,0,0
18/02/2023,Nott'm Forest,Man City,1,1,D,0,1,A,G Scott,4,26,1,6,8,6,0,10,1,0,0,0
18/02/2023,Wolves,Bournemouth,0,1,A,0,0,D,M Salisbury,15,5,4,1,12,10,12,2,3,3,0,0
18/02/2023,Newcastle,Liverpool,0,2,A,0,2,A,A Taylor,14,13,4,7,3,8,6,7,1,1,1,0
19/02/2023,Atalanta,Lecce,1,2,A,0,1,A,,20,4,10,2,10,12,6,1,3,3,0,0
19/02/2023,Fiorentina,Empoli,1,1,D,0,1,A,,27,5,4,3,8,15,13,1,1,5,0,0
19/02/2023,Salernitana,Lazio,0,2,A,0,0,D,,9,21,2,7,10,7,2,9,5,1,1,0
19/02/2023,Spezia,Juventus,0,2,A,0,1,A,,18,15,7,3,8,9,7,4,2,2,0,0
19/02/2023,Roma,Verona,1,0,H,1,0,H,,9,7,5,1,15,19,5,1,1,2,0,0
19/02/2023,Union Berlin,Schalke 04,0,0,D,0,0,D,,9,6,4,2,13,19,6,4,2,1,0,0
19/02/2023,Dortmund,Hertha,4,1,H,2,0,H,,12,15,5,8,8,15,3,4,1,2,0,0
19/02/2023,Leverkusen,Mainz,2,3,A,1,2,A,,17,12,7,7,14,19,4,5,5,5,1,0
19/02/2023,Elche,Espanol,0,1,A,0,0,D,,19,11,5,4,11,12,10,5,2,3,1,0
19/02/2023,Vallecano,Sevilla,1,1,D,0,1,A,,18,7,5,2,15,6,7,3,4,1,0,0
19/02/2023,Ath Madrid,Ath Bilbao,1,0,H,0,0,D,,17,8,5,2,7,13,6,5,2,3,0,0
19/02/2023,Barcelona,Cadiz,2,0,H,2,0,H,,16,14,5,4,15,18,5,6,2,3,0,0
19/02/2023,Paris SG,Lille,4,3,H,2,1,H,,12,16,10,7,9,19,3,6,2,4,0,0
19/02/2023,Brest,Monaco,1,2,A,0,1,A,,13,10,3,3,7,10,5,5,1,2,0,0
19/02/2023,Lorient,Ajaccio,3,0,H,2,0,H,,10,12,6,3,11,14,2,2,0,2,0,0
19/02/2023,Rennes,Clermont,2,0,H,1,0,H,,18,7,6,3,9,10,2,7,0,2,0,0
19/02/2023,Troyes,Montpellier,0,1,A,0,0,D,,4,19,2,7,12,9,2,10,2,1,1,1
19/02/2023,Lens,Nantes,3,1,H,2,1,H,,19,6,6,3,9,15,2,5,0,0,0,0
19/02/2023,Toulouse,Marseille,2,3,A,1,0,H,,15,15,6,7,8,10,3,10,0,2,0,0
19/02/2023,Man United,Leicester,3,0,H,1,0,H,S Attwell,26,19,8,3,9,9,6,6,0,2,0,0
19/02/2023,Tottenham,West Ham,2,0,H,0,0,D,M Oliver,16,6,6,1,16,10,4,7,2,1,0,0
20/02/2023,Torino,Cremonese,2,2,D,1,0,H,,16,11,6,2,9,12,5,1,3,1,0,0
20/02/2023,Getafe,Valencia,1,0,H,0,0,D,,15,8,6,3,11,8,4,5,6,1,0,0
24/02/2023,Mainz,M'gladbach,4,0,H,1,0,H,,14,8,8,2,17,6,3,3,2,3,0,0
24/02/2023,Elche,Betis,2,3,A,2,0,H,,4,21,2,9,16,9,3,3,4,1,2,0
24/02/2023,Lille,Brest,2,1,H,0,1,A,,18,3,4,0,8,11,11,2,2,2,0,1
24/02/2023,Fulham,Wolves,1,1,D,0,1,A,M Oliver,10,8,5,2,12,17,4,3,2,0,0,0
25/02/2023,Empoli,Napoli,0,2,A,0,2,A,,9,19,2,6,10,9,4,13,2,1,0,1
25/02/2023,Lecce,Sassuolo,0,1,A,0,0,D,,16,7,0,3,17,7,4,7,2,2,0,0
25/02/2023,FC Koln,Wolfsburg,0,2,A,0,1,A,,11,6,5,4,9,16,10,2,1,2,0,0
25/02/2023,Hertha,Augsburg,2,0,H,0,0,D,,11,9,3,2,16,19,1,6,1,3,0,0
25/02/2023,Hoffenheim,Dortmund,0,1,A,0,1,A,,13,23,4,11,11,7,12,11,3,1,0,0
25/02/2023,RB Leipzig,Ein Frankfurt,2,1,H,2,0,H,,10,8,5,4,11,11,2,6,2,3,0,0
25/02/2023,Werder Bremen,Bochum,3,0,H,2,0,H,,12,9,6,2,16,16,2,0,3,2,0,0
25/02/2023,Schalke 04,Stuttgart,2,1,H,2,0,H,,11,17,6,5,12,13,6,9,2,2,0,0
25/02/2023,Espanol,Mallorca,2,1,H,1,1,D,,9,15,3,4,15,18,0,4,2,2,0,0
25/02/2023,Cadiz,Vallecano,1,0,H,0,0,D,,5,11,3,2,19,19,4,6,3,4,0,1
25/02/2023,Real Madrid,Ath Madrid,1,1,D,0,0,D,,18,7,7,2,10,8,7,4,3,3,0,1
25/02/2023,Valencia,Sociedad,1,0,H,1,0,H,,8,11,3,3,13,12,7,8,6,3,0,0
25/02/2023,Angers,Lyon,1,3,A,0,1,A,,11,7,2,5,16,6,2,2,0,0,0,0
25/02/2023,Montpellier,Lens,1,1,D,0,1,A,,8,19,3,6,12,13,4,6,0,3,0,0
25/02/2023,Everton,Aston Villa,0,2,A,0,0,D,A Taylor,15,9,5,5,12,12,5,1,2,1,0,0
25/02/2023,Leeds,Southampton,1,0,H,0,0,D,P Bankes,14,8,4,2,15,13,9,2,2,4,0,0
25/02/2023,Leicester,Arsenal,0,1,A,0,0,D,C Pawson,1,10,0,2,14,9,0,8,0,1,0,0
25/02/2023,West Ham,Nott'm Forest,4,0,H,0,0,D,J Gillett,18,8,5,3,8,5,12,3,0,0,0,0
25/02/2023,Bournemouth,Man City,1,4,A,0,3,A,P Tierney,13,20,2,5,10,9,4,6,2,2,0,0
25/02/2023,Crystal Palace,Liverpool,0,0,D,0,0,D,D England,6,12,0,4,11,14,5,3,2,5,0,0
26/02/2023,Bologna,Inter,1,0,H,0,0,D,,14,13,5,4,7,14,1,6,1,2,0,0
26/02/2023,Salernitana,Monza,3,0,H,0,0,D,,12,14,5,3,12,16,1,3,2,4,0,1
26/02/2023,Udinese,Spezia,2,2,D,1,1,D,,15,9,6,2,11,16,5,2,2,2,0,0
26/02/2023,Milan,Atalanta,2,0,H,1,0,H,,13,3,3,0,11,11,4,3,3,2,0,0
26/02/2023,Freiburg,Leverkusen,1,1,D,1,0,H,,9,16,4,4,14,13,1,3,2,1,0,0
26/02/2023,Bayern Munich,Union Berlin,3,0,H,3,0,H,,19,4,10,1,8,9,10,4,1,1,0,0
26/02/2023,Ath Bilbao,Girona,2,3,A,1,3,A,,17,8,3,4,17,8,11,3,5,5,0,0
26/02/2023,Celta,Valladolid,3,0,H,2,0,H,,18,6,4,3,6,5,5,4,1,3,0,1
26/02/2023,Almeria,Barcelona,1,0,H,1,0,H,,7,14,4,1,13,11,4,7,3,3,0,0
26/02/2023,Sevilla,Osasuna,2,3,A,0,1,A,,22,11,8,4,10,15,10,2,4,2,1,0
26/02/2023,Lorient,Auxerre,0,1,A,0,0,D,,18,9,4,1,12,21,10,0,2,3,0,0
26/02/2023,Ajaccio,Troyes,2,1,H,0,1,A,,14,11,6,5,8,15,6,3,2,2,0,1
26/02/2023,Clermont,Strasbourg,1,1,D,0,1,A,,11,12,4,6,17,25,7,2,1,4,0,0
26/02/2023,Nantes,Rennes,0,1,A,0,1,A,,20,11,7,3,8,12,12,4,2,2,0,0
26/02/2023,Reims,Toulouse,3,0,H,2,0,H,,18,13,6,6,12,14,4,2,0,0,0,0
26/02/2023,Monaco,Nice,0,3,A,0,3,A,,15,12,4,7,8,12,5,3,0,1,0,0
26/02/2023,Marseille,Paris SG,0,3,A,0,2,A,,19,12,6,7,20,14,7,4,0,0,0,0
26/02/2023,Tottenham,Chelsea,2,0,H,0,0,D,S Attwell,8,10,3,2,10,10,4,4,2,3,0,0
27/02/2023,Verona,Fiorentina,0,3,A,0,2,A,,12,16,3,7,15,11,4,2,3,3,0,0
27/02/2023,Lazio,Sampdoria,1,0,H,0,0,D,,15,8,4,2,10,13,8,3,2,2,0,0
27/02/2023,Villarreal,Getafe,2,1,H,1,1,D,,11,8,5,3,9,13,6,6,0,1,0,0
28/02/2023,Cremonese,Roma,2,1,H,1,0,H,,6,10,2,3,17,11,3,3,3,2,0,0
28/02/2023,Juventus,Torino,4,2,H,2,2,D,,13,8,6,3,5,13,3,7,0,2,0,0
01/03/2023,Arsenal,Everton,4,0,H,2,0,H,M Oliver,15,8,5,5,5,12,5,1,0,2,0,0
01/03/2023,Liverpool,Wolves,2,0,H,0,0,D,P Tierney,15,4,6,1,13,14,5,2,2,3,0,0
03/03/2023,Napoli,Lazio,0,1,A,0,0,D,,14,5,2,2,13,8,8,3,2,2,0,0
03/03/2023,Dortmund,RB Leipzig,2,1,H,2,0,H,,8,14,3,6,8,20,4,6,2,5,0,0
03/03/2023,Sociedad,Cadiz,0,0,D,0,0,D,,15,6,3,2,18,18,4,0,0,1,0,0
03/03/2023,Nice,Auxerre,1,1,D,1,1,D,,17,3,5,1,10,12,8,0,0,1,0,0
04/03/2023,Monza,Empoli,2,1,H,1,0,H,,10,18,3,3,10,12,1,8,2,3,0,0
04/03/2023,Atalanta,Udinese,0,0,D,0,0,D,,17,5,5,1,12,12,12,3,2,3,0,0
04/03/2023,Fiorentina,Milan,2,1,H,0,0,D,,16,8,8,6,12,17,11,5,3,3,0,0
04/03/2023,Augsburg,Werder Bremen,2,1,H,1,1,D,,9,17,5,8,10,9,3,7,2,2,0,0
04/03/2023,Bochum,Schalke 04,0,2,A,0,1,A,,6,9,4,5,17,11,4,4,2,1,0,0
04/03/2023,Mainz,Hoffenheim,1,0,H,1,0,H,,16,15,6,4,12,15,11,3,1,4,0,0
04/03/2023,M'gladbach,Freiburg,0,0,D,0,0,D,,10,8,4,3,11,15,6,5,5,2,1,0
04/03/2023,Union Berlin,FC Koln,0,0,D,0,0,D,,8,12,2,4,9,10,5,4,1,0,0,0
04/03/2023,Stuttgart,Bayern Munich,1,2,A,0,1,A,,11,13,4,6,6,12,3,6,0,0,0,0
04/03/2023,Getafe,Girona,3,2,H,3,0,H,,10,9,6,7,24,11,3,3,5,4,0,0
04/03/2023,Almeria,Villarreal,0,2,A,0,0,D,,6,16,0,6,11,10,2,10,2,4,0,0
04/03/2023,Mallorca,Elche,0,1,A,0,0,D,,14,15,3,6,17,14,6,7,3,3,0,0
04/03/2023,Ath Madrid,Sevilla,6,1,H,2,1,H,,18,8,8,1,12,11,7,3,1,4,0,1
04/03/2023,Lens,Lille,1,1,D,1,0,H,,10,11,1,6,18,14,10,3,2,4,0,0
04/03/2023,Paris SG,Nantes,4,2,H,2,2,D,,17,8,11,5,7,8,4,6,0,2,0,0
04/03/2023,Man City,Newcastle,2,0,H,1,0,H,S Hooper,11,5,3,2,8,13,8,4,2,4,0,0
04/03/2023,Arsenal,Bournemouth,3,2,H,0,1,A,C Kavanagh,31,4,9,4,6,8,17,1,0,2,0,0
04/03/2023,Aston Villa,Crystal Palace,1,0,H,1,0,H,C Pawson,8,3,1,0,14,17,2,4,2,3,0,1
04/03/2023,Brighton,West Ham,4,0,H,1,0,H,S Attwell,20,3,9,2,6,8,7,3,0,3,0,0
04/03/2023,Chelsea,Leeds,1,0,H,0,0,D,M Oliver,13,11,3,2,10,7,5,7,2,0,0,0
04/03/2023,Wolves,Tottenham,1,0,H,0,0,D,T Robinson,8,21,5,6,11,18,4,8,1,1,0,0
04/03/2023,Southampton,Leicester,1,0,H,1,0,H,R Jones,11,11,5,0,12,11,3,4,4,2,0,0
05/03/2023,Spezia,Verona,0,0,D,0,0,D,,20,11,4,3,6,7,9,5,2,1,1,0
05/03/2023,Sampdoria,Salernitana,0,0,D,0,0,D,,9,10,3,4,18,13,2,6,3,4,0,0
05/03/2023,Inter,Lecce,2,0,H,1,0,H,,14,11,4,1,10,11,6,4,0,0,0,0
05/03/2023,Roma,Juventus,1,0,H,0,0,D,,6,14,2,5,11,10,2,6,3,2,0,1
05/03/2023,Leverkusen,Hertha,4,1,H,2,0,H,,18,7,9,2,11,14,9,2,1,2,0,0
05/03/2023,Wolfsburg,Ein Frankfurt,2,2,D,2,2,D,,13,10,8,2,11,16,4,5,3,3,0,0
05/03/2023,Valladolid,Espanol,2,1,H,1,0,H,,15,12,5,2,4,11,9,6,3,2,0,0
05/03/2023,Barcelona,Valencia,1,0,H,1,0,H,,13,13,4,1,11,13,5,2,0,0,1,0
05/03/2023,Vallecano,Ath Bilbao,0,0,D,0,0,D,,18,16,2,3,9,17,7,9,1,0,0,1
05/03/2023,Betis,Real Madrid,0,0,D,0,0,D,,8,15,4,5,12,13,5,3,3,4,0,0
05/03/2023,Troyes,Monaco,2,2,D,1,0,H,,13,17,6,4,8,8,3,4,0,1,0,0
05/03/2023,Montpellier,Angers,5,0,H,3,0,H,,15,10,8,4,10,18,6,5,1,4,0,1
05/03/2023,Reims,Ajaccio,1,0,H,0,0,D,,12,5,3,1,19,21,2,1,3,3,0,0
05/03/2023,Strasbourg,Brest,0,1,A,0,1,A,,17,8,4,1,14,17,9,2,2,1,0,0
05/03/2023,Toulouse,Clermont,0,1,A,0,0,D,,9,12,0,3,20,4,4,5,4,1,0,0
05/03/2023,Lyon,Lorient,0,0,D,0,0,D,,17,11,5,1,19,6,6,5,1,0,0,0
05/03/2023,Rennes,Marseille,0,1,A,0,0,D,,13,11,2,4,10,10,4,3,1,1,0,0
05/03/2023,Nott'm Forest,Everton,2,2,D,1,2,A,J Brooks,10,10,4,3,11,17,3,3,3,5,0,0
05/03/2023,Liverpool,Man United,7,0,H,1,0,H,A Madley,18,8,8,4,13,14,4,3,2,3,0,0
06/03/2023,Sassuolo,Cremonese,3,2,H,2,0,H,,13,13,7,6,11,9,4,3,1,4,0,0
06/03/2023,Torino,Bologna,1,0,H,1,0,H,,12,11,5,1,9,10,3,3,2,2,0,0
06/03/2023,Osasuna,Celta,0,0,D,0,0,D,,10,6,5,0,12,12,6,4,0,2,0,0
06/03/2023,Brentford,Fulham,3,2,H,1,1,D,A Taylor,14,9,6,5,12,17,2,3,0,3,0,0
10/03/2023,Spezia,Inter,2,1,H,0,0,D,,4,28,2,7,11,9,1,13,3,0,0,0
10/03/2023,FC Koln,Bochum,0,2,A,0,1,A,,11,9,5,3,9,14,10,1,2,2,0,0
10/03/2023,Cadiz,Getafe,2,2,D,1,0,H,,11,16,4,10,13,16,2,6,4,5,1,1
10/03/2023,Lille,Lyon,3,3,D,0,0,D,,8,6,6,5,20,19,4,0,5,4,0,0
11/03/2023,Empoli,Udinese,0,1,A,0,0,D,,17,14,3,4,12,13,11,5,2,4,0,0
11/03/2023,Napoli,Atalanta,2,0,H,0,0,D,,18,6,6,3,12,11,10,4,1,2,0,0
11/03/2023,Bologna,Lazio,0,0,D,0,0,D,,16,5,2,2,11,8,5,2,2,3,0,0
11/03/2023,Bayern Munich,Augsburg,5,3,H,4,1,H,,24,13,9,6,8,10,8,5,2,1,0,0
11/03/2023,Ein Frankfurt,Stuttgart,1,1,D,0,0,D,,10,9,1,5,16,11,3,2,4,1,0,0
11/03/2023,Hertha,Mainz,1,1,D,1,0,H,,9,6,4,3,10,15,7,8,2,1,0,0
11/03/2023,RB Leipzig,M'gladbach,3,0,H,0,0,D,,14,7,9,3,9,9,11,0,1,0,0,0
11/03/2023,Schalke 04,Dortmund,2,2,D,0,1,A,,10,20,5,8,16,8,3,6,1,1,0,0
11/03/2023,Real Madrid,Espanol,3,1,H,2,1,H,,22,10,7,3,12,17,7,4,3,2,0,0
11/03/2023,Elche,Valladolid,1,1,D,0,1,A,,24,5,10,1,19,11,10,3,4,6,0,2
11/03/2023,Celta,Vallecano,3,0,H,0,0,D,,15,12,6,3,13,12,3,7,2,3,0,0
11/03/2023,Valencia,Osasuna,1,0,H,0,0,D,,8,7,4,0,8,19,12,3,2,5,0,0
11/03/2023,Auxerre,Rennes,0,0,D,0,0,D,,12,7,0,2,14,11,8,0,2,2,0,0
11/03/2023,Brest,Paris SG,1,2,A,1,1,D,,7,17,2,8,6,12,6,3,1,1,0,0
11/03/2023,Bournemouth,Liverpool,1,0,H,1,0,H,J Brooks,5,15,2,6,7,9,3,8,2,1,0,0
11/03/2023,Everton,Brentford,1,0,H,1,0,H,S Hooper,13,12,6,4,11,12,5,8,2,1,0,0
11/03/2023,Leeds,Brighton,2,2,D,1,1,D,P Tierney,12,14,4,2,12,9,4,7,1,1,0,0
11/03/2023,Leicester,Chelsea,1,3,A,1,2,A,A Marriner,17,12,7,6,10,11,2,5,1,2,1,0
11/03/2023,Tottenham,Nott'm Forest,3,1,H,2,0,H,C Pawson,15,9,7,5,13,13,2,10,3,1,0,0
11/03/2023,Crystal Palace,Man City,0,1,A,0,0,D,R Jones,4,14,0,4,11,17,2,6,2,2,0,0
12/03/2023,Lecce,Torino,0,2,A,0,2,A,,13,4,1,2,16,17,9,1,3,3,0,0
12/03/2023,Cremonese,Fiorentina,0,2,A,0,1,A,,16,10,5,3,10,17,1,6,1,2,0,0
12/03/2023,Verona,Monza,1,1,D,0,0,D,,8,9,3,3,17,12,7,2,2,0,0,0
12/03/2023,Roma,Sassuolo,3,4,A,1,3,A,,17,19,7,10,11,18,7,2,4,2,1,0
12/03/2023,Juventus,Sampdoria,4,2,H,2,2,D,,24,9,8,3,10,10,11,3,1,1,0,0
12/03/2023,Freiburg,Hoffenheim,2,1,H,1,0,H,,9,12,3,1,11,25,2,2,2,5,0,1
12/03/2023,Werder Bremen,Leverkusen,2,3,A,1,1,D,,12,13,6,5,12,12,2,3,2,1,0,0
12/03/2023,Wolfsburg,Union Berlin,1,1,D,0,0,D,,15,11,6,2,11,14,3,5,1,4,0,0
12/03/2023,Mallorca,Sociedad,1,1,D,0,1,A,,8,8,2,2,19,20,3,2,2,2,0,1
12/03/2023,Sevilla,Almeria,2,1,H,1,1,D,,27,13,5,5,8,11,6,4,4,4,0,0
12/03/2023,Villarreal,Betis,1,1,D,0,1,A,,15,6,4,3,8,11,2,4,3,2,0,0
12/03/2023,Ath Bilbao,Barcelona,0,1,A,0,1,A,,15,10,5,2,13,7,5,3,2,1,0,0
12/03/2023,Clermont,Lens,0,4,A,0,3,A,,9,13,6,6,13,13,6,4,1,2,0,0
12/03/2023,Ajaccio,Montpellier,0,1,A,0,0,D,,7,12,1,4,13,18,1,3,2,2,0,0
12/03/2023,Angers,Toulouse,0,2,A,0,1,A,,13,8,2,5,8,11,6,8,0,1,0,0
12/03/2023,Lorient,Troyes,2,0,H,1,0,H,,16,9,6,2,11,10,1,4,0,2,0,0
12/03/2023,Nantes,Nice,2,2,D,1,1,D,,10,16,3,8,9,11,1,10,1,1,0,0
12/03/2023,Monaco,Reims,0,1,A,0,0,D,,14,17,3,8,9,14,3,3,1,2,0,0
12/03/2023,Marseille,Strasbourg,2,2,D,0,0,D,,7,24,4,9,6,15,1,8,0,4,1,0
12/03/2023,Fulham,Arsenal,0,3,A,0,3,A,D Coote,12,15,2,7,10,9,4,8,0,1,0,0
12/03/2023,Man United,Southampton,0,0,D,0,0,D,A Taylor,10,17,4,4,12,9,7,8,2,0,0,0
12/03/2023,West Ham,Aston Villa,1,1,D,1,1,D,C Kavanagh,17,12,6,4,8,6,13,2,1,0,0,0
12/03/2023,Newcastle,Wolves,2,1,H,1,0,H,A Madley,19,7,8,4,11,10,10,3,1,2,0,0
13/03/2023,Milan,Salernitana,1,1,D,1,0,H,,24,6,4,3,15,13,6,4,2,3,0,0
13/03/2023,Girona,Ath Madrid,0,1,A,0,0,D,,6,14,4,4,6,12,1,3,2,3,0,0
15/03/2023,Brighton,Crystal Palace,1,0,H,1,0,H,P Bankes,11,11,5,3,13,20,1,4,1,2,0,0
15/03/2023,Southampton,Brentford,0,2,A,0,1,A,M Salisbury,7,11,1,5,14,10,3,3,1,2,0,0
17/03/2023,Sassuolo,Spezia,1,0,H,0,0,D,,15,11,6,1,10,13,3,3,0,2,0,0
17/03/2023,Atalanta,Empoli,2,1,H,0,1,A,,27,5,6,2,11,10,13,2,3,2,0,0
17/03/2023,M'gladbach,Werder Bremen,2,2,D,0,0,D,,21,6,9,3,9,12,6,5,1,1,0,0
17/03/2023,Valladolid,Ath Bilbao,1,3,A,0,1,A,,15,15,3,6,9,14,2,9,2,2,0,0
17/03/2023,Lyon,Nantes,1,1,D,1,1,D,,11,11,6,5,13,7,5,2,0,1,0,0
17/03/2023,Nott'm Forest,Newcastle,1,2,A,1,1,D,P Tierney,5,15,3,4,17,9,3,7,5,1,0,0
18/03/2023,Monza,Cremonese,1,1,D,0,0,D,,15,8,7,2,12,12,8,4,3,5,0,0
18/03/2023,Salernitana,Bologna,2,2,D,1,1,D,,14,10,4,2,8,16,5,4,0,1,0,0
18/03/2023,Udinese,Milan,3,1,H,2,1,H,,14,10,5,6,16,9,5,6,4,2,0,0
18/03/2023,Augsburg,Schalke 04,1,1,D,0,0,D,,9,13,3,5,11,14,9,6,4,4,1,0
18/03/2023,Bochum,RB Leipzig,1,0,H,0,0,D,,8,21,2,8,10,8,2,7,2,3,0,0
18/03/2023,Hoffenheim,Hertha,3,1,H,2,0,H,,15,11,7,5,10,11,8,9,0,3,1,0
18/03/2023,Stuttgart,Wolfsburg,0,1,A,0,0,D,,12,9,2,3,10,8,3,8,1,0,0,0
18/03/2023,Dortmund,FC Koln,6,1,H,4,1,H,,11,11,8,5,7,10,1,6,1,0,0,0
18/03/2023,Almeria,Cadiz,1,1,D,0,0,D,,17,10,5,4,12,12,5,2,1,4,0,0
18/03/2023,Vallecano,Girona,2,2,D,2,1,H,,15,12,3,4,15,16,3,5,2,2,0,0
18/03/2023,Espanol,Celta,1,3,A,0,2,A,,11,8,3,4,11,12,4,1,2,2,0,0
18/03/2023,Ath Madrid,Valencia,3,0,H,1,0,H,,14,9,6,1,12,9,4,2,2,0,0,0
18/03/2023,Toulouse,Lille,0,2,A,0,0,D,,16,18,4,5,12,2,12,8,2,0,0,0
18/03/2023,Lens,Angers,3,0,H,2,0,H,,12,3,6,1,7,15,4,4,0,0,0,0
18/03/2023,Aston Villa,Bournemouth,3,0,H,1,0,H,R Jones,20,10,9,3,8,13,9,6,1,4,0,0
18/03/2023,Brentford,Leicester,1,1,D,1,0,H,D Bond,11,14,2,1,10,11,8,4,1,2,1,0
18/03/2023,Southampton,Tottenham,3,3,D,0,1,A,S Hooper,19,17,7,3,13,8,10,3,1,1,0,0
18/03/2023,Wolves,Leeds,2,4,A,0,1,A,M Salisbury,23,11,8,4,15,9,5,4,3,5,1,0
18/03/2023,Chelsea,Everton,2,2,D,0,0,D,D England,20,12,7,3,8,12,8,2,2,2,0,0
19/03/2023,Sampdoria,Verona,3,1,H,2,0,H,,11,16,4,6,10,11,5,8,3,2,0,0
19/03/2023,Fiorentina,Lecce,1,0,H,1,0,H,,18,8,3,2,14,21,1,3,1,3,0,0
19/03/2023,Torino,Napoli,0,4,A,0,2,A,,12,12,2,6,14,14,5,4,1,1,0,0
19/03/2023,Lazio,Roma,1,0,H,0,0,D,,12,8,5,3,18,13,5,2,4,4,1,2
19/03/2023,Inter,Juventus,0,1,A,0,1,A,,18,7,3,3,6,18,6,4,3,4,1,1
19/03/2023,Union Berlin,Ein Frankfurt,2,0,H,0,0,D,,14,19,3,4,19,15,3,7,3,2,0,0
19/03/2023,Leverkusen,Bayern Munich,2,1,H,0,1,A,,12,11,6,6,10,11,5,3,2,3,0,0
19/03/2023,Mainz,Freiburg,1,1,D,0,0,D,,10,11,6,5,18,10,3,5,2,3,0,0
19/03/2023,Betis,Mallorca,1,0,H,0,0,D,,10,5,3,1,8,15,4,4,1,2,0,0
19/03/2023,Osasuna,Villarreal,0,3,A,0,1,A,,10,12,2,6,15,7,7,1,3,2,0,0
19/03/2023,Sociedad,Elche,2,0,H,0,0,D,,17,4,4,3,16,16,5,3,2,1,0,0
19/03/2023,Getafe,Sevilla,2,0,H,0,0,D,,15,11,4,4,22,10,4,1,4,2,0,0
19/03/2023,Barcelona,Real Madrid,2,1,H,1,1,D,,17,11,7,3,12,13,8,1,4,3,0,0
19/03/2023,Ajaccio,Monaco,0,2,A,0,1,A,,10,8,1,4,20,13,1,4,2,1,1,0
19/03/2023,Montpellier,Clermont,2,1,H,0,1,A,,23,16,9,8,15,15,11,4,3,1,1,0
19/03/2023,Nice,Lorient,1,1,D,0,1,A,,16,9,1,3,13,10,10,2,0,2,0,1
19/03/2023,Strasbourg,Auxerre,2,0,H,1,0,H,,13,8,6,1,14,11,5,4,2,1,0,0
19/03/2023,Troyes,Brest,2,2,D,2,1,H,,15,9,5,2,12,10,7,4,1,1,0,0
19/03/2023,Paris SG,Rennes,0,2,A,0,1,A,,17,10,8,3,11,12,6,3,1,1,0,0
19/03/2023,Reims,Marseille,1,2,A,1,2,A,,19,12,6,5,13,11,6,5,2,3,0,0
19/03/2023,Arsenal,Crystal Palace,4,1,H,2,0,H,S Attwell,15,8,5,4,8,10,5,4,0,1,0,0
31/03/2023,Ein Frankfurt,Bochum,1,1,D,1,1,D,,18,8,7,2,14,13,15,2,3,2,0,0
31/03/2023,Mallorca,Osasuna,0,0,D,0,0,D,,10,11,1,2,19,17,2,3,7,3,1,0
31/03/2023,Marseille,Montpellier,1,1,D,1,1,D,,13,9,2,3,15,9,1,3,2,2,0,0
01/04/2023,Cremonese,Atalanta,1,3,A,0,1,A,,15,12,4,4,13,10,0,6,3,2,0,0
01/04/2023,Inter,Fiorentina,0,1,A,0,0,D,,16,19,3,3,8,7,10,8,2,3,0,0
01/04/2023,Juventus,Verona,1,0,H,0,0,D,,10,9,2,3,14,22,3,5,1,2,0,0
01/04/2023,Freiburg,Hertha,1,1,D,0,0,D,,16,10,8,3,7,11,2,2,1,1,0,0
01/04/2023,RB Leipzig,Mainz,0,3,A,0,1,A,,12,19,3,7,13,20,3,4,3,3,0,0
01/04/2023,Schalke 04,Leverkusen,0,3,A,0,0,D,,12,18,3,10,20,13,7,5,2,1,0,0
01/04/2023,Union Berlin,Stuttgart,3,0,H,0,0,D,,13,17,5,8,11,12,3,5,1,1,0,0
01/04/2023,Wolfsburg,Augsburg,2,2,D,0,2,A,,23,5,5,2,9,15,4,7,3,2,0,0
01/04/2023,Bayern Munich,Dortmund,4,2,H,3,0,H,,16,10,9,4,11,7,6,2,1,1,0,0
01/04/2023,Girona,Espanol,2,1,H,0,0,D,,14,5,4,1,12,16,5,2,4,2,0,1
01/04/2023,Ath Bilbao,Getafe,0,0,D,0,0,D,,17,9,3,1,8,9,13,3,0,0,0,0
01/04/2023,Cadiz,Sevilla,0,2,A,0,0,D,,14,11,3,5,9,14,8,4,3,4,0,0
01/04/2023,Elche,Barcelona,0,4,A,0,1,A,,15,12,2,6,11,11,11,3,0,3,0,0
01/04/2023,Auxerre,Troyes,1,0,H,0,0,D,,13,14,5,2,7,15,4,5,0,0,0,0
01/04/2023,Rennes,Lens,0,1,A,0,1,A,,10,12,3,4,13,11,5,5,2,2,0,0
01/04/2023,Man City,Liverpool,4,1,H,1,1,D,S Hooper,17,4,8,1,9,12,7,1,1,1,0,0
01/04/2023,Arsenal,Leeds,4,1,H,1,0,H,D England,13,7,6,5,11,13,4,3,0,2,0,0
01/04/2023,Bournemouth,Fulham,2,1,H,0,1,A,P Bankes,12,10,7,2,15,13,4,3,1,4,0,0
01/04/2023,Brighton,Brentford,3,3,D,2,2,D,M Oliver,33,7,15,5,16,10,14,0,2,1,0,0
01/04/2023,Crystal Palace,Leicester,2,1,H,0,0,D,T Robinson,31,3,9,2,12,16,10,1,3,4,0,0
01/04/2023,Nott'm Forest,Wolves,1,1,D,1,0,H,C Kavanagh,17,8,7,1,14,13,4,3,3,5,0,0
01/04/2023,Chelsea,Aston Villa,0,2,A,0,1,A,A Madley,27,5,8,2,14,16,13,2,3,3,0,0
02/04/2023,Bologna,Udinese,3,0,H,2,0,H,,11,15,4,5,17,10,2,7,1,1,0,0
02/04/2023,Monza,Lazio,0,2,A,0,1,A,,11,8,3,4,13,8,8,3,5,2,0,0
02/04/2023,Spezia,Salernitana,1,1,D,0,1,A,,14,12,3,2,12,12,9,5,0,1,0,0
02/04/2023,Roma,Sampdoria,3,0,H,0,0,D,,28,6,11,3,11,13,10,3,3,5,0,1
02/04/2023,Napoli,Milan,0,4,A,0,2,A,,20,14,4,8,11,9,10,4,1,2,0,0
02/04/2023,FC Koln,M'gladbach,0,0,D,0,0,D,,12,8,5,2,18,8,11,1,3,3,0,0
02/04/2023,Werder Bremen,Hoffenheim,1,2,A,0,0,D,,12,8,5,2,11,16,1,6,3,4,0,0
02/04/2023,Celta,Almeria,2,2,D,2,2,D,,21,8,5,3,13,12,4,1,3,5,0,0
02/04/2023,Real Madrid,Valladolid,6,0,H,4,0,H,,30,12,17,2,17,11,9,1,0,1,0,0
02/04/2023,Villarreal,Sociedad,2,0,H,0,0,D,,16,16,4,3,12,19,4,4,5,3,1,0
02/04/2023,Ath Madrid,Betis,1,0,H,0,0,D,,13,6,7,2,20,11,5,1,1,2,0,0
02/04/2023,Lille,Lorient,3,1,H,1,0,H,,20,2,7,1,14,9,5,1,3,3,0,1
02/04/2023,Angers,Nice,1,1,D,1,1,D,,13,12,6,3,8,11,5,2,1,1,0,0
02/04/2023,Brest,Toulouse,3,1,H,1,1,D,,17,8,7,3,16,12,4,2,2,5,0,1
02/04/2023,Clermont,Ajaccio,2,1,H,0,1,A,,14,3,6,2,15,22,5,1,2,5,0,1
02/04/2023,Nantes,Reims,0,3,A,0,2,A,,12,14,6,9,10,13,3,4,1,2,0,0
02/04/2023,Monaco,Strasbourg,4,3,H,1,2,A,,9,13,7,6,15,17,3,3,3,1,1,0
02/04/2023,Paris SG,Lyon,0,1,A,0,0,D,,16,10,5,3,10,16,7,1,3,3,0,0
02/04/2023,West Ham,Southampton,1,0,H,1,0,H,P Tierney,12,9,2,3,10,11,5,3,0,2,0,0
02/04/2023,Newcastle,Man United,2,0,H,0,0,D,S Attwell,22,6,6,1,8,12,7,4,0,0,0,0
03/04/2023,Empoli,Lecce,1,0,H,0,0,D,,14,5,7,0,10,15,3,4,3,2,1,0
03/04/2023,Sassuolo,Torino,1,1,D,1,0,H,,12,16,4,2,12,9,6,7,1,1,0,0
03/04/2023,Valencia,Vallecano,1,1,D,0,1,A,,18,7,4,2,15,16,13,3,2,3,0,0
03/04/2023,Everton,Tottenham,1,1,D,0,0,D,D Coote,15,8,6,2,10,14,3,3,0,3,1,1
04/04/2023,Bournemouth,Brighton,0,2,A,0,1,A,D Bond,14,16,3,6,11,5,5,5,1,1,0,0
04/04/2023,Leeds,Nott'm Forest,2,1,H,2,1,H,R Jones,21,13,6,1,11,13,11,4,1,4,0,0
04/04/2023,Leicester,Aston Villa,1,2,A,1,1,D,G Scott,9,15,4,5,10,14,4,8,2,0,1,0
04/04/2023,Chelsea,Liverpool,0,0,D,0,0,D,A Taylor,12,7,3,4,6,17,3,5,1,4,0,0
05/04/2023,Man United,Brentford,1,0,H,1,0,H,J Brooks,18,6,3,1,8,13,12,3,3,2,0,0
05/04/2023,West Ham,Newcastle,1,5,A,1,2,A,C Pawson,7,15,2,8,11,12,7,6,2,1,0,0
07/04/2023,Salernitana,Inter,1,1,D,0,1,A,,11,25,3,11,14,10,2,8,2,2,0,0
07/04/2023,Lecce,Napoli,1,2,A,0,1,A,,11,9,3,3,12,9,5,4,2,1,0,0
07/04/2023,Milan,Empoli,0,0,D,0,0,D,,23,2,4,1,11,8,9,0,2,2,0,0
07/04/2023,Sevilla,Celta,2,2,D,1,0,H,,7,9,2,4,11,9,8,3,6,2,2,0
07/04/2023,Lens,Strasbourg,2,1,H,1,0,H,,13,13,9,3,19,19,5,1,1,5,0,1
08/04/2023,Udinese,Monza,2,2,D,1,0,H,,14,12,5,5,12,21,4,2,1,3,0,0
08/04/2023,Fiorentina,Spezia,1,1,D,1,1,D,,19,4,4,3,12,29,8,4,0,7,0,0
08/04/2023,Atalanta,Bologna,0,2,A,0,0,D,,15,13,6,6,6,5,6,0,3,2,0,0
08/04/2023,Sampdoria,Cremonese,2,3,A,1,1,D,,13,17,9,4,14,15,3,3,2,3,0,0
08/04/2023,Torino,Roma,0,1,A,0,1,A,,7,9,1,1,10,6,7,4,3,1,0,0
08/04/2023,Verona,Sassuolo,2,1,H,0,1,A,,11,17,3,5,12,14,4,10,3,4,0,0
08/04/2023,Lazio,Juventus,2,1,H,1,1,D,,9,11,4,4,11,15,6,6,2,5,0,0
08/04/2023,Augsburg,FC Koln,1,3,A,1,2,A,,13,11,1,5,5,11,6,1,3,4,0,0
08/04/2023,Dortmund,Union Berlin,2,1,H,1,0,H,,14,7,6,2,8,11,8,0,5,2,0,0
08/04/2023,Freiburg,Bayern Munich,0,1,A,0,0,D,,10,23,2,8,10,14,2,6,2,2,0,0
08/04/2023,Leverkusen,Ein Frankfurt,3,1,H,2,0,H,,13,9,8,3,9,13,2,5,1,5,0,0
08/04/2023,Mainz,Werder Bremen,2,2,D,0,0,D,,16,9,10,4,11,22,1,2,1,5,0,0
08/04/2023,Hertha,RB Leipzig,0,1,A,0,1,A,,11,18,1,6,12,13,4,4,4,3,0,0
08/04/2023,Osasuna,Elche,2,1,H,0,1,A,,22,7,6,1,15,7,9,2,1,3,0,0
08/04/2023,Espanol,Ath Bilbao,1,2,A,0,1,A,,9,12,2,7,14,18,8,7,6,4,1,0
08/04/2023,Sociedad,Getafe,2,0,H,1,0,H,,11,6,6,4,11,9,3,2,2,1,0,0
08/04/2023,Real Madrid,Villarreal,2,3,A,1,1,D,,18,17,4,8,8,19,6,7,0,3,0,0
08/04/2023,Angers,Lille,1,0,H,0,0,D,,7,15,5,5,18,18,3,6,2,3,0,0
08/04/2023,Nice,Paris SG,0,2,A,0,1,A,,21,13,7,4,8,2,10,5,1,0,0,0
08/04/2023,Man United,Everton,2,0,H,1,0,H,M Oliver,29,15,11,1,10,9,10,4,0,0,0,0
08/04/2023,Aston Villa,Nott'm Forest,2,0,H,0,0,D,A Taylor,8,6,3,2,7,17,1,8,3,4,0,0
08/04/2023,Brentford,Newcastle,1,2,A,1,0,H,C Kavanagh,12,10,6,4,10,15,6,5,0,0,0,0
08/04/2023,Fulham,West Ham,0,1,A,0,1,A,J Gillett,16,9,3,5,10,12,11,4,1,1,0,0
08/04/2023,Leicester,Bournemouth,0,1,A,0,1,A,D Coote,14,19,4,7,10,13,6,6,0,3,0,0
08/04/2023,Tottenham,Brighton,2,1,H,1,1,D,S Attwell,9,17,3,4,15,15,3,7,3,1,0,0
08/04/2023,Wolves,Chelsea,1,0,H,1,0,H,P Bankes,9,13,4,1,14,10,8,8,2,5,0,0
08/04/2023,Southampton,Man City,1,4,A,0,1,A,R Jones,4,13,1,8,6,10,0,10,0,2,0,0
09/04/2023,M'gladbach,Wolfsburg,2,0,H,1,0,H,,13,9,6,2,12,11,5,8,0,1,0,0
09/04/2023,Bochum,Stuttgart,2,3,A,0,1,A,,11,14,5,7,12,8,7,4,3,3,0,0
09/04/2023,Hoffenheim,Schalke 04,2,0,H,1,0,H,,15,10,4,3,14,13,9,8,3,0,0,0
09/04/2023,Valladolid,Mallorca,3,3,D,1,0,H,,10,14,6,6,13,20,1,2,3,5,0,0
09/04/2023,Betis,Cadiz,0,2,A,0,0,D,,9,15,3,4,18,16,5,6,3,3,2,0
09/04/2023,Almeria,Valencia,2,1,H,0,0,D,,10,11,4,4,11,11,3,7,3,2,0,0
09/04/2023,Vallecano,Ath Madrid,1,2,A,0,2,A,,15,14,3,4,8,7,8,2,0,0,1,0
09/04/2023,Lyon,Rennes,3,1,H,0,1,A,,11,11,3,3,14,17,7,2,2,2,0,0
09/04/2023,Ajaccio,Auxerre,0,3,A,0,3,A,,9,11,2,4,13,15,7,5,1,3,0,0
09/04/2023,Montpellier,Toulouse,1,2,A,0,1,A,,16,15,8,8,16,19,4,3,0,2,0,0
09/04/2023,Reims,Brest,1,1,D,0,1,A,,22,12,7,5,9,13,6,3,0,1,0,0
09/04/2023,Troyes,Clermont,0,2,A,0,2,A,,9,12,3,4,18,9,3,2,3,2,0,0
09/04/2023,Nantes,Monaco,2,2,D,0,2,A,,9,16,2,10,13,11,6,8,3,1,0,0
09/04/2023,Lorient,Marseille,0,0,D,0,0,D,,9,13,5,2,10,18,3,6,0,2,0,0
09/04/2023,Leeds,Crystal Palace,1,5,A,1,1,D,S Hooper,11,16,7,8,11,8,2,4,3,1,0,0
09/04/2023,Liverpool,Arsenal,2,2,D,1,2,A,P Tierney,21,9,6,5,11,11,5,4,4,4,0,0
10/04/2023,Barcelona,Girona,0,0,D,0,0,D,,18,5,3,0,14,14,12,2,0,2,0,0
14/04/2023,Cremonese,Empoli,1,0,H,1,0,H,,14,15,5,1,11,9,3,8,1,0,0,0
14/04/2023,Spezia,Lazio,0,3,A,0,1,A,,6,13,2,7,12,7,2,3,3,4,1,0
14/04/2023,Schalke 04,Hertha,5,2,H,2,1,H,,14,11,7,5,12,19,7,8,2,3,0,0
14/04/2023,Vallecano,Osasuna,2,1,H,2,0,H,,12,8,3,4,18,16,2,3,2,3,0,0
14/04/2023,Toulouse,Lyon,1,2,A,1,1,D,,13,14,6,3,14,10,8,5,1,4,0,0
15/04/2023,Bologna,Milan,1,1,D,1,1,D,,6,19,2,5,12,17,2,6,3,4,0,0
15/04/2023,Napoli,Verona,0,0,D,0,0,D,,9,5,1,2,11,16,4,0,1,4,0,0
15/04/2023,Inter,Monza,0,1,A,0,0,D,,25,7,6,2,13,4,5,2,2,2,0,0
15/04/2023,Bayern Munich,Hoffenheim,1,1,D,1,0,H,,22,4,7,3,7,10,13,4,2,1,0,0
15/04/2023,FC Koln,Mainz,1,1,D,0,1,A,,12,5,4,1,10,15,3,3,3,2,0,0
15/04/2023,RB Leipzig,Augsburg,3,2,H,3,1,H,,13,14,6,3,8,11,3,5,2,3,0,0
15/04/2023,Stuttgart,Dortmund,3,3,D,0,2,A,,12,15,5,6,7,14,5,7,5,3,1,0
15/04/2023,Ein Frankfurt,M'gladbach,1,1,D,0,1,A,,16,4,5,2,16,5,10,2,1,2,0,0
15/04/2023,Villarreal,Valladolid,1,2,A,0,2,A,,22,14,7,7,9,18,8,5,1,6,0,0
15/04/2023,Ath Bilbao,Sociedad,2,0,H,1,0,H,,13,13,5,4,16,14,5,2,5,2,0,0
15/04/2023,Betis,Espanol,3,1,H,2,0,H,,15,13,8,4,9,13,4,13,2,2,0,0
15/04/2023,Cadiz,Real Madrid,0,2,A,0,0,D,,12,35,3,11,12,7,2,9,1,0,0,0
15/04/2023,Rennes,Reims,3,0,H,2,0,H,,23,5,8,1,12,14,6,4,1,2,0,0
15/04/2023,Paris SG,Lens,3,1,H,3,0,H,,15,14,7,7,12,8,3,10,0,0,0,1
15/04/2023,Aston Villa,Newcastle,3,0,H,1,0,H,J Brooks,16,8,6,2,13,15,7,2,1,1,0,0
15/04/2023,Chelsea,Brighton,1,2,A,1,1,D,R Jones,8,26,2,10,11,11,2,8,2,2,0,0
15/04/2023,Everton,Fulham,1,3,A,1,1,D,A Taylor,15,21,7,7,10,6,4,8,3,2,0,0
15/04/2023,Southampton,Crystal Palace,0,2,A,0,0,D,M Oliver,11,9,4,2,6,13,6,2,3,1,0,0
15/04/2023,Tottenham,Bournemouth,2,3,A,1,1,D,A Madley,24,6,8,6,8,9,8,1,1,2,0,0
15/04/2023,Wolves,Brentford,2,0,H,1,0,H,P Tierney,11,10,9,3,12,8,5,2,1,1,0,0
15/04/2023,Man City,Leicester,3,1,H,3,0,H,D England,12,10,4,4,8,8,6,2,1,1,0,0
16/04/2023,Lecce,Sampdoria,1,1,D,1,0,H,,30,8,11,2,16,12,11,8,1,4,0,0
16/04/2023,Torino,Salernitana,1,1,D,0,1,A,,16,8,5,1,14,14,4,2,0,1,0,0
16/04/2023,Sassuolo,Juventus,1,0,H,0,0,D,,11,13,4,3,10,5,10,13,0,1,0,0
16/04/2023,Roma,Udinese,3,0,H,1,0,H,,12,10,7,2,18,11,6,2,1,4,0,0
16/04/2023,Werder Bremen,Freiburg,1,2,A,0,0,D,,13,6,5,3,13,12,5,2,2,3,0,0
16/04/2023,Union Berlin,Bochum,1,1,D,1,0,H,,10,14,2,8,10,7,5,7,2,1,1,0
16/04/2023,Wolfsburg,Leverkusen,0,0,D,0,0,D,,11,13,3,4,10,17,2,6,0,5,0,0
16/04/2023,Girona,Elche,2,0,H,1,0,H,,14,13,4,5,9,14,3,4,3,3,0,1
16/04/2023,Getafe,Barcelona,0,0,D,0,0,D,,5,15,1,3,13,12,1,5,2,1,0,0
16/04/2023,Ath Madrid,Almeria,2,1,H,2,1,H,,19,2,7,0,7,8,9,2,3,3,0,0
16/04/2023,Valencia,Sevilla,0,2,A,0,0,D,,13,6,3,3,10,17,6,2,1,4,1,0
16/04/2023,Lille,Montpellier,2,1,H,0,1,A,,17,4,7,1,15,19,8,4,1,3,0,0
16/04/2023,Auxerre,Nantes,2,1,H,2,0,H,,13,17,7,7,14,8,3,6,2,2,0,0
16/04/2023,Brest,Nice,1,0,H,1,0,H,,14,12,3,6,15,14,3,5,1,3,0,0
16/04/2023,Clermont,Angers,2,1,H,2,1,H,,12,7,5,4,12,15,6,6,1,3,2,0
16/04/2023,Strasbourg,Ajaccio,3,1,H,1,0,H,,12,8,6,1,14,19,5,0,2,5,0,0
16/04/2023,Monaco,Lorient,3,1,H,2,0,H,,11,7,7,4,18,10,5,3,0,1,0,0
16/04/2023,Marseille,Troyes,3,1,H,2,0,H,,28,4,6,2,13,8,8,1,0,2,0,0
16/04/2023,West Ham,Arsenal,2,2,D,1,2,A,D Coote,16,11,3,5,11,8,7,2,1,2,0,0
16/04/2023,Nott'm Forest,Man United,0,2,A,0,1,A,S Hooper,6,22,0,8,9,9,4,9,2,2,0,0
17/04/2023,Fiorentina,Atalanta,1,1,D,0,1,A,,18,6,7,1,8,20,5,1,1,3,0,0
17/04/2023,Celta,Mallorca,0,1,A,0,1,A,,12,8,3,2,10,19,7,5,2,1,1,0
17/04/2023,Leeds,Liverpool,1,6,A,0,2,A,C Pawson,13,13,3,7,6,12,4,2,0,1,0,0
21/04/2023,Verona,Bologna,2,1,H,1,0,H,,9,17,5,7,11,11,4,2,2,4,0,0
21/04/2023,Augsburg,Stuttgart,1,1,D,1,0,H,,4,6,1,3,17,12,1,3,5,3,0,0
21/04/2023,Espanol,Cadiz,0,0,D,0,0,D,,14,11,5,2,8,22,6,3,4,2,0,0
21/04/2023,Angers,Paris SG,1,2,A,0,2,A,,16,10,4,4,6,8,5,8,0,0,0,0
21/04/2023,Arsenal,Southampton,3,3,D,1,2,A,S Hooper,25,8,6,6,10,14,7,2,1,5,0,0
22/04/2023,Salernitana,Sassuolo,3,0,H,2,0,H,,13,11,5,2,11,15,4,8,1,2,0,0
22/04/2023,Lazio,Torino,0,1,A,0,1,A,,10,7,5,3,13,13,3,4,2,4,0,0
22/04/2023,Sampdoria,Spezia,1,1,D,1,0,H,,13,19,3,7,9,11,9,9,1,1,0,0
22/04/2023,Bochum,Wolfsburg,1,5,A,0,3,A,,23,15,6,7,11,8,10,3,3,3,0,0
22/04/2023,Hertha,Werder Bremen,2,4,A,0,2,A,,13,11,5,4,11,12,8,4,2,2,0,0
22/04/2023,Hoffenheim,FC Koln,1,3,A,0,2,A,,11,14,4,7,11,11,2,5,1,2,0,0
22/04/2023,Mainz,Bayern Munich,3,1,H,0,1,A,,13,11,4,2,14,6,2,7,2,0,0,0
22/04/2023,Dortmund,Ein Frankfurt,4,0,H,3,0,H,,14,9,7,2,10,13,5,2,2,3,0,0
22/04/2023,Osasuna,Betis,3,2,H,3,1,H,,10,21,5,6,20,13,5,13,2,0,0,0
22/04/2023,Almeria,Ath Bilbao,1,2,A,0,1,A,,12,14,4,3,8,20,3,4,2,4,0,0
22/04/2023,Sociedad,Vallecano,2,1,H,0,0,D,,7,7,1,2,18,19,3,3,1,2,0,0
22/04/2023,Valladolid,Girona,1,0,H,1,0,H,,15,12,6,6,14,9,5,7,1,1,0,0
22/04/2023,Real Madrid,Celta,2,0,H,1,0,H,,17,12,5,2,10,10,8,3,1,2,0,0
22/04/2023,Auxerre,Lille,1,1,D,0,1,A,,8,14,4,6,12,12,4,4,0,1,0,0
22/04/2023,Lens,Monaco,3,0,H,2,0,H,,21,11,8,4,8,14,2,4,0,2,0,0
22/04/2023,Fulham,Leeds,2,1,H,0,0,D,P Bankes,12,10,5,2,10,15,8,6,1,4,0,0
22/04/2023,Brentford,Aston Villa,1,1,D,0,0,D,M Salisbury,6,14,5,2,12,8,8,4,3,2,0,0
22/04/2023,Crystal Palace,Everton,0,0,D,0,0,D,J Brooks,12,10,2,5,12,14,8,1,1,1,0,1
22/04/2023,Leicester,Wolves,2,1,H,1,1,D,A Madley,15,16,8,3,17,16,1,7,1,3,0,0
22/04/2023,Liverpool,Nott'm Forest,3,2,H,0,0,D,M Oliver,18,11,6,5,9,12,9,3,0,1,0,0
23/04/2023,Empoli,Inter,0,3,A,0,0,D,,11,16,3,4,6,13,5,4,1,1,0,0
23/04/2023,Monza,Fiorentina,3,2,H,2,2,D,,13,10,5,5,18,15,5,3,3,3,0,0
23/04/2023,Udinese,Cremonese,3,0,H,3,0,H,,17,12,9,2,13,11,3,8,2,3,0,0
23/04/2023,Milan,Lecce,2,0,H,1,0,H,,8,9,5,4,6,10,4,2,1,0,0,0
23/04/2023,Juventus,Napoli,0,1,A,0,0,D,,7,17,4,6,15,11,3,6,4,1,0,0
23/04/2023,Freiburg,Schalke 04,4,0,H,2,0,H,,25,10,12,4,9,10,6,5,1,2,0,0
23/04/2023,Leverkusen,RB Leipzig,2,0,H,1,0,H,,8,26,6,8,10,9,0,9,3,5,0,1
23/04/2023,M'gladbach,Union Berlin,0,1,A,0,0,D,,8,14,4,4,10,12,2,2,3,2,0,0
23/04/2023,Elche,Valencia,0,2,A,0,2,A,,7,5,1,3,12,6,11,6,3,1,0,0
23/04/2023,Barcelona,Ath Madrid,1,0,H,1,0,H,,13,13,4,3,15,16,3,3,4,7,0,0
23/04/2023,Mallorca,Getafe,3,1,H,0,1,A,,8,3,4,1,15,18,2,2,2,3,0,0
23/04/2023,Sevilla,Villarreal,2,1,H,1,0,H,,17,17,4,5,12,10,5,3,1,2,0,0
23/04/2023,Reims,Strasbourg,0,2,A,0,2,A,,15,9,5,3,11,12,6,4,2,1,0,0
23/04/2023,Ajaccio,Brest,0,0,D,0,0,D,,3,10,2,2,11,20,4,4,2,2,1,0
23/04/2023,Lorient,Toulouse,0,1,A,0,0,D,,9,13,1,4,13,12,2,7,3,2,0,0
23/04/2023,Nantes,Troyes,2,2,D,1,0,H,,19,9,9,4,12,10,13,4,1,0,0,0
23/04/2023,Nice,Clermont,1,2,A,1,1,D,,15,9,5,3,19,9,6,2,1,2,0,0
23/04/2023,Montpellier,Rennes,1,0,H,0,0,D,,11,16,2,4,11,13,4,4,3,2,1,0
23/04/2023,Lyon,Marseille,1,2,A,0,1,A,,7,14,2,7,11,18,5,3,2,1,0,0
23/04/2023,Bournemouth,West Ham,0,4,A,0,3,A,A Taylor,17,18,5,10,7,8,8,5,1,2,0,0
23/04/2023,Newcastle,Tottenham,6,1,H,5,0,H,D Coote,25,11,8,3,7,13,9,3,0,3,0,0
24/04/2023,Atalanta,Roma,3,1,H,1,0,H,,7,14,4,1,15,11,3,4,3,1,0,0
25/04/2023,Cadiz,Osasuna,0,1,A,0,0,D,,20,6,4,4,8,15,11,2,0,1,0,1
25/04/2023,Girona,Real Madrid,4,2,H,2,1,H,,13,18,5,3,7,6,3,8,1,2,0,0
25/04/2023,Betis,Sociedad,0,0,D,0,0,D,,10,10,1,3,13,23,2,4,1,3,0,0
25/04/2023,Wolves,Crystal Palace,2,0,H,1,0,H,R Jones,9,14,3,4,13,14,6,11,5,4,0,0
25/04/2023,Aston Villa,Fulham,1,0,H,1,0,H,T Bramall,14,1,3,0,6,18,8,2,3,2,0,0
25/04/2023,Leeds,Leicester,1,1,D,1,0,H,P Tierney,13,15,3,3,14,15,3,6,4,2,0,0
26/04/2023,Ath Madrid,Mallorca,3,1,H,1,1,D,,24,6,9,2,10,9,5,8,0,0,0,0
26/04/2023,Getafe,Almeria,1,2,A,0,1,A,,21,23,9,11,15,9,4,6,2,2,1,0
26/04/2023,Celta,Elche,1,0,H,0,0,D,,17,16,9,1,9,12,10,6,0,0,0,0
26/04/2023,Vallecano,Barcelona,2,1,H,1,0,H,,9,10,6,5,10,14,3,9,1,4,0,0
26/04/2023,Nott'm Forest,Brighton,3,1,H,1,1,D,J Gillett,12,17,5,7,7,8,2,7,2,0,0,0
26/04/2023,Chelsea,Brentford,0,2,A,0,1,A,A Madley,15,7,4,1,5,13,5,2,1,2,0,0
26/04/2023,West Ham,Liverpool,1,2,A,1,1,D,C Kavanagh,7,20,2,4,6,8,3,6,0,0,0,0
26/04/2023,Man City,Arsenal,4,1,H,2,0,H,M Oliver,14,8,9,2,13,13,1,3,3,1,0,0
27/04/2023,Valencia,Valladolid,2,1,H,0,1,A,,18,8,5,2,16,17,6,2,0,4,0,0
27/04/2023,Villarreal,Espanol,4,2,H,0,1,A,,31,13,13,4,14,10,9,2,2,4,0,1
27/04/2023,Ath Bilbao,Sevilla,0,1,A,0,0,D,,7,4,2,1,7,11,8,2,3,3,0,0
27/04/2023,Everton,Newcastle,1,4,A,0,1,A,A Marriner,13,15,5,8,8,6,3,14,2,1,0,0
27/04/2023,Southampton,Bournemouth,0,1,A,0,0,D,D England,11,16,2,2,9,11,6,4,0,3,0,0
27/04/2023,Tottenham,Man United,2,2,D,0,2,A,A Taylor,18,17,7,8,8,7,6,8,1,2,0,0
28/04/2023,Lecce,Udinese,1,0,H,0,0,D,,15,10,3,3,21,12,7,4,4,2,0,0
28/04/2023,Spezia,Monza,0,2,A,0,1,A,,12,8,4,4,10,16,3,3,1,2,0,0
28/04/2023,Bochum,Dortmund,1,1,D,1,1,D,,10,21,4,6,13,9,4,11,1,2,0,0
28/04/2023,Osasuna,Sociedad,0,2,A,0,1,A,,13,12,1,8,12,15,4,2,3,1,0,0
28/04/2023,Strasbourg,Lyon,1,2,A,1,2,A,,11,7,3,4,13,24,5,4,2,4,0,1
29/04/2023,Roma,Milan,1,1,D,0,0,D,,11,11,1,1,9,6,1,5,3,2,0,0
29/04/2023,Torino,Atalanta,1,2,A,0,1,A,,4,9,4,5,6,10,3,3,1,1,0,0
29/04/2023,Ein Frankfurt,Augsburg,1,1,D,1,0,H,,7,9,1,3,6,11,5,7,2,2,0,0
29/04/2023,FC Koln,Freiburg,0,1,A,0,0,D,,21,12,8,6,15,7,9,6,1,1,0,0
29/04/2023,RB Leipzig,Hoffenheim,1,0,H,1,0,H,,16,5,2,2,9,14,7,1,0,2,0,0
29/04/2023,Stuttgart,M'gladbach,2,1,H,1,0,H,,18,9,5,4,11,14,5,8,2,2,0,1
29/04/2023,Union Berlin,Leverkusen,0,0,D,0,0,D,,7,8,1,2,9,8,6,4,1,1,0,0
29/04/2023,Schalke 04,Werder Bremen,2,1,H,0,1,A,,21,11,10,1,9,17,11,3,4,3,0,0
29/04/2023,Elche,Vallecano,4,0,H,1,0,H,,18,14,9,3,13,16,3,8,1,2,0,1
29/04/2023,Real Madrid,Almeria,4,2,H,3,1,H,,15,9,12,3,12,16,7,0,2,2,0,0
29/04/2023,Barcelona,Betis,4,0,H,3,0,H,,15,4,8,1,10,9,10,0,0,2,0,1
29/04/2023,Lille,Ajaccio,3,0,H,3,0,H,,10,2,5,0,10,13,9,0,1,2,0,0
29/04/2023,Crystal Palace,West Ham,4,3,H,3,2,H,C Pawson,16,8,6,4,9,17,8,5,1,2,0,0
29/04/2023,Brentford,Nott'm Forest,2,1,H,0,1,A,P Bankes,14,5,8,3,6,13,6,0,1,2,0,0
29/04/2023,Brighton,Wolves,6,0,H,4,0,H,D Coote,22,10,8,2,14,11,2,5,1,1,0,0
30/04/2023,Inter,Lazio,3,1,H,0,1,A,,25,9,9,5,13,14,2,3,2,3,0,0
30/04/2023,Cremonese,Verona,1,1,D,1,0,H,,12,14,5,6,10,16,3,5,0,0,1,0
30/04/2023,Napoli,Salernitana,1,1,D,0,0,D,,24,5,8,2,13,11,10,0,2,2,0,0
30/04/2023,Sassuolo,Empoli,2,1,H,0,1,A,,13,7,4,1,12,10,7,5,2,1,1,0
30/04/2023,Fiorentina,Sampdoria,5,0,H,1,0,H,,23,4,10,1,14,9,11,0,2,1,0,0
30/04/2023,Bologna,Juventus,1,1,D,1,0,H,,16,14,6,5,12,9,4,5,2,2,0,0
30/04/2023,Bayern Munich,Hertha,2,0,H,0,0,D,,25,2,9,1,5,8,18,1,2,0,0,0
30/04/2023,Wolfsburg,Mainz,3,0,H,3,0,H,,10,10,4,2,6,10,3,5,1,3,0,0
30/04/2023,Cadiz,Valencia,2,1,H,1,0,H,,8,16,4,4,14,10,5,6,6,2,0,0
30/04/2023,Villarreal,Celta,3,1,H,2,1,H,,9,14,3,5,12,11,4,9,1,4,0,0
30/04/2023,Espanol,Getafe,1,0,H,1,0,H,,17,7,8,2,12,23,6,3,3,5,0,0
30/04/2023,Valladolid,Ath Madrid,2,5,A,1,3,A,,19,9,6,6,14,8,9,1,2,1,0,0
30/04/2023,Monaco,Montpellier,0,4,A,0,1,A,,7,19,4,9,11,12,3,11,2,1,0,0
30/04/2023,Clermont,Reims,1,0,H,1,0,H,,6,13,2,2,8,12,5,6,0,2,1,0
30/04/2023,Rennes,Angers,4,2,H,2,2,D,,13,4,4,2,14,11,7,5,1,2,0,0
30/04/2023,Troyes,Nice,0,1,A,0,1,A,,9,29,6,13,7,10,3,14,0,2,0,0
30/04/2023,Paris SG,Lorient,1,3,A,1,2,A,,13,14,4,7,15,17,2,3,4,3,1,0
30/04/2023,Marseille,Auxerre,2,1,H,0,1,A,,26,11,4,3,7,6,12,1,1,0,0,0
30/04/2023,Bournemouth,Leeds,4,1,H,2,1,H,C Kavanagh,12,15,7,6,12,14,2,6,1,0,0,0
30/04/2023,Fulham,Man City,1,2,A,1,2,A,S Hooper,4,12,1,9,9,10,2,5,1,3,0,0
30/04/2023,Man United,Aston Villa,1,0,H,1,0,H,J Gillett,14,7,6,1,16,7,1,4,2,0,0,0
30/04/2023,Newcastle,Southampton,3,1,H,0,1,A,A Taylor,22,4,5,3,7,10,11,2,1,4,0,0
30/04/2023,Liverpool,Tottenham,4,3,H,3,1,H,P Tierney,12,10,4,7,12,6,5,2,3,2,0,0
01/05/2023,Mallorca,Ath Bilbao,1,1,D,0,0,D,,9,16,2,6,17,9,5,7,4,2,0,0
01/05/2023,Sevilla,Girona,0,2,A,0,1,A,,23,9,5,3,14,11,6,1,1,1,0,0
01/05/2023,Leicester,Everton,2,2,D,2,1,H,M Oliver,15,23,6,8,10,12,2,9,4,1,0,0
02/05/2023,Almeria,Elche,2,1,H,1,0,H,,10,14,4,1,8,9,7,13,2,2,0,0
02/05/2023,Barcelona,Osasuna,1,0,H,0,0,D,,21,7,4,2,7,10,11,0,0,0,0,1
02/05/2023,Sociedad,Real Madrid,2,0,H,0,0,D,,9,10,4,5,17,9,2,6,1,5,0,1
02/05/2023,Toulouse,Lens,0,1,A,0,1,A,,9,11,2,3,5,7,5,0,1,2,0,0
02/05/2023,Arsenal,Chelsea,3,1,H,3,0,H,R Jones,16,7,10,4,10,10,7,2,0,2,0,0
03/05/2023,Atalanta,Spezia,3,2,H,1,1,D,,14,9,6,4,8,10,12,3,0,3,0,0
03/05/2023,Juventus,Lecce,2,1,H,2,1,H,,16,14,4,5,11,10,6,7,2,2,0,0
03/05/2023,Salernitana,Fiorentina,3,3,D,1,1,D,,4,12,3,3,18,15,2,3,3,5,0,0
03/05/2023,Sampdoria,Torino,0,2,A,0,1,A,,7,12,0,4,13,11,2,3,3,2,1,0
03/05/2023,Lazio,Sassuolo,2,0,H,1,0,H,,13,13,5,2,13,13,1,2,3,5,0,0
03/05/2023,Milan,Cremonese,1,1,D,0,0,D,,18,6,5,2,12,12,10,0,0,3,0,1
03/05/2023,Monza,Roma,1,1,D,1,1,D,,8,14,4,8,13,15,4,3,3,4,0,1
03/05/2023,Verona,Inter,0,6,A,0,3,A,,7,20,2,10,4,11,2,7,0,0,0,0
03/05/2023,Valencia,Villarreal,1,1,D,0,0,D,,8,11,1,4,14,13,6,6,4,2,0,0
03/05/2023,Ath Madrid,Cadiz,5,1,H,2,0,H,,18,2,8,1,12,9,5,2,3,2,0,0
03/05/2023,Getafe,Celta,1,0,H,1,0,H,,14,7,4,1,21,14,1,5,7,5,0,1
03/05/2023,Brest,Nantes,2,0,H,2,0,H,,8,13,4,5,7,15,2,4,0,1,0,0
03/05/2023,Liverpool,Fulham,1,0,H,1,0,H,S Attwell,15,9,3,3,10,8,7,5,0,0,0,0
03/05/2023,Man City,West Ham,3,0,H,0,0,D,J Brooks,16,6,7,2,8,8,6,3,0,1,0,0
04/05/2023,Empoli,Bologna,3,1,H,2,0,H,,13,18,3,3,15,16,2,5,3,0,0,0
04/05/2023,Udinese,Napoli,1,1,D,1,0,H,,7,7,3,4,15,13,2,6,1,0,0,0
04/05/2023,Girona,Mallorca,2,1,H,1,0,H,,17,8,7,2,9,13,9,5,4,0,0,0
04/05/2023,Sevilla,Espanol,3,2,H,1,2,A,,18,7,6,3,15,11,9,0,1,2,0,0
04/05/2023,Ath Bilbao,Betis,0,1,A,0,1,A,,21,12,6,2,13,7,13,2,1,3,1,0
04/05/2023,Vallecano,Valladolid,2,1,H,0,0,D,,16,7,6,4,18,15,3,4,0,0,0,0
04/05/2023,Brighton,Man United,1,0,H,0,0,D,A Marriner,22,16,6,5,10,14,8,6,4,4,0,0
05/05/2023,Leverkusen,FC Koln,1,2,A,1,2,A,,14,7,4,5,8,13,9,2,1,6,0,0
05/05/2023,Mainz,Schalke 04,2,3,A,0,1,A,,9,15,4,10,12,10,7,6,4,1,0,0
06/05/2023,Milan,Lazio,2,0,H,2,0,H,,10,8,3,0,10,8,6,4,2,4,0,0
06/05/2023,Roma,Inter,0,2,A,0,1,A,,15,10,3,4,8,12,12,5,3,2,0,0
06/05/2023,Cremonese,Spezia,2,0,H,1,0,H,,9,18,4,8,9,6,3,13,0,2,0,0
06/05/2023,Augsburg,Union Berlin,1,0,H,0,0,D,,11,12,3,4,10,14,3,7,2,2,0,0
06/05/2023,Freiburg,RB Leipzig,0,1,A,0,0,D,,5,13,2,6,9,11,3,3,2,4,0,0
06/05/2023,Hertha,Stuttgart,2,1,H,2,1,H,,7,16,3,4,9,19,3,5,4,1,0,0
06/05/2023,Hoffenheim,Ein Frankfurt,3,1,H,3,0,H,,8,19,5,6,17,14,1,11,2,4,1,0
06/05/2023,M'gladbach,Bochum,2,0,H,1,0,H,,25,14,9,3,7,13,11,3,2,1,0,0
06/05/2023,Werder Bremen,Bayern Munich,1,2,A,0,0,D,,12,12,2,4,14,11,1,11,2,1,0,0
06/05/2023,Nice,Rennes,2,1,H,0,0,D,,11,14,4,4,11,11,4,7,0,1,0,0
06/05/2023,Reims,Lille,1,0,H,1,0,H,,14,11,4,5,17,10,4,7,2,3,0,0
06/05/2023,Lens,Marseille,2,1,H,1,0,H,,9,14,3,3,12,16,7,7,5,2,0,0
06/05/2023,Bournemouth,Chelsea,1,3,A,1,1,D,J Brooks,10,11,4,5,9,11,7,7,1,3,0,0
06/05/2023,Man City,Leeds,2,1,H,2,0,H,A Madley,18,4,6,2,3,16,10,1,0,3,0,0
06/05/2023,Tottenham,Crystal Palace,1,0,H,1,0,H,D England,8,7,3,2,15,14,8,4,3,5,0,0
06/05/2023,Wolves,Aston Villa,1,0,H,1,0,H,S Attwell,6,16,2,3,20,9,5,6,3,3,0,0
06/05/2023,Liverpool,Brentford,1,0,H,1,0,H,A Taylor,15,5,5,1,19,10,7,3,4,2,0,0
07/05/2023,Atalanta,Juventus,0,2,A,0,0,D,,24,10,1,5,13,16,7,3,1,2,0,0
07/05/2023,Torino,Monza,1,1,D,0,0,D,,14,10,5,8,16,9,7,4,2,1,0,0
07/05/2023,Napoli,Fiorentina,1,0,H,0,0,D,,10,15,3,3,12,15,0,5,0,0,0,0
07/05/2023,Lecce,Verona,0,1,A,0,0,D,,15,9,2,3,11,13,4,4,2,5,0,0
07/05/2023,Dortmund,Wolfsburg,6,0,H,3,0,H,,20,10,10,3,11,14,10,6,0,1,0,0
07/05/2023,Angers,Monaco,1,2,A,0,1,A,,10,14,3,6,13,17,4,3,3,2,0,0
07/05/2023,Ajaccio,Toulouse,0,0,D,0,0,D,,4,15,2,5,10,8,4,7,3,0,0,0
07/05/2023,Auxerre,Clermont,1,1,D,1,0,H,,11,9,4,4,19,13,2,2,1,0,0,0
07/05/2023,Lorient,Brest,2,1,H,1,0,H,,6,15,3,2,13,22,4,6,3,2,1,0
07/05/2023,Nantes,Strasbourg,0,2,A,0,1,A,,13,8,5,6,22,15,11,1,3,1,0,0
07/05/2023,Lyon,Montpellier,5,4,H,1,2,A,,16,12,8,6,12,14,3,5,0,3,0,0
07/05/2023,Troyes,Paris SG,1,3,A,0,1,A,,7,31,3,12,5,5,6,6,1,0,0,0
07/05/2023,Newcastle,Arsenal,0,2,A,0,1,A,C Kavanagh,12,10,5,6,16,12,9,4,2,1,0,0
07/05/2023,West Ham,Man United,1,0,H,1,0,H,P Bankes,15,19,4,4,4,9,5,6,0,2,0,0
08/05/2023,Empoli,Salernitana,2,1,H,1,0,H,,11,13,4,2,10,18,8,7,2,2,0,0
08/05/2023,Udinese,Sampdoria,2,0,H,2,0,H,,13,11,6,3,15,12,7,3,2,2,0,0
08/05/2023,Sassuolo,Bologna,1,1,D,1,1,D,,6,12,2,3,12,14,4,4,1,1,0,0
08/05/2023,Fulham,Leicester,5,3,H,3,0,H,R Jones,17,18,7,9,13,15,2,7,0,3,0,0
08/05/2023,Brighton,Everton,1,5,A,0,3,A,S Hooper,23,10,5,5,11,13,15,1,1,5,0,0
08/05/2023,Nott'm Forest,Southampton,4,3,H,3,1,H,M Oliver,9,19,4,5,16,10,2,11,1,0,0,0
12/05/2023,Lazio,Lecce,2,2,D,1,1,D,,20,13,6,4,11,13,2,3,3,5,0,0
12/05/2023,FC Koln,Hertha,5,2,H,3,2,H,,28,9,15,3,11,14,12,3,2,7,0,0
12/05/2023,Mallorca,Cadiz,1,0,H,1,0,H,,8,14,3,4,16,14,3,7,5,3,0,0
12/05/2023,Lens,Reims,2,1,H,1,1,D,,8,17,6,3,6,19,0,14,1,3,1,0
13/05/2023,Salernitana,Atalanta,1,0,H,0,0,D,,10,13,4,3,9,18,5,3,2,2,0,0
13/05/2023,Spezia,Milan,2,0,H,0,0,D,,14,14,4,3,15,11,6,9,1,1,0,0
13/05/2023,Inter,Sassuolo,4,2,H,1,0,H,,11,16,3,5,12,8,1,5,2,3,0,0
13/05/2023,Bayern Munich,Schalke 04,6,0,H,2,0,H,,23,8,14,0,10,10,4,3,0,3,0,0
13/05/2023,Bochum,Augsburg,3,2,H,1,1,D,,15,12,8,2,13,16,7,7,3,2,0,0
13/05/2023,Ein Frankfurt,Mainz,3,0,H,2,0,H,,17,10,7,4,4,10,5,1,1,3,0,0
13/05/2023,Union Berlin,Freiburg,4,2,H,3,0,H,,10,13,4,8,18,13,1,7,3,1,0,0
13/05/2023,Wolfsburg,Hoffenheim,2,1,H,1,0,H,,8,10,3,2,17,12,3,7,2,2,0,0
13/05/2023,Dortmund,M'gladbach,5,2,H,4,0,H,,33,13,13,8,10,12,10,4,0,2,0,0
13/05/2023,Sociedad,Girona,2,2,D,2,2,D,,18,13,6,6,22,13,7,4,5,3,0,1
13/05/2023,Osasuna,Almeria,3,1,H,0,0,D,,18,8,7,3,7,7,4,1,0,0,0,0
13/05/2023,Villarreal,Ath Bilbao,5,1,H,2,1,H,,17,11,11,5,11,13,7,5,4,3,0,0
13/05/2023,Real Madrid,Getafe,1,0,H,0,0,D,,16,9,3,2,5,23,1,3,1,4,0,0
13/05/2023,Strasbourg,Nice,2,0,H,1,0,H,,12,9,3,4,14,8,2,3,1,1,0,0
13/05/2023,Paris SG,Ajaccio,5,0,H,2,0,H,,16,7,9,2,7,6,8,3,1,1,1,1
13/05/2023,Leeds,Newcastle,2,2,D,1,1,D,S Hooper,9,18,4,5,16,14,2,6,3,2,1,0
13/05/2023,Aston Villa,Tottenham,2,1,H,1,0,H,P Bankes,8,5,4,2,9,14,8,3,3,3,0,0
13/05/2023,Chelsea,Nott'm Forest,2,2,D,0,1,A,P Tierney,14,11,6,2,13,15,2,5,3,1,0,0
13/05/2023,Crystal Palace,Bournemouth,2,0,H,1,0,H,M Salisbury,17,5,5,0,5,12,11,2,0,2,0,0
13/05/2023,Man United,Wolves,2,0,H,1,0,H,J Brooks,27,5,9,0,9,9,11,7,3,2,0,0
13/05/2023,Southampton,Fulham,0,2,A,0,0,D,T Bramall,5,9,1,4,17,12,1,8,2,0,0,0
14/05/2023,Verona,Torino,0,1,A,0,1,A,,14,15,4,8,8,17,3,4,3,2,0,0
14/05/2023,Fiorentina,Udinese,2,0,H,1,0,H,,18,5,3,1,15,15,3,3,3,3,1,1
14/05/2023,Monza,Napoli,2,0,H,1,0,H,,10,20,4,7,11,13,6,10,1,1,0,0
14/05/2023,Bologna,Roma,0,0,D,0,0,D,,12,7,3,2,12,11,3,6,2,1,0,0
14/05/2023,Juventus,Cremonese,2,0,H,0,0,D,,24,3,7,2,15,5,7,0,2,0,0,0
14/05/2023,Stuttgart,Leverkusen,1,1,D,0,0,D,,9,12,1,3,7,14,7,3,3,4,0,0
14/05/2023,RB Leipzig,Werder Bremen,2,1,H,0,0,D,,20,6,7,2,12,20,3,2,2,5,0,0
14/05/2023,Celta,Valencia,1,2,A,0,1,A,,10,12,6,5,13,19,5,4,3,5,0,1
14/05/2023,Elche,Ath Madrid,1,0,H,1,0,H,,15,13,4,4,16,3,3,5,2,0,0,0
14/05/2023,Valladolid,Sevilla,0,3,A,0,0,D,,28,17,6,5,9,16,8,3,2,1,0,0
14/05/2023,Espanol,Barcelona,2,4,A,0,3,A,,15,15,7,5,12,9,4,3,1,3,0,0
14/05/2023,Clermont,Lyon,2,1,H,1,1,D,,9,15,6,4,17,10,5,2,3,3,0,0
14/05/2023,Brest,Auxerre,1,0,H,0,0,D,,15,10,10,2,8,8,6,0,0,0,0,0
14/05/2023,Montpellier,Lorient,1,1,D,0,0,D,,15,11,4,3,20,15,11,5,2,3,0,0
14/05/2023,Rennes,Troyes,4,0,H,1,0,H,,26,4,9,0,4,9,9,1,0,1,0,0
14/05/2023,Toulouse,Nantes,0,0,D,0,0,D,,14,8,6,1,6,13,10,5,1,1,0,0
14/05/2023,Monaco,Lille,0,0,D,0,0,D,,8,10,1,4,19,13,3,4,0,2,0,0
14/05/2023,Marseille,Angers,3,1,H,1,1,D,,14,4,6,1,17,9,7,0,1,2,0,0
14/05/2023,Brentford,West Ham,2,0,H,2,0,H,M Oliver,24,4,10,4,5,5,7,5,1,0,0,0
14/05/2023,Everton,Man City,0,3,A,0,2,A,A Taylor,7,9,3,4,12,4,8,6,1,0,0,0
14/05/2023,Arsenal,Brighton,0,3,A,0,0,D,A Madley,14,12,2,6,13,17,5,2,1,2,0,0
15/05/2023,Sampdoria,Empoli,1,1,D,1,0,H,,13,16,3,4,16,14,1,2,3,4,0,0
15/05/2023,Betis,Vallecano,3,1,H,2,0,H,,11,16,5,4,11,9,6,5,3,2,0,1
15/05/2023,Leicester,Liverpool,0,3,A,0,2,A,C Pawson,4,16,4,5,11,17,4,4,2,1,0,0
18/05/2023,Newcastle,Brighton,4,1,H,2,0,H,R Jones,22,8,9,2,17,16,6,1,2,4,0,0
19/05/2023,Sassuolo,Monza,1,2,A,1,0,H,,13,16,4,5,10,17,6,3,2,5,1,0
19/05/2023,Freiburg,Wolfsburg,2,0,H,0,0,D,,16,9,7,2,15,16,4,4,1,3,1,0
19/05/2023,Cadiz,Valladolid,2,0,H,0,0,D,,11,6,4,2,18,18,4,3,4,4,0,1
19/05/2023,Lyon,Monaco,3,1,H,1,1,D,,22,16,11,9,8,14,2,8,0,3,0,0
20/05/2023,Cremonese,Bologna,1,5,A,0,3,A,,13,19,2,9,7,13,3,9,1,2,0,1
20/05/2023,Atalanta,Verona,3,1,H,1,1,D,,13,10,5,2,9,11,6,3,1,3,0,0
20/05/2023,Milan,Sampdoria,5,1,H,3,1,H,,19,6,9,3,9,10,7,2,1,3,0,0
20/05/2023,Hertha,Bochum,1,1,D,0,0,D,,14,17,4,6,7,10,9,5,1,1,0,0
20/05/2023,Hoffenheim,Union Berlin,4,2,H,2,1,H,,10,20,5,4,15,15,1,5,4,5,0,0
20/05/2023,Schalke 04,Ein Frankfurt,2,2,D,1,1,D,,11,6,4,3,11,16,8,3,3,4,0,0
20/05/2023,Werder Bremen,FC Koln,1,1,D,0,1,A,,13,13,6,4,10,9,4,9,4,2,0,0
20/05/2023,Bayern Munich,RB Leipzig,1,3,A,1,0,H,,17,16,4,8,8,11,7,2,1,1,0,0
20/05/2023,Girona,Villarreal,1,2,A,1,1,D,,9,10,3,5,16,11,3,1,2,1,0,0
20/05/2023,Ath Bilbao,Celta,2,1,H,1,0,H,,10,8,3,3,17,12,8,5,4,1,0,0
20/05/2023,Almeria,Mallorca,3,0,H,2,0,H,,12,7,3,3,11,15,4,6,1,2,0,0
20/05/2023,Getafe,Elche,1,1,D,1,1,D,,9,13,5,4,19,11,5,6,3,1,0,0
20/05/2023,Barcelona,Sociedad,1,2,A,0,1,A,,13,13,4,6,8,16,8,2,4,4,0,0
20/05/2023,Nantes,Montpellier,0,3,A,0,1,A,,13,13,3,6,14,8,10,6,4,0,0,0
20/05/2023,Lille,Marseille,2,1,H,0,1,A,,12,8,3,3,14,20,3,4,3,2,0,0
20/05/2023,Tottenham,Brentford,1,3,A,1,0,H,J Gillett,22,11,8,4,11,9,8,2,1,1,0,0
20/05/2023,Bournemouth,Man United,0,1,A,0,1,A,C Kavanagh,10,20,4,5,6,7,3,6,1,0,0,0
20/05/2023,Fulham,Crystal Palace,2,2,D,1,1,D,J Smith,11,11,4,5,13,12,7,4,3,0,0,0
20/05/2023,Liverpool,Aston Villa,1,1,D,0,1,A,J Brooks,10,6,5,3,16,13,9,4,3,5,0,0
20/05/2023,Wolves,Everton,1,1,D,1,0,H,D Coote,13,19,5,4,18,10,1,7,5,1,0,0
20/05/2023,Nott'm Forest,Arsenal,1,0,H,1,0,H,A Taylor,6,11,2,3,11,12,3,6,3,2,0,0
21/05/2023,Lecce,Spezia,0,0,D,0,0,D,,6,14,1,0,15,16,2,5,2,3,0,0
21/05/2023,Torino,Fiorentina,1,1,D,0,0,D,,10,8,4,1,9,11,3,3,1,2,0,0
21/05/2023,Napoli,Inter,3,1,H,0,0,D,,22,6,9,2,10,14,4,1,1,2,0,1
21/05/2023,Udinese,Lazio,0,1,A,0,0,D,,12,14,2,4,15,9,3,8,3,1,0,0
21/05/2023,Mainz,Stuttgart,1,4,A,1,1,D,,9,8,6,6,18,11,6,3,3,1,0,0
21/05/2023,Augsburg,Dortmund,0,3,A,0,0,D,,4,28,1,10,12,9,3,8,3,3,1,0
21/05/2023,Leverkusen,M'gladbach,2,2,D,2,0,H,,13,9,6,5,12,15,2,3,3,3,1,0
21/05/2023,Vallecano,Espanol,1,2,A,1,1,D,,15,10,5,6,8,11,4,4,2,2,0,0
21/05/2023,Ath Madrid,Osasuna,3,0,H,1,0,H,,15,12,5,2,6,11,8,10,0,2,0,0
21/05/2023,Valencia,Real Madrid,1,0,H,1,0,H,,12,13,6,5,13,4,2,9,4,2,0,1
21/05/2023,Sevilla,Betis,0,0,D,0,0,D,,10,5,4,0,14,11,4,3,2,2,0,1
21/05/2023,Ajaccio,Rennes,0,5,A,0,4,A,,2,13,0,7,8,14,2,5,1,2,1,0
21/05/2023,Brest,Clermont,2,1,H,1,1,D,,10,8,3,2,16,11,7,1,3,4,0,0
21/05/2023,Nice,Toulouse,0,0,D,0,0,D,,21,7,7,4,6,15,6,3,2,2,0,0
21/05/2023,Reims,Angers,2,2,D,1,0,H,,11,7,5,3,14,11,7,3,0,2,0,0
21/05/2023,Troyes,Strasbourg,1,1,D,0,1,A,,8,16,3,5,9,17,4,6,1,1,1,1
21/05/2023,Lorient,Lens,1,3,A,1,2,A,,13,15,5,7,14,13,3,5,2,2,0,0
21/05/2023,Auxerre,Paris SG,1,2,A,0,2,A,,14,15,7,4,11,6,4,6,1,0,0,0
21/05/2023,West Ham,Leeds,3,1,H,1,1,D,P Bankes,19,12,9,3,6,11,9,5,1,3,0,0
21/05/2023,Brighton,Southampton,3,1,H,2,0,H,P Tierney,26,5,8,1,8,9,4,3,2,5,0,0
21/05/2023,Man City,Chelsea,1,0,H,1,0,H,M Oliver,15,13,2,6,12,9,5,2,0,2,0,0
22/05/2023,Roma,Salernitana,2,2,D,0,1,A,,22,8,5,3,9,14,6,4,1,4,0,0
22/05/2023,Empoli,Juventus,4,1,H,2,0,H,,14,19,7,4,20,19,3,7,2,2,0,0
22/05/2023,Newcastle,Leicester,0,0,D,0,0,D,A Marriner,23,1,4,1,9,5,12,1,2,0,0,0
23/05/2023,Celta,Girona,1,1,D,1,0,H,,16,11,7,4,13,13,9,3,0,0,0,0
23/05/2023,Sociedad,Almeria,1,0,H,1,0,H,,15,2,2,2,20,8,10,2,0,1,0,1
23/05/2023,Valladolid,Barcelona,3,1,H,2,0,H,,8,16,4,6,13,9,2,6,1,0,0,0
24/05/2023,Elche,Sevilla,1,1,D,1,1,D,,20,9,7,3,12,10,9,5,1,4,0,1
24/05/2023,Real Madrid,Vallecano,2,1,H,1,0,H,,12,15,3,6,11,14,5,2,1,3,0,0
24/05/2023,Villarreal,Cadiz,2,0,H,2,0,H,,13,16,7,8,14,8,7,6,1,2,0,0
24/05/2023,Betis,Getafe,0,1,A,0,0,D,,11,9,4,2,8,12,2,5,2,5,1,0
24/05/2023,Espanol,Ath Madrid,3,3,D,0,2,A,,26,16,13,7,6,9,16,1,2,3,0,0
24/05/2023,Brighton,Man City,1,1,D,1,1,D,S Hooper,20,13,7,4,16,11,5,1,2,1,0,0
25/05/2023,Mallorca,Valencia,1,0,H,0,0,D,,4,15,3,5,15,12,2,4,4,2,0,0
25/05/2023,Osasuna,Ath Bilbao,2,0,H,0,0,D,,9,10,3,5,17,13,3,6,3,3,0,0
25/05/2023,Man United,Chelsea,4,1,H,2,0,H,S Attwell,18,14,9,5,12,6,3,4,1,1,0,0
26/05/2023,Sampdoria,Sassuolo,2,2,D,1,2,A,,17,22,3,8,14,10,8,4,1,2,0,0
27/05/2023,Salernitana,Udinese,3,2,H,1,2,A,,11,10,3,4,12,22,2,1,3,3,0,1
27/05/2023,Spezia,Torino,0,4,A,0,1,A,,8,11,1,4,14,13,5,2,2,2,0,0
27/05/2023,Fiorentina,Roma,2,1,H,0,1,A,,15,8,5,4,11,12,7,4,5,3,0,0
27/05/2023,Inter,Atalanta,3,2,H,2,1,H,,20,11,11,3,8,18,9,7,0,1,0,0
27/05/2023,Bochum,Leverkusen,3,0,H,2,0,H,,10,11,5,2,12,12,2,5,5,5,0,1
27/05/2023,Dortmund,Mainz,2,2,D,0,2,A,,30,10,12,4,5,14,6,3,1,1,0,0
27/05/2023,Ein Frankfurt,Freiburg,2,1,H,0,1,A,,14,13,8,7,13,10,3,6,4,2,0,0
27/05/2023,FC Koln,Bayern Munich,1,2,A,0,1,A,,9,11,3,3,11,8,7,3,3,0,0,0
27/05/2023,M'gladbach,Augsburg,2,0,H,2,0,H,,17,9,7,3,5,19,4,4,0,1,0,1
27/05/2023,RB Leipzig,Schalke 04,4,2,H,2,1,H,,19,16,12,4,13,11,4,5,2,2,0,0
27/05/2023,Stuttgart,Hoffenheim,1,1,D,0,0,D,,19,8,4,2,12,10,9,2,0,0,0,0
27/05/2023,Union Berlin,Werder Bremen,1,0,H,0,0,D,,16,7,4,4,9,10,15,1,1,3,0,0
27/05/2023,Wolfsburg,Hertha,1,2,A,1,0,H,,19,9,9,5,9,18,7,3,1,5,0,0
27/05/2023,Sevilla,Real Madrid,1,2,A,1,1,D,,11,6,1,3,23,10,1,1,2,4,1,0
27/05/2023,Angers,Troyes,2,1,H,1,1,D,,18,5,5,3,12,7,14,3,1,1,0,0
27/05/2023,Clermont,Lorient,2,0,H,1,0,H,,18,6,7,1,13,12,9,1,0,0,0,0
27/05/2023,Lens,Ajaccio,3,0,H,3,0,H,,12,6,3,0,12,12,9,2,1,2,0,0
27/05/2023,Lille,Nantes,2,1,H,0,1,A,,9,8,2,3,7,12,5,3,2,4,0,0
27/05/2023,Lyon,Reims,3,0,H,2,0,H,,23,10,7,1,11,15,7,4,1,1,0,1
27/05/2023,Marseille,Brest,1,2,A,0,0,D,,10,15,4,5,14,16,3,5,2,2,0,0
27/05/2023,Montpellier,Nice,2,3,A,2,0,H,,14,23,8,15,12,16,2,10,0,3,0,0
27/05/2023,Rennes,Monaco,2,0,H,0,0,D,,12,11,6,3,11,7,7,3,0,3,0,0
27/05/2023,Strasbourg,Paris SG,1,1,D,0,0,D,,17,7,5,2,9,8,4,2,1,2,0,0
27/05/2023,Toulouse,Auxerre,1,1,D,1,1,D,,10,16,3,2,18,14,6,3,1,3,0,0
28/05/2023,Verona,Empoli,1,1,D,0,0,D,,13,13,4,3,14,10,3,3,4,0,0,0
28/05/2023,Bologna,Napoli,2,2,D,0,1,A,,18,11,6,8,17,10,4,4,1,3,0,0
28/05/2023,Monza,Lecce,0,1,A,0,0,D,,5,9,1,1,11,20,1,3,2,3,0,0
28/05/2023,Lazio,Cremonese,3,2,H,2,0,H,,12,11,8,5,15,8,4,3,2,2,1,0
28/05/2023,Juventus,Milan,0,1,A,0,1,A,,16,9,3,3,12,10,4,5,1,2,0,0
28/05/2023,Almeria,Valladolid,0,0,D,0,0,D,,23,8,7,2,11,16,2,4,0,4,0,0
28/05/2023,Ath Bilbao,Elche,0,1,A,0,0,D,,27,6,8,2,7,10,19,3,1,1,0,0
28/05/2023,Ath Madrid,Sociedad,2,1,H,1,0,H,,11,10,5,5,8,10,6,4,2,2,0,0
28/05/2023,Barcelona,Mallorca,3,0,H,2,0,H,,28,3,9,1,4,9,14,3,0,0,0,1
28/05/2023,Cadiz,Celta,1,0,H,0,0,D,,13,9,3,4,16,10,3,3,9,5,0,0
28/05/2023,Getafe,Osasuna,2,1,H,1,1,D,,16,10,6,2,11,6,1,1,3,1,0,0
28/05/2023,Girona,Betis,1,2,A,1,0,H,,9,18,3,7,14,12,8,5,0,1,0,0
28/05/2023,Valencia,Espanol,2,2,D,1,1,D,,19,9,4,5,12,12,10,3,0,4,0,0
28/05/2023,Vallecano,Villarreal,2,1,H,0,0,D,,15,7,4,2,9,9,4,6,3,5,0,0
28/05/2023,Arsenal,Wolves,5,0,H,3,0,H,A Marriner,14,6,8,0,8,11,8,4,0,0,0,0
28/05/2023,Aston Villa,Brighton,2,1,H,2,1,H,D Coote,12,8,5,4,15,16,4,3,4,4,0,0
28/05/2023,Brentford,Man City,1,0,H,0,0,D,J Brooks,11,17,4,3,12,8,3,4,4,0,0,0
28/05/2023,Chelsea,Newcastle,1,1,D,1,1,D,J Gillett,22,13,5,4,9,11,10,3,0,0,0,0
28/05/2023,Crystal Palace,Nott'm Forest,1,1,D,0,1,A,T Bramall,16,7,4,4,9,13,5,4,0,2,0,0
28/05/2023,Everton,Bournemouth,1,0,H,0,0,D,S Attwell,13,7,6,2,11,12,9,3,1,3,0,0
28/05/2023,Leeds,Tottenham,1,4,A,0,1,A,A Taylor,19,11,2,7,7,5,12,3,3,0,0,0
28/05/2023,Leicester,West Ham,2,1,H,1,0,H,S Hooper,13,16,4,3,8,10,3,5,1,1,0,0
28/05/2023,Man United,Fulham,2,1,H,1,1,D,R Jones,21,10,8,3,14,10,5,4,1,2,0,0
28/05/2023,Southampton,Liverpool,4,4,D,2,2,D,D England,15,30,10,8,4,10,2,9,0,2,0,0
02/06/2023,Sassuolo,Fiorentina,1,3,A,0,0,D,,5,15,2,7,7,15,2,4,4,4,2,0
03/06/2023,Torino,Inter,0,1,A,0,1,A,,17,14,5,4,6,7,6,4,1,2,0,0
03/06/2023,Cremonese,Salernitana,2,0,H,1,0,H,,12,11,4,1,15,12,4,6,1,2,0,0
03/06/2023,Empoli,Lazio,0,2,A,0,0,D,,7,21,1,11,7,10,6,7,3,2,1,0
03/06/2023,Ajaccio,Marseille,1,0,H,0,0,D,,3,17,1,5,19,15,2,3,1,1,0,0
03/06/2023,Auxerre,Lens,1,3,A,0,1,A,,17,15,5,7,10,16,5,5,1,3,0,0
03/06/2023,Brest,Rennes,1,2,A,1,2,A,,14,12,5,3,10,14,3,3,2,4,0,0
03/06/2023,Lorient,Strasbourg,2,1,H,2,0,H,,5,15,3,7,9,15,4,4,1,1,0,0
03/06/2023,Monaco,Toulouse,1,2,A,0,0,D,,19,22,7,8,10,11,4,7,1,2,0,0
03/06/2023,Nantes,Angers,1,0,H,1,0,H,,11,5,7,1,12,13,8,1,1,0,0,0
03/06/2023,Nice,Lyon,3,1,H,3,1,H,,16,16,6,7,8,12,3,2,0,1,0,0
03/06/2023,Paris SG,Clermont,2,3,A,2,2,D,,16,12,6,5,17,11,6,2,2,1,0,0
03/06/2023,Reims,Montpellier,1,3,A,1,0,H,,11,16,5,8,16,9,4,7,1,2,0,0
03/06/2023,Troyes,Lille,1,1,D,0,0,D,,8,18,3,7,9,15,2,8,0,4,0,0
04/06/2023,Napoli,Sampdoria,2,0,H,0,0,D,,21,6,9,4,7,7,11,0,0,1,0,0
04/06/2023,Atalanta,Monza,5,2,H,2,0,H,,20,8,10,4,13,8,5,1,1,2,0,1
04/06/2023,Lecce,Bologna,2,3,A,1,0,H,,20,11,7,7,11,9,7,2,1,3,0,0
04/06/2023,Milan,Verona,3,1,H,1,0,H,,14,6,5,1,5,18,7,1,1,4,0,0
04/06/2023,Roma,Spezia,2,1,H,1,1,D,,19,8,5,2,14,17,6,2,2,8,0,1
04/06/2023,Udinese,Juventus,0,1,A,0,0,D,,13,20,3,5,9,11,6,14,2,2,0,0
04/06/2023,Mallorca,Vallecano,3,0,H,0,0,D,,8,20,4,4,14,15,2,6,0,0,0,0
04/06/2023,Osasuna,Girona,2,1,H,0,0,D,,14,11,7,6,12,9,5,2,1,5,0,0
04/06/2023,Real Madrid,Ath Bilbao,1,1,D,0,0,D,,9,15,2,9,11,14,5,6,2,2,0,0
04/06/2023,Sociedad,Sevilla,2,1,H,1,0,H,,17,9,6,4,10,13,5,2,0,1,0,0
04/06/2023,Villarreal,Ath Madrid,2,2,D,1,1,D,,22,9,7,3,9,12,12,1,3,2,0,1
04/06/2023,Betis,Valencia,1,1,D,1,0,H,,8,10,3,3,11,11,5,4,3,0,0,1
04/06/2023,Celta,Barcelona,2,1,H,1,0,H,,12,9,9,2,13,9,2,4,2,2,0,0
04/06/2023,Elche,Cadiz,1,1,D,0,1,A,,12,14,5,3,18,8,7,4,4,3,0,0
04/06/2023,Espanol,Almeria,3,3,D,1,1,D,,12,11,8,4,11,12,7,6,2,3,0,0
04/06/2023,Valladolid,Getafe,0,0,D,0,0,D,,15,4,0,1,9,25,6,1,1,3,0,0
11/08/2023,Almeria,Vallecano,0,2,A,0,2,A,,19,10,5,4,16,25,8,3,1,3,0,0
11/08/2023,Sevilla,Valencia,1,2,A,0,0,D,,9,10,3,3,15,17,8,1,3,2,1,0
11/08/2023,Nice,Lille,1,1,D,1,0,H,,8,12,3,5,13,9,3,3,3,2,0,0
11/08/2023,Burnley,Man City,0,3,A,0,2,A,C Pawson,6,17,1,8,11,8,6,5,0,0,1,0
12/08/2023,Sociedad,Girona,1,1,D,1,0,H,,15,6,2,1,22,9,4,1,2,5,0,0
12/08/2023,Las Palmas,Mallorca,1,1,D,1,0,H,,5,12,2,2,11,21,3,6,3,2,0,0
12/08/2023,Ath Bilbao,Real Madrid,0,2,A,0,2,A,,7,14,1,8,18,6,7,5,3,1,0,0
12/08/2023,Marseille,Reims,2,1,H,1,1,D,,14,11,4,4,7,16,10,10,1,3,0,0
12/08/2023,Paris SG,Lorient,0,0,D,0,0,D,,20,4,4,0,8,6,9,2,0,0,0,0
12/08/2023,Arsenal,Nott'm Forest,2,1,H,2,0,H,M Oliver,15,6,7,2,12,12,8,3,2,2,0,0
12/08/2023,Bournemouth,West Ham,1,1,D,0,0,D,P Bankes,14,16,5,3,9,14,10,4,1,4,0,0
12/08/2023,Brighton,Luton,4,1,H,1,0,H,D Coote,27,9,12,3,11,12,6,7,2,2,0,0
12/08/2023,Everton,Fulham,0,1,A,0,0,D,S Attwell,19,9,9,2,12,6,10,4,0,2,0,0
12/08/2023,Sheffield United,Crystal Palace,0,1,A,0,0,D,J Brooks,8,24,1,8,18,11,5,5,3,0,0,0
12/08/2023,Newcastle,Aston Villa,5,1,H,2,1,H,A Madley,17,16,13,6,12,17,6,5,4,4,0,0
13/08/2023,Celta,Osasuna,0,2,A,0,1,A,,11,11,1,5,11,15,7,2,1,1,0,0
13/08/2023,Villarreal,Betis,1,2,A,0,1,A,,18,12,5,5,13,17,9,4,1,3,0,0
13/08/2023,Getafe,Barcelona,0,0,D,0,0,D,,5,14,2,4,20,11,3,4,8,2,1,1
13/08/2023,Brest,Lens,3,2,H,1,2,A,,15,10,8,2,13,15,6,8,2,3,0,1
13/08/2023,Clermont,Monaco,2,4,A,1,2,A,,15,14,7,8,7,16,6,2,0,4,0,0
13/08/2023,Montpellier,Le Havre,2,2,D,0,1,A,,15,12,5,4,8,12,5,2,1,2,0,0
13/08/2023,Nantes,Toulouse,1,2,A,1,0,H,,9,9,4,5,14,14,7,5,2,2,0,0
13/08/2023,Rennes,Metz,5,1,H,1,1,D,,29,9,14,3,7,10,5,4,0,2,0,0
13/08/2023,Strasbourg,Lyon,2,1,H,0,0,D,,8,23,2,7,8,11,1,6,2,2,0,0
13/08/2023,Brentford,Tottenham,2,2,D,2,2,D,R Jones,11,18,6,6,12,13,3,6,1,4,0,0
13/08/2023,Chelsea,Liverpool,1,1,D,1,1,D,A Taylor,10,13,4,1,5,12,4,4,3,3,0,0
14/08/2023,Cadiz,Alaves,1,0,H,1,0,H,,12,10,3,2,19,15,2,4,3,2,1,0
14/08/2023,Ath Madrid,Granada,3,1,H,1,0,H,,14,7,6,4,15,9,3,3,3,1,0,0
14/08/2023,Man United,Wolves,1,0,H,0,0,D,S Hooper,15,23,3,6,14,10,8,7,2,3,0,0
18/08/2023,Werder Bremen,Bayern Munich,0,4,A,0,1,A,,6,25,1,10,16,11,0,6,2,1,0,0
18/08/2023,Mallorca,Villarreal,0,1,A,0,0,D,,8,15,1,3,12,11,6,5,2,4,0,0
18/08/2023,Valencia,Las Palmas,1,0,H,0,0,D,,9,7,4,1,12,6,6,4,0,0,0,0
18/08/2023,Metz,Marseille,2,2,D,0,1,A,,10,22,5,5,15,9,4,9,3,2,1,0
18/08/2023,Nott'm Forest,Sheffield United,2,1,H,1,0,H,P Bankes,16,7,4,3,5,9,6,7,2,3,0,0
19/08/2023,Empoli,Verona,0,1,A,0,0,D,,10,10,4,4,17,18,2,4,2,2,0,0
19/08/2023,Frosinone,Napoli,1,3,A,1,2,A,,4,19,1,8,14,17,4,6,3,3,0,0
19/08/2023,Genoa,Fiorentina,1,4,A,0,3,A,,4,9,2,5,14,13,3,4,2,3,0,0
19/08/2023,Inter,Monza,2,0,H,1,0,H,,22,12,3,2,8,13,8,3,1,1,0,0
19/08/2023,Augsburg,M'gladbach,4,4,D,3,3,D,,20,9,8,6,9,14,8,7,1,2,0,0
19/08/2023,Hoffenheim,Freiburg,1,2,A,0,2,A,,24,17,5,8,9,9,4,2,0,1,0,0
19/08/2023,Leverkusen,RB Leipzig,3,2,H,2,1,H,,11,13,7,6,13,10,4,5,1,2,0,0
19/08/2023,Stuttgart,Bochum,5,0,H,2,0,H,,19,4,9,1,5,12,7,0,1,1,0,0
19/08/2023,Wolfsburg,Heidenheim,2,0,H,2,0,H,,18,13,8,1,10,9,1,7,3,0,0,0
19/08/2023,Dortmund,FC Koln,1,0,H,0,0,D,,12,11,2,4,13,11,6,3,1,0,0,0
19/08/2023,Sociedad,Celta,1,1,D,1,0,H,,11,17,2,6,12,12,9,7,2,1,0,0
19/08/2023,Almeria,Real Madrid,1,3,A,1,1,D,,20,24,8,9,10,13,4,5,1,0,0,0
19/08/2023,Osasuna,Ath Bilbao,0,2,A,0,2,A,,18,8,7,2,9,14,5,3,1,5,1,1
19/08/2023,Lyon,Montpellier,1,4,A,0,2,A,,7,14,3,8,20,10,6,2,4,1,1,0
19/08/2023,Toulouse,Paris SG,1,1,D,0,0,D,,8,16,2,3,8,11,5,5,0,3,0,0
19/08/2023,Fulham,Brentford,0,3,A,0,1,A,D Bond,10,17,2,8,13,12,5,5,2,2,1,0
19/08/2023,Liverpool,Bournemouth,3,1,H,2,1,H,T Bramall,26,13,10,5,11,13,10,2,1,3,1,0
19/08/2023,Wolves,Brighton,1,4,A,0,1,A,A Madley,16,16,5,8,14,11,5,3,3,6,1,0
19/08/2023,Tottenham,Man United,2,0,H,0,0,D,M Oliver,17,22,6,6,9,8,5,6,1,3,0,0
19/08/2023,Man City,Newcastle,1,0,H,1,0,H,R Jones,14,7,4,1,12,11,3,0,1,5,0,0
20/08/2023,Roma,Salernitana,2,2,D,1,1,D,,13,3,3,2,12,9,9,1,0,4,0,0
20/08/2023,Sassuolo,Atalanta,0,2,A,0,0,D,,11,16,3,6,9,13,7,7,0,0,0,0
20/08/2023,Lecce,Lazio,2,1,H,0,1,A,,23,10,7,4,12,16,5,2,3,2,0,0
20/08/2023,Udinese,Juventus,0,3,A,0,3,A,,18,9,5,4,12,10,7,3,1,3,0,0
20/08/2023,Union Berlin,Mainz,4,1,H,2,0,H,,12,9,7,3,15,16,3,1,1,5,0,0
20/08/2023,Ein Frankfurt,Darmstadt,1,0,H,1,0,H,,10,11,4,2,9,14,7,3,2,3,0,0
20/08/2023,Girona,Getafe,3,0,H,1,0,H,,7,9,6,2,11,20,3,2,2,5,0,0
20/08/2023,Barcelona,Cadiz,2,0,H,0,0,D,,23,10,10,1,9,22,10,2,4,3,0,0
20/08/2023,Betis,Ath Madrid,0,0,D,0,0,D,,14,5,0,1,10,8,2,7,2,1,0,0
20/08/2023,Lille,Nantes,2,0,H,0,0,D,,18,14,8,4,8,15,7,5,0,2,1,0
20/08/2023,Le Havre,Brest,1,2,A,0,1,A,,18,10,7,5,18,15,5,3,0,2,0,0
20/08/2023,Lorient,Nice,1,1,D,0,0,D,,9,21,2,8,8,10,0,9,1,1,0,0
20/08/2023,Reims,Clermont,2,0,H,1,0,H,,8,11,4,4,9,6,3,10,0,0,0,0
20/08/2023,Monaco,Strasbourg,3,0,H,2,0,H,,9,4,4,1,19,16,4,3,2,1,0,0
20/08/2023,Lens,Rennes,1,1,D,1,0,H,,15,10,4,5,15,10,11,0,2,1,0,0
20/08/2023,Aston Villa,Everton,4,0,H,2,0,H,A Taylor,13,9,7,2,8,12,7,6,3,4,0,0
20/08/2023,West Ham,Chelsea,3,1,H,1,1,D,J Brooks,12,17,6,4,12,9,3,9,2,3,1,0
21/08/2023,Torino,Cagliari,0,0,D,0,0,D,,11,8,2,2,8,12,8,3,1,1,0,0
21/08/2023,Bologna,Milan,0,2,A,0,2,A,,17,10,5,6,10,4,3,6,2,2,0,0
21/08/2023,Alaves,Sevilla,4,3,H,2,2,D,,14,12,7,2,14,13,4,4,1,2,0,0
21/08/2023,Granada,Vallecano,0,2,A,0,0,D,,14,17,7,9,14,11,5,6,2,1,1,0
21/08/2023,Crystal Palace,Arsenal,0,1,A,0,0,D,D Coote,14,14,2,3,14,10,1,8,2,1,0,1
25/08/2023,RB Leipzig,Stuttgart,5,1,H,0,1,A,,20,8,11,3,12,10,4,4,1,1,0,0
25/08/2023,Las Palmas,Sociedad,0,0,D,0,0,D,,11,8,5,1,7,29,5,7,1,4,0,0
25/08/2023,Celta,Real Madrid,0,1,A,0,0,D,,13,10,4,3,19,14,3,5,2,3,0,0
25/08/2023,Nantes,Monaco,3,3,D,2,1,H,,3,27,3,10,8,7,1,10,2,2,0,0
25/08/2023,Chelsea,Luton,3,0,H,1,0,H,R Jones,19,11,8,1,15,12,6,4,2,3,0,0
26/08/2023,Frosinone,Atalanta,2,1,H,2,0,H,,13,18,5,6,10,10,3,7,1,2,0,0
26/08/2023,Monza,Empoli,2,0,H,1,0,H,,20,18,5,6,14,7,6,5,1,2,0,0
26/08/2023,Milan,Torino,4,1,H,3,1,H,,17,8,7,1,13,16,2,1,2,3,0,0
26/08/2023,Verona,Roma,2,1,H,2,0,H,,5,23,3,7,17,12,1,12,1,3,1,0
26/08/2023,Bochum,Dortmund,1,1,D,1,0,H,,17,13,6,3,21,7,5,4,2,1,0,0
26/08/2023,Darmstadt,Union Berlin,1,4,A,1,3,A,,18,12,6,6,15,12,3,5,2,2,0,1
26/08/2023,FC Koln,Wolfsburg,1,2,A,0,0,D,,14,9,2,6,6,10,6,1,1,5,0,0
26/08/2023,Freiburg,Werder Bremen,1,0,H,0,0,D,,23,16,6,2,9,8,5,5,2,2,0,0
26/08/2023,Heidenheim,Hoffenheim,2,3,A,1,0,H,,19,16,9,6,13,9,10,6,1,5,0,0
26/08/2023,M'gladbach,Leverkusen,0,3,A,0,2,A,,13,24,2,10,7,8,5,8,2,3,0,0
26/08/2023,Cadiz,Almeria,1,1,D,0,0,D,,11,5,3,2,16,22,7,3,0,5,1,1
26/08/2023,Granada,Mallorca,3,2,H,1,1,D,,10,10,4,5,11,27,5,3,2,7,0,0
26/08/2023,Sevilla,Girona,1,2,A,1,1,D,,21,8,4,3,11,18,6,6,2,1,0,0
26/08/2023,Marseille,Brest,2,0,H,1,0,H,,15,18,6,7,4,8,3,10,0,1,0,0
26/08/2023,Paris SG,Lens,3,1,H,1,0,H,,17,12,7,4,8,16,5,5,0,5,0,0
26/08/2023,Bournemouth,Tottenham,0,2,A,0,1,A,T Robinson,11,17,3,6,18,11,6,2,1,3,0,0
26/08/2023,Arsenal,Fulham,2,2,D,0,1,A,P Tierney,19,8,11,3,6,5,8,3,0,3,0,1
26/08/2023,Brentford,Crystal Palace,1,1,D,1,0,H,P Bankes,12,15,1,5,9,15,8,6,0,0,0,0
26/08/2023,Everton,Wolves,0,1,A,0,0,D,C Pawson,15,11,7,2,10,14,7,0,3,4,0,0
26/08/2023,Man United,Nott'm Forest,3,2,H,1,2,A,S Attwell,18,9,9,4,13,11,11,3,4,4,0,1
26/08/2023,Brighton,West Ham,1,3,A,0,1,A,A Taylor,25,12,10,3,10,9,17,4,1,3,0,0
27/08/2023,Fiorentina,Lecce,2,2,D,2,0,H,,9,6,4,2,13,12,3,3,1,3,0,0
27/08/2023,Juventus,Bologna,1,1,D,0,1,A,,14,9,3,4,14,13,5,1,2,1,0,0
27/08/2023,Lazio,Genoa,0,1,A,0,1,A,,16,5,2,3,9,16,15,1,4,2,0,0
27/08/2023,Napoli,Sassuolo,2,0,H,1,0,H,,25,6,5,1,9,10,12,4,0,1,0,1
27/08/2023,Mainz,Ein Frankfurt,1,1,D,1,0,H,,13,8,7,2,23,12,5,4,3,4,0,1
27/08/2023,Bayern Munich,Augsburg,3,1,H,2,0,H,,19,11,6,2,13,8,10,4,1,2,0,0
27/08/2023,Villarreal,Barcelona,3,4,A,2,2,D,,13,21,6,11,12,14,2,6,3,3,0,0
27/08/2023,Valencia,Osasuna,1,2,A,0,1,A,,16,7,4,2,13,12,6,3,3,4,0,0
27/08/2023,Ath Bilbao,Betis,4,2,H,3,2,H,,14,7,6,3,23,11,5,3,4,2,0,0
27/08/2023,Rennes,Le Havre,2,2,D,2,1,H,,22,7,8,3,5,7,5,2,1,2,0,1
27/08/2023,Clermont,Metz,0,1,A,0,0,D,,16,10,4,5,8,10,10,2,1,1,0,0
27/08/2023,Montpellier,Reims,1,3,A,1,2,A,,19,12,3,6,9,19,5,3,1,1,0,0
27/08/2023,Strasbourg,Toulouse,2,0,H,0,0,D,,11,7,3,1,16,17,3,3,1,3,0,0
27/08/2023,Lorient,Lille,4,1,H,2,0,H,,9,18,6,7,22,12,5,8,2,4,0,0
27/08/2023,Nice,Lyon,0,0,D,0,0,D,,21,6,4,1,8,14,7,2,1,4,0,0
27/08/2023,Burnley,Aston Villa,1,3,A,0,2,A,M Salisbury,9,16,2,6,12,11,4,6,2,0,0,0
27/08/2023,Sheffield United,Man City,1,2,A,0,0,D,J Gillett,6,30,2,9,11,2,1,12,3,0,0,0
27/08/2023,Newcastle,Liverpool,1,2,A,1,0,H,J Brooks,23,9,8,4,16,10,5,9,1,2,0,1
28/08/2023,Salernitana,Udinese,1,1,D,0,0,D,,9,14,4,6,12,19,7,5,4,4,0,0
28/08/2023,Cagliari,Inter,0,2,A,0,2,A,,12,17,2,3,9,10,4,7,1,1,0,0
28/08/2023,Getafe,Alaves,1,0,H,0,0,D,,15,16,4,2,13,15,4,5,1,2,0,0
28/08/2023,Vallecano,Ath Madrid,0,7,A,0,3,A,,12,17,3,10,19,17,8,3,4,3,0,0
01/09/2023,Sassuolo,Verona,3,1,H,1,0,H,,16,11,7,3,8,13,10,1,1,3,0,0
01/09/2023,Roma,Milan,1,2,A,0,1,A,,13,9,2,4,14,15,3,5,2,4,0,1
01/09/2023,Dortmund,Heidenheim,2,2,D,2,0,H,,20,15,9,6,9,22,3,6,3,3,0,0
01/09/2023,Cadiz,Villarreal,3,1,H,2,1,H,,18,7,4,3,21,15,7,3,5,4,0,1
01/09/2023,Almeria,Celta,2,3,A,0,2,A,,16,14,5,8,9,9,6,5,1,1,0,0
01/09/2023,Nantes,Marseille,1,1,D,1,1,D,,10,26,2,9,7,13,2,7,0,2,1,0
01/09/2023,Luton,West Ham,1,2,A,0,1,A,P Tierney,16,9,1,3,8,13,9,6,1,1,0,0
02/09/2023,Bologna,Cagliari,2,1,H,0,1,A,,16,7,7,1,9,13,5,2,1,2,0,0
02/09/2023,Udinese,Frosinone,0,0,D,0,0,D,,12,12,6,2,14,9,3,5,2,2,0,0
02/09/2023,Atalanta,Monza,3,0,H,2,0,H,,18,8,8,2,11,9,7,3,0,3,0,0
02/09/2023,Napoli,Lazio,1,2,A,1,1,D,,22,6,4,2,8,9,7,2,1,2,0,0
02/09/2023,Augsburg,Bochum,2,2,D,1,1,D,,11,22,3,9,15,13,3,5,2,2,0,0
02/09/2023,Hoffenheim,Wolfsburg,3,1,H,1,1,D,,11,14,5,7,12,15,3,3,2,2,0,0
02/09/2023,Leverkusen,Darmstadt,5,1,H,1,1,D,,24,5,13,1,8,11,4,2,3,2,0,0
02/09/2023,Stuttgart,Freiburg,5,0,H,3,0,H,,13,11,6,5,9,10,2,4,1,1,0,0
02/09/2023,Werder Bremen,Mainz,4,0,H,1,0,H,,12,12,6,3,18,14,1,7,2,2,0,0
02/09/2023,M'gladbach,Bayern Munich,1,2,A,1,0,H,,8,25,3,9,5,20,1,15,0,2,0,0
02/09/2023,Sociedad,Granada,5,3,H,2,1,H,,15,8,6,5,15,14,2,5,1,5,0,0
02/09/2023,Real Madrid,Getafe,2,1,H,0,1,A,,26,6,12,2,12,16,11,1,2,6,0,0
02/09/2023,Alaves,Valencia,1,0,H,1,0,H,,7,9,1,4,18,9,1,2,4,2,0,0
02/09/2023,Betis,Vallecano,1,0,H,0,0,D,,14,15,5,6,22,20,2,3,3,5,0,0
02/09/2023,Brest,Rennes,0,0,D,0,0,D,,13,6,2,3,12,12,7,5,3,1,0,0
02/09/2023,Monaco,Lens,3,0,H,2,0,H,,11,12,6,1,21,16,5,2,4,2,0,0
02/09/2023,Sheffield United,Everton,2,2,D,2,1,H,A Madley,13,16,8,6,11,13,4,6,1,2,0,0
02/09/2023,Brentford,Bournemouth,2,2,D,1,1,D,R Madley,21,12,7,5,6,13,5,2,1,2,0,0
02/09/2023,Burnley,Tottenham,2,5,A,1,2,A,D England,16,20,4,10,15,9,7,4,4,3,0,0
02/09/2023,Chelsea,Nott'm Forest,0,1,A,0,0,D,T Robinson,21,7,2,3,10,9,8,0,3,4,0,0
02/09/2023,Man City,Fulham,5,1,H,2,1,H,M Oliver,7,6,5,4,12,12,4,5,2,4,0,0
02/09/2023,Brighton,Newcastle,3,1,H,1,0,H,S Attwell,15,9,6,2,14,17,5,3,4,4,0,0
03/09/2023,Inter,Fiorentina,4,0,H,1,0,H,,21,6,11,2,13,12,1,1,1,1,0,0
03/09/2023,Torino,Genoa,1,0,H,0,0,D,,10,7,3,2,13,7,4,0,2,5,0,0
03/09/2023,Empoli,Juventus,0,2,A,0,1,A,,7,18,0,5,14,13,3,7,3,3,0,0
03/09/2023,Lecce,Salernitana,2,0,H,1,0,H,,20,11,6,4,17,15,6,5,3,3,0,0
03/09/2023,Ein Frankfurt,FC Koln,1,1,D,0,1,A,,12,6,4,2,10,10,8,1,1,3,0,0
03/09/2023,Union Berlin,RB Leipzig,0,3,A,0,0,D,,4,15,1,8,16,9,3,7,3,1,1,0
03/09/2023,Girona,Las Palmas,1,0,H,0,0,D,,11,10,6,5,15,10,3,5,3,3,0,0
03/09/2023,Mallorca,Ath Bilbao,0,0,D,0,0,D,,8,11,2,3,12,17,3,5,0,1,0,0
03/09/2023,Osasuna,Barcelona,1,2,A,0,1,A,,11,9,3,4,6,16,8,5,1,3,1,0
03/09/2023,Toulouse,Clermont,2,2,D,2,1,H,,9,15,5,3,19,17,0,8,1,3,0,0
03/09/2023,Le Havre,Lorient,3,0,H,0,0,D,,17,9,6,2,10,7,5,4,0,0,0,0
03/09/2023,Lille,Montpellier,1,0,H,1,0,H,,15,9,6,5,15,14,5,5,2,1,0,0
03/09/2023,Metz,Reims,2,2,D,1,1,D,,12,12,4,2,10,17,4,1,0,4,0,0
03/09/2023,Nice,Strasbourg,2,0,H,1,0,H,,16,4,6,0,7,12,5,2,2,1,0,0
03/09/2023,Lyon,Paris SG,1,4,A,0,4,A,,19,22,8,8,9,5,5,2,2,2,0,0
03/09/2023,Crystal Palace,Wolves,3,2,H,0,0,D,R Jones,16,12,11,4,12,12,4,2,1,3,0,0
03/09/2023,Liverpool,Aston Villa,3,0,H,2,0,H,S Hooper,17,9,4,3,12,7,7,3,0,1,0,0
03/09/2023,Arsenal,Man United,3,1,H,1,1,D,A Taylor,17,10,5,2,8,7,12,3,2,3,0,0
15/09/2023,Bayern Munich,Leverkusen,2,2,D,1,1,D,,15,12,9,5,6,6,7,4,0,3,0,0
15/09/2023,Vallecano,Alaves,2,0,H,1,0,H,,20,9,11,1,15,14,5,3,2,3,0,0
15/09/2023,Paris SG,Nice,2,3,A,1,1,D,,12,14,3,8,8,17,4,3,2,5,0,0
16/09/2023,Juventus,Lazio,3,1,H,2,0,H,,17,16,7,5,13,13,7,9,5,1,0,0
16/09/2023,Inter,Milan,5,1,H,2,0,H,,14,9,7,2,16,13,5,0,2,2,0,0
16/09/2023,Genoa,Napoli,2,2,D,1,0,H,,8,12,3,4,14,8,3,1,3,2,0,0
16/09/2023,FC Koln,Hoffenheim,1,3,A,0,2,A,,17,17,7,5,15,14,13,4,4,4,1,0
16/09/2023,Freiburg,Dortmund,2,4,A,2,1,H,,14,14,4,6,12,16,6,8,2,3,1,0
16/09/2023,Mainz,Stuttgart,1,3,A,0,0,D,,15,16,3,6,12,9,6,4,1,2,0,0
16/09/2023,RB Leipzig,Augsburg,3,0,H,3,0,H,,9,16,6,4,16,12,1,6,0,0,0,0
16/09/2023,Wolfsburg,Union Berlin,2,1,H,2,1,H,,8,17,3,5,6,8,3,7,1,0,0,0
16/09/2023,Bochum,Ein Frankfurt,1,1,D,0,0,D,,24,8,10,6,13,14,8,2,3,2,0,0
16/09/2023,Ath Bilbao,Cadiz,3,0,H,0,0,D,,20,5,9,4,10,20,5,4,1,4,0,0
16/09/2023,Valencia,Ath Madrid,3,0,H,2,0,H,,12,11,8,3,13,17,5,8,1,5,0,0
16/09/2023,Celta,Mallorca,0,1,A,0,0,D,,16,7,4,4,9,15,10,1,1,3,0,0
16/09/2023,Barcelona,Betis,5,0,H,2,0,H,,17,11,9,2,9,10,9,5,1,2,0,0
16/09/2023,Rennes,Lille,2,2,D,0,1,A,,7,10,4,6,11,16,5,2,1,4,0,0
16/09/2023,Lens,Metz,0,1,A,0,1,A,,31,2,10,2,12,12,9,1,1,2,0,0
16/09/2023,Wolves,Liverpool,1,3,A,1,0,H,M Oliver,11,16,2,6,10,4,4,4,1,3,0,0
16/09/2023,Aston Villa,Crystal Palace,3,1,H,0,0,D,D England,16,6,5,3,13,9,4,2,5,3,0,0
16/09/2023,Fulham,Luton,1,0,H,0,0,D,M Salisbury,13,7,2,2,6,14,6,2,2,2,0,0
16/09/2023,Man United,Brighton,1,3,A,0,1,A,J Gillett,14,10,4,8,8,9,8,1,2,2,0,0
16/09/2023,Tottenham,Sheffield United,2,1,H,0,0,D,P Bankes,28,7,10,5,13,14,15,2,6,5,0,1
16/09/2023,West Ham,Man City,1,3,A,1,0,H,A Madley,6,29,3,15,7,11,4,11,3,2,0,0
16/09/2023,Newcastle,Brentford,1,0,H,0,0,D,C Pawson,9,11,2,2,8,12,8,3,3,5,0,0
17/09/2023,Cagliari,Udinese,0,0,D,0,0,D,,10,11,1,1,12,11,4,6,2,1,1,0
17/09/2023,Frosinone,Sassuolo,4,2,H,1,2,A,,16,18,6,7,10,9,5,6,4,2,0,0
17/09/2023,Monza,Lecce,1,1,D,1,1,D,,25,4,6,3,17,11,10,1,6,1,1,1
17/09/2023,Fiorentina,Atalanta,3,2,H,2,1,H,,15,11,8,4,8,14,3,4,1,2,0,0
17/09/2023,Roma,Empoli,7,0,H,3,0,H,,14,8,9,2,15,5,2,6,2,2,0,0
17/09/2023,Heidenheim,Werder Bremen,4,2,H,2,0,H,,19,11,4,4,21,9,10,1,1,1,0,0
17/09/2023,Darmstadt,M'gladbach,3,3,D,3,0,H,,15,21,8,10,12,8,6,6,1,1,1,0
17/09/2023,Getafe,Osasuna,3,2,H,1,1,D,,11,8,6,3,15,11,6,3,6,2,0,0
17/09/2023,Villarreal,Almeria,2,1,H,1,1,D,,10,17,4,7,16,6,7,6,2,3,0,0
17/09/2023,Sevilla,Las Palmas,1,0,H,0,0,D,,26,12,9,2,13,12,7,3,3,5,0,0
17/09/2023,Real Madrid,Sociedad,2,1,H,0,1,A,,17,15,8,5,11,14,4,3,3,2,0,0
17/09/2023,Lorient,Monaco,2,2,D,1,1,D,,10,20,3,7,13,14,8,6,0,1,0,0
17/09/2023,Clermont,Nantes,0,1,A,0,0,D,,16,8,3,5,16,16,6,3,2,2,0,0
17/09/2023,Reims,Brest,1,2,A,1,0,H,,13,18,7,7,7,11,8,8,2,4,0,0
17/09/2023,Strasbourg,Montpellier,2,2,D,0,2,A,,14,11,7,4,17,17,2,4,4,6,0,0
17/09/2023,Marseille,Toulouse,0,0,D,0,0,D,,24,10,6,3,9,11,6,1,2,5,0,0
17/09/2023,Lyon,Le Havre,0,0,D,0,0,D,,23,7,7,0,13,12,6,1,3,2,0,0
17/09/2023,Bournemouth,Chelsea,0,0,D,0,0,D,D Coote,13,14,4,6,15,20,1,7,1,5,0,0
17/09/2023,Everton,Arsenal,0,1,A,0,0,D,S Hooper,8,13,1,4,12,10,1,11,1,1,0,0
18/09/2023,Salernitana,Torino,0,3,A,0,2,A,,14,11,4,3,12,16,1,2,2,2,0,0
18/09/2023,Verona,Bologna,0,0,D,0,0,D,,9,11,1,4,18,10,3,4,4,2,0,0
18/09/2023,Granada,Girona,2,4,A,0,3,A,,12,13,5,7,13,21,4,5,3,3,0,0
18/09/2023,Nott'm Forest,Burnley,1,1,D,0,1,A,R Jones,14,10,4,3,16,10,5,4,2,3,0,1
22/09/2023,Salernitana,Frosinone,1,1,D,0,1,A,,19,9,6,3,12,12,8,6,2,2,0,0
22/09/2023,Lecce,Genoa,1,0,H,0,0,D,,18,8,3,1,12,10,4,3,1,3,0,1
22/09/2023,Stuttgart,Darmstadt,3,1,H,2,1,H,,18,3,11,0,7,12,5,4,1,6,0,0
22/09/2023,Alaves,Ath Bilbao,0,2,A,0,1,A,,15,11,5,3,13,9,3,4,2,2,0,0
22/09/2023,Monaco,Nice,0,1,A,0,0,D,,9,13,3,7,13,15,5,2,1,1,0,0
23/09/2023,Milan,Verona,1,0,H,1,0,H,,9,10,4,2,13,9,2,3,4,2,0,0
23/09/2023,Sassuolo,Juventus,4,2,H,2,1,H,,18,15,7,2,13,8,6,3,4,2,0,0
23/09/2023,Lazio,Monza,1,1,D,1,1,D,,8,16,1,4,13,7,1,3,2,2,0,0
23/09/2023,Augsburg,Mainz,2,1,H,2,1,H,,6,13,3,3,16,14,3,4,2,3,1,0
23/09/2023,Bayern Munich,Bochum,7,0,H,4,0,H,,26,4,16,1,8,10,8,1,0,1,0,0
23/09/2023,Dortmund,Wolfsburg,1,0,H,0,0,D,,18,8,4,2,9,14,5,3,0,1,0,0
23/09/2023,M'gladbach,RB Leipzig,0,1,A,0,0,D,,13,8,1,4,14,7,11,6,1,1,0,0
23/09/2023,Union Berlin,Hoffenheim,0,2,A,0,2,A,,22,11,6,4,11,13,11,6,1,3,0,0
23/09/2023,Werder Bremen,FC Koln,2,1,H,1,1,D,,17,13,6,5,18,16,9,8,2,1,0,0
23/09/2023,Girona,Mallorca,5,3,H,4,1,H,,23,15,10,5,10,12,6,5,1,5,0,0
23/09/2023,Osasuna,Sevilla,0,0,D,0,0,D,,16,15,2,3,11,7,7,4,2,3,0,0
23/09/2023,Barcelona,Celta,3,2,H,0,1,A,,15,13,6,7,10,11,2,3,2,1,0,0
23/09/2023,Almeria,Valencia,2,2,D,0,1,A,,17,7,10,5,12,10,8,3,4,2,0,0
23/09/2023,Nantes,Lorient,5,3,H,1,1,D,,19,10,9,7,8,17,4,2,1,3,0,0
23/09/2023,Brest,Lyon,1,0,H,0,0,D,,27,6,11,3,17,16,10,1,3,1,0,0
23/09/2023,Crystal Palace,Fulham,0,0,D,0,0,D,P Tierney,7,10,3,5,10,15,3,2,3,2,0,0
23/09/2023,Luton,Wolves,1,1,D,0,0,D,J Smith,20,3,4,3,12,17,10,1,0,2,0,1
23/09/2023,Man City,Nott'm Forest,2,0,H,2,0,H,A Taylor,7,10,4,3,5,17,6,6,3,7,1,0
23/09/2023,Brentford,Everton,1,3,A,1,1,D,M Oliver,12,18,2,6,9,12,1,4,2,2,0,0
23/09/2023,Burnley,Man United,0,1,A,0,1,A,T Harrington,12,11,4,4,6,12,9,5,1,2,0,0
24/09/2023,Empoli,Inter,0,1,A,0,0,D,,7,23,1,6,15,11,3,6,2,2,0,0
24/09/2023,Atalanta,Cagliari,2,0,H,1,0,H,,10,11,6,1,6,11,7,7,1,2,0,0
24/09/2023,Udinese,Fiorentina,0,2,A,0,1,A,,20,6,8,2,13,11,10,3,0,1,0,0
24/09/2023,Bologna,Napoli,0,0,D,0,0,D,,5,12,2,4,16,12,5,5,4,5,0,0
24/09/2023,Torino,Roma,1,1,D,0,0,D,,13,11,4,3,4,5,7,1,0,2,0,0
24/09/2023,Leverkusen,Heidenheim,4,1,H,1,0,H,,20,1,10,1,9,10,7,2,1,1,0,0
24/09/2023,Ein Frankfurt,Freiburg,0,0,D,0,0,D,,13,9,5,2,12,5,7,3,4,2,0,0
24/09/2023,Sociedad,Getafe,4,3,H,1,2,A,,10,10,6,7,13,24,2,1,3,2,0,0
24/09/2023,Vallecano,Villarreal,1,1,D,1,1,D,,11,13,6,6,20,18,2,8,2,3,0,1
24/09/2023,Betis,Cadiz,1,1,D,0,1,A,,21,5,7,1,10,14,11,8,2,3,0,0
24/09/2023,Las Palmas,Granada,1,0,H,0,0,D,,10,2,3,1,13,19,6,7,6,4,1,0
24/09/2023,Ath Madrid,Real Madrid,3,1,H,2,1,H,,10,20,4,5,13,10,6,11,1,3,0,0
24/09/2023,Metz,Strasbourg,0,1,A,0,0,D,,13,4,1,1,16,15,1,1,2,0,0,0
24/09/2023,Le Havre,Clermont,2,1,H,2,1,H,,9,11,3,4,15,17,1,3,2,3,0,0
24/09/2023,Lens,Toulouse,2,1,H,1,1,D,,27,7,7,2,16,15,9,4,2,1,0,0
24/09/2023,Montpellier,Rennes,0,0,D,0,0,D,,13,18,4,6,10,15,3,6,2,1,0,0
24/09/2023,Paris SG,Marseille,4,0,H,2,0,H,,15,6,5,0,11,14,8,3,0,3,0,0
24/09/2023,Arsenal,Tottenham,2,2,D,1,1,D,R Jones,13,13,6,5,12,19,11,4,3,4,0,0
24/09/2023,Brighton,Bournemouth,3,1,H,1,1,D,J Brooks,13,12,4,4,12,17,4,4,3,3,0,0
24/09/2023,Chelsea,Aston Villa,0,1,A,0,0,D,J Gillett,10,15,4,7,9,11,5,11,2,3,0,0
24/09/2023,Liverpool,West Ham,3,1,H,1,1,D,C Kavanagh,22,11,7,4,12,13,7,4,0,2,0,0
24/09/2023,Sheffield United,Newcastle,0,8,A,0,3,A,S Attwell,9,22,1,15,12,8,2,6,3,0,0,0
26/09/2023,Juventus,Lecce,1,0,H,0,0,D,,14,2,5,0,14,15,5,1,2,5,0,1
26/09/2023,Sevilla,Almeria,5,1,H,3,0,H,,18,10,9,1,15,16,9,4,3,2,0,0
26/09/2023,Mallorca,Barcelona,2,2,D,2,1,H,,10,10,5,4,19,7,7,2,4,1,1,0
26/09/2023,Lille,Reims,1,2,A,0,2,A,,14,4,3,4,4,19,4,2,1,2,0,0
27/09/2023,Cagliari,Milan,1,3,A,1,2,A,,16,17,6,6,13,6,3,5,3,1,0,0
27/09/2023,Empoli,Salernitana,1,0,H,1,0,H,,13,14,6,2,18,13,10,2,2,1,0,0
27/09/2023,Verona,Atalanta,0,1,A,0,1,A,,11,8,2,2,10,25,4,1,2,3,0,0
27/09/2023,Inter,Sassuolo,1,2,A,1,0,H,,13,13,3,6,10,8,8,6,0,1,0,0
27/09/2023,Lazio,Torino,2,0,H,0,0,D,,6,7,3,2,12,13,4,2,1,4,0,0
27/09/2023,Napoli,Udinese,4,1,H,2,0,H,,23,13,10,3,11,10,8,4,1,1,0,0
27/09/2023,Ath Bilbao,Getafe,2,2,D,1,0,H,,9,13,4,5,9,19,5,4,5,6,1,0
27/09/2023,Real Madrid,Las Palmas,2,0,H,1,0,H,,21,16,9,2,7,9,7,2,0,1,0,0
27/09/2023,Villarreal,Girona,1,2,A,0,0,D,,14,17,3,5,9,11,5,6,3,2,0,0
27/09/2023,Cadiz,Vallecano,0,0,D,0,0,D,,9,9,2,4,16,13,1,2,5,6,0,1
27/09/2023,Valencia,Sociedad,0,1,A,0,1,A,,9,2,2,1,14,17,0,2,4,7,1,0
28/09/2023,Frosinone,Fiorentina,1,1,D,0,1,A,,11,19,3,6,6,11,8,10,3,3,0,0
28/09/2023,Monza,Bologna,0,0,D,0,0,D,,12,7,3,5,9,13,7,5,5,3,0,1
28/09/2023,Genoa,Roma,4,1,H,2,1,H,,8,13,4,3,7,12,1,7,4,3,0,0
28/09/2023,Celta,Alaves,1,1,D,1,0,H,,8,21,0,11,9,11,2,8,5,3,1,0
28/09/2023,Granada,Betis,1,1,D,0,0,D,,19,13,7,3,14,10,5,7,2,1,0,0
28/09/2023,Osasuna,Ath Madrid,0,2,A,0,1,A,,13,4,2,3,14,4,7,2,3,3,1,1
29/09/2023,Hoffenheim,Dortmund,1,3,A,1,2,A,,15,6,5,5,14,16,4,3,3,4,0,1
29/09/2023,Barcelona,Sevilla,1,0,H,0,0,D,,18,12,5,3,11,15,13,3,2,3,0,0
29/09/2023,Strasbourg,Lens,0,1,A,0,1,A,,8,9,2,2,16,15,2,3,2,4,0,0
30/09/2023,Lecce,Napoli,0,4,A,0,1,A,,9,15,4,6,11,11,3,7,3,2,0,0
30/09/2023,Milan,Lazio,2,0,H,0,0,D,,14,13,7,4,15,5,7,1,3,2,0,0
30/09/2023,Salernitana,Inter,0,4,A,0,0,D,,12,16,3,6,12,10,3,3,2,1,0,0
30/09/2023,Bochum,M'gladbach,1,3,A,0,3,A,,23,25,5,9,12,12,5,10,2,3,0,0
30/09/2023,FC Koln,Stuttgart,0,2,A,0,0,D,,14,18,5,4,16,8,8,4,2,1,0,0
30/09/2023,Heidenheim,Union Berlin,1,0,H,0,0,D,,9,19,4,8,11,14,5,7,1,2,0,0
30/09/2023,Mainz,Leverkusen,0,3,A,0,1,A,,10,6,3,3,13,11,3,1,4,1,0,0
30/09/2023,Wolfsburg,Ein Frankfurt,2,0,H,1,0,H,,19,7,7,3,11,18,7,4,1,6,0,1
30/09/2023,RB Leipzig,Bayern Munich,2,2,D,2,0,H,,7,11,2,5,10,11,5,1,2,5,0,0
30/09/2023,Getafe,Villarreal,0,0,D,0,0,D,,22,3,9,0,19,11,6,4,2,4,0,1
30/09/2023,Vallecano,Mallorca,2,2,D,1,1,D,,19,9,5,4,12,20,5,0,2,5,0,0
30/09/2023,Girona,Real Madrid,0,3,A,0,2,A,,13,14,3,7,13,14,1,4,2,2,0,1
30/09/2023,Sociedad,Ath Bilbao,3,0,H,1,0,H,,8,18,5,3,20,9,5,7,2,2,0,0
30/09/2023,Clermont,Paris SG,0,0,D,0,0,D,,12,21,3,10,11,16,6,9,2,3,0,0
30/09/2023,Monaco,Marseille,3,2,H,2,2,D,,10,8,7,4,17,15,2,6,4,4,0,0
30/09/2023,Aston Villa,Brighton,6,1,H,3,0,H,A Madley,19,11,9,3,19,21,1,3,4,4,0,0
30/09/2023,Bournemouth,Arsenal,0,4,A,0,2,A,M Salisbury,8,15,1,8,11,10,6,6,0,1,0,0
30/09/2023,Everton,Luton,1,2,A,1,2,A,A Taylor,23,9,5,2,8,10,3,6,0,1,0,0
30/09/2023,Man United,Crystal Palace,0,1,A,0,1,A,C Kavanagh,19,8,4,2,10,8,10,4,3,2,0,0
30/09/2023,Newcastle,Burnley,2,0,H,1,0,H,T Bramall,20,8,8,2,7,15,5,3,1,3,0,0
30/09/2023,West Ham,Sheffield United,2,0,H,2,0,H,G Scott,20,16,9,2,6,9,7,4,1,1,0,0
30/09/2023,Wolves,Man City,2,1,H,1,0,H,C Pawson,3,23,1,8,18,12,0,6,5,4,0,0
30/09/2023,Tottenham,Liverpool,2,1,H,1,1,D,S Hooper,24,12,8,4,11,17,12,5,5,4,0,2
01/10/2023,Bologna,Empoli,3,0,H,1,0,H,,21,12,9,4,11,16,2,6,2,4,0,0
01/10/2023,Udinese,Genoa,2,2,D,1,2,A,,11,8,2,4,12,12,5,0,2,2,1,0
01/10/2023,Atalanta,Juventus,0,0,D,0,0,D,,15,5,2,3,13,7,5,2,1,2,0,0
01/10/2023,Roma,Frosinone,2,0,H,1,0,H,,11,8,5,0,12,11,7,3,1,2,0,0
01/10/2023,Darmstadt,Werder Bremen,4,2,H,2,0,H,,14,10,5,7,19,19,2,4,3,2,0,0
01/10/2023,Freiburg,Augsburg,2,0,H,1,0,H,,7,13,3,4,13,17,2,3,2,2,0,0
01/10/2023,Almeria,Granada,3,3,D,3,0,H,,17,19,5,4,18,14,1,5,2,1,0,0
01/10/2023,Alaves,Osasuna,0,2,A,0,1,A,,17,10,3,3,13,13,4,2,2,3,1,0
01/10/2023,Ath Madrid,Cadiz,3,2,H,1,2,A,,18,8,9,4,5,10,5,3,1,3,0,0
01/10/2023,Betis,Valencia,3,0,H,1,0,H,,15,9,7,2,11,10,5,3,2,2,0,0
01/10/2023,Reims,Lyon,2,0,H,1,0,H,,8,11,3,6,19,14,1,5,2,2,0,0
01/10/2023,Le Havre,Lille,0,2,A,0,1,A,,5,16,0,6,18,6,6,6,0,0,0,0
01/10/2023,Nice,Brest,0,0,D,0,0,D,,12,7,1,2,13,9,6,4,1,3,0,0
01/10/2023,Toulouse,Metz,3,0,H,2,0,H,,15,8,10,3,10,7,4,6,3,0,0,0
01/10/2023,Lorient,Montpellier,0,3,A,0,1,A,,14,14,3,8,13,6,8,3,2,1,0,0
01/10/2023,Rennes,Nantes,3,1,H,1,1,D,,16,10,5,3,11,17,6,4,3,6,0,1
01/10/2023,Nott'm Forest,Brentford,1,1,D,0,0,D,P Tierney,6,18,1,5,6,10,1,11,1,2,1,0
02/10/2023,Sassuolo,Monza,0,1,A,0,0,D,,19,13,7,4,8,10,7,4,0,0,0,0
02/10/2023,Torino,Verona,0,0,D,0,0,D,,8,5,2,2,6,11,10,1,1,1,0,0
02/10/2023,Fiorentina,Cagliari,3,0,H,2,0,H,,14,6,2,4,10,10,4,2,1,1,0,0
02/10/2023,Las Palmas,Celta,2,1,H,0,0,D,,16,11,5,3,13,14,4,5,2,1,0,0
02/10/2023,Fulham,Chelsea,0,2,A,0,2,A,T Robinson,10,11,3,4,15,12,8,1,1,4,0,0
03/10/2023,Luton,Burnley,1,2,A,0,1,A,P Bankes,18,14,3,4,14,6,7,6,4,2,0,0
06/10/2023,Empoli,Udinese,0,0,D,0,0,D,,18,11,3,1,11,15,5,7,1,2,0,0
06/10/2023,Lecce,Sassuolo,1,1,D,0,1,A,,13,14,4,1,9,15,5,3,2,3,0,0
06/10/2023,M'gladbach,Mainz,2,2,D,1,1,D,,20,13,9,7,9,9,10,3,3,1,0,0
06/10/2023,Ath Bilbao,Almeria,3,0,H,1,0,H,,23,4,9,1,11,7,6,2,2,0,0,0
06/10/2023,Strasbourg,Nantes,1,2,A,0,0,D,,11,16,3,7,15,12,3,11,4,0,0,0
07/10/2023,Inter,Bologna,2,2,D,2,1,H,,14,8,5,3,11,9,7,7,2,3,0,0
07/10/2023,Juventus,Torino,2,0,H,0,0,D,,17,10,6,1,10,8,7,3,1,1,0,0
07/10/2023,Genoa,Milan,0,1,A,0,0,D,,7,12,1,3,10,13,3,2,3,5,1,1
07/10/2023,Augsburg,Darmstadt,1,2,A,0,0,D,,17,17,3,5,13,12,4,4,4,2,0,0
07/10/2023,Dortmund,Union Berlin,4,2,H,1,2,A,,12,12,7,6,7,15,4,6,1,1,0,0
07/10/2023,RB Leipzig,Bochum,0,0,D,0,0,D,,18,9,5,2,10,13,9,1,2,4,0,0
07/10/2023,Stuttgart,Wolfsburg,3,1,H,0,1,A,,13,12,7,5,13,14,5,6,1,3,0,0
07/10/2023,Werder Bremen,Hoffenheim,2,3,A,1,2,A,,13,11,3,4,15,6,4,4,5,4,0,0
07/10/2023,Cadiz,Girona,0,1,A,0,0,D,,8,20,2,5,12,13,5,5,1,3,1,0
07/10/2023,Real Madrid,Osasuna,4,0,H,1,0,H,,19,7,9,1,9,6,5,4,2,2,0,0
07/10/2023,Mallorca,Valencia,1,1,D,1,1,D,,9,11,5,3,17,11,3,6,2,1,0,0
07/10/2023,Sevilla,Vallecano,2,2,D,0,2,A,,22,7,6,4,16,19,12,2,5,2,0,0
07/10/2023,Metz,Nice,0,1,A,0,1,A,,10,7,3,4,9,10,1,4,0,1,0,0
07/10/2023,Reims,Monaco,1,3,A,0,1,A,,11,11,4,4,10,14,10,5,0,3,0,0
07/10/2023,Luton,Tottenham,0,1,A,0,0,D,J Brooks,12,15,2,4,16,7,5,6,2,1,0,1
07/10/2023,Burnley,Chelsea,1,4,A,1,1,D,S Attwell,10,9,3,5,11,8,7,3,2,4,0,0
07/10/2023,Everton,Bournemouth,3,0,H,2,0,H,D Coote,25,11,8,4,14,15,8,7,1,2,0,0
07/10/2023,Fulham,Sheffield United,3,1,H,0,0,D,S Barrott,20,5,6,2,8,10,9,4,1,2,0,0
07/10/2023,Man United,Brentford,2,1,H,0,1,A,A Madley,21,11,8,3,10,17,7,5,0,5,0,0
07/10/2023,Crystal Palace,Nott'm Forest,0,0,D,0,0,D,C Pawson,8,16,2,5,7,12,3,7,0,1,0,0
08/10/2023,Monza,Salernitana,3,0,H,2,0,H,,16,8,7,5,8,16,7,7,1,2,0,0
08/10/2023,Frosinone,Verona,2,1,H,1,0,H,,11,16,2,4,9,12,2,4,1,4,0,0
08/10/2023,Lazio,Atalanta,3,2,H,2,1,H,,12,12,4,4,7,10,4,6,1,1,0,0
08/10/2023,Cagliari,Roma,1,4,A,0,2,A,,16,11,2,5,15,13,4,3,2,3,0,0
08/10/2023,Napoli,Fiorentina,1,3,A,1,1,D,,16,12,4,3,4,14,6,4,2,4,0,0
08/10/2023,Leverkusen,FC Koln,3,0,H,2,0,H,,21,7,10,3,9,7,11,4,3,0,0,0
08/10/2023,Bayern Munich,Freiburg,3,0,H,2,0,H,,21,2,5,0,7,8,7,1,1,0,0,0
08/10/2023,Ein Frankfurt,Heidenheim,2,0,H,1,0,H,,12,7,6,2,14,10,3,6,2,3,0,0
08/10/2023,Villarreal,Las Palmas,1,2,A,0,1,A,,9,8,4,5,17,7,7,2,4,4,0,0
08/10/2023,Ath Madrid,Sociedad,2,1,H,1,0,H,,14,13,5,4,9,12,1,4,3,3,0,0
08/10/2023,Alaves,Betis,1,1,D,1,1,D,,15,6,5,2,13,9,5,3,3,3,0,1
08/10/2023,Celta,Getafe,2,2,D,2,2,D,,26,3,11,2,14,20,13,1,1,8,0,1
08/10/2023,Granada,Barcelona,2,2,D,2,1,H,,7,22,2,10,12,7,1,11,4,1,0,0
08/10/2023,Marseille,Le Havre,3,0,H,2,0,H,,14,7,6,1,6,16,4,3,0,3,0,1
08/10/2023,Brest,Toulouse,1,1,D,0,1,A,,13,9,2,3,18,18,3,5,2,2,0,0
08/10/2023,Lyon,Lorient,3,3,D,3,1,H,,9,6,6,5,22,10,5,2,0,0,0,0
08/10/2023,Lens,Lille,1,1,D,0,1,A,,14,8,5,3,14,16,8,5,2,4,0,0
08/10/2023,Rennes,Paris SG,1,3,A,0,2,A,,14,17,4,7,12,15,1,7,1,0,0,0
08/10/2023,Brighton,Liverpool,2,2,D,1,2,A,A Taylor,14,14,3,4,12,20,8,1,1,2,0,0
08/10/2023,West Ham,Newcastle,2,2,D,1,0,H,P Bankes,5,10,3,3,11,18,4,2,3,3,0,0
08/10/2023,Wolves,Aston Villa,1,1,D,0,0,D,R Jones,8,18,3,4,19,9,2,10,2,2,1,0
08/10/2023,Arsenal,Man City,1,0,H,0,0,D,M Oliver,12,4,2,1,8,7,5,4,2,3,0,0
20/10/2023,Dortmund,Werder Bremen,1,0,H,0,0,D,,22,6,5,1,5,10,10,4,1,5,0,0
20/10/2023,Osasuna,Granada,2,0,H,1,0,H,,12,13,6,3,19,13,1,7,3,4,0,1
20/10/2023,Le Havre,Lens,0,0,D,0,0,D,,14,13,5,7,16,9,3,3,2,3,0,0
21/10/2023,Verona,Napoli,1,3,A,0,2,A,,15,22,9,10,12,9,5,8,3,2,0,0
21/10/2023,Torino,Inter,0,3,A,0,0,D,,7,14,3,4,13,8,2,4,1,2,0,0
21/10/2023,Sassuolo,Lazio,0,2,A,0,2,A,,9,18,2,6,6,10,5,7,1,5,0,0
21/10/2023,Darmstadt,RB Leipzig,1,3,A,1,2,A,,16,10,3,7,16,12,6,0,6,3,0,0
21/10/2023,Freiburg,Bochum,2,1,H,2,1,H,,15,13,5,5,11,16,5,2,3,4,0,0
21/10/2023,Hoffenheim,Ein Frankfurt,1,3,A,1,3,A,,14,13,5,5,7,7,6,3,3,0,0,0
21/10/2023,Union Berlin,Stuttgart,0,3,A,0,1,A,,10,10,2,5,12,12,4,2,2,1,0,0
21/10/2023,Wolfsburg,Leverkusen,1,2,A,1,1,D,,18,13,7,6,15,14,4,3,3,5,0,0
21/10/2023,Mainz,Bayern Munich,1,3,A,1,2,A,,14,12,3,5,12,10,2,7,3,2,0,0
21/10/2023,Sociedad,Mallorca,1,0,H,0,0,D,,14,18,6,7,14,16,2,5,3,3,0,0
21/10/2023,Getafe,Betis,1,1,D,1,1,D,,14,13,4,3,17,11,4,8,5,2,0,0
21/10/2023,Sevilla,Real Madrid,1,1,D,0,0,D,,17,14,7,5,13,6,4,6,5,2,0,0
21/10/2023,Celta,Ath Madrid,0,3,A,0,1,A,,16,12,3,7,10,10,7,5,3,2,1,0
21/10/2023,Paris SG,Strasbourg,3,0,H,2,0,H,,8,7,4,1,11,10,1,6,2,0,0,0
21/10/2023,Nice,Marseille,1,0,H,0,0,D,,10,9,2,1,13,6,4,2,4,3,0,1
21/10/2023,Liverpool,Everton,2,0,H,0,0,D,C Pawson,26,6,6,1,9,9,12,4,1,1,0,1
21/10/2023,Bournemouth,Wolves,1,2,A,1,0,H,P Tierney,7,20,4,7,15,10,3,12,2,6,1,0
21/10/2023,Brentford,Burnley,3,0,H,1,0,H,J Smith,23,6,10,1,14,12,5,5,5,2,0,1
21/10/2023,Man City,Brighton,2,1,H,2,0,H,R Jones,10,5,6,3,9,11,2,2,2,2,1,0
21/10/2023,Newcastle,Crystal Palace,4,0,H,3,0,H,T Robinson,10,17,7,3,7,12,6,8,2,3,0,0
21/10/2023,Nott'm Forest,Luton,2,2,D,0,0,D,S Barrott,19,13,8,4,12,11,4,2,3,0,0,0
21/10/2023,Chelsea,Arsenal,2,2,D,1,0,H,C Kavanagh,11,13,5,3,7,14,2,7,3,3,0,0
21/10/2023,Sheffield United,Man United,1,2,A,1,1,D,M Oliver,12,14,6,5,12,10,5,4,3,1,0,0
22/10/2023,Roma,Monza,1,0,H,0,0,D,,21,11,4,4,11,11,8,5,2,4,0,1
22/10/2023,Bologna,Frosinone,2,1,H,2,0,H,,12,12,6,5,10,14,4,5,2,2,0,1
22/10/2023,Salernitana,Cagliari,2,2,D,0,0,D,,13,13,2,6,11,12,8,5,3,4,0,0
22/10/2023,Atalanta,Genoa,2,0,H,0,0,D,,13,15,8,4,17,9,8,4,4,2,0,0
22/10/2023,Milan,Juventus,0,1,A,0,0,D,,7,14,1,4,12,16,6,3,1,4,1,0
22/10/2023,FC Koln,M'gladbach,3,1,H,1,0,H,,21,5,8,2,13,10,8,3,0,2,0,1
22/10/2023,Heidenheim,Augsburg,2,5,A,2,3,A,,16,9,5,6,11,11,6,5,3,2,0,0
22/10/2023,Las Palmas,Vallecano,0,1,A,0,0,D,,12,12,6,4,13,11,10,5,4,3,0,1
22/10/2023,Girona,Almeria,5,2,H,3,2,H,,19,9,8,5,11,14,9,6,1,2,0,0
22/10/2023,Villarreal,Alaves,1,1,D,0,0,D,,12,16,3,7,15,10,9,3,4,3,0,0
22/10/2023,Barcelona,Ath Bilbao,1,0,H,0,0,D,,12,10,7,3,11,18,4,7,3,3,0,0
22/10/2023,Lorient,Rennes,2,1,H,2,1,H,,5,20,4,6,5,14,6,16,0,2,0,0
22/10/2023,Lille,Brest,1,0,H,1,0,H,,6,9,4,1,12,13,3,5,2,3,0,0
22/10/2023,Nantes,Montpellier,2,0,H,1,0,H,,14,11,5,6,16,13,4,3,2,1,0,0
22/10/2023,Toulouse,Reims,1,1,D,0,0,D,,11,15,5,4,18,15,5,7,2,0,0,0
22/10/2023,Monaco,Metz,2,1,H,1,1,D,,27,8,13,4,12,11,10,2,1,3,0,0
22/10/2023,Lyon,Clermont,1,2,A,0,2,A,,25,12,6,5,16,12,10,3,4,6,0,0
22/10/2023,Aston Villa,West Ham,4,1,H,1,0,H,D Coote,15,14,7,4,9,15,8,7,0,1,0,0
23/10/2023,Udinese,Lecce,1,1,D,0,0,D,,12,12,6,1,11,15,2,7,3,5,0,0
23/10/2023,Fiorentina,Empoli,0,2,A,0,1,A,,19,7,7,3,13,17,13,3,1,3,0,0
23/10/2023,Valencia,Cadiz,2,0,H,2,0,H,,12,5,4,4,16,16,4,6,0,3,0,1
23/10/2023,Tottenham,Fulham,2,0,H,1,0,H,A Taylor,15,10,5,3,10,14,3,5,2,0,0,0
27/10/2023,Genoa,Salernitana,1,0,H,1,0,H,,8,7,4,2,11,19,7,0,3,4,0,0
27/10/2023,Bochum,Mainz,2,2,D,1,0,H,,10,10,4,4,14,21,5,4,3,3,0,0
27/10/2023,Girona,Celta,1,0,H,0,0,D,,12,4,2,2,15,12,10,1,3,2,0,0
27/10/2023,Clermont,Nice,0,1,A,0,0,D,,8,11,3,5,14,12,2,2,0,2,0,0
27/10/2023,Crystal Palace,Tottenham,1,2,A,0,0,D,A Madley,13,10,3,1,19,11,11,2,2,1,0,0
28/10/2023,Sassuolo,Bologna,1,1,D,1,1,D,,17,9,6,5,11,10,6,2,1,4,0,0
28/10/2023,Lecce,Torino,0,1,A,0,1,A,,11,10,6,2,17,19,3,0,3,5,0,0
28/10/2023,Juventus,Verona,1,0,H,0,0,D,,30,7,6,1,13,8,5,1,3,2,0,0
28/10/2023,Augsburg,Wolfsburg,3,2,H,1,2,A,,9,13,5,6,19,14,5,5,6,4,1,0
28/10/2023,Bayern Munich,Darmstadt,8,0,H,0,0,D,,28,10,16,4,15,13,7,1,1,2,1,2
28/10/2023,M'gladbach,Heidenheim,2,1,H,1,1,D,,11,8,6,3,5,18,6,4,0,3,0,0
28/10/2023,Stuttgart,Hoffenheim,2,3,A,0,2,A,,23,7,10,5,13,11,6,0,2,1,0,0
28/10/2023,Werder Bremen,Union Berlin,2,0,H,1,0,H,,9,7,3,2,12,14,3,3,1,4,0,1
28/10/2023,RB Leipzig,FC Koln,6,0,H,4,0,H,,24,6,13,1,8,13,11,1,2,4,0,1
28/10/2023,Almeria,Las Palmas,1,2,A,0,1,A,,10,10,4,3,13,19,3,2,3,1,0,0
28/10/2023,Barcelona,Real Madrid,1,2,A,1,0,H,,15,13,3,4,15,15,6,3,2,1,0,0
28/10/2023,Mallorca,Getafe,0,0,D,0,0,D,,15,8,4,0,10,25,8,3,0,1,0,0
28/10/2023,Cadiz,Sevilla,2,2,D,2,1,H,,10,20,5,10,17,12,2,4,6,4,0,0
28/10/2023,Reims,Lorient,1,0,H,0,0,D,,12,9,5,1,16,7,4,4,1,3,0,0
28/10/2023,Lens,Nantes,4,0,H,1,0,H,,11,11,7,1,12,17,4,1,1,2,0,0
28/10/2023,Chelsea,Brentford,0,2,A,0,0,D,S Hooper,17,7,2,5,12,7,10,1,1,4,0,0
28/10/2023,Arsenal,Sheffield United,5,0,H,1,0,H,T Robinson,13,2,8,0,9,13,6,1,0,3,0,0
28/10/2023,Bournemouth,Burnley,2,1,H,1,1,D,S Barrott,13,6,6,3,9,12,10,5,2,3,0,0
28/10/2023,Wolves,Newcastle,2,2,D,1,2,A,A Taylor,11,13,6,5,13,15,8,7,1,4,0,0
29/10/2023,Cagliari,Frosinone,4,3,H,0,2,A,,24,10,6,6,8,7,5,7,1,4,0,0
29/10/2023,Monza,Udinese,1,1,D,1,0,H,,10,10,4,3,15,11,10,3,2,1,0,0
29/10/2023,Inter,Roma,1,0,H,0,0,D,,19,3,3,1,14,9,8,0,3,4,0,0
29/10/2023,Napoli,Milan,2,2,D,0,2,A,,17,20,4,6,14,10,6,4,4,3,1,0
29/10/2023,Ein Frankfurt,Dortmund,3,3,D,2,1,H,,11,14,7,4,11,10,0,4,3,2,0,0
29/10/2023,Leverkusen,Freiburg,2,1,H,1,0,H,,19,10,4,4,9,10,11,4,0,2,0,0
29/10/2023,Betis,Osasuna,2,1,H,1,0,H,,9,7,2,1,10,25,6,3,3,4,0,0
29/10/2023,Vallecano,Sociedad,2,2,D,1,1,D,,16,15,7,3,17,16,4,5,3,2,0,0
29/10/2023,Ath Bilbao,Valencia,2,2,D,1,0,H,,12,11,7,5,11,10,10,4,3,1,0,0
29/10/2023,Ath Madrid,Alaves,2,1,H,2,0,H,,11,8,7,1,10,11,4,4,3,2,0,0
29/10/2023,Brest,Paris SG,2,3,A,1,2,A,,20,17,5,10,14,10,9,5,3,4,0,0
29/10/2023,Lille,Monaco,2,0,H,2,0,H,,7,16,5,6,17,13,2,8,1,2,0,0
29/10/2023,Metz,Le Havre,0,0,D,0,0,D,,9,12,3,1,13,15,5,6,2,2,0,0
29/10/2023,Montpellier,Toulouse,3,0,H,1,0,H,,19,16,6,5,13,15,3,4,2,3,0,0
29/10/2023,Rennes,Strasbourg,1,1,D,1,0,H,,20,11,3,3,14,16,7,5,2,2,0,0
29/10/2023,West Ham,Everton,0,1,A,0,0,D,S Attwell,12,10,2,4,7,11,4,3,4,1,0,0
29/10/2023,Aston Villa,Luton,3,1,H,1,0,H,J Brooks,17,7,6,1,11,10,6,4,3,2,0,0
29/10/2023,Brighton,Fulham,1,1,D,1,0,H,M Salisbury,18,10,7,5,12,8,7,3,0,3,0,0
29/10/2023,Liverpool,Nott'm Forest,3,0,H,2,0,H,C Kavanagh,21,9,8,1,9,13,8,3,2,3,0,0
29/10/2023,Man United,Man City,0,3,A,0,1,A,P Tierney,7,21,3,10,9,4,7,12,4,1,0,0
30/10/2023,Empoli,Atalanta,0,3,A,0,2,A,,9,18,2,6,10,13,3,6,4,0,0,0
30/10/2023,Lazio,Fiorentina,1,0,H,0,0,D,,11,9,4,5,12,17,0,4,3,3,0,0
30/10/2023,Granada,Villarreal,2,3,A,2,3,A,,18,6,8,5,14,15,4,1,0,4,0,0
03/11/2023,Bologna,Lazio,1,0,H,0,0,D,,6,11,2,1,12,8,2,6,2,5,0,0
03/11/2023,Darmstadt,Bochum,1,2,A,1,1,D,,15,9,4,4,7,16,11,2,2,5,1,0
03/11/2023,Las Palmas,Ath Madrid,2,1,H,0,0,D,,9,13,3,5,12,9,3,4,0,3,0,0
03/11/2023,Paris SG,Montpellier,3,0,H,1,0,H,,21,7,10,2,10,13,9,2,1,0,0,0
04/11/2023,Salernitana,Napoli,0,2,A,0,1,A,,10,21,3,8,15,10,8,9,1,1,0,0
04/11/2023,Atalanta,Inter,1,2,A,0,1,A,,14,10,4,4,13,9,6,1,4,1,1,0
04/11/2023,Milan,Udinese,0,1,A,0,0,D,,14,12,5,2,13,14,11,5,1,2,0,0
04/11/2023,FC Koln,Augsburg,1,1,D,1,1,D,,28,18,12,3,10,10,10,2,1,4,0,0
04/11/2023,Freiburg,M'gladbach,3,3,D,1,3,A,,15,10,8,5,7,10,8,2,2,2,0,0
04/11/2023,Hoffenheim,Leverkusen,2,3,A,0,2,A,,12,10,7,4,6,10,4,3,3,2,0,0
04/11/2023,Mainz,RB Leipzig,2,0,H,0,0,D,,10,10,3,2,13,9,2,7,3,1,0,0
04/11/2023,Union Berlin,Ein Frankfurt,0,3,A,0,2,A,,10,4,3,3,13,8,9,1,0,1,0,0
04/11/2023,Dortmund,Bayern Munich,0,4,A,0,2,A,,15,14,1,8,14,6,3,2,3,2,0,0
04/11/2023,Osasuna,Girona,2,4,A,1,1,D,,15,11,3,4,14,10,2,7,5,3,0,0
04/11/2023,Betis,Mallorca,2,0,H,1,0,H,,22,8,3,1,13,16,6,1,1,4,0,1
04/11/2023,Celta,Sevilla,1,1,D,1,0,H,,15,13,3,5,14,10,4,6,2,5,1,0
04/11/2023,Sociedad,Barcelona,0,1,A,0,0,D,,13,12,6,4,16,8,8,3,3,3,0,0
04/11/2023,Lorient,Lens,0,0,D,0,0,D,,7,14,2,7,10,14,1,5,3,3,0,0
04/11/2023,Marseille,Lille,0,0,D,0,0,D,,8,10,3,1,10,12,2,8,2,3,0,0
04/11/2023,Fulham,Man United,0,1,A,0,0,D,J Brooks,18,12,3,5,9,15,9,4,5,2,0,0
04/11/2023,Brentford,West Ham,3,2,H,1,2,A,T Bramall,16,12,4,2,12,14,4,3,1,4,0,0
04/11/2023,Burnley,Crystal Palace,0,2,A,0,1,A,P Bankes,17,4,5,3,9,12,12,1,0,5,0,0
04/11/2023,Everton,Brighton,1,1,D,1,0,H,T Robinson,10,7,4,2,15,5,3,3,4,2,0,0
04/11/2023,Man City,Bournemouth,6,1,H,3,0,H,C Pawson,21,5,8,1,8,9,12,1,0,1,0,0
04/11/2023,Sheffield United,Wolves,2,1,H,0,0,D,R Jones,11,10,2,3,13,10,4,4,2,3,0,0
04/11/2023,Newcastle,Arsenal,1,0,H,0,0,D,S Attwell,9,14,2,1,14,9,0,11,5,1,0,0
05/11/2023,Verona,Monza,1,3,A,0,1,A,,16,12,5,6,6,12,2,6,1,2,0,0
05/11/2023,Cagliari,Genoa,2,1,H,0,0,D,,12,8,4,2,14,11,1,1,4,2,0,0
05/11/2023,Roma,Lecce,2,1,H,0,0,D,,15,15,5,4,18,11,5,2,3,5,0,0
05/11/2023,Fiorentina,Juventus,0,1,A,0,1,A,,25,4,4,3,12,21,9,2,1,3,0,0
05/11/2023,Wolfsburg,Werder Bremen,2,2,D,1,1,D,,15,13,5,4,14,17,5,2,4,1,1,0
05/11/2023,Heidenheim,Stuttgart,2,0,H,0,0,D,,19,14,2,2,7,13,9,6,2,2,0,0
05/11/2023,Alaves,Almeria,1,0,H,0,0,D,,23,9,3,3,13,14,12,6,2,3,0,0
05/11/2023,Valencia,Granada,1,0,H,1,0,H,,11,6,2,1,20,15,0,4,3,5,0,0
05/11/2023,Villarreal,Ath Bilbao,2,3,A,0,3,A,,17,17,6,7,11,18,9,3,4,4,0,0
05/11/2023,Real Madrid,Vallecano,0,0,D,0,0,D,,22,4,5,0,12,15,11,1,3,5,0,0
05/11/2023,Lyon,Metz,1,1,D,0,0,D,,15,10,4,5,16,14,4,9,1,1,0,0
05/11/2023,Nantes,Reims,0,1,A,0,0,D,,17,7,4,4,5,11,10,6,1,2,0,0
05/11/2023,Strasbourg,Clermont,0,0,D,0,0,D,,18,10,5,2,11,5,4,6,2,0,1,0
05/11/2023,Toulouse,Le Havre,1,2,A,0,0,D,,17,15,5,7,9,12,4,6,2,2,0,0
05/11/2023,Monaco,Brest,2,0,H,1,0,H,,12,15,6,1,15,11,6,4,2,4,0,1
05/11/2023,Nice,Rennes,2,0,H,1,0,H,,16,11,4,4,7,12,2,1,0,2,1,1
05/11/2023,Nott'm Forest,Aston Villa,2,0,H,1,0,H,J Gillett,5,13,3,3,6,9,0,10,1,1,0,0
05/11/2023,Luton,Liverpool,1,1,D,0,0,D,A Madley,8,24,5,6,7,13,4,7,1,1,0,0
06/11/2023,Frosinone,Empoli,2,1,H,0,0,D,,17,10,5,2,7,9,9,2,3,2,0,0
06/11/2023,Torino,Sassuolo,2,1,H,1,1,D,,21,5,9,2,9,6,9,2,1,1,0,0
06/11/2023,Getafe,Cadiz,1,0,H,0,0,D,,13,6,3,2,18,12,6,3,7,1,1,0
06/11/2023,Tottenham,Chelsea,1,4,A,1,1,D,M Oliver,8,17,5,8,12,21,1,6,1,5,2,0
10/11/2023,Sassuolo,Salernitana,2,2,D,1,2,A,,29,9,9,2,12,14,11,0,2,1,0,0
10/11/2023,Genoa,Verona,1,0,H,1,0,H,,16,7,6,1,9,16,6,7,1,4,0,0
10/11/2023,M'gladbach,Wolfsburg,4,0,H,2,0,H,,16,12,8,4,7,12,8,5,1,3,0,0
10/11/2023,Ath Bilbao,Celta,4,3,H,2,2,D,,21,13,12,5,15,13,7,2,2,2,0,0
10/11/2023,Montpellier,Nice,0,0,D,0,0,D,,9,15,1,4,11,15,3,7,0,4,0,0
11/11/2023,Lecce,Milan,2,2,D,0,2,A,,14,10,5,6,12,16,3,1,4,6,0,1
11/11/2023,Juventus,Cagliari,2,1,H,0,0,D,,18,11,4,2,14,8,12,4,3,1,0,0
11/11/2023,Monza,Torino,1,1,D,0,0,D,,12,12,5,5,11,11,3,1,2,2,0,0
11/11/2023,Augsburg,Hoffenheim,1,1,D,0,1,A,,11,12,6,6,9,11,3,5,1,2,0,0
11/11/2023,Bayern Munich,Heidenheim,4,2,H,2,0,H,,18,7,8,2,8,8,7,2,1,0,0,0
11/11/2023,Darmstadt,Mainz,0,0,D,0,0,D,,9,9,3,0,20,15,0,5,3,3,0,0
11/11/2023,Stuttgart,Dortmund,2,1,H,1,1,D,,22,5,10,1,13,16,6,1,2,3,0,0
11/11/2023,Bochum,FC Koln,1,1,D,1,0,H,,25,10,9,6,14,19,3,3,4,1,0,0
11/11/2023,Vallecano,Girona,1,2,A,1,1,D,,22,19,9,7,15,13,8,3,1,2,0,0
11/11/2023,Almeria,Sociedad,1,3,A,0,0,D,,7,18,2,6,18,19,5,5,2,2,0,0
11/11/2023,Granada,Getafe,1,1,D,1,1,D,,12,10,6,6,14,9,3,5,4,2,0,0
11/11/2023,Osasuna,Las Palmas,1,1,D,0,0,D,,11,6,3,1,25,10,8,3,1,1,0,0
11/11/2023,Real Madrid,Valencia,5,1,H,2,0,H,,16,10,7,4,7,26,4,4,1,3,0,0
11/11/2023,Reims,Paris SG,0,3,A,0,1,A,,19,14,6,6,14,6,8,4,1,0,0,0
11/11/2023,Le Havre,Monaco,0,0,D,0,0,D,,9,10,5,4,10,18,2,4,2,3,0,0
11/11/2023,Wolves,Tottenham,2,1,H,0,1,A,T Robinson,17,6,4,2,19,15,11,3,4,3,0,0
11/11/2023,Arsenal,Burnley,3,1,H,1,0,H,M Oliver,16,8,6,5,8,9,3,3,0,1,1,0
11/11/2023,Crystal Palace,Everton,2,3,A,1,1,D,S Barrott,13,8,4,4,9,18,9,2,1,4,0,0
11/11/2023,Man United,Luton,1,0,H,0,0,D,G Scott,15,10,4,4,9,11,11,3,0,2,0,0
11/11/2023,Bournemouth,Newcastle,2,0,H,0,0,D,C Kavanagh,19,8,10,5,10,4,6,5,2,1,0,0
12/11/2023,Napoli,Empoli,0,1,A,0,0,D,,18,8,7,3,11,13,8,3,1,1,0,0
12/11/2023,Fiorentina,Bologna,2,1,H,1,1,D,,12,11,4,4,19,15,0,3,2,2,0,0
12/11/2023,Udinese,Atalanta,1,1,D,1,0,H,,13,8,4,2,13,13,7,7,2,3,0,0
12/11/2023,Lazio,Roma,0,0,D,0,0,D,,7,8,2,1,12,13,4,1,3,4,0,0
12/11/2023,Inter,Frosinone,2,0,H,1,0,H,,21,12,6,3,7,16,9,4,0,1,0,0
12/11/2023,Leverkusen,Union Berlin,4,0,H,1,0,H,,19,2,10,2,8,5,10,1,0,1,0,0
12/11/2023,Werder Bremen,Ein Frankfurt,2,2,D,1,0,H,,14,14,5,3,3,10,3,7,1,3,0,0
12/11/2023,RB Leipzig,Freiburg,3,1,H,1,1,D,,15,9,6,3,10,12,7,3,2,0,0,0
12/11/2023,Barcelona,Alaves,2,1,H,0,1,A,,11,8,6,1,11,10,2,1,2,1,0,0
12/11/2023,Sevilla,Betis,1,1,D,0,0,D,,13,14,4,6,18,14,9,5,1,1,0,0
12/11/2023,Ath Madrid,Villarreal,3,1,H,1,1,D,,25,11,10,7,8,8,6,3,0,2,0,0
12/11/2023,Clermont,Lorient,1,0,H,0,0,D,,17,10,6,3,15,10,5,4,3,2,0,0
12/11/2023,Lille,Toulouse,1,1,D,1,0,H,,13,2,6,1,12,16,11,1,3,4,0,0
12/11/2023,Metz,Nantes,3,1,H,2,1,H,,9,16,4,3,7,9,2,5,0,0,0,0
12/11/2023,Rennes,Lyon,0,1,A,0,0,D,,8,12,2,5,5,18,6,9,3,1,1,0
12/11/2023,Lens,Marseille,1,0,H,0,0,D,,14,8,3,2,19,15,4,5,2,2,0,0
12/11/2023,Aston Villa,Fulham,3,1,H,2,0,H,S Hooper,12,9,6,5,4,17,2,2,2,5,0,0
12/11/2023,Brighton,Sheffield United,1,1,D,1,0,H,J Brooks,11,9,6,1,13,16,6,3,3,2,1,0
12/11/2023,Liverpool,Brentford,3,0,H,1,0,H,P Tierney,17,16,10,3,16,12,6,8,1,2,0,0
12/11/2023,West Ham,Nott'm Forest,3,2,H,1,1,D,M Salisbury,16,10,6,5,9,12,9,4,2,2,0,0
12/11/2023,Chelsea,Man City,4,4,D,2,2,D,A Taylor,17,15,9,10,12,15,3,3,5,3,0,0
24/11/2023,FC Koln,Bayern Munich,0,1,A,0,1,A,,6,19,2,5,6,4,3,12,0,1,0,0
24/11/2023,Alaves,Granada,3,1,H,2,0,H,,8,11,5,4,10,13,6,2,1,3,0,0
24/11/2023,Paris SG,Monaco,5,2,H,2,1,H,,16,14,11,7,9,19,2,10,0,1,0,0
25/11/2023,Salernitana,Lazio,2,1,H,0,1,A,,13,13,6,2,11,12,4,9,5,3,0,0
25/11/2023,Atalanta,Napoli,1,2,A,0,1,A,,16,11,5,4,15,9,5,4,2,2,0,0
25/11/2023,Milan,Fiorentina,1,0,H,1,0,H,,9,20,6,4,9,10,3,11,1,2,0,0
25/11/2023,Dortmund,M'gladbach,4,2,H,3,2,H,,20,10,13,3,11,11,5,4,1,2,0,0
25/11/2023,Freiburg,Darmstadt,1,1,D,1,1,D,,16,7,3,1,15,15,11,2,2,0,0,0
25/11/2023,Union Berlin,Augsburg,1,1,D,0,1,A,,16,11,6,2,10,15,3,4,2,2,0,0
25/11/2023,Werder Bremen,Leverkusen,0,3,A,0,2,A,,2,13,1,4,15,4,1,6,3,1,0,0
25/11/2023,Wolfsburg,RB Leipzig,2,1,H,1,0,H,,10,26,4,10,18,11,1,12,4,2,0,0
25/11/2023,Ein Frankfurt,Stuttgart,1,2,A,1,2,A,,14,11,1,5,14,8,4,2,0,1,0,0
25/11/2023,Vallecano,Barcelona,1,1,D,1,0,H,,10,15,4,4,23,13,1,4,3,4,0,0
25/11/2023,Valencia,Celta,0,0,D,0,0,D,,8,13,0,1,13,7,5,7,3,2,0,0
25/11/2023,Getafe,Almeria,2,1,H,2,1,H,,18,13,5,4,12,8,3,6,2,4,0,0
25/11/2023,Ath Madrid,Mallorca,1,0,H,0,0,D,,20,8,3,1,8,19,7,3,0,0,0,0
25/11/2023,Clermont,Lens,0,3,A,0,1,A,,13,16,4,10,16,17,2,4,2,3,1,1
25/11/2023,Strasbourg,Marseille,1,1,D,1,1,D,,15,16,7,3,14,16,7,11,1,2,0,0
25/11/2023,Man City,Liverpool,1,1,D,1,0,H,C Kavanagh,16,8,5,3,9,11,9,6,1,3,0,0
25/11/2023,Burnley,West Ham,1,2,A,0,0,D,S Barrott,11,11,5,3,11,7,4,5,1,3,0,0
25/11/2023,Luton,Crystal Palace,2,1,H,0,0,D,J Gillett,8,16,3,8,15,12,4,5,6,1,0,0
25/11/2023,Newcastle,Chelsea,4,1,H,1,1,D,S Hooper,14,7,5,4,13,19,4,2,4,4,0,1
25/11/2023,Nott'm Forest,Brighton,2,3,A,1,2,A,A Taylor,18,11,5,5,12,7,6,4,2,4,0,1
25/11/2023,Sheffield United,Bournemouth,1,3,A,0,2,A,A Madley,10,23,2,11,6,8,4,7,4,1,0,0
25/11/2023,Brentford,Arsenal,0,1,A,0,0,D,T Robinson,9,15,3,4,9,7,1,8,1,1,0,0
26/11/2023,Cagliari,Monza,1,1,D,1,0,H,,17,12,6,4,10,15,10,11,1,2,0,0
26/11/2023,Empoli,Sassuolo,3,4,A,2,2,D,,11,17,9,9,20,15,6,5,4,2,0,0
26/11/2023,Frosinone,Genoa,2,1,H,1,1,D,,9,13,5,3,5,14,4,2,2,4,0,0
26/11/2023,Roma,Udinese,3,1,H,1,0,H,,12,6,5,2,8,15,7,1,1,3,0,0
26/11/2023,Juventus,Inter,1,1,D,1,1,D,,4,8,1,4,12,13,1,0,2,1,0,0
26/11/2023,Heidenheim,Bochum,0,0,D,0,0,D,,9,9,3,2,14,7,6,5,4,3,0,0
26/11/2023,Hoffenheim,Mainz,1,1,D,0,1,A,,15,15,6,6,9,14,4,5,4,4,0,0
26/11/2023,Villarreal,Osasuna,3,1,H,0,0,D,,10,15,3,7,9,14,2,4,0,0,0,0
26/11/2023,Sociedad,Sevilla,2,1,H,2,0,H,,11,8,8,2,22,8,4,4,2,1,0,2
26/11/2023,Cadiz,Real Madrid,0,3,A,0,1,A,,13,14,4,5,16,16,4,4,3,3,0,0
26/11/2023,Betis,Las Palmas,1,0,H,1,0,H,,12,15,6,4,7,12,7,6,1,2,0,0
26/11/2023,Nice,Toulouse,1,0,H,0,0,D,,8,19,3,3,9,19,4,2,0,4,0,0
26/11/2023,Lorient,Metz,2,3,A,2,1,H,,11,14,5,5,10,17,5,6,2,1,0,0
26/11/2023,Montpellier,Brest,1,3,A,0,1,A,,17,17,5,5,11,18,9,1,2,2,0,0
26/11/2023,Nantes,Le Havre,0,0,D,0,0,D,,19,6,3,0,10,17,10,5,1,2,0,1
26/11/2023,Rennes,Reims,3,1,H,1,1,D,,10,15,5,5,10,18,1,8,2,2,0,0
26/11/2023,Lyon,Lille,0,2,A,0,2,A,,11,15,5,8,17,5,3,5,2,2,0,0
26/11/2023,Tottenham,Aston Villa,1,2,A,1,1,D,R Jones,18,15,8,5,11,13,9,3,0,4,0,0
26/11/2023,Everton,Man United,0,3,A,0,1,A,J Brooks,24,9,6,4,10,8,6,5,3,0,0,0
27/11/2023,Verona,Lecce,2,2,D,1,1,D,,19,14,11,5,15,17,4,2,1,2,0,0
27/11/2023,Bologna,Torino,2,0,H,0,0,D,,13,9,2,3,16,15,3,2,3,4,0,0
27/11/2023,Girona,Ath Bilbao,1,1,D,0,0,D,,12,13,2,6,8,16,2,6,1,1,0,0
27/11/2023,Fulham,Wolves,3,2,H,1,1,D,M Salisbury,12,10,6,6,13,13,6,2,2,2,0,0
29/11/2023,Mallorca,Cadiz,1,1,D,1,1,D,,16,6,3,3,14,18,7,0,2,3,0,0
29/11/2023,Montpellier,Clermont,1,1,D,0,1,A,,32,5,10,1,23,14,8,0,3,4,0,0
01/12/2023,Monza,Juventus,1,2,A,0,1,A,,16,18,1,7,12,8,7,3,1,2,0,0
01/12/2023,Darmstadt,FC Koln,0,1,A,0,0,D,,11,11,1,6,12,12,1,6,1,3,0,0
01/12/2023,Las Palmas,Getafe,2,0,H,1,0,H,,11,12,6,4,11,9,4,4,0,5,0,1
01/12/2023,Reims,Strasbourg,2,1,H,2,0,H,,13,10,4,3,7,7,4,5,1,1,0,0
02/12/2023,Genoa,Empoli,1,1,D,1,0,H,,21,9,1,1,15,19,5,3,3,1,0,0
02/12/2023,Lazio,Cagliari,1,0,H,1,0,H,,10,9,5,2,11,12,4,3,0,2,0,1
02/12/2023,Milan,Frosinone,3,1,H,1,0,H,,10,15,3,3,11,6,6,7,1,1,0,0
02/12/2023,Bochum,Wolfsburg,3,1,H,2,1,H,,19,15,9,6,14,13,6,6,6,2,0,0
02/12/2023,M'gladbach,Hoffenheim,2,1,H,0,0,D,,9,17,3,5,12,14,6,3,2,2,0,0
02/12/2023,RB Leipzig,Heidenheim,2,1,H,2,1,H,,23,7,8,1,13,16,5,3,2,2,0,0
02/12/2023,Stuttgart,Werder Bremen,2,0,H,1,0,H,,17,11,6,3,7,9,6,7,1,0,0,0
02/12/2023,Girona,Valencia,2,1,H,0,0,D,,9,9,5,3,6,7,3,2,2,3,0,0
02/12/2023,Ath Bilbao,Vallecano,4,0,H,1,0,H,,9,11,4,3,15,11,7,2,1,2,0,0
02/12/2023,Real Madrid,Granada,2,0,H,1,0,H,,11,1,4,0,10,12,6,0,2,1,0,0
02/12/2023,Osasuna,Sociedad,1,1,D,1,1,D,,9,17,3,5,12,10,1,8,3,3,0,0
02/12/2023,Lens,Lyon,3,2,H,1,1,D,,10,12,7,7,11,14,3,6,2,0,1,0
02/12/2023,Nantes,Nice,1,0,H,1,0,H,,13,13,4,6,15,18,5,6,3,0,0,0
02/12/2023,Arsenal,Wolves,2,1,H,2,0,H,P Bankes,19,6,6,3,10,10,4,0,1,2,0,0
02/12/2023,Brentford,Luton,3,1,H,0,0,D,A Taylor,27,7,6,1,10,8,7,5,1,2,0,0
02/12/2023,Burnley,Sheffield United,5,0,H,2,0,H,C Kavanagh,19,6,7,3,9,12,6,1,2,5,0,1
02/12/2023,Nott'm Forest,Everton,0,1,A,0,0,D,P Tierney,13,12,2,3,15,14,4,3,1,0,0,0
02/12/2023,Newcastle,Man United,1,0,H,0,0,D,R Jones,22,8,4,1,6,13,7,3,1,2,0,0
03/12/2023,Lecce,Bologna,1,1,D,0,0,D,,14,11,4,4,12,18,6,3,3,2,0,0
03/12/2023,Fiorentina,Salernitana,3,0,H,2,0,H,,22,11,9,1,13,12,3,2,1,0,0,0
03/12/2023,Udinese,Verona,3,3,D,2,1,H,,12,13,6,4,16,13,5,3,2,5,0,0
03/12/2023,Sassuolo,Roma,1,2,A,1,0,H,,8,15,2,7,10,11,1,11,4,1,1,0
03/12/2023,Napoli,Inter,0,3,A,0,1,A,,15,11,4,4,2,13,6,4,2,2,0,0
03/12/2023,Mainz,Freiburg,0,1,A,0,0,D,,19,13,6,5,16,11,14,3,1,1,0,0
03/12/2023,Leverkusen,Dortmund,1,1,D,0,1,A,,22,6,6,2,12,12,16,1,3,2,0,0
03/12/2023,Augsburg,Ein Frankfurt,2,1,H,1,0,H,,9,12,4,6,9,10,2,4,1,1,0,0
03/12/2023,Mallorca,Alaves,0,0,D,0,0,D,,7,7,3,4,16,15,5,4,4,2,0,0
03/12/2023,Almeria,Betis,0,0,D,0,0,D,,20,6,8,2,12,8,4,6,0,3,0,1
03/12/2023,Sevilla,Villarreal,1,1,D,0,0,D,,18,5,4,4,6,16,8,4,3,2,0,0
03/12/2023,Barcelona,Ath Madrid,1,0,H,1,0,H,,13,9,2,4,17,12,7,2,5,4,0,0
03/12/2023,Le Havre,Paris SG,0,2,A,0,1,A,,22,9,7,5,11,9,9,2,2,1,0,1
03/12/2023,Brest,Clermont,3,0,H,2,0,H,,12,10,7,1,11,17,4,2,1,2,0,0
03/12/2023,Monaco,Montpellier,2,0,H,1,0,H,,27,9,9,4,15,13,8,2,2,3,0,1
03/12/2023,Toulouse,Lorient,1,1,D,0,0,D,,11,11,6,5,16,10,3,4,2,4,0,0
03/12/2023,Lille,Metz,2,0,H,2,0,H,,16,7,6,4,8,11,6,1,0,0,0,0
03/12/2023,Marseille,Rennes,2,0,H,1,0,H,,5,10,2,0,9,15,1,6,1,3,1,1
03/12/2023,Bournemouth,Aston Villa,2,2,D,1,1,D,T Bramall,15,11,7,3,16,12,7,7,5,3,0,0
03/12/2023,Chelsea,Brighton,3,2,H,2,1,H,C Pawson,8,18,5,9,16,12,5,8,3,5,1,0
03/12/2023,Liverpool,Fulham,4,3,H,2,2,D,S Attwell,26,9,12,5,6,7,3,4,0,0,0,0
03/12/2023,West Ham,Crystal Palace,1,1,D,1,0,H,M Oliver,9,9,3,2,17,7,2,3,2,0,0,0
03/12/2023,Man City,Tottenham,3,3,D,2,1,H,S Hooper,18,8,4,4,14,14,10,8,4,4,0,0
04/12/2023,Torino,Atalanta,3,0,H,1,0,H,,9,10,5,4,12,14,4,3,2,2,0,0
04/12/2023,Celta,Cadiz,1,1,D,0,1,A,,26,2,7,1,14,18,12,1,1,6,0,1
05/12/2023,Wolves,Burnley,1,0,H,1,0,H,J Gillett,7,12,4,3,11,15,6,8,2,4,0,0
05/12/2023,Luton,Arsenal,3,4,A,1,2,A,S Barrott,6,23,4,9,14,7,3,8,2,1,0,0
06/12/2023,Marseille,Lyon,3,0,H,2,0,H,,12,6,5,1,14,11,10,3,1,2,0,0
06/12/2023,Brighton,Brentford,2,1,H,1,1,D,P Bankes,18,8,7,2,10,8,7,3,3,1,0,0
06/12/2023,Crystal Palace,Bournemouth,0,2,A,0,1,A,C Pawson,16,11,3,4,10,17,3,9,1,3,0,0
06/12/2023,Fulham,Nott'm Forest,5,0,H,2,0,H,J Smith,14,4,6,1,7,10,6,1,0,1,0,0
06/12/2023,Sheffield United,Liverpool,0,2,A,0,1,A,S Hooper,6,15,1,8,12,8,2,12,2,3,0,0
06/12/2023,Aston Villa,Man City,1,0,H,0,0,D,J Brooks,22,2,7,2,13,13,6,0,2,2,0,0
06/12/2023,Man United,Chelsea,2,1,H,1,1,D,C Kavanagh,28,13,9,3,12,12,12,4,4,0,0,0
07/12/2023,Brest,Strasbourg,1,1,D,1,0,H,,13,9,3,5,11,18,6,0,1,0,0,0
07/12/2023,Everton,Newcastle,3,0,H,0,0,D,T Robinson,21,13,6,3,18,8,5,2,3,0,0,0
07/12/2023,Tottenham,West Ham,1,2,A,1,0,H,M Salisbury,23,11,7,5,11,12,8,4,3,3,0,0
08/12/2023,Juventus,Napoli,1,0,H,0,0,D,,11,13,2,1,11,12,3,6,2,4,0,0
08/12/2023,Hoffenheim,Bochum,3,1,H,2,0,H,,18,22,7,5,18,11,4,5,3,2,0,0
08/12/2023,Getafe,Valencia,1,0,H,0,0,D,,8,3,6,0,15,14,7,0,2,4,1,2
08/12/2023,Montpellier,Lens,0,0,D,0,0,D,,18,13,4,5,16,11,4,3,2,3,0,0
09/12/2023,Verona,Lazio,1,1,D,0,1,A,,5,14,1,5,16,11,1,7,2,4,1,0
09/12/2023,Atalanta,Milan,3,2,H,1,1,D,,19,14,7,4,11,11,6,4,1,5,0,1
09/12/2023,Inter,Udinese,4,0,H,3,0,H,,17,11,8,1,9,6,6,1,0,1,0,0
09/12/2023,Ein Frankfurt,Bayern Munich,5,1,H,3,1,H,,14,17,6,6,8,7,1,9,1,2,0,0
09/12/2023,Heidenheim,Darmstadt,3,2,H,1,0,H,,16,20,7,7,17,13,8,3,2,2,0,0
09/12/2023,Union Berlin,M'gladbach,3,1,H,1,0,H,,16,13,6,4,9,8,6,7,1,3,0,0
09/12/2023,Werder Bremen,Augsburg,2,0,H,1,0,H,,12,11,5,1,13,9,5,2,1,2,0,0
09/12/2023,Wolfsburg,Freiburg,0,1,A,0,0,D,,10,4,3,1,11,16,5,3,1,4,0,0
09/12/2023,Dortmund,RB Leipzig,2,3,A,1,1,D,,18,24,6,8,6,11,6,6,1,3,1,0
09/12/2023,Alaves,Las Palmas,0,1,A,0,1,A,,19,9,5,2,13,13,12,3,3,4,0,0
09/12/2023,Betis,Real Madrid,1,1,D,0,0,D,,14,12,6,2,14,7,8,6,2,1,0,0
09/12/2023,Villarreal,Sociedad,0,3,A,0,3,A,,20,16,4,5,10,22,5,3,2,1,0,0
09/12/2023,Mallorca,Sevilla,1,0,H,1,0,H,,6,19,3,5,15,6,4,12,2,2,0,0
09/12/2023,Rennes,Monaco,1,2,A,0,0,D,,15,12,5,5,9,22,5,5,3,6,0,1
09/12/2023,Paris SG,Nantes,2,1,H,1,0,H,,16,10,6,4,9,12,5,3,1,3,0,0
09/12/2023,Crystal Palace,Liverpool,1,2,A,0,0,D,A Madley,8,14,4,2,17,17,6,5,5,2,1,0
09/12/2023,Brighton,Burnley,1,1,D,0,1,A,S Hooper,29,6,11,3,5,8,9,1,0,4,0,0
09/12/2023,Man United,Bournemouth,0,3,A,0,1,A,P Bankes,20,10,3,4,7,10,10,4,3,1,0,0
09/12/2023,Sheffield United,Brentford,1,0,H,1,0,H,S Attwell,9,10,4,4,14,13,3,4,5,1,0,0
09/12/2023,Wolves,Nott'm Forest,1,1,D,1,1,D,S Barrott,10,8,4,2,9,11,4,3,0,1,0,0
09/12/2023,Aston Villa,Arsenal,1,0,H,1,0,H,J Gillett,10,12,3,5,16,11,3,3,4,2,0,0
10/12/2023,Frosinone,Torino,0,0,D,0,0,D,,11,16,5,3,13,17,3,8,3,3,0,0
10/12/2023,Monza,Genoa,1,0,H,0,0,D,,6,16,3,1,11,13,2,3,1,2,0,0
10/12/2023,Salernitana,Bologna,1,2,A,0,2,A,,9,10,2,5,20,15,5,1,7,2,0,0
10/12/2023,Roma,Fiorentina,1,1,D,1,0,H,,4,14,1,8,14,14,1,6,5,3,2,1
10/12/2023,Stuttgart,Leverkusen,1,1,D,1,0,H,,22,20,12,6,8,7,8,8,1,1,0,0
10/12/2023,FC Koln,Mainz,0,0,D,0,0,D,,7,13,3,5,10,10,1,7,2,4,0,0
10/12/2023,Ath Madrid,Almeria,2,1,H,2,0,H,,13,19,4,5,13,11,3,15,1,0,0,0
10/12/2023,Cadiz,Osasuna,1,1,D,1,0,H,,12,13,5,5,15,16,2,4,1,2,0,0
10/12/2023,Barcelona,Girona,2,4,A,1,2,A,,31,15,11,7,7,10,8,3,1,2,0,0
10/12/2023,Nice,Reims,2,1,H,0,0,D,,15,9,5,2,13,6,9,0,2,3,0,0
10/12/2023,Clermont,Lille,0,0,D,0,0,D,,16,12,5,3,18,9,3,6,2,2,0,0
10/12/2023,Metz,Brest,0,1,A,0,0,D,,6,4,3,3,14,16,3,2,3,2,0,0
10/12/2023,Strasbourg,Le Havre,2,1,H,1,0,H,,12,15,3,3,14,15,4,3,3,1,0,0
10/12/2023,Lyon,Toulouse,3,0,H,2,0,H,,15,16,7,6,15,15,2,1,2,3,0,0
10/12/2023,Lorient,Marseille,2,4,A,1,4,A,,15,18,9,8,17,17,4,6,5,3,0,1
10/12/2023,Everton,Chelsea,2,0,H,0,0,D,M Oliver,9,16,5,4,12,12,4,8,2,2,0,0
10/12/2023,Fulham,West Ham,5,0,H,3,0,H,P Tierney,14,9,8,5,5,10,3,6,2,1,0,0
10/12/2023,Luton,Man City,1,2,A,1,0,H,T Robinson,4,18,2,6,16,6,6,3,2,1,0,0
10/12/2023,Tottenham,Newcastle,4,1,H,2,0,H,C Kavanagh,23,9,12,3,10,12,3,6,1,3,0,0
11/12/2023,Empoli,Lecce,1,1,D,0,0,D,,18,14,6,5,14,18,8,3,2,2,0,0
11/12/2023,Cagliari,Sassuolo,2,1,H,0,1,A,,18,8,6,4,15,15,10,4,1,7,0,1
11/12/2023,Granada,Ath Bilbao,1,1,D,0,1,A,,7,19,4,4,9,11,1,8,0,2,0,0
11/12/2023,Vallecano,Celta,0,0,D,0,0,D,,17,4,4,2,15,10,8,1,3,0,0,0
15/12/2023,Genoa,Juventus,1,1,D,0,1,A,,11,11,3,4,14,12,6,8,2,3,0,0
15/12/2023,M'gladbach,Werder Bremen,2,2,D,1,1,D,,15,10,4,5,10,12,4,3,4,2,0,0
15/12/2023,Osasuna,Vallecano,1,0,H,0,0,D,,10,9,4,3,20,13,9,1,2,3,0,0
15/12/2023,Monaco,Lyon,0,1,A,0,0,D,,19,5,4,2,13,12,6,1,1,2,0,0
15/12/2023,Nott'm Forest,Tottenham,0,2,A,0,1,A,J Gillett,15,12,1,6,16,11,6,4,2,4,0,1
16/12/2023,Lecce,Frosinone,2,1,H,1,1,D,,18,11,6,5,8,14,5,4,1,4,0,0
16/12/2023,Napoli,Cagliari,2,1,H,0,0,D,,21,9,5,3,9,10,5,3,5,3,0,0
16/12/2023,Torino,Empoli,1,0,H,1,0,H,,10,7,3,2,15,10,6,4,4,2,0,0
16/12/2023,Augsburg,Dortmund,1,1,D,1,1,D,,20,24,4,6,13,4,4,7,2,1,0,0
16/12/2023,Bochum,Union Berlin,3,0,H,1,0,H,,21,10,7,2,12,13,6,4,2,2,0,0
16/12/2023,Darmstadt,Wolfsburg,0,1,A,0,0,D,,14,11,4,3,16,10,7,7,2,0,0,1
16/12/2023,Mainz,Heidenheim,0,1,A,0,1,A,,16,5,4,2,9,20,8,1,3,3,0,0
16/12/2023,RB Leipzig,Hoffenheim,3,1,H,1,1,D,,23,10,11,4,11,9,9,2,3,2,0,0
16/12/2023,Celta,Granada,1,0,H,1,0,H,,11,7,4,2,20,18,7,1,6,2,1,0
16/12/2023,Ath Bilbao,Ath Madrid,2,0,H,0,0,D,,16,7,7,3,7,10,3,7,0,1,0,0
16/12/2023,Sevilla,Getafe,0,3,A,0,2,A,,12,14,4,7,18,18,4,2,3,3,0,0
16/12/2023,Valencia,Barcelona,1,1,D,0,0,D,,11,16,4,8,9,11,4,6,1,2,0,0
16/12/2023,Le Havre,Nice,3,1,H,2,0,H,,9,13,5,6,13,9,2,9,3,2,1,1
16/12/2023,Lens,Reims,2,0,H,1,0,H,,7,14,2,3,9,10,4,7,0,1,0,0
16/12/2023,Chelsea,Sheffield United,2,0,H,0,0,D,A Madley,15,6,6,1,9,14,7,6,1,3,0,0
16/12/2023,Man City,Crystal Palace,2,2,D,1,0,H,P Tierney,19,5,9,2,12,9,6,1,1,1,0,0
16/12/2023,Newcastle,Fulham,3,0,H,0,0,D,S Barrott,27,6,10,4,7,12,5,1,0,2,0,1
16/12/2023,Burnley,Everton,0,2,A,0,2,A,A Taylor,14,9,2,6,9,8,8,6,0,1,0,0
17/12/2023,Milan,Monza,3,0,H,2,0,H,,17,21,9,4,8,8,4,5,1,2,0,0
17/12/2023,Fiorentina,Verona,1,0,H,0,0,D,,5,19,3,7,11,12,1,6,3,1,0,0
17/12/2023,Udinese,Sassuolo,2,2,D,1,0,H,,9,21,7,7,13,6,1,13,3,1,1,0
17/12/2023,Bologna,Roma,2,0,H,1,0,H,,8,8,2,3,16,16,0,4,4,4,0,0
17/12/2023,Lazio,Inter,0,2,A,0,1,A,,13,12,4,4,13,15,8,7,1,2,1,0
17/12/2023,Freiburg,FC Koln,2,0,H,0,0,D,,23,7,7,1,13,10,5,2,1,4,0,1
17/12/2023,Leverkusen,Ein Frankfurt,3,0,H,1,0,H,,14,4,6,2,4,13,5,5,1,1,0,0
17/12/2023,Bayern Munich,Stuttgart,3,0,H,1,0,H,,17,5,8,2,7,8,6,2,0,3,0,0
17/12/2023,Almeria,Mallorca,0,0,D,0,0,D,,7,20,1,2,12,9,4,4,2,1,0,0
17/12/2023,Sociedad,Betis,0,0,D,0,0,D,,12,12,4,3,12,12,3,7,3,4,0,0
17/12/2023,Las Palmas,Cadiz,1,1,D,1,0,H,,7,13,2,5,9,12,4,6,1,3,0,0
17/12/2023,Real Madrid,Villarreal,4,1,H,2,0,H,,22,3,9,1,14,12,11,0,2,3,0,0
17/12/2023,Nantes,Brest,0,2,A,0,0,D,,12,14,4,8,15,8,4,3,1,3,0,0
17/12/2023,Lorient,Strasbourg,1,2,A,0,1,A,,7,12,1,9,14,12,6,1,3,2,0,0
17/12/2023,Metz,Montpellier,0,1,A,0,1,A,,19,6,4,3,15,14,12,5,2,2,0,0
17/12/2023,Toulouse,Rennes,0,0,D,0,0,D,,15,11,6,4,17,14,4,4,3,2,0,0
17/12/2023,Marseille,Clermont,2,1,H,2,0,H,,15,5,6,2,12,14,4,1,0,3,0,0
17/12/2023,Lille,Paris SG,1,1,D,0,0,D,,15,10,3,2,9,19,8,8,1,1,0,0
17/12/2023,Arsenal,Brighton,2,0,H,0,0,D,T Robinson,26,6,9,1,11,9,10,1,1,3,0,0
17/12/2023,Brentford,Aston Villa,1,2,A,1,0,H,D Coote,4,15,3,5,19,6,7,12,6,4,1,1
17/12/2023,West Ham,Wolves,3,0,H,2,0,H,C Kavanagh,13,14,4,3,12,15,6,6,3,1,0,0
17/12/2023,Liverpool,Man United,0,0,D,0,0,D,M Oliver,34,6,8,1,13,8,12,0,2,4,0,1
18/12/2023,Atalanta,Salernitana,4,1,H,0,1,A,,20,10,11,3,9,11,10,7,1,2,0,0
18/12/2023,Girona,Alaves,3,0,H,2,0,H,,9,12,4,2,9,7,3,2,0,1,0,0
19/12/2023,Werder Bremen,RB Leipzig,1,1,D,0,0,D,,11,18,3,9,15,9,1,4,4,2,0,0
19/12/2023,Dortmund,Mainz,1,1,D,1,1,D,,21,11,8,6,11,14,6,1,0,4,0,0
19/12/2023,Hoffenheim,Darmstadt,3,3,D,2,1,H,,13,14,4,3,9,15,8,3,2,4,0,0
19/12/2023,Vallecano,Valencia,0,1,A,0,0,D,,7,8,1,3,16,18,8,1,1,5,0,1
19/12/2023,Ath Madrid,Getafe,3,3,D,1,0,H,,8,29,4,9,7,14,1,12,3,3,1,0
19/12/2023,Granada,Sevilla,0,3,A,0,2,A,,12,12,3,5,10,18,6,4,2,1,0,0
20/12/2023,Union Berlin,FC Koln,2,0,H,0,0,D,,12,15,8,7,10,7,4,5,0,0,0,0
20/12/2023,Ein Frankfurt,M'gladbach,2,1,H,0,1,A,,15,7,7,2,11,14,8,2,1,6,0,1
20/12/2023,Heidenheim,Freiburg,3,2,H,0,1,A,,14,10,3,4,20,12,7,4,3,4,0,0
20/12/2023,Leverkusen,Bochum,4,0,H,3,0,H,,15,6,8,1,7,12,4,3,0,2,0,0
20/12/2023,Stuttgart,Augsburg,3,0,H,2,0,H,,17,6,7,5,8,14,4,4,0,4,0,0
20/12/2023,Wolfsburg,Bayern Munich,1,2,A,1,2,A,,5,20,4,7,14,12,0,6,4,2,0,0
20/12/2023,Barcelona,Almeria,3,2,H,1,1,D,,30,10,11,5,16,9,12,0,3,3,0,0
20/12/2023,Ath Bilbao,Las Palmas,1,0,H,0,0,D,,19,5,10,1,12,11,5,2,1,3,0,0
20/12/2023,Villarreal,Celta,3,2,H,2,0,H,,12,15,8,5,16,15,4,7,2,4,0,0
20/12/2023,Brest,Lorient,4,0,H,4,0,H,,12,7,7,3,8,17,1,0,1,2,0,0
20/12/2023,Clermont,Rennes,1,3,A,1,0,H,,14,25,6,11,8,11,4,5,0,3,1,0
20/12/2023,Lyon,Nantes,1,0,H,0,0,D,,8,7,7,0,8,14,7,7,1,2,1,0
20/12/2023,Montpellier,Marseille,1,1,D,1,0,H,,12,17,6,4,21,13,5,10,2,1,0,0
20/12/2023,Nice,Lens,2,0,H,0,0,D,,14,10,5,3,14,11,5,6,2,2,0,0
20/12/2023,Paris SG,Metz,3,1,H,0,0,D,,13,3,5,1,6,9,5,5,0,1,0,0
20/12/2023,Reims,Le Havre,1,0,H,1,0,H,,22,4,7,1,7,6,6,2,1,1,0,1
20/12/2023,Strasbourg,Lille,2,1,H,1,1,D,,9,9,2,2,19,10,6,5,1,2,0,0
20/12/2023,Toulouse,Monaco,1,2,A,1,2,A,,20,12,5,4,17,10,4,5,2,3,0,1
21/12/2023,Betis,Girona,1,1,D,0,1,A,,21,12,4,4,6,9,7,6,2,2,0,0
21/12/2023,Cadiz,Sociedad,0,0,D,0,0,D,,10,8,2,1,16,15,7,5,3,1,0,0
21/12/2023,Alaves,Real Madrid,0,1,A,0,0,D,,8,9,2,4,18,13,3,3,3,1,0,1
21/12/2023,Mallorca,Osasuna,3,2,H,1,1,D,,15,12,8,7,11,12,6,0,3,1,0,0
21/12/2023,Crystal Palace,Brighton,1,1,D,1,0,H,J Brooks,11,18,3,6,12,11,3,1,5,2,0,0
22/12/2023,Empoli,Lazio,0,2,A,0,1,A,,21,14,7,7,6,17,8,9,3,2,0,0
22/12/2023,Sassuolo,Genoa,1,2,A,1,0,H,,12,14,3,5,11,9,3,6,2,1,0,0
22/12/2023,Monza,Fiorentina,0,1,A,0,1,A,,7,14,2,5,12,16,1,4,3,4,0,0
22/12/2023,Salernitana,Milan,2,2,D,1,1,D,,19,21,7,9,16,11,6,6,3,1,1,0
22/12/2023,Aston Villa,Sheffield United,1,1,D,0,0,D,A Taylor,12,5,4,2,11,16,9,1,3,3,0,0
23/12/2023,Frosinone,Juventus,1,2,A,0,1,A,,10,13,3,3,6,12,8,8,0,2,0,0
23/12/2023,Bologna,Atalanta,1,0,H,0,0,D,,9,12,1,2,10,14,2,3,2,4,0,0
23/12/2023,Torino,Udinese,1,1,D,0,0,D,,14,10,4,4,10,11,8,2,2,2,0,0
23/12/2023,Inter,Lecce,2,0,H,1,0,H,,20,11,8,5,8,14,16,2,1,3,0,1
23/12/2023,Verona,Cagliari,2,0,H,0,0,D,,13,12,5,3,8,19,11,7,3,4,0,1
23/12/2023,Roma,Napoli,2,0,H,0,0,D,,17,7,4,2,19,12,4,0,7,4,0,2
23/12/2023,Ath Madrid,Sevilla,1,0,H,0,0,D,,12,8,4,2,12,19,6,5,7,3,1,0
23/12/2023,West Ham,Man United,2,0,H,0,0,D,S Hooper,12,11,5,3,13,15,4,4,2,3,0,0
23/12/2023,Fulham,Burnley,0,2,A,0,0,D,R Welch,19,7,5,2,5,17,8,6,2,1,0,0
23/12/2023,Luton,Newcastle,1,0,H,1,0,H,D England,16,15,5,2,11,5,6,7,2,1,0,0
23/12/2023,Nott'm Forest,Bournemouth,2,3,A,0,0,D,R Jones,11,18,5,7,10,10,6,6,0,3,1,0
23/12/2023,Tottenham,Everton,2,1,H,2,0,H,S Attwell,13,18,6,8,6,18,3,8,1,4,0,0
23/12/2023,Liverpool,Arsenal,1,1,D,1,1,D,C Kavanagh,13,13,3,2,13,14,4,5,2,5,0,0
24/12/2023,Wolves,Chelsea,2,1,H,0,0,D,D Coote,14,16,6,5,11,9,10,6,3,5,0,0
26/12/2023,Newcastle,Nott'm Forest,1,3,A,1,1,D,C Kavanagh,19,15,7,6,10,11,10,2,3,3,0,0
26/12/2023,Bournemouth,Fulham,3,0,H,1,0,H,T Robinson,16,8,4,3,10,10,6,5,0,2,0,0
26/12/2023,Sheffield United,Luton,2,3,A,0,1,A,S Allison,21,12,6,4,13,13,9,4,5,0,0,0
26/12/2023,Burnley,Liverpool,0,2,A,0,1,A,P Tierney,9,19,0,10,7,10,4,4,2,1,0,0
26/12/2023,Man United,Aston Villa,3,2,H,0,2,A,C Pawson,13,10,7,4,10,10,3,6,1,3,0,0
27/12/2023,Brentford,Wolves,1,4,A,1,3,A,A Madley,14,11,4,5,5,14,8,2,1,1,0,0
27/12/2023,Chelsea,Crystal Palace,2,1,H,1,1,D,M Salisbury,9,13,4,5,13,16,4,3,3,2,0,0
27/12/2023,Everton,Man City,1,3,A,1,0,H,J Brooks,7,23,2,9,13,5,8,4,4,2,0,0
28/12/2023,Brighton,Tottenham,4,2,H,2,0,H,J Gillett,15,19,9,3,18,6,7,6,3,2,0,0
28/12/2023,Arsenal,West Ham,0,2,A,0,1,A,M Oliver,30,6,8,3,8,8,10,3,2,0,0,0
29/12/2023,Fiorentina,Torino,1,0,H,0,0,D,,12,6,3,3,11,15,4,2,4,2,0,0
29/12/2023,Napoli,Monza,0,0,D,0,0,D,,25,8,9,3,10,21,10,1,4,4,0,0
29/12/2023,Genoa,Inter,1,1,D,1,1,D,,13,16,4,6,13,15,8,2,2,2,0,0
29/12/2023,Lazio,Frosinone,3,1,H,0,0,D,,13,11,5,2,18,15,6,2,3,2,0,0
30/12/2023,Atalanta,Lecce,1,0,H,0,0,D,,17,15,4,2,10,16,5,6,2,2,0,0
30/12/2023,Cagliari,Empoli,0,0,D,0,0,D,,15,5,3,1,18,18,8,6,1,3,0,0
30/12/2023,Udinese,Bologna,3,0,H,1,0,H,,15,14,7,5,15,14,7,7,2,5,0,0
30/12/2023,Milan,Sassuolo,1,0,H,0,0,D,,20,12,2,6,8,7,6,5,0,1,0,0
30/12/2023,Verona,Salernitana,0,1,A,0,0,D,,11,9,0,3,14,13,7,6,2,2,0,0
30/12/2023,Juventus,Roma,1,0,H,0,0,D,,13,11,4,2,15,14,2,2,1,1,0,0
30/12/2023,Luton,Chelsea,2,3,A,0,2,A,P Tierney,15,12,6,8,14,21,7,2,2,2,0,0
30/12/2023,Aston Villa,Burnley,3,2,H,2,1,H,S Attwell,19,9,7,5,9,14,6,2,4,1,0,1
30/12/2023,Crystal Palace,Brentford,3,1,H,2,1,H,R Jones,13,9,6,4,14,10,7,4,0,1,0,0
30/12/2023,Man City,Sheffield United,2,0,H,1,0,H,D Coote,18,4,4,2,5,6,12,2,1,1,0,0
30/12/2023,Wolves,Everton,3,0,H,1,0,H,T Bramall,12,10,6,0,9,14,5,2,2,3,0,0
30/12/2023,Nott'm Forest,Man United,2,1,H,0,0,D,T Robinson,8,10,2,5,9,11,4,5,2,4,0,0
31/12/2023,Fulham,Arsenal,2,1,H,1,1,D,J Smith,15,13,4,3,11,10,5,4,4,1,0,0
31/12/2023,Tottenham,Bournemouth,3,1,H,1,0,H,S Hooper,12,24,6,4,9,18,4,13,3,3,0,0
01/01/2024,Liverpool,Newcastle,4,2,H,0,0,D,A Taylor,34,5,15,3,16,15,7,3,3,5,0,0
02/01/2024,Getafe,Vallecano,0,2,A,0,1,A,,5,12,0,8,16,16,2,3,6,3,2,0
02/01/2024,Sociedad,Alaves,1,1,D,0,0,D,,16,7,6,2,9,17,6,4,4,4,1,0
02/01/2024,Valencia,Villarreal,3,1,H,2,0,H,,11,8,8,4,12,15,4,3,2,5,0,0
02/01/2024,West Ham,Brighton,0,0,D,0,0,D,S Barrott,6,22,2,8,4,6,2,0,1,0,0,0
03/01/2024,Granada,Cadiz,2,0,H,1,0,H,,15,15,8,2,17,16,5,6,3,4,0,1
03/01/2024,Celta,Betis,2,1,H,1,1,D,,19,14,6,3,10,12,8,7,0,2,0,0
03/01/2024,Real Madrid,Mallorca,1,0,H,0,0,D,,17,7,5,0,5,15,5,4,2,3,0,0
03/01/2024,Girona,Ath Madrid,4,3,H,3,2,H,,17,18,9,12,8,10,7,8,0,1,0,0
04/01/2024,Osasuna,Almeria,1,0,H,1,0,H,,14,4,2,0,14,5,5,4,1,2,0,0
04/01/2024,Sevilla,Ath Bilbao,0,2,A,0,1,A,,11,15,2,6,9,19,5,4,3,1,0,0
04/01/2024,Las Palmas,Barcelona,1,2,A,1,0,H,,12,15,3,5,14,5,5,10,5,2,1,0
05/01/2024,Bologna,Genoa,1,1,D,0,1,A,,21,3,8,1,8,10,11,2,3,3,0,0
06/01/2024,Inter,Verona,2,1,H,1,0,H,,15,8,6,3,16,15,7,0,0,2,0,1
06/01/2024,Frosinone,Monza,2,3,A,0,2,A,,10,7,5,2,11,16,5,1,3,5,0,0
06/01/2024,Lecce,Cagliari,1,1,D,1,0,H,,15,14,2,2,20,14,7,6,1,1,0,0
06/01/2024,Sassuolo,Fiorentina,1,0,H,1,0,H,,7,9,1,3,10,14,1,8,3,2,0,0
07/01/2024,Empoli,Milan,0,3,A,0,2,A,,17,13,2,6,9,13,6,6,1,2,0,0
07/01/2024,Torino,Napoli,3,0,H,1,0,H,,10,10,6,3,7,10,2,5,0,2,0,1
07/01/2024,Udinese,Lazio,1,2,A,0,1,A,,13,7,2,2,16,22,4,4,5,3,0,0
07/01/2024,Salernitana,Juventus,1,2,A,1,0,H,,8,18,3,3,9,15,2,8,3,5,1,0
07/01/2024,Roma,Atalanta,1,1,D,1,1,D,,16,8,6,2,14,14,6,5,1,6,0,0
12/01/2024,Bayern Munich,Hoffenheim,3,0,H,1,0,H,,27,12,12,4,8,6,11,2,1,3,0,1
12/01/2024,Sevilla,Alaves,2,3,A,0,2,A,,19,16,4,8,12,13,5,4,4,3,0,0
12/01/2024,Marseille,Strasbourg,1,1,D,1,0,H,,8,18,2,4,11,10,6,4,3,2,0,0
12/01/2024,Burnley,Luton,1,1,D,1,0,H,T Harrington,13,14,7,5,7,12,2,8,1,0,0,0
13/01/2024,Genoa,Torino,0,0,D,0,0,D,,11,6,6,0,11,11,8,4,3,2,0,0
13/01/2024,Napoli,Salernitana,2,1,H,1,1,D,,20,6,7,2,15,10,8,3,3,2,0,0
13/01/2024,Verona,Empoli,2,1,H,1,0,H,,12,14,7,1,20,17,5,9,4,3,1,0
13/01/2024,Monza,Inter,1,5,A,0,2,A,,9,20,2,7,6,12,4,5,2,2,0,0
13/01/2024,Augsburg,Leverkusen,0,1,A,0,0,D,,2,25,0,6,11,4,0,12,3,1,0,0
13/01/2024,FC Koln,Heidenheim,1,1,D,1,0,H,,13,10,6,2,12,11,9,6,2,1,0,0
13/01/2024,Freiburg,Union Berlin,0,0,D,0,0,D,,14,8,4,4,7,9,4,3,0,2,0,0
13/01/2024,Mainz,Wolfsburg,1,1,D,0,1,A,,12,9,4,4,21,16,7,3,3,4,0,0
13/01/2024,RB Leipzig,Ein Frankfurt,0,1,A,0,1,A,,26,5,7,1,7,16,15,4,0,2,0,0
13/01/2024,Darmstadt,Dortmund,0,3,A,0,1,A,,10,17,2,8,10,13,3,4,1,3,0,0
13/01/2024,Las Palmas,Villarreal,3,0,H,1,0,H,,8,17,3,3,13,11,4,6,4,3,0,0
13/01/2024,Mallorca,Celta,1,1,D,1,1,D,,17,6,6,2,18,18,10,1,4,1,0,0
13/01/2024,Ath Bilbao,Sociedad,2,1,H,2,0,H,,10,9,3,1,16,21,5,5,1,4,0,0
13/01/2024,Betis,Granada,1,0,H,0,0,D,,25,6,6,2,11,17,13,1,3,4,0,0
13/01/2024,Monaco,Reims,1,3,A,0,1,A,,9,12,5,5,11,9,6,6,3,2,0,0
13/01/2024,Rennes,Nice,2,0,H,1,0,H,,15,9,5,2,13,11,6,6,1,0,0,0
13/01/2024,Chelsea,Fulham,1,0,H,1,0,H,A Taylor,17,14,3,4,13,9,6,4,5,1,0,0
13/01/2024,Newcastle,Man City,2,3,A,2,1,H,C Kavanagh,12,27,5,11,7,7,3,13,1,2,0,0
14/01/2024,Lazio,Lecce,1,0,H,0,0,D,,8,11,2,3,14,12,2,5,4,4,0,0
14/01/2024,Cagliari,Bologna,2,1,H,1,1,D,,4,11,2,4,12,8,2,5,3,2,0,0
14/01/2024,Fiorentina,Udinese,2,2,D,0,1,A,,10,12,3,6,14,13,4,4,1,1,0,0
14/01/2024,Milan,Roma,3,1,H,1,0,H,,17,12,5,5,12,9,2,5,2,3,0,0
14/01/2024,Bochum,Werder Bremen,1,1,D,0,0,D,,13,15,4,4,14,14,3,4,6,5,0,0
14/01/2024,M'gladbach,Stuttgart,3,1,H,2,0,H,,8,14,4,2,7,11,0,3,3,3,0,0
14/01/2024,Almeria,Girona,0,0,D,0,0,D,,20,5,3,1,13,8,4,3,4,4,0,1
14/01/2024,Cadiz,Valencia,1,4,A,1,1,D,,10,9,2,5,15,15,3,1,4,2,0,0
14/01/2024,Lille,Lorient,3,0,H,1,0,H,,24,1,10,0,10,22,7,1,1,4,0,0
14/01/2024,Brest,Montpellier,2,0,H,0,0,D,,26,9,9,4,6,7,3,3,1,2,0,0
14/01/2024,Metz,Toulouse,0,1,A,0,1,A,,14,4,2,2,20,18,5,2,3,2,1,0
14/01/2024,Nantes,Clermont,1,2,A,0,1,A,,20,15,9,6,10,5,11,5,1,1,1,0
14/01/2024,Le Havre,Lyon,3,1,H,1,0,H,,14,9,7,2,15,4,3,7,1,0,0,2
14/01/2024,Lens,Paris SG,0,2,A,0,1,A,,17,15,5,7,10,8,5,6,0,1,1,0
14/01/2024,Everton,Aston Villa,0,0,D,0,0,D,D Coote,10,16,2,5,13,14,4,5,1,4,0,0
14/01/2024,Man United,Tottenham,2,2,D,2,1,H,J Brooks,9,16,2,6,8,5,8,13,2,1,0,0
15/01/2024,Atalanta,Frosinone,5,0,H,3,0,H,,21,8,9,5,11,8,8,2,0,1,0,0
16/01/2024,Juventus,Sassuolo,3,0,H,2,0,H,,12,8,5,4,9,9,5,2,0,2,0,0
19/01/2024,Alaves,Cadiz,1,0,H,0,0,D,,13,9,3,1,15,18,4,4,0,4,0,0
20/01/2024,Roma,Verona,2,1,H,2,0,H,,9,12,2,3,14,12,1,2,2,2,0,0
20/01/2024,Udinese,Milan,2,3,A,1,1,D,,11,15,6,7,12,9,5,7,6,1,0,0
20/01/2024,Bochum,Stuttgart,1,0,H,0,0,D,,6,17,1,4,16,16,1,7,5,3,0,0
20/01/2024,Darmstadt,Ein Frankfurt,2,2,D,0,1,A,,13,7,3,4,11,7,4,1,1,1,0,0
20/01/2024,FC Koln,Dortmund,0,4,A,0,1,A,,16,11,5,7,16,7,13,4,2,2,0,0
20/01/2024,Freiburg,Hoffenheim,3,2,H,1,0,H,,16,16,8,4,18,10,2,2,3,3,1,0
20/01/2024,Heidenheim,Wolfsburg,1,1,D,1,1,D,,12,12,3,3,11,10,4,2,0,1,0,0
20/01/2024,RB Leipzig,Leverkusen,2,3,A,1,0,H,,11,18,6,5,11,11,1,9,2,3,0,0
20/01/2024,Vallecano,Las Palmas,0,2,A,0,1,A,,16,10,3,5,19,8,12,0,3,1,1,0
20/01/2024,Villarreal,Mallorca,1,1,D,1,0,H,,18,8,5,2,13,11,4,6,2,2,1,0
20/01/2024,Valencia,Ath Bilbao,1,0,H,0,0,D,,6,6,1,3,11,14,4,2,0,3,0,0
20/01/2024,Celta,Sociedad,0,1,A,0,1,A,,6,6,2,2,12,18,6,3,1,2,0,0
20/01/2024,Arsenal,Crystal Palace,5,0,H,2,0,H,P Tierney,21,12,6,5,8,12,6,7,0,0,0,0
20/01/2024,Brentford,Nott'm Forest,3,2,H,1,1,D,D England,11,12,5,3,10,14,6,4,1,3,0,0
21/01/2024,Frosinone,Cagliari,3,1,H,0,1,A,,17,9,7,4,11,18,8,4,3,5,0,0
21/01/2024,Empoli,Monza,3,0,H,2,0,H,,9,15,5,5,15,10,1,7,1,3,0,0
21/01/2024,Salernitana,Genoa,1,2,A,1,1,D,,11,5,2,5,7,15,5,5,0,5,0,0
21/01/2024,Lecce,Juventus,0,3,A,0,0,D,,12,15,3,8,8,12,5,5,1,1,0,0
21/01/2024,Bayern Munich,Werder Bremen,0,1,A,0,0,D,,21,8,6,3,12,7,10,2,2,1,0,0
21/01/2024,M'gladbach,Augsburg,1,2,A,1,0,H,,18,15,4,7,10,20,5,7,1,2,0,0
21/01/2024,Osasuna,Getafe,3,2,H,2,0,H,,13,10,7,7,14,16,1,4,4,4,0,0
21/01/2024,Real Madrid,Almeria,3,2,H,0,2,A,,18,10,6,2,9,17,6,3,3,5,0,0
21/01/2024,Betis,Barcelona,2,4,A,0,1,A,,14,11,5,4,12,9,3,4,1,2,0,0
21/01/2024,Girona,Sevilla,5,1,H,3,1,H,,12,9,8,3,9,11,4,5,0,2,0,0
21/01/2024,Sheffield United,West Ham,2,2,D,1,1,D,M Salisbury,21,16,6,5,11,10,4,1,3,1,1,1
21/01/2024,Bournemouth,Liverpool,0,4,A,0,0,D,A Madley,11,14,1,7,9,12,8,5,1,2,0,0
22/01/2024,Granada,Ath Madrid,0,1,A,0,0,D,,17,10,2,5,11,16,6,2,2,2,1,0
22/01/2024,Brighton,Wolves,0,0,D,0,0,D,C Pawson,11,8,4,3,10,13,8,2,1,4,0,0
24/01/2024,Bayern Munich,Union Berlin,1,0,H,0,0,D,,24,4,10,1,5,9,12,1,2,4,0,0
26/01/2024,Cagliari,Torino,1,2,A,0,2,A,,25,16,10,6,12,12,8,2,2,4,0,0
26/01/2024,Ein Frankfurt,Mainz,1,0,H,0,0,D,,13,7,4,0,10,12,2,1,2,1,0,0
26/01/2024,Almeria,Alaves,0,3,A,0,1,A,,19,11,7,3,17,12,11,3,1,2,0,0
26/01/2024,Lyon,Rennes,2,3,A,0,3,A,,12,11,6,5,15,12,3,2,2,2,0,0
27/01/2024,Atalanta,Udinese,2,0,H,2,0,H,,14,13,11,5,8,11,4,4,2,1,0,0
27/01/2024,Juventus,Empoli,1,1,D,0,0,D,,9,16,3,5,11,6,6,7,1,1,1,0
27/01/2024,Milan,Bologna,2,2,D,1,1,D,,14,15,4,4,16,12,4,1,5,3,0,0
27/01/2024,Augsburg,Bayern Munich,2,3,A,0,2,A,,14,13,7,4,12,11,4,5,2,6,0,0
27/01/2024,Hoffenheim,Heidenheim,1,1,D,1,1,D,,20,15,8,3,11,13,9,5,4,0,0,0
27/01/2024,Stuttgart,RB Leipzig,5,2,H,2,1,H,,19,4,11,2,9,11,9,3,1,4,0,0
27/01/2024,Werder Bremen,Freiburg,3,1,H,1,1,D,,14,7,4,4,14,10,5,5,2,1,0,0
27/01/2024,Wolfsburg,FC Koln,1,1,D,1,1,D,,12,6,5,2,17,12,6,3,5,3,0,0
27/01/2024,Leverkusen,M'gladbach,0,0,D,0,0,D,,28,4,8,3,15,6,8,2,3,1,0,0
27/01/2024,Sociedad,Vallecano,0,0,D,0,0,D,,6,5,3,0,16,14,2,2,2,4,0,0
27/01/2024,Las Palmas,Real Madrid,1,2,A,0,0,D,,7,13,2,5,17,14,1,6,3,3,0,0
27/01/2024,Barcelona,Villarreal,3,5,A,0,1,A,,22,9,10,6,8,13,10,0,3,4,0,0
27/01/2024,Mallorca,Betis,0,1,A,0,1,A,,14,8,1,2,14,6,5,4,2,1,0,0
27/01/2024,Nice,Metz,1,0,H,0,0,D,,15,2,9,1,10,13,5,2,1,1,0,0
27/01/2024,Marseille,Monaco,2,2,D,1,2,A,,22,6,9,5,11,12,10,1,1,3,0,2
28/01/2024,Genoa,Lecce,2,1,H,0,1,A,,19,19,7,5,12,17,3,8,0,2,0,0
28/01/2024,Monza,Sassuolo,1,0,H,1,0,H,,12,14,1,3,8,13,4,5,1,3,0,0
28/01/2024,Verona,Frosinone,1,1,D,1,0,H,,15,11,5,6,17,12,1,9,2,2,0,0
28/01/2024,Lazio,Napoli,0,0,D,0,0,D,,10,5,1,0,11,11,4,3,3,2,0,0
28/01/2024,Fiorentina,Inter,0,1,A,0,1,A,,14,8,4,4,6,12,7,6,2,3,0,0
28/01/2024,Union Berlin,Darmstadt,1,0,H,0,0,D,,19,15,6,1,13,9,4,3,3,2,0,0
28/01/2024,Dortmund,Bochum,3,1,H,1,1,D,,15,10,6,4,10,16,8,4,1,3,0,0
28/01/2024,Celta,Girona,0,1,A,0,1,A,,10,15,5,6,13,11,5,7,1,1,0,0
28/01/2024,Cadiz,Ath Bilbao,0,0,D,0,0,D,,9,8,2,0,13,14,6,8,4,2,0,0
28/01/2024,Sevilla,Osasuna,1,1,D,1,0,H,,10,11,5,4,19,13,2,4,3,0,1,0
28/01/2024,Ath Madrid,Valencia,2,0,H,1,0,H,,12,10,8,3,9,9,3,6,2,0,0,0
28/01/2024,Montpellier,Lille,0,0,D,0,0,D,,12,12,7,0,13,16,5,2,4,3,0,1
28/01/2024,Clermont,Strasbourg,1,1,D,0,1,A,,14,6,6,2,12,16,5,2,1,3,0,0
28/01/2024,Lorient,Le Havre,3,3,D,1,1,D,,13,14,6,5,15,21,1,4,4,4,0,0
28/01/2024,Reims,Nantes,0,0,D,0,0,D,,10,7,1,5,8,16,6,2,3,2,0,0
28/01/2024,Toulouse,Lens,0,2,A,0,1,A,,13,13,4,5,11,14,10,7,3,3,0,0
28/01/2024,Paris SG,Brest,2,2,D,2,0,H,,10,9,4,6,12,10,7,0,5,3,1,0
29/01/2024,Salernitana,Roma,1,2,A,0,0,D,,15,5,7,2,12,12,5,1,2,3,0,0
29/01/2024,Getafe,Granada,2,0,H,2,0,H,,7,16,4,3,17,11,4,3,2,1,0,0
30/01/2024,Nott'm Forest,Arsenal,1,2,A,0,0,D,S Hooper,9,19,3,3,6,7,2,11,0,1,0,0
30/01/2024,Fulham,Everton,0,0,D,0,0,D,T Bramall,25,21,6,4,6,13,15,6,1,2,0,0
30/01/2024,Luton,Brighton,4,0,H,3,0,H,R Jones,18,9,8,2,13,14,7,4,2,2,0,0
30/01/2024,Crystal Palace,Sheffield United,3,2,H,2,2,D,T Harrington,12,9,4,5,8,18,11,1,1,4,0,0
30/01/2024,Aston Villa,Newcastle,1,3,A,0,2,A,J Brooks,12,14,6,5,14,12,8,7,4,1,0,0
31/01/2024,Barcelona,Osasuna,1,0,H,0,0,D,,16,9,4,1,9,12,6,6,1,2,0,1
31/01/2024,Ath Madrid,Vallecano,2,1,H,1,1,D,,8,10,3,2,11,13,5,6,0,3,0,0
31/01/2024,Man City,Burnley,3,1,H,2,0,H,S Barrott,14,8,4,3,3,13,7,3,2,2,0,0
31/01/2024,Tottenham,Brentford,3,2,H,0,1,A,D Coote,19,9,5,5,13,15,5,3,2,3,0,0
31/01/2024,Liverpool,Chelsea,4,1,H,2,0,H,P Tierney,28,4,13,3,15,16,8,1,2,4,0,0
01/02/2024,Getafe,Real Madrid,0,2,A,0,1,A,,10,16,2,9,16,5,2,6,1,2,0,0
01/02/2024,West Ham,Bournemouth,1,1,D,0,1,A,T Robinson,9,9,3,4,13,11,1,5,1,3,0,0
01/02/2024,Wolves,Man United,3,4,A,0,2,A,J Gillett,16,21,7,8,10,10,4,5,2,5,0,0
02/02/2024,Lecce,Fiorentina,3,2,H,1,0,H,,16,10,8,3,13,14,1,3,3,3,0,0
02/02/2024,Heidenheim,Dortmund,0,0,D,0,0,D,,11,13,0,5,7,7,4,6,0,2,0,0
02/02/2024,Ath Bilbao,Mallorca,4,0,H,2,0,H,,13,6,6,2,17,15,6,2,0,1,0,0
02/02/2024,Strasbourg,Paris SG,1,2,A,0,1,A,,20,9,8,5,12,13,3,4,3,1,0,0
03/02/2024,Empoli,Genoa,0,0,D,0,0,D,,15,10,4,2,11,12,6,6,2,3,0,1
03/02/2024,Udinese,Monza,0,0,D,0,0,D,,21,3,6,2,12,13,7,4,3,2,0,0
03/02/2024,Frosinone,Milan,2,3,A,1,1,D,,7,13,4,5,10,13,2,4,1,3,0,0
03/02/2024,Bologna,Sassuolo,4,2,H,1,2,A,,19,12,4,4,12,10,7,4,1,3,0,0
03/02/2024,Bayern Munich,M'gladbach,3,1,H,1,1,D,,21,11,6,4,11,9,6,5,0,1,0,0
03/02/2024,Bochum,Augsburg,1,1,D,1,0,H,,9,12,4,6,17,14,3,5,3,1,0,0
03/02/2024,Darmstadt,Leverkusen,0,2,A,0,1,A,,8,18,6,7,14,8,4,3,2,2,0,0
03/02/2024,Freiburg,Stuttgart,1,3,A,1,2,A,,7,17,4,9,10,7,1,6,4,2,1,0
03/02/2024,Mainz,Werder Bremen,0,1,A,0,1,A,,20,6,5,1,22,16,11,1,4,3,0,0
03/02/2024,FC Koln,Ein Frankfurt,2,0,H,0,0,D,,14,11,4,4,8,13,7,7,1,4,0,2
03/02/2024,Valencia,Almeria,2,1,H,2,0,H,,7,15,2,5,17,16,0,6,4,5,0,0
03/02/2024,Granada,Las Palmas,1,1,D,1,0,H,,3,16,1,6,6,16,2,9,4,3,1,1
03/02/2024,Alaves,Barcelona,1,3,A,0,1,A,,13,8,2,5,15,10,14,5,2,2,0,1
03/02/2024,Girona,Sociedad,0,0,D,0,0,D,,11,11,3,2,8,19,3,4,2,3,0,0
03/02/2024,Rennes,Montpellier,2,1,H,1,0,H,,9,17,3,9,17,12,5,3,4,3,0,0
03/02/2024,Nantes,Lens,0,1,A,0,0,D,,7,12,2,4,16,11,2,3,2,2,0,0
03/02/2024,Everton,Tottenham,2,2,D,1,2,A,M Oliver,14,9,5,6,8,14,9,5,3,0,0,0
03/02/2024,Brighton,Crystal Palace,4,1,H,3,0,H,S Hooper,13,7,6,5,8,14,3,2,1,3,0,0
03/02/2024,Burnley,Fulham,2,2,D,0,2,A,D Bond,12,15,4,7,11,7,2,13,2,2,0,0
03/02/2024,Newcastle,Luton,4,4,D,2,2,D,T Bramall,19,11,6,8,13,16,8,2,2,2,0,0
03/02/2024,Sheffield United,Aston Villa,0,5,A,0,4,A,P Tierney,10,14,5,10,10,7,3,4,1,0,0,0
04/02/2024,Torino,Salernitana,0,0,D,0,0,D,,13,3,1,1,11,8,10,1,2,1,0,0
04/02/2024,Napoli,Verona,2,1,H,0,0,D,,19,12,8,2,11,14,9,2,3,2,0,0
04/02/2024,Atalanta,Lazio,3,1,H,2,0,H,,19,7,5,1,13,14,6,1,2,3,0,0
04/02/2024,Inter,Juventus,1,0,H,1,0,H,,15,12,3,1,8,8,6,4,2,2,0,0
04/02/2024,Wolfsburg,Hoffenheim,2,2,D,0,1,A,,14,17,8,7,12,16,7,2,2,3,0,0
04/02/2024,RB Leipzig,Union Berlin,2,0,H,1,0,H,,16,10,6,2,13,11,5,4,1,2,0,1
04/02/2024,Villarreal,Cadiz,0,0,D,0,0,D,,19,8,4,2,14,14,13,2,3,1,0,0
04/02/2024,Osasuna,Celta,0,3,A,0,2,A,,18,6,1,5,10,10,9,1,2,0,0,0
04/02/2024,Betis,Getafe,1,1,D,1,1,D,,9,11,3,2,9,19,3,5,7,4,0,0
04/02/2024,Real Madrid,Ath Madrid,1,1,D,1,0,H,,17,10,4,5,6,15,2,8,0,5,0,0
04/02/2024,Monaco,Le Havre,1,1,D,0,0,D,,17,3,5,0,16,11,9,4,3,2,0,0
04/02/2024,Lille,Clermont,4,0,H,4,0,H,,23,4,13,3,8,10,12,1,0,1,0,0
04/02/2024,Metz,Lorient,1,2,A,1,1,D,,10,12,3,4,12,13,4,3,3,1,0,0
04/02/2024,Reims,Toulouse,2,3,A,0,3,A,,17,9,5,4,13,16,10,6,2,3,0,0
04/02/2024,Brest,Nice,0,0,D,0,0,D,,17,13,2,1,12,12,3,5,3,1,0,0
04/02/2024,Lyon,Marseille,1,0,H,1,0,H,,12,8,7,1,14,10,3,2,2,1,0,0
04/02/2024,Bournemouth,Nott'm Forest,1,1,D,1,1,D,R Welch,9,8,2,6,19,12,11,6,3,2,1,0
04/02/2024,Chelsea,Wolves,2,4,A,1,2,A,T Robinson,15,14,6,7,15,11,10,1,3,2,0,0
04/02/2024,Man United,West Ham,3,0,H,1,0,H,A Madley,12,22,5,3,10,5,5,8,0,1,0,0
04/02/2024,Arsenal,Liverpool,3,1,H,1,1,D,A Taylor,15,10,7,1,11,11,2,4,6,2,0,1
05/02/2024,Roma,Cagliari,4,0,H,2,0,H,,20,12,6,3,8,12,7,5,1,1,0,0
05/02/2024,Vallecano,Sevilla,1,2,A,1,2,A,,22,10,5,6,8,10,6,0,2,2,0,0
05/02/2024,Brentford,Man City,1,3,A,1,1,D,J Gillett,9,25,3,15,2,4,8,13,1,0,0,0
07/02/2024,Mainz,Union Berlin,1,1,D,1,1,D,,16,15,7,4,14,15,8,3,2,4,0,0
09/02/2024,Salernitana,Empoli,1,3,A,0,1,A,,13,17,4,3,10,17,4,8,3,2,0,0
09/02/2024,Dortmund,Freiburg,3,0,H,2,0,H,,17,6,8,3,13,7,5,3,2,0,0,0
09/02/2024,Cadiz,Betis,0,2,A,0,1,A,,14,13,5,5,12,10,5,3,1,1,0,0
09/02/2024,Marseille,Metz,1,1,D,0,0,D,,18,7,6,3,12,16,6,3,2,0,1,0
10/02/2024,Cagliari,Lazio,1,3,A,0,1,A,,13,12,6,5,6,9,7,8,1,3,0,0
10/02/2024,Roma,Inter,2,4,A,2,1,H,,8,10,3,6,9,14,3,8,2,0,0,0
10/02/2024,Sassuolo,Torino,1,1,D,1,1,D,,11,13,4,2,12,11,5,4,1,3,0,0
10/02/2024,Augsburg,RB Leipzig,2,2,D,1,1,D,,11,9,4,6,15,10,1,3,5,1,0,0
10/02/2024,Ein Frankfurt,Bochum,1,1,D,1,1,D,,8,14,2,5,6,12,8,3,2,2,0,0
10/02/2024,M'gladbach,Darmstadt,0,0,D,0,0,D,,22,10,8,1,11,15,7,2,0,5,0,0
10/02/2024,Union Berlin,Wolfsburg,1,0,H,1,0,H,,7,15,2,5,12,9,6,10,1,2,0,0
10/02/2024,Werder Bremen,Heidenheim,1,2,A,1,2,A,,14,10,3,3,10,13,5,10,1,2,0,0
10/02/2024,Leverkusen,Bayern Munich,3,0,H,1,0,H,,14,8,8,1,13,13,4,6,3,2,0,0
10/02/2024,Alaves,Villarreal,1,1,D,1,1,D,,17,12,4,4,7,11,10,9,0,2,0,0
10/02/2024,Sociedad,Osasuna,0,1,A,0,0,D,,21,9,3,2,11,11,7,4,0,0,0,0
10/02/2024,Real Madrid,Girona,4,0,H,2,0,H,,16,5,6,0,9,12,0,2,1,2,0,0
10/02/2024,Las Palmas,Valencia,2,0,H,0,0,D,,8,7,3,1,9,9,5,0,2,0,0,0
10/02/2024,Lens,Strasbourg,3,1,H,2,1,H,,10,19,6,5,14,14,4,5,2,1,0,0
10/02/2024,Paris SG,Lille,3,1,H,2,1,H,,16,10,8,3,12,10,6,8,2,3,0,0
10/02/2024,Man City,Everton,2,0,H,0,0,D,J Brooks,19,5,3,1,6,11,9,0,0,2,0,0
10/02/2024,Fulham,Bournemouth,3,1,H,2,0,H,D England,7,25,6,4,11,11,1,14,1,2,0,0
10/02/2024,Liverpool,Burnley,3,1,H,1,1,D,T Robinson,25,9,10,4,11,13,9,3,3,2,0,0
10/02/2024,Luton,Sheffield United,1,3,A,0,2,A,C Kavanagh,20,7,5,3,7,12,13,1,1,2,0,0
10/02/2024,Tottenham,Brighton,2,1,H,0,1,A,S Barrott,16,6,6,3,14,13,9,6,2,3,0,0
10/02/2024,Wolves,Brentford,0,2,A,0,1,A,S Hooper,17,9,5,6,11,9,7,4,2,3,0,0
10/02/2024,Nott'm Forest,Newcastle,2,3,A,2,2,D,A Taylor,13,7,3,5,9,6,4,4,1,2,0,0
11/02/2024,Fiorentina,Frosinone,5,1,H,3,0,H,,18,11,7,3,16,8,2,5,3,1,0,0
11/02/2024,Bologna,Lecce,4,0,H,2,0,H,,16,14,6,3,10,13,4,3,1,2,0,0
11/02/2024,Monza,Verona,0,0,D,0,0,D,,11,10,1,1,19,15,5,2,1,2,0,0
11/02/2024,Genoa,Atalanta,1,4,A,0,1,A,,15,14,6,9,8,13,7,4,3,4,0,0
11/02/2024,Milan,Napoli,1,0,H,1,0,H,,10,12,6,2,9,12,1,2,1,1,0,0
11/02/2024,Stuttgart,Mainz,3,1,H,2,0,H,,10,16,7,6,7,9,4,5,1,1,0,0
11/02/2024,Hoffenheim,FC Koln,1,1,D,0,0,D,,10,5,4,1,12,13,10,3,3,4,0,0
11/02/2024,Getafe,Celta,3,2,H,2,0,H,,11,9,4,4,16,13,0,4,1,2,0,0
11/02/2024,Mallorca,Vallecano,2,1,H,0,0,D,,8,11,5,4,17,11,5,1,4,0,0,0
11/02/2024,Sevilla,Ath Madrid,1,0,H,1,0,H,,10,16,6,5,8,5,2,7,2,1,0,0
11/02/2024,Barcelona,Granada,3,3,D,1,1,D,,11,11,6,5,13,9,6,2,1,2,0,0
11/02/2024,Le Havre,Rennes,0,1,A,0,0,D,,13,11,5,2,14,7,5,1,2,1,0,0
11/02/2024,Clermont,Brest,1,1,D,0,0,D,,7,15,2,9,12,13,2,4,2,4,1,1
11/02/2024,Lorient,Reims,2,0,H,0,0,D,,17,23,5,6,9,14,1,7,1,1,0,0
11/02/2024,Toulouse,Nantes,1,2,A,0,1,A,,16,5,3,2,10,13,12,0,2,1,0,0
11/02/2024,Montpellier,Lyon,1,2,A,1,0,H,,15,19,8,5,11,11,1,5,1,2,0,0
11/02/2024,Nice,Monaco,2,3,A,1,1,D,,15,9,5,5,17,14,8,2,5,4,1,0
11/02/2024,West Ham,Arsenal,0,6,A,0,4,A,C Pawson,5,25,1,12,17,11,2,6,4,0,0,0
11/02/2024,Aston Villa,Man United,1,2,A,0,1,A,R Jones,23,17,10,5,9,7,10,8,3,2,0,0
12/02/2024,Juventus,Udinese,0,1,A,0,1,A,,14,8,6,1,15,10,8,4,3,3,0,0
12/02/2024,Almeria,Ath Bilbao,0,0,D,0,0,D,,10,12,4,4,17,15,4,10,4,1,1,0
12/02/2024,Crystal Palace,Chelsea,1,3,A,1,0,H,M Oliver,13,14,4,5,14,7,1,7,2,2,0,0
14/02/2024,Bologna,Fiorentina,2,0,H,1,0,H,,18,12,7,3,11,8,2,3,2,3,0,0
16/02/2024,Torino,Lecce,2,0,H,0,0,D,,12,8,4,4,16,11,5,5,1,4,0,1
16/02/2024,Inter,Salernitana,4,0,H,3,0,H,,26,1,10,0,9,9,18,0,0,1,0,0
16/02/2024,FC Koln,Werder Bremen,0,1,A,0,0,D,,10,13,2,4,16,11,5,3,4,4,0,0
16/02/2024,Villarreal,Getafe,1,1,D,0,1,A,,20,11,7,2,13,13,8,3,0,1,0,0
16/02/2024,Lyon,Nice,1,0,H,1,0,H,,9,20,1,6,8,12,4,9,0,1,0,0
17/02/2024,Napoli,Genoa,1,1,D,0,0,D,,25,6,7,4,9,13,7,2,3,2,0,0
17/02/2024,Verona,Juventus,2,2,D,1,1,D,,14,18,9,4,8,10,5,4,0,0,0,0
17/02/2024,Atalanta,Sassuolo,3,0,H,1,0,H,,28,12,13,4,10,9,11,5,0,0,0,0
17/02/2024,Darmstadt,Stuttgart,1,2,A,0,1,A,,21,13,9,4,15,14,5,3,4,5,0,1
17/02/2024,Heidenheim,Leverkusen,1,2,A,0,1,A,,6,17,3,4,15,5,4,5,2,1,0,0
17/02/2024,Hoffenheim,Union Berlin,0,1,A,0,0,D,,16,10,4,3,10,7,6,2,3,4,1,1
17/02/2024,Mainz,Augsburg,1,0,H,1,0,H,,19,10,4,4,8,16,7,7,3,2,0,1
17/02/2024,Wolfsburg,Dortmund,1,1,D,0,1,A,,9,12,4,5,18,5,5,3,3,1,0,0
17/02/2024,RB Leipzig,M'gladbach,2,0,H,1,0,H,,16,13,9,0,12,13,8,4,1,5,0,0
17/02/2024,Ath Madrid,Las Palmas,5,0,H,2,0,H,,13,11,7,2,19,9,3,5,2,2,0,0
17/02/2024,Osasuna,Cadiz,2,0,H,0,0,D,,11,5,4,1,20,12,5,4,4,2,0,0
17/02/2024,Celta,Barcelona,1,2,A,0,1,A,,13,14,4,4,11,13,2,5,2,4,0,0
17/02/2024,Valencia,Sevilla,0,0,D,0,0,D,,14,1,4,1,5,8,7,2,0,1,0,0
17/02/2024,Lille,Le Havre,3,0,H,2,0,H,,17,6,8,2,11,17,1,3,2,3,0,0
17/02/2024,Nantes,Paris SG,0,2,A,0,0,D,,12,12,7,2,10,12,3,8,1,0,0,0
17/02/2024,Brentford,Liverpool,1,4,A,0,1,A,M Oliver,15,15,6,8,4,18,1,6,2,1,0,0
17/02/2024,Burnley,Arsenal,0,5,A,0,2,A,J Gillett,8,16,0,7,11,8,4,6,2,1,0,0
17/02/2024,Fulham,Aston Villa,1,2,A,0,1,A,L Smith,15,12,4,3,11,6,4,4,5,2,0,0
17/02/2024,Newcastle,Bournemouth,2,2,D,0,0,D,M Salisbury,17,12,5,7,9,22,4,2,1,3,0,0
17/02/2024,Nott'm Forest,West Ham,2,0,H,1,0,H,T Bramall,19,10,8,3,13,15,5,3,4,4,0,1
17/02/2024,Tottenham,Wolves,1,2,A,0,1,A,A Taylor,15,12,4,7,8,13,10,4,0,1,0,0
17/02/2024,Man City,Chelsea,1,1,D,0,1,A,A Madley,31,9,5,6,7,12,12,1,1,3,0,0
18/02/2024,Lazio,Bologna,1,2,A,1,1,D,,12,11,7,3,5,11,8,3,2,3,0,0
18/02/2024,Empoli,Fiorentina,1,1,D,0,1,A,,5,9,4,4,15,14,0,3,3,2,0,0
18/02/2024,Udinese,Cagliari,1,1,D,1,1,D,,17,5,3,2,14,10,3,4,3,2,0,0
18/02/2024,Frosinone,Roma,0,3,A,0,1,A,,25,13,7,5,10,16,10,2,0,3,0,0
18/02/2024,Monza,Milan,4,2,H,2,0,H,,12,16,6,6,11,10,7,3,4,1,0,1
18/02/2024,Freiburg,Ein Frankfurt,3,3,D,2,2,D,,13,10,8,6,8,10,6,1,0,0,0,0
18/02/2024,Bochum,Bayern Munich,3,2,H,2,1,H,,14,26,5,10,12,10,4,9,2,4,0,1
18/02/2024,Vallecano,Real Madrid,1,1,D,1,1,D,,8,11,3,4,17,7,4,10,4,3,0,1
18/02/2024,Granada,Almeria,1,1,D,0,1,A,,19,13,7,3,13,22,10,4,2,3,0,0
18/02/2024,Mallorca,Sociedad,1,2,A,1,1,D,,4,19,1,5,12,18,3,9,7,5,1,0
18/02/2024,Betis,Alaves,0,0,D,0,0,D,,13,13,2,4,13,9,6,8,5,2,0,0
18/02/2024,Strasbourg,Lorient,1,3,A,0,2,A,,18,13,4,6,13,12,9,4,3,1,1,0
18/02/2024,Monaco,Toulouse,1,2,A,0,1,A,,22,14,5,7,18,12,4,6,1,3,0,0
18/02/2024,Montpellier,Metz,3,0,H,1,0,H,,21,14,7,4,17,13,7,4,3,3,0,0
18/02/2024,Rennes,Clermont,3,1,H,1,0,H,,16,14,8,5,9,10,4,4,1,0,0,1
18/02/2024,Reims,Lens,1,1,D,1,1,D,,11,9,2,1,15,9,3,2,2,2,0,0
18/02/2024,Brest,Marseille,1,0,H,0,0,D,,15,9,5,2,14,9,6,4,3,1,1,0
18/02/2024,Sheffield United,Brighton,0,5,A,0,2,A,S Attwell,6,24,1,10,3,5,5,10,1,4,1,0
18/02/2024,Luton,Man United,1,2,A,1,2,A,D Coote,22,21,4,9,7,21,8,6,3,5,0,0
19/02/2024,Ath Bilbao,Girona,3,2,H,1,0,H,,14,12,7,6,16,13,3,4,1,2,0,0
19/02/2024,Everton,Crystal Palace,1,1,D,0,0,D,P Tierney,19,10,4,4,8,12,3,6,0,2,0,0
20/02/2024,Man City,Brentford,1,0,H,0,0,D,D England,25,6,11,2,12,6,10,1,2,4,0,0
21/02/2024,Liverpool,Luton,4,1,H,0,1,A,A Madley,29,12,13,3,15,14,13,4,1,4,0,0
22/02/2024,Torino,Lazio,0,2,A,0,0,D,,24,7,4,4,11,7,7,4,3,2,0,1
23/02/2024,Bologna,Verona,2,0,H,1,0,H,,12,7,3,3,12,15,11,1,2,2,0,0
23/02/2024,Leverkusen,Mainz,2,1,H,1,1,D,,18,13,7,4,14,16,11,2,3,5,0,1
23/02/2024,Sociedad,Villarreal,1,3,A,0,1,A,,21,6,8,4,15,14,13,2,3,4,0,0
23/02/2024,Metz,Lyon,1,2,A,1,1,D,,15,11,4,5,13,12,4,3,1,2,0,0
24/02/2024,Sassuolo,Empoli,2,3,A,0,1,A,,19,14,5,6,12,14,4,1,1,3,0,0
24/02/2024,Salernitana,Monza,0,2,A,0,0,D,,11,17,3,7,6,13,7,11,2,2,0,0
24/02/2024,Genoa,Udinese,2,0,H,2,0,H,,19,5,4,1,9,17,8,3,1,4,0,1
24/02/2024,M'gladbach,Bochum,5,2,H,2,0,H,,22,15,6,5,13,13,5,6,2,4,0,0
24/02/2024,Stuttgart,FC Koln,1,1,D,0,0,D,,13,12,5,6,11,13,9,4,1,0,0,0
24/02/2024,Union Berlin,Heidenheim,2,2,D,2,1,H,,12,9,3,4,9,12,4,2,2,1,0,0
24/02/2024,Werder Bremen,Darmstadt,1,1,D,1,1,D,,13,11,4,3,10,13,4,6,3,4,0,0
24/02/2024,Bayern Munich,RB Leipzig,2,1,H,0,0,D,,16,11,4,5,11,10,6,4,3,3,0,0
24/02/2024,Barcelona,Getafe,4,0,H,1,0,H,,17,10,9,4,12,18,5,8,1,4,0,0
24/02/2024,Alaves,Mallorca,1,1,D,0,0,D,,9,15,1,8,7,15,3,3,0,2,0,0
24/02/2024,Almeria,Ath Madrid,2,2,D,1,1,D,,9,18,4,9,13,12,2,7,1,1,0,0
24/02/2024,Lorient,Nantes,0,1,A,0,0,D,,6,7,1,6,11,11,3,8,0,2,0,0
24/02/2024,Strasbourg,Brest,0,3,A,0,2,A,,6,15,2,8,21,10,0,4,3,0,0,0
24/02/2024,Aston Villa,Nott'm Forest,4,2,H,3,1,H,S Barrott,16,10,6,3,7,16,7,2,1,2,0,0
24/02/2024,Brighton,Everton,1,1,D,0,0,D,T Harrington,23,6,7,3,9,14,11,3,2,3,1,0
24/02/2024,Crystal Palace,Burnley,3,0,H,0,0,D,L Smith,15,2,6,0,8,13,12,3,3,1,0,1
24/02/2024,Man United,Fulham,1,2,A,0,0,D,M Oliver,21,17,9,5,6,11,10,9,2,5,0,0
24/02/2024,Bournemouth,Man City,0,1,A,0,1,A,J Gillett,13,15,4,6,14,6,3,8,2,2,0,0
24/02/2024,Arsenal,Newcastle,4,1,H,2,0,H,P Tierney,18,3,8,2,15,6,9,0,1,0,0,0
25/02/2024,Juventus,Frosinone,3,2,H,2,2,D,,22,7,5,3,12,6,8,3,2,2,0,0
25/02/2024,Cagliari,Napoli,1,1,D,0,0,D,,8,9,3,4,12,12,4,3,4,1,0,0
25/02/2024,Lecce,Inter,0,4,A,0,1,A,,14,11,2,7,13,6,7,10,1,2,0,0
25/02/2024,Milan,Atalanta,1,1,D,1,1,D,,20,8,7,3,12,16,5,3,1,4,0,0
25/02/2024,Ein Frankfurt,Wolfsburg,2,2,D,1,2,A,,12,14,5,8,9,7,5,3,2,1,0,0
25/02/2024,Dortmund,Hoffenheim,2,3,A,2,1,H,,19,7,7,5,7,10,10,3,2,3,0,0
25/02/2024,Augsburg,Freiburg,2,1,H,0,1,A,,21,5,8,1,16,11,10,2,3,1,0,0
25/02/2024,Cadiz,Celta,2,2,D,0,1,A,,19,7,6,3,13,20,9,1,2,3,0,0
25/02/2024,Betis,Ath Bilbao,3,1,H,2,1,H,,13,3,5,1,14,12,5,3,1,6,0,1
25/02/2024,Las Palmas,Osasuna,1,1,D,0,0,D,,9,6,3,2,6,15,6,7,2,1,0,0
25/02/2024,Real Madrid,Sevilla,1,0,H,0,0,D,,16,4,6,1,10,13,7,2,1,3,0,0
25/02/2024,Lens,Monaco,2,3,A,1,2,A,,20,15,10,9,10,13,9,3,6,3,0,0
25/02/2024,Le Havre,Reims,1,2,A,0,0,D,,18,16,4,5,11,13,5,5,3,3,0,1
25/02/2024,Nice,Clermont,0,0,D,0,0,D,,23,13,4,5,8,12,8,1,2,1,0,0
25/02/2024,Toulouse,Lille,3,1,H,0,1,A,,14,12,4,2,20,10,6,8,2,0,0,0
25/02/2024,Paris SG,Rennes,1,1,D,0,1,A,,15,3,3,1,13,16,4,0,5,3,0,0
25/02/2024,Marseille,Montpellier,4,1,H,2,1,H,,16,9,6,4,8,12,7,4,2,4,0,0
25/02/2024,Wolves,Sheffield United,1,0,H,1,0,H,D Bond,13,12,2,4,8,4,5,6,2,1,0,0
26/02/2024,Roma,Torino,3,2,H,1,1,D,,6,14,3,6,12,16,0,4,2,2,0,0
26/02/2024,Fiorentina,Lazio,2,1,H,0,1,A,,22,5,7,1,15,12,13,2,0,2,0,0
26/02/2024,Girona,Vallecano,3,0,H,0,0,D,,14,7,8,1,13,16,2,2,3,5,0,1
26/02/2024,West Ham,Brentford,4,2,H,2,1,H,S Hooper,17,14,6,8,5,9,1,7,1,2,0,0
28/02/2024,Sassuolo,Napoli,1,6,A,1,3,A,,5,27,2,9,3,5,5,10,0,0,0,0
28/02/2024,Inter,Atalanta,4,0,H,2,0,H,,15,6,7,1,10,15,4,1,2,6,0,0
01/03/2024,Lazio,Milan,0,1,A,0,0,D,,11,14,3,5,17,19,2,5,5,6,3,0
01/03/2024,Freiburg,Bayern Munich,2,2,D,1,1,D,,17,21,5,9,11,7,3,6,1,2,0,0
01/03/2024,Celta,Almeria,1,0,H,0,0,D,,15,3,6,0,8,14,7,0,1,2,0,1
01/03/2024,Monaco,Paris SG,0,0,D,0,0,D,,14,14,6,7,10,13,5,6,0,0,0,0
02/03/2024,Udinese,Salernitana,1,1,D,1,1,D,,18,17,5,1,13,13,5,6,6,1,1,0
02/03/2024,Monza,Roma,1,4,A,0,2,A,,16,12,5,6,11,18,6,3,1,4,0,0
02/03/2024,Torino,Fiorentina,0,0,D,0,0,D,,8,14,2,3,13,13,4,5,2,4,1,0
02/03/2024,Bochum,RB Leipzig,1,4,A,1,1,D,,15,10,4,4,13,10,2,5,3,2,1,0
02/03/2024,Darmstadt,Augsburg,0,6,A,0,5,A,,10,21,5,6,4,12,3,6,2,0,0,0
02/03/2024,Heidenheim,Ein Frankfurt,1,2,A,0,1,A,,16,11,3,6,6,10,7,3,1,4,0,0
02/03/2024,Mainz,M'gladbach,1,1,D,1,0,H,,21,14,5,5,12,15,12,6,5,1,1,0
02/03/2024,Union Berlin,Dortmund,0,2,A,0,1,A,,13,12,5,7,11,8,8,7,2,1,0,0
02/03/2024,Wolfsburg,Stuttgart,2,3,A,0,1,A,,12,7,2,3,20,12,5,4,3,2,0,0
02/03/2024,Sevilla,Sociedad,3,2,H,2,1,H,,12,13,5,4,12,15,2,5,1,2,0,0
02/03/2024,Vallecano,Cadiz,1,1,D,0,0,D,,9,16,5,5,14,17,4,9,1,1,0,0
02/03/2024,Getafe,Las Palmas,3,3,D,3,1,H,,16,14,5,5,28,9,4,4,4,1,0,0
02/03/2024,Valencia,Real Madrid,2,2,D,2,1,H,,12,10,5,5,18,11,2,2,2,3,0,1
02/03/2024,Reims,Lille,0,1,A,0,0,D,,8,8,3,3,12,14,4,4,3,2,0,0
02/03/2024,Clermont,Marseille,1,5,A,0,1,A,,7,17,2,11,9,13,7,4,2,1,0,0
02/03/2024,Brentford,Chelsea,2,2,D,0,1,A,J Gillett,14,17,5,6,10,9,0,6,3,1,0,0
02/03/2024,Everton,West Ham,1,3,A,0,0,D,C Pawson,22,12,11,5,9,6,4,5,1,2,0,0
02/03/2024,Fulham,Brighton,3,0,H,2,0,H,S Hooper,12,15,5,5,16,10,2,6,1,2,0,0
02/03/2024,Newcastle,Wolves,3,0,H,2,0,H,T Robinson,14,12,7,3,8,11,3,5,0,1,0,0
02/03/2024,Nott'm Forest,Liverpool,0,1,A,0,0,D,P Tierney,8,22,2,2,11,12,3,12,2,2,0,0
02/03/2024,Tottenham,Crystal Palace,3,1,H,0,0,D,J Brooks,14,4,6,1,7,16,11,1,1,2,0,0
02/03/2024,Luton,Aston Villa,2,3,A,0,2,A,M Oliver,13,12,5,8,8,19,8,6,1,4,0,0
03/03/2024,Verona,Sassuolo,1,0,H,0,0,D,,10,13,5,2,23,10,2,10,4,2,0,0
03/03/2024,Empoli,Cagliari,0,1,A,0,0,D,,16,8,3,4,11,15,9,2,0,3,0,0
03/03/2024,Frosinone,Lecce,1,1,D,1,0,H,,15,11,7,4,11,10,12,8,1,1,0,0
03/03/2024,Atalanta,Bologna,1,2,A,1,0,H,,11,11,2,6,11,12,6,2,3,2,0,0
03/03/2024,Napoli,Juventus,2,1,H,1,0,H,,14,18,7,4,6,16,2,1,1,4,0,0
03/03/2024,FC Koln,Leverkusen,0,2,A,0,1,A,,6,17,0,6,10,9,1,9,2,2,1,0
03/03/2024,Hoffenheim,Werder Bremen,2,1,H,2,0,H,,14,18,7,8,11,10,3,3,5,1,1,0
03/03/2024,Villarreal,Granada,5,1,H,3,0,H,,16,9,10,3,12,15,6,4,1,2,0,0
03/03/2024,Ath Madrid,Betis,2,1,H,2,0,H,,17,12,12,6,9,12,4,6,1,2,0,0
03/03/2024,Mallorca,Girona,1,0,H,1,0,H,,16,15,2,4,19,9,8,5,5,0,0,0
03/03/2024,Ath Bilbao,Barcelona,0,0,D,0,0,D,,8,8,2,2,14,11,4,4,3,3,0,0
03/03/2024,Toulouse,Nice,2,1,H,0,1,A,,17,9,6,6,16,10,7,6,2,2,0,0
03/03/2024,Brest,Le Havre,1,0,H,1,0,H,,8,11,4,2,21,15,0,2,4,1,0,0
03/03/2024,Montpellier,Strasbourg,2,2,D,0,0,D,,21,12,7,4,12,17,8,4,1,3,0,0
03/03/2024,Nantes,Metz,0,2,A,0,0,D,,9,13,2,4,7,11,10,3,3,2,0,0
03/03/2024,Rennes,Lorient,1,2,A,0,0,D,,22,12,6,6,12,9,6,3,1,2,0,0
03/03/2024,Lyon,Lens,0,3,A,0,1,A,,13,18,4,8,5,15,2,4,0,2,1,0
03/03/2024,Burnley,Bournemouth,0,2,A,0,1,A,D Coote,20,10,6,3,8,13,7,2,2,4,0,0
03/03/2024,Man City,Man United,3,1,H,0,1,A,A Madley,27,3,8,1,5,10,15,2,0,1,0,0
04/03/2024,Inter,Genoa,2,1,H,2,0,H,,16,10,5,2,5,17,4,5,2,3,0,0
04/03/2024,Osasuna,Alaves,1,0,H,0,0,D,,15,10,4,4,15,11,5,5,2,1,0,0
04/03/2024,Sheffield United,Arsenal,0,6,A,0,5,A,S Barrott,4,22,0,10,11,4,0,7,1,0,0,0
08/03/2024,Napoli,Torino,1,1,D,0,0,D,,22,11,8,2,9,13,13,7,2,2,0,0
08/03/2024,Stuttgart,Union Berlin,2,0,H,1,0,H,,14,10,5,4,7,14,4,3,1,2,0,1
08/03/2024,Barcelona,Mallorca,1,0,H,0,0,D,,20,9,6,3,9,14,4,1,1,1,0,0
08/03/2024,Nice,Montpellier,1,2,A,1,2,A,,19,7,5,2,13,11,8,5,1,2,0,0
09/03/2024,Cagliari,Salernitana,4,2,H,2,0,H,,12,12,7,5,16,11,5,4,1,2,0,0
09/03/2024,Sassuolo,Frosinone,1,0,H,0,0,D,,10,11,4,1,14,9,1,2,3,1,0,0
09/03/2024,Bologna,Inter,0,1,A,0,1,A,,19,5,3,4,17,12,7,2,2,1,0,0
09/03/2024,Genoa,Monza,2,3,A,0,2,A,,22,9,6,5,11,10,10,1,1,1,0,0
09/03/2024,Augsburg,Heidenheim,1,0,H,1,0,H,,8,6,4,1,14,20,5,2,1,3,0,0
09/03/2024,Bayern Munich,Mainz,8,1,H,3,1,H,,25,13,12,3,8,7,6,7,1,1,0,0
09/03/2024,M'gladbach,FC Koln,3,3,D,1,1,D,,16,12,5,5,15,15,8,3,3,4,0,0
09/03/2024,RB Leipzig,Darmstadt,2,0,H,1,0,H,,28,9,8,4,3,14,8,4,0,3,0,0
09/03/2024,Werder Bremen,Dortmund,1,2,A,0,2,A,,15,13,5,6,6,8,10,4,1,2,0,1
09/03/2024,Valencia,Getafe,1,0,H,1,0,H,,10,15,3,5,10,19,5,5,2,3,0,0
09/03/2024,Cadiz,Ath Madrid,2,0,H,1,0,H,,7,8,3,4,20,15,3,1,4,5,0,0
09/03/2024,Granada,Sociedad,2,3,A,2,1,H,,13,11,6,8,17,11,4,6,1,2,0,0
09/03/2024,Girona,Osasuna,2,0,H,1,0,H,,11,7,6,1,10,16,5,7,3,3,0,0
09/03/2024,Lorient,Lyon,0,2,A,0,0,D,,9,13,0,6,10,7,4,7,0,0,0,0
09/03/2024,Lens,Brest,1,0,H,1,0,H,,6,9,2,3,13,10,2,4,1,2,0,0
09/03/2024,Man United,Everton,2,0,H,2,0,H,S Hooper,15,23,8,6,13,11,5,8,1,2,0,0
09/03/2024,Bournemouth,Sheffield United,2,2,D,0,1,A,A Taylor,32,13,12,9,12,11,10,3,3,5,0,0
09/03/2024,Crystal Palace,Luton,1,1,D,1,0,H,S Singh,21,8,4,2,20,11,8,6,2,3,0,0
09/03/2024,Wolves,Fulham,2,1,H,0,0,D,T Harrington,8,23,3,6,7,11,3,4,2,2,0,0
09/03/2024,Arsenal,Brentford,2,1,H,1,1,D,R Jones,17,9,6,4,9,10,10,4,2,4,0,0
10/03/2024,Lecce,Verona,0,1,A,0,1,A,,15,13,3,4,15,19,11,6,3,3,0,1
10/03/2024,Milan,Empoli,1,0,H,1,0,H,,15,5,5,2,18,13,11,4,1,4,0,0
10/03/2024,Juventus,Atalanta,2,2,D,0,1,A,,18,7,5,3,12,10,4,3,0,1,0,0
10/03/2024,Fiorentina,Roma,2,2,D,1,0,H,,15,10,5,5,10,15,8,2,2,5,0,0
10/03/2024,Bochum,Freiburg,1,2,A,0,1,A,,18,9,6,5,11,11,12,5,3,7,0,0
10/03/2024,Ein Frankfurt,Hoffenheim,3,1,H,1,1,D,,17,6,7,2,11,10,5,1,2,3,0,2
10/03/2024,Leverkusen,Wolfsburg,2,0,H,1,0,H,,19,2,7,1,6,7,9,2,1,3,0,1
10/03/2024,Alaves,Vallecano,1,0,H,1,0,H,,12,9,4,3,13,10,7,5,2,2,0,0
10/03/2024,Las Palmas,Ath Bilbao,0,2,A,0,1,A,,14,7,2,2,8,14,10,3,3,3,0,0
10/03/2024,Real Madrid,Celta,4,0,H,1,0,H,,24,11,13,1,8,13,12,1,2,3,0,0
10/03/2024,Betis,Villarreal,2,3,A,2,1,H,,13,6,4,4,12,17,11,4,3,4,1,1
10/03/2024,Paris SG,Reims,2,2,D,2,2,D,,19,8,6,3,10,12,7,2,2,2,0,0
10/03/2024,Le Havre,Toulouse,1,0,H,0,0,D,,12,5,4,0,12,17,3,3,1,1,0,0
10/03/2024,Metz,Clermont,1,0,H,1,0,H,,11,13,2,6,10,10,5,7,1,3,0,0
10/03/2024,Strasbourg,Monaco,0,1,A,0,0,D,,8,17,1,6,9,15,5,8,1,3,0,0
10/03/2024,Lille,Rennes,2,2,D,0,2,A,,15,11,8,3,17,20,6,3,5,2,0,0
10/03/2024,Marseille,Nantes,2,0,H,1,0,H,,12,10,4,3,11,16,2,8,2,3,0,0
10/03/2024,Aston Villa,Tottenham,0,4,A,0,0,D,C Kavanagh,10,9,1,5,11,15,6,4,0,2,1,0
10/03/2024,Brighton,Nott'm Forest,1,0,H,1,0,H,M Salisbury,10,9,3,4,14,14,6,3,4,4,0,0
10/03/2024,West Ham,Burnley,2,2,D,0,2,A,D England,22,11,4,4,11,18,4,4,2,4,0,0
10/03/2024,Liverpool,Man City,1,1,D,0,1,A,M Oliver,19,10,6,6,6,10,7,4,0,3,0,0
11/03/2024,Lazio,Udinese,1,2,A,0,0,D,,18,14,6,5,9,15,9,5,3,6,0,1
11/03/2024,Almeria,Sevilla,2,2,D,1,0,H,,14,19,4,6,6,11,1,8,2,2,0,0
11/03/2024,Chelsea,Newcastle,3,2,H,1,1,D,J Brooks,12,11,8,3,12,7,0,4,3,1,0,0
13/03/2024,Bournemouth,Luton,4,3,H,0,3,A,S Allison,24,8,10,4,16,11,11,3,1,2,0,0
15/03/2024,Empoli,Bologna,0,1,A,0,0,D,,10,20,1,9,19,12,7,6,4,0,0,0
15/03/2024,FC Koln,RB Leipzig,1,5,A,1,1,D,,9,23,2,7,11,12,3,6,2,2,0,0
15/03/2024,Sociedad,Cadiz,2,0,H,1,0,H,,14,13,6,2,15,6,8,2,3,1,0,0
15/03/2024,Toulouse,Lyon,2,3,A,0,1,A,,13,18,5,6,18,12,5,3,2,2,0,0
16/03/2024,Monza,Cagliari,1,0,H,1,0,H,,15,10,3,0,11,9,3,7,2,1,0,0
16/03/2024,Udinese,Torino,0,2,A,0,1,A,,12,12,1,5,11,17,3,4,3,2,0,0
16/03/2024,Salernitana,Lecce,0,1,A,0,1,A,,15,17,6,4,9,18,7,1,4,3,0,0
16/03/2024,Frosinone,Lazio,2,3,A,1,1,D,,14,22,5,7,10,15,9,4,1,3,0,0
16/03/2024,Darmstadt,Bayern Munich,2,5,A,1,2,A,,7,26,3,6,9,6,2,9,1,0,0,0
16/03/2024,Heidenheim,M'gladbach,1,1,D,0,1,A,,16,6,5,2,16,8,10,4,1,3,0,0
16/03/2024,Mainz,Bochum,2,0,H,1,0,H,,13,11,4,4,15,15,7,6,4,3,0,0
16/03/2024,Union Berlin,Werder Bremen,2,1,H,0,0,D,,11,10,5,2,16,16,4,3,3,5,0,0
16/03/2024,Wolfsburg,Augsburg,1,3,A,1,1,D,,15,14,4,5,12,19,8,6,1,3,1,0
16/03/2024,Hoffenheim,Stuttgart,0,3,A,0,2,A,,8,25,1,12,8,12,5,6,1,0,0,0
16/03/2024,Mallorca,Granada,1,0,H,0,0,D,,18,8,8,3,17,9,10,2,2,0,0,0
16/03/2024,Osasuna,Real Madrid,2,4,A,1,2,A,,9,17,4,9,18,9,5,7,3,2,0,0
16/03/2024,Getafe,Girona,1,0,H,1,0,H,,11,13,3,3,16,13,2,5,4,4,0,0
16/03/2024,Ath Bilbao,Alaves,2,0,H,2,0,H,,16,7,4,3,7,13,5,4,1,3,0,0
16/03/2024,Nantes,Strasbourg,1,3,A,1,1,D,,11,11,2,6,16,15,4,5,2,3,0,0
16/03/2024,Lens,Nice,1,3,A,0,1,A,,20,7,4,3,9,12,11,3,4,3,0,0
16/03/2024,Burnley,Brentford,2,1,H,1,0,H,D Bond,17,9,6,5,14,17,5,4,2,4,0,1
16/03/2024,Luton,Nott'm Forest,1,1,D,0,1,A,D England,10,16,4,6,10,17,6,7,1,2,0,0
16/03/2024,Fulham,Tottenham,3,0,H,1,0,H,R Jones,16,14,7,5,9,10,4,5,2,3,0,0
17/03/2024,Juventus,Genoa,0,0,D,0,0,D,,17,5,2,2,11,11,12,2,4,1,1,0
17/03/2024,Verona,Milan,1,3,A,0,1,A,,15,18,4,6,9,8,3,5,1,3,0,0
17/03/2024,Roma,Sassuolo,1,0,H,0,0,D,,10,8,4,2,11,10,4,7,2,1,0,0
17/03/2024,Inter,Napoli,1,1,D,1,0,H,,19,11,6,3,19,6,5,7,2,1,0,0
17/03/2024,Freiburg,Leverkusen,2,3,A,1,2,A,,9,18,3,7,13,6,2,8,1,0,0,0
17/03/2024,Dortmund,Ein Frankfurt,3,1,H,1,1,D,,16,8,6,6,5,9,8,3,1,2,0,0
17/03/2024,Sevilla,Celta,1,2,A,1,0,H,,11,18,4,5,13,6,3,8,4,0,0,0
17/03/2024,Las Palmas,Almeria,0,1,A,0,1,A,,21,3,6,2,8,17,11,3,2,2,0,0
17/03/2024,Villarreal,Valencia,1,0,H,0,0,D,,13,14,7,7,12,12,6,2,5,1,0,0
17/03/2024,Vallecano,Betis,2,0,H,1,0,H,,8,11,4,1,22,16,4,8,4,4,0,0
17/03/2024,Ath Madrid,Barcelona,0,3,A,0,1,A,,12,9,3,5,15,9,7,3,3,1,1,0
17/03/2024,Brest,Lille,1,1,D,0,0,D,,16,13,4,8,9,12,3,3,3,0,0,0
17/03/2024,Clermont,Le Havre,2,1,H,2,1,H,,9,14,4,5,13,17,3,5,3,5,1,1
17/03/2024,Monaco,Lorient,2,2,D,1,1,D,,23,11,8,6,21,8,10,8,3,1,1,1
17/03/2024,Reims,Metz,2,1,H,1,1,D,,17,12,7,4,17,10,7,7,4,4,0,0
17/03/2024,Rennes,Marseille,2,0,H,1,0,H,,7,8,4,1,9,12,4,5,1,3,0,0
17/03/2024,Montpellier,Paris SG,2,6,A,2,2,D,,12,16,7,9,9,13,7,4,0,3,0,0
17/03/2024,West Ham,Aston Villa,1,1,D,1,0,H,J Gillett,13,13,5,5,13,12,7,11,3,3,0,0
29/03/2024,Cadiz,Granada,1,0,H,0,0,D,,13,10,5,2,17,14,5,2,2,4,0,0
29/03/2024,Lille,Lens,2,1,H,1,0,H,,15,9,6,3,13,17,5,5,3,3,0,0
30/03/2024,Napoli,Atalanta,0,3,A,0,2,A,,20,12,6,6,6,13,7,5,2,2,0,0
30/03/2024,Genoa,Frosinone,1,1,D,1,1,D,,9,15,3,3,16,11,3,8,2,1,0,0
30/03/2024,Torino,Monza,1,0,H,0,0,D,,15,9,6,2,9,11,7,2,0,3,0,1
30/03/2024,Lazio,Juventus,1,0,H,0,0,D,,16,9,4,3,12,10,7,2,1,2,0,0
30/03/2024,Fiorentina,Milan,1,2,A,0,0,D,,17,14,7,10,8,12,7,5,2,3,0,0
30/03/2024,Ein Frankfurt,Union Berlin,0,0,D,0,0,D,,18,10,4,2,8,14,6,2,3,1,0,0
30/03/2024,Leverkusen,Hoffenheim,2,1,H,0,1,A,,36,6,12,2,9,8,9,2,0,1,0,0
30/03/2024,M'gladbach,Freiburg,0,3,A,0,1,A,,18,13,4,8,11,7,14,1,1,0,0,0
30/03/2024,RB Leipzig,Mainz,0,0,D,0,0,D,,23,8,10,2,10,15,12,2,2,5,0,0
30/03/2024,Werder Bremen,Wolfsburg,0,2,A,0,1,A,,6,15,1,5,13,15,3,6,4,4,1,1
30/03/2024,Bayern Munich,Dortmund,0,2,A,0,1,A,,16,11,3,5,7,7,7,4,0,0,0,0
30/03/2024,Getafe,Sevilla,0,1,A,0,1,A,,18,10,5,3,11,15,7,3,4,5,0,0
30/03/2024,Almeria,Osasuna,0,3,A,0,2,A,,12,6,5,4,12,14,6,1,3,2,0,0
30/03/2024,Valencia,Mallorca,0,0,D,0,0,D,,14,11,5,3,8,11,3,3,0,2,0,0
30/03/2024,Barcelona,Las Palmas,1,0,H,0,0,D,,14,8,2,0,11,9,6,1,5,1,0,1
30/03/2024,Metz,Monaco,2,5,A,0,3,A,,13,17,7,7,8,8,5,5,0,0,0,0
30/03/2024,Lyon,Reims,1,1,D,0,0,D,,16,17,3,5,7,10,7,8,2,3,0,0
30/03/2024,Newcastle,West Ham,4,3,H,1,2,A,R Jones,24,10,9,4,9,8,3,4,1,1,1,0
30/03/2024,Bournemouth,Everton,2,1,H,0,0,D,S Barrott,11,7,4,3,14,11,9,8,1,2,0,0
30/03/2024,Chelsea,Burnley,2,2,D,1,0,H,D England,33,18,13,7,12,7,12,4,2,2,0,1
30/03/2024,Nott'm Forest,Crystal Palace,1,1,D,0,1,A,C Kavanagh,12,10,5,3,14,12,4,6,1,1,0,0
30/03/2024,Sheffield United,Fulham,3,3,D,0,0,D,T Robinson,8,24,4,9,10,13,2,15,4,1,0,0
30/03/2024,Tottenham,Luton,2,1,H,0,1,A,J Gillett,17,7,4,3,16,14,3,6,2,4,0,0
30/03/2024,Aston Villa,Wolves,2,0,H,1,0,H,P Tierney,11,13,5,3,11,19,5,4,3,4,0,0
30/03/2024,Brentford,Man United,1,1,D,0,0,D,S Hooper,31,11,5,5,7,14,14,4,2,2,0,0
31/03/2024,Augsburg,FC Koln,1,1,D,1,1,D,,24,12,6,2,9,13,12,6,0,3,0,0
31/03/2024,Stuttgart,Heidenheim,3,3,D,1,0,H,,20,6,6,3,5,9,6,7,1,0,0,1
31/03/2024,Bochum,Darmstadt,2,2,D,1,0,H,,20,13,7,3,7,15,6,5,2,2,0,0
31/03/2024,Celta,Vallecano,0,0,D,0,0,D,,13,8,0,2,12,16,3,2,3,3,0,0
31/03/2024,Girona,Betis,3,2,H,1,1,D,,9,7,5,4,13,14,5,4,3,4,0,0
31/03/2024,Alaves,Sociedad,0,1,A,0,0,D,,3,12,0,3,10,15,3,8,2,2,0,0
31/03/2024,Real Madrid,Ath Bilbao,2,0,H,1,0,H,,9,7,4,3,9,13,4,7,2,1,0,0
31/03/2024,Lorient,Brest,0,1,A,0,0,D,,11,10,5,2,10,18,6,4,1,3,0,1
31/03/2024,Clermont,Toulouse,0,3,A,0,1,A,,15,11,5,5,15,12,12,3,3,1,0,0
31/03/2024,Le Havre,Montpellier,0,2,A,0,0,D,,14,14,3,5,10,12,6,6,2,2,0,0
31/03/2024,Nice,Nantes,1,2,A,0,1,A,,12,13,3,4,7,19,9,3,2,5,0,0
31/03/2024,Strasbourg,Rennes,2,0,H,0,0,D,,14,12,7,0,10,17,4,5,1,2,0,0
31/03/2024,Marseille,Paris SG,0,2,A,0,0,D,,22,8,10,3,10,8,5,3,0,4,0,1
31/03/2024,Liverpool,Brighton,2,1,H,1,1,D,D Coote,30,9,8,3,20,6,8,4,5,3,0,0
31/03/2024,Man City,Arsenal,0,0,D,0,0,D,A Taylor,12,6,1,2,9,20,7,4,0,2,0,0
01/04/2024,Bologna,Salernitana,3,0,H,2,0,H,,14,8,3,2,11,12,5,3,0,3,0,0
01/04/2024,Cagliari,Verona,1,1,D,0,1,A,,11,8,2,5,11,16,7,2,0,2,0,0
01/04/2024,Sassuolo,Udinese,1,1,D,1,1,D,,14,12,5,3,7,10,10,1,1,2,0,0
01/04/2024,Lecce,Roma,0,0,D,0,0,D,,27,10,6,3,9,12,8,4,3,2,0,0
01/04/2024,Inter,Empoli,2,0,H,1,0,H,,19,14,7,3,14,16,8,6,0,2,0,0
01/04/2024,Villarreal,Ath Madrid,1,2,A,0,1,A,,11,14,2,8,14,22,3,3,3,3,0,0
02/04/2024,Newcastle,Everton,1,1,D,1,0,H,T Harrington,18,10,6,3,9,14,7,3,0,3,0,0
02/04/2024,Nott'm Forest,Fulham,3,1,H,3,0,H,M Oliver,16,18,4,3,7,8,3,8,0,0,0,0
02/04/2024,Bournemouth,Crystal Palace,1,0,H,0,0,D,G Scott,11,3,6,2,13,14,9,2,3,2,0,0
02/04/2024,Burnley,Wolves,1,1,D,1,1,D,T Bramall,13,8,6,2,10,12,7,4,0,2,0,0
02/04/2024,West Ham,Tottenham,1,1,D,1,1,D,J Brooks,11,13,4,4,13,9,9,5,1,4,0,0
03/04/2024,Arsenal,Luton,2,0,H,2,0,H,C Pawson,13,5,4,1,12,8,3,1,1,1,0,0
03/04/2024,Brentford,Brighton,0,0,D,0,0,D,A Madley,5,24,2,6,9,12,1,5,1,1,0,0
03/04/2024,Man City,Aston Villa,4,1,H,2,1,H,D England,25,8,11,3,6,13,2,3,1,2,0,0
04/04/2024,Granada,Valencia,0,1,A,0,0,D,,13,6,3,2,20,15,5,4,3,1,0,0
04/04/2024,Liverpool,Sheffield United,3,1,H,1,0,H,S Attwell,29,8,9,3,6,9,13,1,0,1,0,0
04/04/2024,Chelsea,Man United,4,3,H,2,2,D,J Gillett,28,19,10,5,7,15,12,3,3,0,0,0
05/04/2024,Salernitana,Sassuolo,2,2,D,0,2,A,,5,16,2,5,10,13,4,9,4,3,0,0
05/04/2024,Ein Frankfurt,Werder Bremen,1,1,D,0,0,D,,19,10,5,7,10,14,9,0,3,2,1,1
05/04/2024,Lille,Marseille,3,1,H,0,0,D,,14,13,6,4,13,18,4,2,1,6,0,0
06/04/2024,Milan,Lecce,3,0,H,2,0,H,,16,12,8,7,8,8,5,1,1,1,0,1
06/04/2024,Roma,Lazio,1,0,H,1,0,H,,15,11,3,1,14,15,3,6,6,3,0,0
06/04/2024,Empoli,Torino,3,2,H,1,0,H,,4,19,3,5,13,13,1,7,2,1,0,0
06/04/2024,FC Koln,Bochum,2,1,H,0,0,D,,17,8,6,2,16,13,9,4,3,3,0,0
06/04/2024,Freiburg,RB Leipzig,1,4,A,0,3,A,,15,15,4,6,7,12,8,4,3,4,0,0
06/04/2024,Heidenheim,Bayern Munich,3,2,H,0,2,A,,9,15,4,8,9,8,3,3,2,0,0,0
06/04/2024,Mainz,Darmstadt,4,0,H,1,0,H,,18,14,9,2,16,9,5,1,2,3,0,0
06/04/2024,Union Berlin,Leverkusen,0,1,A,0,1,A,,8,19,1,8,10,14,7,10,3,2,1,0
06/04/2024,Dortmund,Stuttgart,0,1,A,0,0,D,,14,10,7,2,8,8,8,3,2,4,0,0
06/04/2024,Lens,Le Havre,1,1,D,0,0,D,,18,11,8,3,13,10,7,4,2,5,0,0
06/04/2024,Paris SG,Clermont,1,1,D,0,1,A,,23,6,7,3,11,7,17,2,1,0,0,0
06/04/2024,Crystal Palace,Man City,2,4,A,1,1,D,P Tierney,7,18,4,8,13,3,2,9,1,1,0,0
06/04/2024,Aston Villa,Brentford,3,3,D,1,0,H,M Salisbury,11,8,3,3,15,11,11,3,2,2,0,0
06/04/2024,Everton,Burnley,1,0,H,1,0,H,M Oliver,12,6,3,1,11,13,3,5,2,1,0,1
06/04/2024,Fulham,Newcastle,0,1,A,0,0,D,S Allison,14,12,4,5,10,13,14,3,1,2,0,0
06/04/2024,Luton,Bournemouth,2,1,H,0,0,D,A Madley,19,8,9,1,7,14,7,2,0,0,0,0
06/04/2024,Wolves,West Ham,1,2,A,1,0,H,T Harrington,14,11,7,4,15,7,4,4,5,2,0,0
06/04/2024,Brighton,Arsenal,0,3,A,0,1,A,J Brooks,10,20,2,7,14,13,8,7,1,2,0,0
07/04/2024,Frosinone,Bologna,0,0,D,0,0,D,,12,13,5,5,10,14,5,2,1,3,0,0
07/04/2024,Monza,Napoli,2,4,A,1,0,H,,7,19,2,8,10,8,1,6,3,1,0,0
07/04/2024,Cagliari,Atalanta,2,1,H,1,1,D,,11,7,3,2,16,19,4,4,3,3,0,0
07/04/2024,Verona,Genoa,1,2,A,1,1,D,,12,11,3,5,14,15,5,3,3,1,0,0
07/04/2024,Juventus,Fiorentina,1,0,H,1,0,H,,7,13,2,2,16,8,5,6,2,1,0,0
07/04/2024,Hoffenheim,Augsburg,3,1,H,2,0,H,,17,14,6,7,8,14,11,6,3,1,0,0
07/04/2024,Wolfsburg,M'gladbach,1,3,A,1,0,H,,13,10,4,6,9,12,4,4,2,2,0,0
07/04/2024,Brest,Metz,4,3,H,3,1,H,,24,8,10,6,11,17,8,5,0,1,0,0
07/04/2024,Montpellier,Lorient,2,0,H,0,0,D,,13,19,5,5,11,18,5,7,3,6,0,0
07/04/2024,Reims,Nice,0,0,D,0,0,D,,10,18,3,3,15,15,2,5,2,1,0,0
07/04/2024,Toulouse,Strasbourg,0,0,D,0,0,D,,11,8,2,1,16,17,4,3,2,0,0,0
07/04/2024,Monaco,Rennes,1,0,H,1,0,H,,16,12,5,7,16,17,6,3,3,1,1,1
07/04/2024,Nantes,Lyon,1,3,A,1,0,H,,14,19,6,10,8,14,5,5,2,2,0,0
07/04/2024,Man United,Liverpool,2,2,D,0,1,A,A Taylor,9,28,5,7,9,10,6,11,5,2,0,0
07/04/2024,Sheffield United,Chelsea,2,2,D,1,1,D,R Jones,11,6,6,3,12,10,7,6,4,2,0,0
07/04/2024,Tottenham,Nott'm Forest,3,1,H,1,1,D,S Hooper,17,13,7,6,11,12,12,2,2,3,0,0
08/04/2024,Udinese,Inter,1,2,A,1,0,H,,3,23,1,6,11,11,0,8,1,2,0,0
12/04/2024,Lazio,Salernitana,4,1,H,3,1,H,,17,8,6,5,15,10,9,0,0,1,0,0
12/04/2024,Augsburg,Union Berlin,2,0,H,0,0,D,,12,17,4,4,15,14,5,4,1,1,0,0
12/04/2024,Betis,Celta,2,1,H,0,0,D,,15,12,3,5,7,10,6,5,1,0,0,0
12/04/2024,Metz,Lens,2,1,H,2,1,H,,11,17,5,2,11,17,5,2,2,5,0,0
13/04/2024,Lecce,Empoli,1,0,H,0,0,D,,14,3,7,0,18,15,10,3,1,0,0,0
13/04/2024,Torino,Juventus,0,0,D,0,0,D,,13,8,2,3,18,11,6,2,3,2,1,0
13/04/2024,Bologna,Monza,0,0,D,0,0,D,,17,4,7,0,13,19,10,0,4,4,0,0
13/04/2024,Bayern Munich,FC Koln,2,0,H,0,0,D,,17,11,7,5,3,15,5,5,0,3,0,0
13/04/2024,Bochum,Heidenheim,1,1,D,0,0,D,,24,10,5,3,12,22,6,2,4,1,0,0
13/04/2024,Mainz,Hoffenheim,4,1,H,0,1,A,,23,5,8,1,12,14,9,3,0,2,0,0
13/04/2024,M'gladbach,Dortmund,1,2,A,1,2,A,,16,12,5,4,13,11,2,4,1,4,0,1
13/04/2024,RB Leipzig,Wolfsburg,3,0,H,1,0,H,,15,10,6,3,12,7,6,4,2,4,0,0
13/04/2024,Stuttgart,Ein Frankfurt,3,0,H,3,0,H,,9,10,6,3,4,15,4,5,1,3,0,0
13/04/2024,Ath Madrid,Girona,3,1,H,2,1,H,,17,12,4,5,18,12,2,0,3,2,0,0
13/04/2024,Vallecano,Getafe,0,0,D,0,0,D,,11,7,2,0,17,19,3,0,4,6,0,0
13/04/2024,Mallorca,Real Madrid,0,1,A,0,0,D,,6,16,2,9,18,7,4,2,2,1,0,0
13/04/2024,Cadiz,Barcelona,0,1,A,0,1,A,,14,12,3,2,17,15,8,4,3,3,0,0
13/04/2024,Strasbourg,Reims,3,1,H,1,1,D,,13,8,6,2,9,18,5,4,1,3,0,1
13/04/2024,Rennes,Toulouse,1,2,A,1,2,A,,19,10,4,3,20,18,8,4,3,3,0,0
13/04/2024,Newcastle,Tottenham,4,0,H,2,0,H,T Robinson,18,11,5,2,14,12,16,3,0,4,0,0
13/04/2024,Brentford,Sheffield United,2,0,H,0,0,D,S Barrott,9,8,5,2,8,11,3,6,3,1,0,0
13/04/2024,Burnley,Brighton,1,1,D,0,0,D,S Hooper,11,20,3,8,18,8,4,5,1,2,0,0
13/04/2024,Man City,Luton,5,1,H,1,0,H,J Brooks,33,4,13,2,7,6,12,1,1,0,0,0
13/04/2024,Nott'm Forest,Wolves,2,2,D,1,1,D,C Pawson,18,11,9,4,15,10,10,1,2,3,0,0
13/04/2024,Bournemouth,Man United,2,2,D,2,1,H,T Harrington,20,8,5,2,13,14,7,2,4,0,0,0
14/04/2024,Napoli,Frosinone,2,2,D,1,0,H,,20,13,9,6,11,14,6,2,3,1,1,0
14/04/2024,Sassuolo,Milan,3,3,D,2,1,H,,10,23,5,7,12,9,2,6,3,1,0,0
14/04/2024,Inter,Cagliari,2,2,D,1,0,H,,12,11,7,6,5,10,7,0,0,2,0,0
14/04/2024,Darmstadt,Freiburg,0,1,A,0,1,A,,16,9,4,3,6,12,2,2,0,1,0,0
14/04/2024,Leverkusen,Werder Bremen,5,0,H,1,0,H,,19,7,10,3,10,4,7,0,2,1,0,0
14/04/2024,Las Palmas,Sevilla,0,2,A,0,1,A,,5,10,2,3,8,13,6,2,3,3,1,0
14/04/2024,Granada,Alaves,2,0,H,2,0,H,,9,8,3,3,16,11,1,5,3,2,0,0
14/04/2024,Ath Bilbao,Villarreal,1,1,D,0,0,D,,13,10,6,2,13,12,3,1,3,3,0,1
14/04/2024,Sociedad,Almeria,2,2,D,1,1,D,,17,7,4,3,16,8,5,1,2,2,1,0
14/04/2024,Le Havre,Nantes,0,1,A,0,0,D,,10,12,1,4,14,12,6,7,3,2,0,0
14/04/2024,Clermont,Montpellier,1,1,D,1,0,H,,10,14,2,6,12,14,3,4,1,1,0,0
14/04/2024,Lyon,Brest,4,3,H,1,0,H,,16,22,8,7,12,7,10,7,5,5,1,1
14/04/2024,Liverpool,Crystal Palace,0,1,A,0,1,A,C Kavanagh,21,8,6,5,10,10,11,1,1,1,0,0
14/04/2024,West Ham,Fulham,0,2,A,0,1,A,S Attwell,15,18,4,10,6,13,8,3,1,2,0,0
14/04/2024,Arsenal,Aston Villa,0,2,A,0,0,D,D Coote,18,11,4,2,12,7,4,6,3,1,0,0
15/04/2024,Fiorentina,Genoa,1,1,D,0,1,A,,20,7,3,3,8,19,6,2,1,2,0,0
15/04/2024,Atalanta,Verona,2,2,D,2,0,H,,16,13,9,5,6,10,5,4,0,2,0,0
15/04/2024,Osasuna,Valencia,0,1,A,0,1,A,,13,4,2,3,10,10,4,1,0,2,0,0
15/04/2024,Chelsea,Everton,6,0,H,4,0,H,P Tierney,14,10,10,2,5,21,4,8,1,4,0,0
19/04/2024,Genoa,Lazio,0,1,A,0,0,D,,8,13,2,1,7,13,2,9,1,2,0,0
19/04/2024,Cagliari,Juventus,2,2,D,2,0,H,,9,11,4,3,16,15,4,3,2,3,0,0
19/04/2024,Ein Frankfurt,Augsburg,3,1,H,0,1,A,,12,6,7,1,2,19,6,5,3,3,0,0
19/04/2024,Ath Bilbao,Granada,1,1,D,1,1,D,,17,5,6,0,11,15,11,4,4,2,0,0
19/04/2024,Nice,Lorient,3,0,H,1,0,H,,19,9,10,4,11,7,2,3,0,2,0,0
20/04/2024,Empoli,Napoli,1,0,H,1,0,H,,7,9,1,1,14,12,2,8,2,2,0,0
20/04/2024,Verona,Udinese,1,0,H,0,0,D,,16,18,4,1,18,12,10,6,2,2,0,0
20/04/2024,FC Koln,Darmstadt,0,2,A,0,0,D,,18,12,4,6,10,13,4,3,0,1,0,0
20/04/2024,Heidenheim,RB Leipzig,1,2,A,0,1,A,,9,11,5,4,14,7,2,6,3,1,0,0
20/04/2024,Hoffenheim,M'gladbach,4,3,H,1,1,D,,27,13,9,7,6,11,6,5,1,3,0,0
20/04/2024,Wolfsburg,Bochum,1,0,H,1,0,H,,10,9,5,1,11,16,5,8,4,3,0,0
20/04/2024,Union Berlin,Bayern Munich,1,5,A,0,2,A,,15,18,4,9,5,4,5,3,0,0,0,0
20/04/2024,Celta,Las Palmas,4,1,H,2,1,H,,21,9,13,4,10,9,8,4,1,0,0,0
20/04/2024,Vallecano,Osasuna,2,1,H,0,1,A,,17,6,6,2,9,15,5,1,4,1,0,0
20/04/2024,Valencia,Betis,1,2,A,0,1,A,,8,12,5,6,18,10,7,6,2,3,0,0
20/04/2024,Girona,Cadiz,4,1,H,2,0,H,,10,12,5,5,11,14,2,4,1,2,0,0
20/04/2024,Nantes,Rennes,0,3,A,0,0,D,,6,14,4,5,16,11,3,7,1,4,0,0
20/04/2024,Lens,Clermont,1,0,H,1,0,H,,17,8,4,1,17,17,4,3,1,4,0,0
20/04/2024,Luton,Brentford,1,5,A,0,2,A,J Gillett,6,21,3,9,13,9,4,9,1,2,0,0
20/04/2024,Sheffield United,Burnley,1,4,A,0,2,A,A Madley,18,16,11,9,10,9,11,2,1,0,0,0
20/04/2024,Wolves,Arsenal,0,2,A,0,1,A,P Tierney,5,24,3,9,14,9,1,2,3,2,0,0
21/04/2024,Sassuolo,Lecce,0,3,A,0,2,A,,10,14,3,8,10,13,9,4,1,0,0,0
21/04/2024,Torino,Frosinone,0,0,D,0,0,D,,13,12,2,3,10,17,6,4,2,2,0,0
21/04/2024,Salernitana,Fiorentina,0,2,A,0,0,D,,5,12,1,7,13,11,2,5,2,4,0,0
21/04/2024,Monza,Atalanta,1,2,A,0,1,A,,17,12,2,6,8,13,2,8,3,2,0,0
21/04/2024,Werder Bremen,Stuttgart,2,1,H,1,0,H,,9,14,2,5,11,10,1,7,3,3,0,0
21/04/2024,Dortmund,Leverkusen,1,1,D,0,0,D,,9,13,2,5,14,11,2,6,4,3,0,0
21/04/2024,Freiburg,Mainz,1,1,D,1,1,D,,7,17,3,4,17,15,2,4,3,4,0,0
21/04/2024,Getafe,Sociedad,1,1,D,1,1,D,,6,7,4,3,12,18,0,4,0,2,0,0
21/04/2024,Almeria,Villarreal,1,2,A,1,1,D,,24,11,5,3,10,16,5,2,3,4,1,0
21/04/2024,Alaves,Ath Madrid,2,0,H,1,0,H,,8,15,3,4,20,12,1,11,5,3,0,0
21/04/2024,Real Madrid,Barcelona,3,2,H,1,1,D,,14,14,8,6,11,12,2,8,3,2,0,0
21/04/2024,Le Havre,Metz,0,1,A,0,0,D,,16,9,4,2,9,19,4,2,2,3,0,0
21/04/2024,Lille,Strasbourg,1,0,H,1,0,H,,6,8,2,2,11,19,4,4,2,3,0,0
21/04/2024,Reims,Montpellier,1,2,A,0,1,A,,22,12,4,5,15,10,8,4,3,3,0,0
21/04/2024,Brest,Monaco,0,2,A,0,1,A,,12,8,2,3,8,9,7,4,5,2,0,2
21/04/2024,Toulouse,Marseille,2,2,D,1,1,D,,10,11,3,3,11,13,7,4,1,2,0,0
21/04/2024,Paris SG,Lyon,4,1,H,4,1,H,,14,16,6,6,9,10,4,10,0,0,0,0
21/04/2024,Everton,Nott'm Forest,2,0,H,1,0,H,A Taylor,7,8,4,3,15,9,6,4,3,2,0,0
21/04/2024,Aston Villa,Bournemouth,3,1,H,1,1,D,T Robinson,14,14,4,6,8,14,8,4,1,3,0,0
21/04/2024,Crystal Palace,West Ham,5,2,H,4,1,H,G Scott,18,4,7,1,9,9,4,0,3,2,0,0
21/04/2024,Fulham,Liverpool,1,3,A,1,1,D,C Pawson,12,14,5,7,5,11,1,4,3,0,0,0
22/04/2024,Roma,Bologna,1,3,A,0,2,A,,14,11,5,3,8,12,8,2,5,2,0,0
22/04/2024,Milan,Inter,1,2,A,0,1,A,,15,11,6,3,19,10,5,3,3,2,2,1
22/04/2024,Sevilla,Mallorca,2,1,H,0,0,D,,11,8,4,6,10,8,4,4,0,2,0,0
23/04/2024,Arsenal,Chelsea,5,0,H,1,0,H,S Hooper,27,7,10,1,12,11,4,2,2,2,0,0
24/04/2024,Lorient,Paris SG,1,4,A,0,2,A,,11,15,6,7,8,7,3,6,1,1,0,0
24/04/2024,Marseille,Nice,2,2,D,1,1,D,,11,10,4,4,10,14,3,2,2,3,1,0
24/04/2024,Monaco,Lille,1,0,H,0,0,D,,19,13,7,4,9,9,7,5,1,2,0,0
24/04/2024,Wolves,Bournemouth,0,1,A,0,1,A,S Attwell,15,21,4,6,10,17,8,12,4,1,0,1
24/04/2024,Crystal Palace,Newcastle,2,0,H,0,0,D,T Bramall,20,7,7,2,10,15,7,2,3,3,0,0
24/04/2024,Everton,Liverpool,2,0,H,1,0,H,A Madley,16,23,6,7,6,13,4,13,0,3,0,0
24/04/2024,Man United,Sheffield United,4,2,H,1,1,D,M Salisbury,25,10,13,4,7,9,9,4,0,1,0,0
25/04/2024,Udinese,Roma,1,2,A,1,0,H,,9,19,3,5,15,10,5,8,3,2,0,0
25/04/2024,Brighton,Man City,0,4,A,0,3,A,J Gillett,7,14,3,6,10,3,4,4,2,0,0,0
26/04/2024,Frosinone,Salernitana,3,0,H,2,0,H,,11,17,4,2,13,10,7,3,2,2,0,0
26/04/2024,Bochum,Hoffenheim,3,2,H,2,0,H,,35,12,13,4,13,10,10,4,1,1,0,0
26/04/2024,Sociedad,Real Madrid,0,1,A,0,1,A,,9,5,3,3,13,11,11,3,3,4,0,0
26/04/2024,Montpellier,Nantes,1,1,D,1,1,D,,8,15,1,5,11,14,3,6,2,1,2,0
27/04/2024,Lecce,Monza,1,1,D,0,0,D,,12,9,4,1,13,18,0,5,2,3,0,0
27/04/2024,Juventus,Milan,0,0,D,0,0,D,,18,9,7,0,10,4,9,4,0,1,0,0
27/04/2024,Lazio,Verona,1,0,H,0,0,D,,17,7,5,1,13,18,4,2,4,4,0,0
27/04/2024,Augsburg,Werder Bremen,0,3,A,0,0,D,,14,16,1,8,18,8,6,4,1,2,0,0
27/04/2024,Bayern Munich,Ein Frankfurt,2,1,H,1,1,D,,19,10,9,3,11,7,4,2,0,3,0,0
27/04/2024,Freiburg,Wolfsburg,1,2,A,1,0,H,,16,13,3,5,12,7,3,6,4,2,1,0
27/04/2024,RB Leipzig,Dortmund,4,1,H,2,1,H,,21,12,7,5,11,7,5,8,1,2,0,0
27/04/2024,Leverkusen,Stuttgart,2,2,D,0,0,D,,14,11,6,4,10,19,5,2,4,3,0,0
27/04/2024,Las Palmas,Girona,0,2,A,0,1,A,,10,6,5,3,12,10,4,2,1,3,0,0
27/04/2024,Almeria,Getafe,1,3,A,1,1,D,,21,8,11,5,15,31,9,2,5,4,1,0
27/04/2024,Alaves,Celta,3,0,H,0,0,D,,16,4,8,0,10,9,8,3,3,3,0,0
27/04/2024,Ath Madrid,Ath Bilbao,3,1,H,1,1,D,,8,7,3,1,16,15,3,5,3,2,0,0
27/04/2024,Paris SG,Le Havre,3,3,D,1,2,A,,17,6,4,4,10,8,11,2,2,1,0,0
27/04/2024,West Ham,Liverpool,2,2,D,1,0,H,A Taylor,11,28,8,8,8,10,5,8,0,2,0,0
27/04/2024,Fulham,Crystal Palace,1,1,D,0,0,D,S Attwell,9,14,2,4,11,15,5,9,0,2,0,0
27/04/2024,Man United,Burnley,1,1,D,0,0,D,J Brooks,27,16,10,7,7,11,6,5,1,3,0,0
27/04/2024,Newcastle,Sheffield United,5,1,H,1,1,D,T Harrington,20,15,7,5,9,10,4,5,0,0,0,0
27/04/2024,Wolves,Luton,2,1,H,1,0,H,D Coote,13,9,5,6,14,14,4,4,3,1,0,0
27/04/2024,Everton,Brentford,1,0,H,0,0,D,D England,18,10,1,4,10,12,6,6,1,2,0,0
27/04/2024,Aston Villa,Chelsea,2,2,D,2,0,H,C Pawson,9,21,4,5,13,14,2,4,3,5,0,0
28/04/2024,Inter,Torino,2,0,H,0,0,D,,17,11,5,3,6,8,5,4,0,0,0,1
28/04/2024,Bologna,Udinese,1,1,D,0,1,A,,15,11,4,4,11,21,10,3,3,7,1,0
28/04/2024,Atalanta,Empoli,2,0,H,1,0,H,,17,11,5,2,19,14,8,1,1,2,0,0
28/04/2024,Napoli,Roma,2,2,D,0,0,D,,27,10,9,4,11,5,9,2,2,0,0,0
28/04/2024,Fiorentina,Sassuolo,5,1,H,1,0,H,,22,7,10,2,9,9,10,2,2,2,0,0
28/04/2024,M'gladbach,Union Berlin,0,0,D,0,0,D,,13,14,4,7,3,13,3,4,2,2,0,0
28/04/2024,Mainz,FC Koln,1,1,D,1,0,H,,16,16,4,6,17,13,6,6,4,4,1,0
28/04/2024,Darmstadt,Heidenheim,0,1,A,0,0,D,,12,19,4,6,14,12,3,8,2,1,0,0
28/04/2024,Cadiz,Mallorca,1,1,D,0,1,A,,10,9,2,2,14,21,3,1,3,2,0,0
28/04/2024,Granada,Osasuna,3,0,H,1,0,H,,12,11,4,2,17,5,0,6,4,0,0,0
28/04/2024,Villarreal,Vallecano,3,0,H,1,0,H,,15,20,7,4,15,8,3,6,2,1,0,0
28/04/2024,Betis,Sevilla,1,1,D,1,0,H,,15,10,5,1,9,20,4,6,3,5,0,0
28/04/2024,Metz,Lille,1,2,A,1,2,A,,5,14,2,4,15,12,2,4,1,2,0,0
28/04/2024,Clermont,Reims,4,1,H,1,1,D,,12,10,6,3,9,12,5,5,0,3,0,1
28/04/2024,Lorient,Toulouse,1,2,A,1,0,H,,15,14,5,5,14,17,5,1,1,3,0,0
28/04/2024,Strasbourg,Nice,1,3,A,1,1,D,,13,8,5,4,11,14,2,3,2,3,0,0
28/04/2024,Rennes,Brest,4,5,A,2,1,H,,21,10,7,5,14,15,7,4,4,1,0,0
28/04/2024,Lyon,Monaco,3,2,H,2,1,H,,15,13,4,5,15,14,3,3,1,3,0,0
28/04/2024,Marseille,Lens,2,1,H,1,0,H,,13,18,6,5,8,12,3,11,2,2,0,0
28/04/2024,Bournemouth,Brighton,3,0,H,1,0,H,P Tierney,15,13,6,1,14,10,8,2,2,2,0,0
28/04/2024,Tottenham,Arsenal,2,3,A,0,3,A,M Oliver,14,9,2,3,12,16,8,6,2,1,0,0
28/04/2024,Nott'm Forest,Man City,0,2,A,0,1,A,S Hooper,14,11,2,5,8,6,4,5,0,0,0,0
29/04/2024,Genoa,Cagliari,3,0,H,2,0,H,,12,12,5,1,12,14,2,4,0,2,0,0
29/04/2024,Barcelona,Valencia,4,2,H,1,2,A,,27,5,13,3,12,5,15,1,1,0,0,1
02/05/2024,Chelsea,Tottenham,2,0,H,1,0,H,R Jones,16,19,5,3,12,16,4,9,0,1,0,0
03/05/2024,Torino,Bologna,0,0,D,0,0,D,,8,5,1,1,14,11,2,4,2,2,0,0
03/05/2024,Hoffenheim,RB Leipzig,1,1,D,0,1,A,,18,8,8,5,6,8,4,4,1,3,0,1
03/05/2024,Getafe,Ath Bilbao,0,2,A,0,1,A,,34,7,9,2,6,9,10,6,0,2,0,2
03/05/2024,Toulouse,Montpellier,1,2,A,1,1,D,,15,5,5,3,17,14,8,0,3,4,1,1
03/05/2024,Lens,Lorient,2,0,H,0,0,D,,18,11,6,5,10,14,4,4,1,2,0,0
03/05/2024,Luton,Everton,1,1,D,1,1,D,T Robinson,18,10,5,3,14,12,8,7,1,3,0,0
04/05/2024,Monza,Lazio,2,2,D,0,1,A,,17,9,7,5,8,13,5,4,1,7,0,0
04/05/2024,Sassuolo,Inter,1,0,H,1,0,H,,6,14,2,1,10,10,2,5,1,1,0,0
04/05/2024,Dortmund,Augsburg,5,1,H,4,1,H,,21,20,10,4,4,11,6,9,0,1,0,0
04/05/2024,Stuttgart,Bayern Munich,3,1,H,1,1,D,,24,10,11,3,10,8,3,1,1,2,0,0
04/05/2024,Werder Bremen,M'gladbach,2,2,D,1,1,D,,17,17,6,7,6,7,7,2,0,0,0,0
04/05/2024,Wolfsburg,Darmstadt,3,0,H,2,0,H,,18,6,6,1,11,13,9,2,0,3,0,0
04/05/2024,FC Koln,Freiburg,0,0,D,0,0,D,,20,4,7,0,10,9,7,1,1,1,0,0
04/05/2024,Sociedad,Las Palmas,2,0,H,2,0,H,,9,7,4,1,12,11,7,2,2,1,0,0
04/05/2024,Real Madrid,Cadiz,3,0,H,0,0,D,,19,7,9,2,6,12,7,4,0,1,0,0
04/05/2024,Girona,Barcelona,4,2,H,1,2,A,,9,16,7,7,11,8,5,4,0,3,0,0
04/05/2024,Mallorca,Ath Madrid,0,1,A,0,1,A,,7,9,4,4,12,7,6,2,2,0,0,0
04/05/2024,Le Havre,Strasbourg,3,1,H,1,0,H,,15,5,7,3,6,13,3,2,3,1,0,0
04/05/2024,Monaco,Clermont,4,1,H,2,1,H,,23,9,8,1,13,12,4,4,3,1,0,0
04/05/2024,Metz,Rennes,2,3,A,2,1,H,,7,21,4,9,15,14,2,5,2,3,1,0
04/05/2024,Brest,Nantes,0,0,D,0,0,D,,9,9,2,1,6,14,6,0,3,2,0,0
04/05/2024,Arsenal,Bournemouth,3,0,H,1,0,H,D Coote,25,7,9,2,16,12,6,1,2,3,0,0
04/05/2024,Brentford,Fulham,0,0,D,0,0,D,G Scott,7,15,3,3,3,6,7,6,1,1,0,0
04/05/2024,Burnley,Newcastle,1,4,A,0,3,A,A Taylor,17,23,5,11,8,8,4,11,2,2,0,0
04/05/2024,Sheffield United,Nott'm Forest,1,3,A,1,1,D,C Kavanagh,17,15,5,4,9,7,5,3,0,1,1,0
04/05/2024,Man City,Wolves,5,1,H,3,0,H,C Pawson,20,2,12,1,4,17,6,0,0,4,0,0
05/05/2024,Cagliari,Lecce,1,1,D,1,0,H,,9,16,3,3,9,15,3,10,4,4,1,0
05/05/2024,Empoli,Frosinone,0,0,D,0,0,D,,7,17,1,5,15,11,3,8,2,3,0,0
05/05/2024,Verona,Fiorentina,2,1,H,1,1,D,,9,13,4,4,12,11,1,2,2,1,0,0
05/05/2024,Milan,Genoa,3,3,D,1,1,D,,26,6,7,2,8,10,7,1,1,1,0,0
05/05/2024,Roma,Juventus,1,1,D,1,1,D,,19,16,5,6,7,11,9,6,1,2,0,0
05/05/2024,Union Berlin,Bochum,3,4,A,0,3,A,,12,17,6,5,13,16,6,4,0,1,0,0
05/05/2024,Ein Frankfurt,Leverkusen,1,5,A,1,2,A,,16,10,5,6,10,4,10,5,0,0,0,0
05/05/2024,Heidenheim,Mainz,1,1,D,0,1,A,,16,10,6,4,8,8,6,3,2,3,0,0
05/05/2024,Osasuna,Betis,0,2,A,0,2,A,,12,10,2,4,13,13,8,5,2,2,1,0
05/05/2024,Celta,Villarreal,3,2,H,2,1,H,,23,11,7,3,11,5,2,1,4,0,0,1
05/05/2024,Valencia,Alaves,0,1,A,0,0,D,,13,14,1,4,9,17,5,7,1,3,0,0
05/05/2024,Sevilla,Granada,3,0,H,1,0,H,,11,8,5,3,15,13,5,4,2,2,0,0
05/05/2024,Vallecano,Almeria,0,1,A,0,1,A,,27,7,10,2,17,15,9,2,3,2,0,0
05/05/2024,Brighton,Aston Villa,1,0,H,0,0,D,R Jones,15,2,8,1,13,10,7,3,2,1,0,0
05/05/2024,Chelsea,West Ham,5,0,H,3,0,H,A Madley,25,13,14,2,12,10,8,6,1,3,0,0
05/05/2024,Liverpool,Tottenham,4,2,H,2,0,H,P Tierney,25,11,13,6,14,12,8,3,1,4,0,0
06/05/2024,Salernitana,Atalanta,1,2,A,1,0,H,,9,17,2,4,12,10,1,7,1,0,0,0
06/05/2024,Udinese,Napoli,1,1,D,0,0,D,,10,12,2,4,13,10,7,5,0,0,0,0
06/05/2024,Lille,Lyon,3,4,A,2,0,H,,8,11,5,7,14,14,4,4,3,1,0,0
06/05/2024,Crystal Palace,Man United,4,0,H,2,0,H,J Gillett ,18,7,10,2,12,8,6,3,1,1,0,0
10/05/2024,Frosinone,Inter,0,5,A,0,1,A,,17,14,8,5,4,8,8,4,0,0,0,0
10/05/2024,Augsburg,Stuttgart,0,1,A,0,0,D,,9,19,1,7,15,9,5,5,4,2,0,0
10/05/2024,Alaves,Girona,2,2,D,1,2,A,,14,15,8,5,13,6,5,3,3,2,0,0
10/05/2024,Brest,Reims,1,1,D,1,1,D,,16,8,5,2,12,12,3,4,2,3,0,0
10/05/2024,Nice,Le Havre,1,0,H,1,0,H,,13,12,6,3,10,9,6,1,2,0,0,0
11/05/2024,Napoli,Bologna,0,2,A,0,2,A,,16,11,6,4,15,12,9,3,2,1,0,0
11/05/2024,Milan,Cagliari,5,1,H,1,0,H,,17,13,10,7,11,9,6,3,2,1,0,0
11/05/2024,FC Koln,Union Berlin,3,2,H,1,2,A,,18,14,5,6,15,16,6,8,3,2,0,0
11/05/2024,Freiburg,Heidenheim,1,1,D,1,1,D,,19,9,3,3,9,11,2,4,1,1,0,0
11/05/2024,M'gladbach,Ein Frankfurt,1,1,D,1,1,D,,6,16,3,1,9,10,2,8,1,0,0,0
11/05/2024,RB Leipzig,Werder Bremen,1,1,D,0,1,A,,13,10,5,1,12,6,4,3,1,0,0,0
11/05/2024,Mainz,Dortmund,3,0,H,3,0,H,,14,10,6,2,14,11,4,2,2,2,0,0
11/05/2024,Mallorca,Las Palmas,1,0,H,1,0,H,,7,7,2,1,18,10,2,2,6,2,0,0
11/05/2024,Villarreal,Sevilla,3,2,H,1,2,A,,25,8,7,4,12,14,10,1,3,5,0,0
11/05/2024,Granada,Real Madrid,0,4,A,0,2,A,,12,13,1,7,11,10,8,5,2,0,0,0
11/05/2024,Ath Bilbao,Osasuna,2,2,D,0,1,A,,15,13,6,3,9,14,8,6,2,4,0,0
11/05/2024,Fulham,Man City,0,4,A,0,1,A,A Taylor,1,16,1,9,9,6,1,7,1,0,1,0
11/05/2024,Bournemouth,Brentford,1,2,A,0,0,D,M Donohue,13,11,4,5,16,12,3,8,2,2,0,0
11/05/2024,Everton,Sheffield United,1,0,H,1,0,H,S Attwell,15,13,6,1,6,11,3,6,1,2,0,0
11/05/2024,Newcastle,Brighton,1,1,D,1,1,D,D England,18,15,7,4,9,16,8,4,3,4,0,0
11/05/2024,Tottenham,Burnley,2,1,H,1,1,D,J Gillett,21,7,9,3,10,14,9,3,3,5,0,0
11/05/2024,West Ham,Luton,3,1,H,0,1,A,M Oliver,24,4,8,1,9,15,7,6,1,3,0,0
11/05/2024,Wolves,Crystal Palace,1,3,A,0,2,A,T Bramall,13,13,7,3,13,12,8,3,3,2,0,1
11/05/2024,Nott'm Forest,Chelsea,2,3,A,1,1,D,T Harrington,20,12,4,5,14,8,5,6,2,3,0,0
12/05/2024,Lazio,Empoli,2,0,H,1,0,H,,11,16,5,3,18,15,7,7,3,1,0,0
12/05/2024,Genoa,Sassuolo,2,1,H,0,1,A,,8,12,2,4,13,10,3,7,1,2,0,0
12/05/2024,Verona,Torino,1,2,A,0,0,D,,13,6,5,2,19,15,7,4,3,2,1,0
12/05/2024,Juventus,Salernitana,1,1,D,0,1,A,,25,13,6,4,15,12,9,4,2,5,0,0
12/05/2024,Atalanta,Roma,2,1,H,2,0,H,,24,9,7,6,11,11,6,1,1,1,0,0
12/05/2024,Darmstadt,Hoffenheim,0,6,A,0,5,A,,9,12,1,7,9,3,2,3,3,0,0,0
12/05/2024,Bayern Munich,Wolfsburg,2,0,H,2,0,H,,5,5,3,2,7,8,4,0,0,2,0,0
12/05/2024,Bochum,Leverkusen,0,5,A,0,2,A,,2,28,0,10,5,10,2,6,2,1,1,0
12/05/2024,Cadiz,Getafe,1,0,H,1,0,H,,13,10,6,4,23,16,6,2,5,2,0,0
12/05/2024,Ath Madrid,Celta,1,0,H,0,0,D,,21,6,8,2,7,9,4,7,1,1,0,0
12/05/2024,Valencia,Vallecano,0,0,D,0,0,D,,13,12,5,1,14,21,6,3,1,2,0,0
12/05/2024,Betis,Almeria,3,2,H,2,1,H,,14,14,7,7,9,10,3,5,0,2,0,0
12/05/2024,Clermont,Lyon,0,1,A,0,0,D,,18,6,5,2,8,12,7,2,1,2,0,0
12/05/2024,Marseille,Lorient,3,1,H,2,1,H,,13,14,4,3,9,6,9,5,3,4,0,0
12/05/2024,Montpellier,Monaco,0,2,A,0,0,D,,14,19,3,9,20,10,3,3,1,1,0,0
12/05/2024,Nantes,Lille,1,2,A,0,2,A,,9,12,5,3,17,7,5,4,4,2,0,0
12/05/2024,Paris SG,Toulouse,1,3,A,1,1,D,,15,18,3,5,12,8,4,6,0,0,0,0
12/05/2024,Rennes,Lens,1,1,D,0,0,D,,16,8,6,4,12,14,4,3,2,3,0,0
12/05/2024,Strasbourg,Metz,2,1,H,0,0,D,,10,11,2,2,10,10,3,6,2,2,0,0
12/05/2024,Man United,Arsenal,0,1,A,0,1,A,P Tierney,14,11,2,5,5,6,4,7,0,2,0,0
13/05/2024,Lecce,Udinese,0,2,A,0,1,A,,9,16,2,3,12,11,8,2,2,1,0,0
13/05/2024,Fiorentina,Monza,2,1,H,1,1,D,,15,5,8,2,9,14,6,1,1,1,0,0
13/05/2024,Barcelona,Sociedad,2,0,H,1,0,H,,14,10,5,3,12,14,6,2,2,3,0,0
13/05/2024,Aston Villa,Liverpool,3,3,D,1,2,A,S Hooper,19,14,5,7,11,15,5,4,1,1,0,0
14/05/2024,Osasuna,Mallorca,1,1,D,1,0,H,,10,10,4,4,12,11,2,4,0,1,0,0
14/05/2024,Real Madrid,Alaves,5,0,H,3,0,H,,22,18,11,10,6,12,4,1,1,1,0,0
14/05/2024,Girona,Villarreal,0,1,A,0,0,D,,22,11,5,3,3,14,5,1,1,5,0,1
14/05/2024,Tottenham,Man City,0,2,A,0,0,D,C Kavanagh,10,8,5,5,14,11,7,4,3,3,0,0
15/05/2024,Sevilla,Cadiz,0,1,A,0,0,D,,14,19,3,7,13,11,1,9,6,2,0,0
15/05/2024,Vallecano,Granada,2,1,H,1,0,H,,18,10,9,1,12,17,6,6,4,3,1,0
15/05/2024,Celta,Ath Bilbao,2,1,H,0,1,A,,10,7,4,2,15,14,2,3,2,0,0,0
15/05/2024,Getafe,Ath Madrid,0,3,A,0,2,A,,8,7,3,3,17,7,6,3,4,3,0,0
15/05/2024,Nice,Paris SG,1,2,A,1,2,A,,12,11,4,4,13,10,7,2,1,3,1,0
15/05/2024,Reims,Marseille,1,0,H,1,0,H,,10,19,3,3,17,9,3,10,3,1,0,0
15/05/2024,Brighton,Chelsea,1,2,A,0,1,A,M Salisbury,12,13,2,6,13,14,4,6,2,2,0,1
15/05/2024,Man United,Newcastle,3,2,H,1,0,H,R Jones,17,21,8,8,16,7,9,9,3,3,0,0
16/05/2024,Las Palmas,Betis,2,2,D,1,1,D,,16,6,9,4,9,12,4,8,2,1,0,0
16/05/2024,Almeria,Barcelona,0,2,A,0,1,A,,12,16,3,7,9,11,4,7,0,1,0,0
16/05/2024,Sociedad,Valencia,1,0,H,1,0,H,,10,7,5,3,11,13,3,3,0,2,0,0
17/05/2024,Fiorentina,Napoli,2,2,D,2,1,H,,14,15,5,3,16,14,5,3,1,2,0,0
18/05/2024,Lecce,Atalanta,0,2,A,0,0,D,,11,19,3,9,7,20,2,5,0,4,0,0
18/05/2024,Torino,Milan,3,1,H,2,0,H,,11,16,5,4,15,14,3,8,1,1,0,0
18/05/2024,Dortmund,Darmstadt,4,0,H,2,0,H,,21,7,10,1,4,10,7,3,0,3,0,0
18/05/2024,Ein Frankfurt,RB Leipzig,2,2,D,0,1,A,,19,9,6,5,10,11,8,3,2,2,0,0
18/05/2024,Heidenheim,FC Koln,4,1,H,3,0,H,,13,19,7,9,9,20,5,12,1,3,0,0
18/05/2024,Hoffenheim,Bayern Munich,4,2,H,1,2,A,,17,12,9,4,7,9,6,5,3,1,0,0
18/05/2024,Leverkusen,Augsburg,2,1,H,2,0,H,,19,8,8,2,6,7,5,4,0,1,0,0
18/05/2024,Stuttgart,M'gladbach,4,0,H,2,0,H,,21,13,11,5,4,9,8,4,1,2,0,0
18/05/2024,Union Berlin,Freiburg,2,1,H,0,0,D,,14,11,5,5,14,9,3,7,7,4,0,0
18/05/2024,Werder Bremen,Bochum,4,1,H,1,0,H,,25,26,12,8,12,12,8,8,1,1,0,0
18/05/2024,Wolfsburg,Mainz,1,3,A,1,1,D,,12,12,4,6,13,15,1,3,2,3,0,0
18/05/2024,Alaves,Getafe,1,0,H,1,0,H,,9,10,2,4,13,27,2,1,5,7,0,1
19/05/2024,Sassuolo,Cagliari,0,2,A,0,0,D,,7,13,0,3,14,9,5,6,4,2,1,0
19/05/2024,Monza,Frosinone,0,1,A,0,1,A,,14,16,2,5,14,13,3,4,1,2,0,0
19/05/2024,Udinese,Empoli,1,1,D,0,0,D,,8,4,2,1,14,18,5,5,1,7,0,1
19/05/2024,Inter,Lazio,1,1,D,0,1,A,,19,8,7,3,10,15,8,0,0,1,0,0
19/05/2024,Roma,Genoa,1,0,H,0,0,D,,21,11,6,4,10,10,6,3,3,0,1,0
19/05/2024,Ath Bilbao,Sevilla,2,0,H,2,0,H,,15,9,6,4,12,5,8,3,1,1,0,0
19/05/2024,Ath Madrid,Osasuna,1,4,A,0,1,A,,15,15,2,6,12,9,7,5,2,2,0,0
19/05/2024,Barcelona,Vallecano,3,0,H,1,0,H,,14,15,6,4,10,7,7,5,4,2,0,0
19/05/2024,Betis,Sociedad,0,2,A,0,2,A,,18,5,9,2,12,18,6,2,3,4,0,0
19/05/2024,Cadiz,Las Palmas,0,0,D,0,0,D,,10,9,3,1,13,12,5,3,3,1,1,0
19/05/2024,Granada,Celta,1,2,A,0,0,D,,11,8,3,5,15,12,10,2,2,1,0,0
19/05/2024,Mallorca,Almeria,2,2,D,1,1,D,,29,7,8,3,9,9,12,2,2,3,0,0
19/05/2024,Valencia,Girona,1,3,A,0,1,A,,20,18,6,5,10,8,5,4,2,0,0,0
19/05/2024,Villarreal,Real Madrid,4,4,D,1,4,A,,21,12,7,6,15,12,3,3,3,2,0,0
19/05/2024,Le Havre,Marseille,1,2,A,0,0,D,,13,22,6,7,11,11,5,3,1,0,0,0
19/05/2024,Lens,Montpellier,2,2,D,2,0,H,,27,11,13,2,10,13,1,0,0,1,0,0
19/05/2024,Lille,Nice,2,2,D,0,1,A,,12,10,3,4,9,9,3,5,3,3,1,0
19/05/2024,Lorient,Clermont,5,0,H,2,0,H,,32,9,10,4,20,8,9,2,3,3,0,0
19/05/2024,Lyon,Strasbourg,2,1,H,1,0,H,,15,10,6,4,7,10,7,2,1,0,0,0
19/05/2024,Metz,Paris SG,0,2,A,0,2,A,,10,20,2,8,6,9,1,11,2,1,0,0
19/05/2024,Monaco,Nantes,4,0,H,3,0,H,,10,6,6,3,14,23,2,2,1,2,0,0
19/05/2024,Reims,Rennes,2,1,H,0,0,D,,6,15,4,5,11,17,2,4,1,1,0,0
19/05/2024,Toulouse,Brest,0,3,A,0,0,D,,8,12,2,6,12,17,6,2,1,2,0,0
19/05/2024,Arsenal,Everton,2,1,H,1,1,D,M Oliver,26,5,5,2,8,11,8,1,4,3,0,0
19/05/2024,Brentford,Newcastle,2,4,A,0,3,A,S Hooper,10,12,5,7,15,11,3,0,4,4,0,0
19/05/2024,Brighton,Man United,0,2,A,0,0,D,C Pawson,17,11,3,4,10,9,7,5,1,3,0,0
19/05/2024,Burnley,Nott'm Forest,1,2,A,0,2,A,G Scott,20,12,3,6,11,5,4,3,1,0,0,0
19/05/2024,Chelsea,Bournemouth,2,1,H,1,0,H,A Taylor,16,22,6,5,5,9,6,5,2,3,0,0
19/05/2024,Crystal Palace,Aston Villa,5,0,H,2,0,H,D Bond,15,8,9,2,10,8,2,4,1,4,0,0
19/05/2024,Liverpool,Wolves,2,0,H,2,0,H,C Kavanagh,36,4,14,3,14,11,10,2,1,1,0,1
19/05/2024,Luton,Fulham,2,4,A,1,2,A,M Donohue,15,15,6,7,15,20,4,4,5,4,0,0
19/05/2024,Man City,West Ham,3,1,H,2,1,H,J Brooks,28,3,12,2,3,12,11,2,0,1,0,0
19/05/2024,Sheffield United,Tottenham,0,3,A,0,1,A,A Madley,6,18,1,9,11,9,2,6,2,0,0,0
20/05/2024,Salernitana,Verona,1,2,A,0,2,A,,9,17,1,5,14,19,4,6,3,2,0,0
20/05/2024,Bologna,Juventus,3,3,D,2,0,H,,10,11,5,4,8,21,3,2,1,5,0,0
23/05/2024,Cagliari,Fiorentina,2,3,A,0,1,A,,14,11,6,5,13,14,4,5,2,4,0,0
24/05/2024,Genoa,Bologna,2,0,H,1,0,H,,14,11,3,1,11,11,3,6,1,2,0,0
24/05/2024,Girona,Granada,7,0,H,3,0,H,,16,10,9,2,6,13,4,2,3,5,0,1
25/05/2024,Juventus,Monza,2,0,H,2,0,H,,12,12,4,4,15,13,3,4,1,3,0,1
25/05/2024,Milan,Salernitana,3,3,D,2,0,H,,23,14,11,6,6,9,13,3,0,1,0,0
25/05/2024,Osasuna,Villarreal,1,1,D,1,0,H,,12,11,6,3,13,6,6,4,4,3,0,0
25/05/2024,Sociedad,Ath Madrid,0,2,A,0,1,A,,14,10,4,4,19,15,8,4,3,5,0,1
25/05/2024,Almeria,Cadiz,6,1,H,0,1,A,,27,12,12,4,4,9,1,4,2,2,0,0
25/05/2024,Vallecano,Ath Bilbao,0,1,A,0,0,D,,17,7,4,1,6,13,8,2,1,1,0,0
25/05/2024,Real Madrid,Betis,0,0,D,0,0,D,,13,11,5,3,8,11,4,5,2,1,0,0
26/05/2024,Atalanta,Torino,3,0,H,2,0,H,,18,8,7,1,18,10,2,5,1,1,0,0
26/05/2024,Napoli,Lecce,0,0,D,0,0,D,,24,10,5,0,10,17,4,1,0,0,0,0
26/05/2024,Empoli,Roma,2,1,H,1,1,D,,17,15,7,3,18,12,4,5,4,1,0,0
26/05/2024,Frosinone,Udinese,0,1,A,0,0,D,,21,10,5,5,6,13,11,1,0,2,0,0
26/05/2024,Lazio,Sassuolo,1,1,D,0,0,D,,8,8,6,3,15,11,5,3,3,1,0,0
26/05/2024,Verona,Inter,2,2,D,2,2,D,,18,15,8,11,17,8,9,3,1,1,0,0
26/05/2024,Getafe,Mallorca,1,2,A,0,0,D,,16,9,6,4,12,10,3,4,0,2,0,0
26/05/2024,Celta,Valencia,2,2,D,0,1,A,,9,12,4,1,17,18,2,2,0,0,0,0
26/05/2024,Las Palmas,Alaves,1,1,D,0,0,D,,10,14,4,4,16,10,2,6,2,1,0,0
26/05/2024,Sevilla,Barcelona,1,2,A,1,1,D,,15,11,6,6,11,9,6,5,2,1,0,0
02/06/2024,Atalanta,Fiorentina,2,3,A,2,3,A,,12,8,3,4,5,9,4,4,0,2,0,0
15/08/2024,Ath Bilbao,Getafe,1,1,D,1,0,H,,7,9,4,2,15,12,5,6,4,1,0,0
15/08/2024,Betis,Girona,1,1,D,1,0,H,,19,13,4,2,11,7,4,4,2,0,0,0
16/08/2024,Celta,Alaves,2,1,H,0,1,A,,6,10,4,2,8,23,3,3,3,2,0,0
16/08/2024,Las Palmas,Sevilla,2,2,D,1,1,D,,13,16,5,5,12,13,6,3,0,0,0,0
16/08/2024,Le Havre,Paris SG,1,4,A,0,1,A,,5,14,2,9,9,9,2,8,3,0,0,0
16/08/2024,Man United,Fulham,1,0,H,0,0,D,R Jones,14,10,5,2,12,10,7,8,2,3,0,0
17/08/2024,Genoa,Inter,2,2,D,1,1,D,,10,14,6,9,15,14,1,4,1,2,0,0
17/08/2024,Parma,Fiorentina,1,1,D,1,0,H,,13,14,5,7,15,9,4,9,3,2,0,1
17/08/2024,Empoli,Monza,0,0,D,0,0,D,,9,4,1,1,16,19,7,3,0,2,0,0
17/08/2024,Milan,Torino,2,2,D,0,1,A,,20,6,6,3,10,7,9,2,2,4,0,0
17/08/2024,Osasuna,Leganes,1,1,D,0,1,A,,16,10,5,4,14,12,6,4,3,2,0,0
17/08/2024,Valencia,Barcelona,1,2,A,1,1,D,,6,18,1,8,11,13,3,8,2,3,0,0
17/08/2024,Brest,Marseille,1,5,A,1,3,A,,7,7,5,5,10,8,5,0,4,1,0,0
17/08/2024,Reims,Lille,0,2,A,0,1,A,,2,21,0,6,6,13,0,8,2,2,1,0
17/08/2024,Monaco,St Etienne,1,0,H,1,0,H,,13,7,6,4,13,14,5,4,1,1,0,0
17/08/2024,Ipswich,Liverpool,0,2,A,0,0,D,T Robinson,7,18,2,5,9,18,2,10,3,1,0,0
17/08/2024,Arsenal,Wolves,2,0,H,1,0,H,J Gillett,18,9,6,3,17,14,8,2,2,2,0,0
17/08/2024,Everton,Brighton,0,3,A,0,1,A,S Hooper,9,10,1,5,8,8,1,5,1,1,1,0
17/08/2024,Newcastle,Southampton,1,0,H,1,0,H,C Pawson,3,19,1,4,15,16,3,12,2,4,1,0
17/08/2024,Nott'm Forest,Bournemouth,1,1,D,1,0,H,M Oliver,14,13,8,4,17,8,2,6,1,3,0,0
17/08/2024,West Ham,Aston Villa,1,2,A,1,1,D,T Harrington,14,15,3,3,18,11,5,3,1,2,0,0
18/08/2024,Bologna,Udinese,1,1,D,0,0,D,,22,4,7,2,15,13,7,5,0,4,0,0
18/08/2024,Verona,Napoli,3,0,H,0,0,D,,8,15,5,5,15,13,1,5,4,1,0,0
18/08/2024,Cagliari,Roma,0,0,D,0,0,D,,12,13,2,3,15,7,5,3,2,0,0,0
18/08/2024,Lazio,Venezia,3,1,H,2,1,H,,13,11,6,3,14,11,6,3,1,2,0,0
18/08/2024,Sociedad,Vallecano,1,2,A,0,0,D,,11,12,5,5,14,21,10,5,2,4,0,0
18/08/2024,Mallorca,Real Madrid,1,1,D,0,1,A,,12,13,5,4,11,6,8,7,1,0,0,1
18/08/2024,Auxerre,Nice,2,1,H,1,1,D,,16,9,7,2,11,17,3,5,0,0,0,0
18/08/2024,Angers,Lens,0,1,A,0,1,A,,4,10,3,5,6,10,7,3,1,0,0,0
18/08/2024,Montpellier,Strasbourg,1,1,D,0,0,D,,7,11,5,4,20,18,6,4,4,3,0,0
18/08/2024,Toulouse,Nantes,0,0,D,0,0,D,,7,6,3,2,10,8,10,5,1,3,0,0
18/08/2024,Rennes,Lyon,3,0,H,2,0,H,,22,16,8,2,13,12,7,7,2,1,0,0
18/08/2024,Brentford,Crystal Palace,2,1,H,1,0,H,S Barrott,9,14,5,6,6,15,4,7,1,5,0,0
18/08/2024,Chelsea,Man City,0,2,A,0,1,A,A Taylor,10,11,3,5,12,9,4,3,1,1,0,0
19/08/2024,Lecce,Atalanta,0,4,A,0,2,A,,19,10,5,6,10,24,5,3,0,2,0,0
19/08/2024,Juventus,Como,3,0,H,2,0,H,,12,1,9,1,12,6,3,0,2,4,0,0
19/08/2024,Valladolid,Espanol,1,0,H,1,0,H,,12,10,3,2,15,8,3,2,2,2,0,0
19/08/2024,Villarreal,Ath Madrid,2,2,D,2,2,D,,8,10,3,5,6,10,2,3,1,3,0,0
19/08/2024,Leicester,Tottenham,1,1,D,0,1,A,C Kavanagh,7,15,3,7,11,12,2,13,1,1,0,0
23/08/2024,M'gladbach,Leverkusen,2,3,A,0,2,A,,14,25,7,9,11,7,2,4,1,0,0,0
23/08/2024,Celta,Valencia,3,1,H,2,1,H,,7,13,5,5,9,11,4,7,3,0,0,0
23/08/2024,Sevilla,Villarreal,1,2,A,1,1,D,,15,6,9,5,15,7,7,2,3,5,0,0
23/08/2024,Paris SG,Montpellier,6,0,H,2,0,H,,21,6,10,3,9,16,10,2,1,4,0,0
24/08/2024,Parma,Milan,2,1,H,1,0,H,,8,17,5,5,9,13,3,9,0,3,0,0
24/08/2024,Udinese,Lazio,2,1,H,1,0,H,,8,17,3,5,15,10,4,13,0,0,1,0
24/08/2024,Inter,Lecce,2,0,H,1,0,H,,11,10,3,4,9,12,10,6,0,2,0,0
24/08/2024,Monza,Genoa,0,1,A,0,1,A,,9,11,2,1,6,17,8,3,2,3,0,0
24/08/2024,Augsburg,Werder Bremen,2,2,D,2,1,H,,10,12,3,6,11,10,4,2,3,1,0,0
24/08/2024,Freiburg,Stuttgart,3,1,H,1,1,D,,15,9,4,2,7,10,6,3,2,1,0,0
24/08/2024,Hoffenheim,Holstein Kiel,3,2,H,2,0,H,,20,15,8,6,8,14,8,6,2,3,0,1
24/08/2024,Mainz,Union Berlin,1,1,D,0,0,D,,15,15,3,4,9,15,8,9,1,3,0,0
24/08/2024,RB Leipzig,Bochum,1,0,H,0,0,D,,12,10,3,4,9,17,9,3,1,3,1,0
24/08/2024,Dortmund,Ein Frankfurt,2,0,H,0,0,D,,17,7,5,2,6,3,7,7,0,1,0,0
24/08/2024,Osasuna,Mallorca,1,0,H,0,0,D,,15,11,5,2,10,8,5,4,2,1,0,0
24/08/2024,Barcelona,Ath Bilbao,2,1,H,1,1,D,,13,9,5,2,11,16,5,6,4,5,0,0
24/08/2024,Espanol,Sociedad,0,1,A,0,0,D,,13,8,3,4,14,18,7,4,2,2,0,0
24/08/2024,Getafe,Vallecano,0,0,D,0,0,D,,12,3,0,1,16,18,3,2,1,2,0,0
24/08/2024,Lyon,Monaco,0,2,A,0,0,D,,2,15,1,4,10,7,0,6,0,0,0,1
24/08/2024,Lille,Angers,2,0,H,1,0,H,,11,5,6,2,9,17,3,2,1,2,0,0
24/08/2024,St Etienne,Le Havre,0,2,A,0,0,D,,18,14,5,5,11,9,2,4,3,3,0,0
24/08/2024,Brighton,Man United,2,1,H,1,0,H,C Pawson,14,11,5,4,9,13,4,4,1,2,0,0
24/08/2024,Crystal Palace,West Ham,0,2,A,0,0,D,R Jones,14,18,2,3,9,17,3,3,1,1,0,0
24/08/2024,Fulham,Leicester,2,1,H,1,1,D,D Bond,18,10,6,4,14,13,7,5,2,2,0,0
24/08/2024,Man City,Ipswich,4,1,H,3,1,H,M Salisbury,14,1,5,1,4,15,10,1,2,3,0,0
24/08/2024,Southampton,Nott'm Forest,0,1,A,0,0,D,S Barrott,5,23,1,8,14,14,4,10,3,3,0,0
24/08/2024,Tottenham,Everton,4,0,H,2,0,H,A Taylor,13,10,7,1,11,15,12,5,0,0,0,0
24/08/2024,Aston Villa,Arsenal,0,2,A,0,0,D,M Oliver,11,9,3,4,8,15,4,1,1,3,0,0
25/08/2024,Fiorentina,Venezia,0,0,D,0,0,D,,12,7,8,4,13,19,7,3,1,2,0,0
25/08/2024,Torino,Atalanta,2,1,H,1,1,D,,13,24,6,8,8,13,4,6,3,4,0,0
25/08/2024,Napoli,Bologna,3,0,H,1,0,H,,16,9,5,2,11,17,7,5,2,2,0,0
25/08/2024,Roma,Empoli,1,2,A,0,1,A,,17,10,6,3,10,9,8,5,0,3,0,0
25/08/2024,Wolfsburg,Bayern Munich,2,3,A,0,1,A,,11,14,2,8,13,11,1,7,2,3,0,0
25/08/2024,St Pauli,Heidenheim,0,2,A,0,0,D,,11,6,3,3,10,15,4,2,2,3,0,0
25/08/2024,Real Madrid,Valladolid,3,0,H,0,0,D,,17,8,9,2,10,15,5,5,1,1,0,0
25/08/2024,Leganes,Las Palmas,2,1,H,0,0,D,,10,10,5,5,11,10,3,7,1,1,0,0
25/08/2024,Alaves,Betis,0,0,D,0,0,D,,3,13,1,3,16,13,3,8,1,4,1,0
25/08/2024,Ath Madrid,Girona,3,0,H,1,0,H,,11,13,6,5,11,10,1,9,1,3,0,0
25/08/2024,Lens,Brest,2,0,H,2,0,H,,22,10,11,2,8,6,5,2,0,0,1,0
25/08/2024,Nantes,Auxerre,2,0,H,1,0,H,,8,10,6,3,9,6,3,12,0,0,0,1
25/08/2024,Nice,Toulouse,1,1,D,0,0,D,,10,15,4,3,11,21,4,4,4,1,0,0
25/08/2024,Strasbourg,Rennes,3,1,H,1,0,H,,9,13,5,5,7,19,2,5,2,4,0,0
25/08/2024,Marseille,Reims,2,2,D,1,0,H,,16,12,10,3,10,13,2,4,1,1,0,0
25/08/2024,Bournemouth,Newcastle,1,1,D,1,0,H,D Coote,16,14,4,5,19,8,8,9,2,2,0,0
25/08/2024,Wolves,Chelsea,2,6,A,2,2,D,D England,12,14,4,8,13,13,5,5,2,3,0,0
25/08/2024,Liverpool,Brentford,2,0,H,1,0,H,S Attwell,19,8,8,2,10,7,9,4,2,3,0,0
26/08/2024,Cagliari,Como,1,1,D,1,0,H,,11,13,5,4,12,10,5,6,2,2,0,0
26/08/2024,Verona,Juventus,0,3,A,0,2,A,,7,7,1,5,8,8,4,1,2,0,0,0
26/08/2024,Villarreal,Celta,4,3,H,1,2,A,,22,18,9,8,8,6,7,4,4,3,0,0
27/08/2024,Mallorca,Sevilla,0,0,D,0,0,D,,12,16,4,7,15,10,5,9,0,1,0,1
27/08/2024,Vallecano,Barcelona,1,2,A,1,0,H,,8,22,4,5,17,11,6,6,3,1,0,0
28/08/2024,Ath Bilbao,Valencia,1,0,H,1,0,H,,13,2,4,0,14,9,5,3,1,3,0,0
28/08/2024,Valladolid,Leganes,0,0,D,0,0,D,,12,8,2,1,13,19,4,4,1,5,0,0
28/08/2024,Ath Madrid,Espanol,0,0,D,0,0,D,,24,8,7,1,6,9,9,3,0,2,0,0
28/08/2024,Sociedad,Alaves,1,2,A,1,1,D,,8,12,1,5,16,12,8,6,4,4,1,0
29/08/2024,Girona,Osasuna,4,0,H,1,0,H,,10,1,5,0,10,9,5,0,0,0,0,0
29/08/2024,Las Palmas,Real Madrid,1,1,D,1,0,H,,7,25,3,8,16,13,2,6,0,2,0,0
30/08/2024,Venezia,Torino,0,1,A,0,0,D,,13,12,4,6,7,15,3,3,2,4,0,0
30/08/2024,Inter,Atalanta,4,0,H,2,0,H,,13,11,5,1,6,15,3,4,0,2,0,0
30/08/2024,Union Berlin,St Pauli,1,0,H,1,0,H,,10,8,5,2,10,11,5,4,3,1,0,0
30/08/2024,Lyon,Strasbourg,4,3,H,1,1,D,,22,14,13,7,10,6,9,2,3,2,0,0
31/08/2024,Bologna,Empoli,1,1,D,1,1,D,,14,4,3,2,15,18,6,3,0,3,0,0
31/08/2024,Lecce,Cagliari,1,0,H,1,0,H,,17,21,4,2,10,13,7,10,1,3,1,0
31/08/2024,Lazio,Milan,2,2,D,0,1,A,,7,10,5,4,12,9,5,7,4,2,0,0
31/08/2024,Napoli,Parma,2,1,H,0,1,A,,29,13,7,2,12,6,6,4,2,4,0,1
31/08/2024,Bochum,M'gladbach,0,2,A,0,0,D,,16,15,4,6,9,10,3,4,1,0,0,0
31/08/2024,Ein Frankfurt,Hoffenheim,3,1,H,2,0,H,,17,10,7,3,10,10,1,4,0,3,0,0
31/08/2024,Holstein Kiel,Wolfsburg,0,2,A,0,2,A,,12,12,5,4,17,14,1,7,4,7,0,0
31/08/2024,Stuttgart,Mainz,3,3,D,2,1,H,,28,9,13,7,6,12,11,2,4,2,0,0
31/08/2024,Werder Bremen,Dortmund,0,0,D,0,0,D,,5,9,1,4,11,16,5,6,2,7,0,1
31/08/2024,Leverkusen,RB Leipzig,2,3,A,2,1,H,,27,10,10,4,7,8,18,2,3,1,0,0
31/08/2024,Barcelona,Valladolid,7,0,H,3,0,H,,23,5,10,2,6,12,10,1,0,3,0,0
31/08/2024,Ath Bilbao,Ath Madrid,0,1,A,0,0,D,,8,9,1,2,13,9,2,2,3,1,0,0
31/08/2024,Espanol,Vallecano,2,1,H,1,1,D,,10,17,5,5,14,16,3,7,3,2,0,0
31/08/2024,Leganes,Mallorca,0,1,A,0,1,A,,4,12,2,3,11,17,1,3,1,3,0,0
31/08/2024,Valencia,Villarreal,1,1,D,1,1,D,,22,9,6,3,15,11,14,3,3,5,0,1
31/08/2024,Brest,St Etienne,4,0,H,2,0,H,,17,3,7,0,12,28,7,2,0,5,0,0
31/08/2024,Montpellier,Nantes,1,3,A,1,2,A,,11,10,5,5,11,13,8,3,2,2,0,0
31/08/2024,Toulouse,Marseille,1,3,A,0,2,A,,4,11,2,5,10,12,2,3,4,2,1,0
31/08/2024,Arsenal,Brighton,1,1,D,1,0,H,C Kavanagh,11,22,7,4,12,7,3,7,3,2,1,0
31/08/2024,Brentford,Southampton,3,1,H,1,0,H,J Smith,20,18,7,6,10,7,2,8,2,1,0,0
31/08/2024,Everton,Bournemouth,2,3,A,0,0,D,S Attwell,18,17,8,7,6,1,8,4,2,1,0,0
31/08/2024,Ipswich,Fulham,1,1,D,1,1,D,L Smith,11,9,4,4,15,15,8,6,2,3,0,0
31/08/2024,Leicester,Aston Villa,1,2,A,0,1,A,D Coote,9,10,3,5,13,21,1,4,4,5,0,0
31/08/2024,Nott'm Forest,Wolves,1,1,D,1,1,D,S Hooper,16,11,5,3,15,18,7,3,3,4,0,0
31/08/2024,West Ham,Man City,1,3,A,1,2,A,M Oliver,10,23,2,8,10,3,3,11,3,2,0,0
01/09/2024,Fiorentina,Monza,2,2,D,1,2,A,,15,4,5,3,11,21,6,0,2,4,0,0
01/09/2024,Genoa,Verona,0,2,A,0,0,D,,11,10,1,3,8,16,3,1,2,6,0,0
01/09/2024,Juventus,Roma,0,0,D,0,0,D,,8,7,1,1,11,12,6,4,2,2,0,0
01/09/2024,Udinese,Como,1,0,H,1,0,H,,10,21,3,4,16,9,4,6,3,0,0,0
01/09/2024,Heidenheim,Augsburg,4,0,H,2,0,H,,17,15,9,1,15,11,5,6,0,3,0,0
01/09/2024,Bayern Munich,Freiburg,2,0,H,1,0,H,,11,8,4,4,13,12,2,4,1,0,0,0
01/09/2024,Alaves,Las Palmas,2,0,H,1,0,H,,15,12,5,7,13,9,6,5,3,0,0,0
01/09/2024,Osasuna,Celta,3,2,H,2,1,H,,10,12,4,3,19,10,6,3,2,0,0,1
01/09/2024,Sevilla,Girona,0,2,A,0,1,A,,16,11,5,4,6,14,7,5,3,2,0,0
01/09/2024,Getafe,Sociedad,0,0,D,0,0,D,,16,1,1,0,14,16,4,1,1,1,0,0
01/09/2024,Real Madrid,Betis,2,0,H,0,0,D,,20,12,8,2,8,16,7,3,2,0,0,0
01/09/2024,Monaco,Lens,1,1,D,0,0,D,,14,12,3,4,11,21,7,7,1,4,0,0
01/09/2024,Angers,Nice,1,4,A,0,2,A,,12,12,7,9,14,13,4,7,6,4,0,1
01/09/2024,Le Havre,Auxerre,3,1,H,1,1,D,,21,7,8,2,10,15,2,2,1,5,0,1
01/09/2024,Reims,Rennes,2,1,H,1,1,D,,11,13,7,5,9,12,3,5,2,1,0,0
01/09/2024,Lille,Paris SG,1,3,A,0,2,A,,10,10,4,7,7,5,3,1,3,2,0,0
01/09/2024,Chelsea,Crystal Palace,1,1,D,1,0,H,J Gillett,13,9,7,3,9,13,4,5,4,2,0,0
01/09/2024,Newcastle,Tottenham,2,1,H,1,0,H,R Jones,9,20,3,6,16,13,7,12,4,4,0,0
01/09/2024,Man United,Liverpool,0,3,A,0,2,A,A Taylor,8,11,3,3,7,7,5,2,4,1,0,0
13/09/2024,Dortmund,Heidenheim,4,2,H,3,1,H,,13,11,7,4,13,18,8,1,2,2,0,0
13/09/2024,Betis,Leganes,2,0,H,0,0,D,,14,3,5,0,11,18,11,1,1,2,0,0
13/09/2024,St Etienne,Lille,1,0,H,1,0,H,,10,17,5,4,12,10,2,7,1,1,0,0
14/09/2024,Como,Bologna,2,2,D,1,0,H,,14,14,4,4,17,12,4,3,2,1,0,0
14/09/2024,Empoli,Juventus,0,0,D,0,0,D,,8,15,3,3,11,10,4,8,1,2,0,0
14/09/2024,Milan,Venezia,4,0,H,4,0,H,,12,6,8,1,12,12,6,1,1,3,0,1
14/09/2024,Freiburg,Bochum,2,1,H,0,1,A,,27,13,9,2,5,16,5,6,0,3,0,0
14/09/2024,Hoffenheim,Leverkusen,1,4,A,1,2,A,,14,20,5,8,9,10,4,12,2,2,0,0
14/09/2024,M'gladbach,Stuttgart,1,3,A,1,1,D,,15,12,7,7,14,12,6,2,2,2,0,0
14/09/2024,RB Leipzig,Union Berlin,0,0,D,0,0,D,,16,11,3,3,9,19,6,5,2,3,0,0
14/09/2024,Wolfsburg,Ein Frankfurt,1,2,A,0,1,A,,17,15,4,7,7,18,5,4,1,2,0,0
14/09/2024,Holstein Kiel,Bayern Munich,1,6,A,0,4,A,,5,23,1,13,12,11,2,10,0,1,0,0
14/09/2024,Mallorca,Villarreal,1,2,A,0,1,A,,10,21,5,4,11,10,7,6,3,3,1,0
14/09/2024,Espanol,Alaves,3,2,H,1,1,D,,9,19,4,6,17,14,0,5,2,3,0,0
14/09/2024,Sevilla,Getafe,1,0,H,1,0,H,,10,15,4,4,19,15,3,4,3,4,1,0
14/09/2024,Sociedad,Real Madrid,0,2,A,0,0,D,,11,16,2,7,12,9,6,6,4,1,0,0
14/09/2024,Marseille,Nice,2,0,H,1,0,H,,10,12,5,4,18,4,1,2,5,2,1,0
14/09/2024,Auxerre,Monaco,0,3,A,0,2,A,,13,19,3,9,13,16,1,6,3,0,0,0
14/09/2024,Paris SG,Brest,3,1,H,1,1,D,,22,5,9,3,7,13,9,1,2,3,0,0
14/09/2024,Southampton,Man United,0,3,A,0,2,A,S Attwell,6,20,4,10,11,14,0,7,1,4,1,0
14/09/2024,Brighton,Ipswich,0,0,D,0,0,D,S Barrott,21,6,6,1,14,16,9,2,4,3,0,0
14/09/2024,Crystal Palace,Leicester,2,2,D,0,1,A,T Harrington,20,9,4,4,11,15,5,2,0,3,0,0
14/09/2024,Fulham,West Ham,1,1,D,1,0,H,T Robinson,21,11,5,3,15,18,3,2,2,3,0,0
14/09/2024,Liverpool,Nott'm Forest,0,1,A,0,0,D,M Oliver,14,5,5,3,15,6,7,2,4,4,0,0
14/09/2024,Man City,Brentford,2,1,H,2,1,H,D Bond,18,8,7,5,9,3,12,3,3,1,0,0
14/09/2024,Aston Villa,Everton,3,2,H,1,2,A,C Pawson,17,6,8,2,10,12,6,2,1,4,0,0
14/09/2024,Bournemouth,Chelsea,0,1,A,0,0,D,A Taylor,19,10,7,3,16,9,6,3,6,8,0,0
15/09/2024,Genoa,Roma,1,1,D,0,1,A,,20,16,8,6,9,12,4,5,1,3,0,0
15/09/2024,Atalanta,Fiorentina,3,2,H,3,2,H,,13,13,7,5,16,15,4,2,2,3,0,0
15/09/2024,Torino,Lecce,0,0,D,0,0,D,,5,20,0,6,13,13,2,7,1,3,0,0
15/09/2024,Cagliari,Napoli,0,4,A,0,1,A,,16,12,3,5,22,11,7,4,1,2,0,0
15/09/2024,Monza,Inter,1,1,D,0,0,D,,5,16,2,2,11,19,1,8,1,2,0,0
15/09/2024,Augsburg,St Pauli,3,1,H,0,0,D,,18,12,10,3,12,10,7,7,4,3,0,0
15/09/2024,Mainz,Werder Bremen,1,2,A,1,1,D,,11,11,5,5,12,7,10,4,3,1,0,1
15/09/2024,Celta,Valladolid,3,1,H,2,0,H,,14,6,7,1,14,15,5,3,3,5,0,1
15/09/2024,Girona,Barcelona,1,4,A,0,2,A,,9,20,4,9,13,4,1,6,3,2,0,1
15/09/2024,Las Palmas,Ath Bilbao,2,3,A,0,2,A,,15,9,6,4,8,12,9,3,1,2,0,1
15/09/2024,Ath Madrid,Valencia,3,0,H,1,0,H,,14,5,5,1,10,8,7,3,1,2,0,0
15/09/2024,Rennes,Montpellier,3,0,H,2,0,H,,11,12,6,4,10,7,3,4,1,3,0,0
15/09/2024,Nantes,Reims,1,2,A,1,1,D,,18,11,6,4,14,5,6,3,3,1,0,0
15/09/2024,Strasbourg,Angers,1,1,D,1,0,H,,10,12,5,2,11,14,6,9,4,1,0,0
15/09/2024,Toulouse,Le Havre,2,0,H,0,0,D,,15,5,7,3,10,11,6,5,1,1,0,0
15/09/2024,Lens,Lyon,0,0,D,0,0,D,,12,8,5,3,12,11,5,8,0,0,0,0
15/09/2024,Tottenham,Arsenal,0,1,A,0,0,D,J Gillett,15,7,5,4,13,10,7,6,5,3,0,0
15/09/2024,Wolves,Newcastle,1,2,A,1,0,H,C Kavanagh,12,14,5,6,17,6,4,7,3,3,0,0
16/09/2024,Parma,Udinese,2,3,A,2,0,H,,9,18,3,6,8,18,5,6,2,3,1,0
16/09/2024,Lazio,Verona,2,1,H,2,1,H,,14,7,7,2,13,10,9,6,2,2,0,0
16/09/2024,Vallecano,Osasuna,3,1,H,0,1,A,,17,5,6,2,12,15,7,4,3,2,0,0
17/09/2024,Mallorca,Sociedad,1,0,H,1,0,H,,10,13,4,4,5,10,5,5,1,1,0,0
18/09/2024,Betis,Getafe,2,1,H,0,0,D,,18,15,8,5,10,20,8,4,3,5,0,0
19/09/2024,Leganes,Ath Bilbao,0,2,A,0,0,D,,14,10,3,4,12,11,4,7,3,0,0,0
20/09/2024,Cagliari,Empoli,0,2,A,0,1,A,,21,9,2,4,15,21,10,4,1,2,0,0
20/09/2024,Verona,Torino,2,3,A,1,2,A,,8,16,2,3,10,8,5,6,3,1,1,0
20/09/2024,Augsburg,Mainz,2,3,A,1,2,A,,30,5,9,3,7,12,14,1,3,5,1,1
20/09/2024,Alaves,Sevilla,2,1,H,1,0,H,,10,8,4,2,11,16,3,5,1,4,0,0
20/09/2024,Nice,St Etienne,8,0,H,6,0,H,,18,8,12,2,7,13,3,2,0,1,0,0
21/09/2024,Venezia,Genoa,2,0,H,0,0,D,,12,9,4,0,9,12,3,4,2,3,0,0
21/09/2024,Juventus,Napoli,0,0,D,0,0,D,,9,8,1,1,10,13,4,3,1,0,0,0
21/09/2024,Lecce,Parma,2,2,D,1,0,H,,14,24,3,10,12,11,2,12,4,0,1,1
21/09/2024,Bochum,Holstein Kiel,2,2,D,2,1,H,,14,13,3,4,20,9,2,5,4,1,0,0
21/09/2024,Heidenheim,Freiburg,0,3,A,0,0,D,,7,14,2,5,6,7,3,9,1,1,0,0
21/09/2024,Union Berlin,Hoffenheim,2,1,H,2,0,H,,12,6,2,3,17,18,5,5,3,3,0,0
21/09/2024,Werder Bremen,Bayern Munich,0,5,A,0,2,A,,0,25,0,7,4,13,1,4,0,3,0,0
21/09/2024,Ein Frankfurt,M'gladbach,2,0,H,1,0,H,,14,22,4,7,10,12,8,5,1,1,0,0
21/09/2024,Valladolid,Sociedad,0,0,D,0,0,D,,15,14,2,4,15,12,5,7,4,4,0,0
21/09/2024,Osasuna,Las Palmas,2,1,H,1,1,D,,13,11,2,4,14,11,2,4,2,5,0,0
21/09/2024,Valencia,Girona,2,0,H,0,0,D,,7,8,2,3,13,10,5,4,3,2,0,0
21/09/2024,Real Madrid,Espanol,4,1,H,0,0,D,,31,10,14,2,7,5,9,4,4,3,0,0
21/09/2024,Lille,Strasbourg,3,3,D,2,2,D,,15,12,7,9,16,12,9,5,2,2,0,0
21/09/2024,Rennes,Lens,1,1,D,1,0,H,,11,10,6,2,16,20,4,3,2,4,0,0
21/09/2024,Reims,Paris SG,1,1,D,1,0,H,,8,11,1,4,11,6,3,5,2,1,0,0
21/09/2024,West Ham,Chelsea,0,3,A,0,2,A,S Barrott,15,12,7,5,17,9,6,5,5,2,0,0
21/09/2024,Aston Villa,Wolves,3,1,H,0,1,A,T Robinson,9,10,4,4,11,16,6,5,3,6,0,0
21/09/2024,Fulham,Newcastle,3,1,H,2,0,H,P Bankes,22,15,11,4,16,8,6,0,6,0,0,0
21/09/2024,Leicester,Everton,1,1,D,0,1,A,D England,12,16,2,5,11,12,6,1,1,2,0,0
21/09/2024,Liverpool,Bournemouth,3,0,H,3,0,H,T Harrington,19,19,13,6,10,12,3,9,1,4,0,0
21/09/2024,Southampton,Ipswich,1,1,D,1,0,H,S Allison,11,13,3,6,16,16,2,10,4,4,0,0
21/09/2024,Tottenham,Brentford,3,1,H,2,1,H,J Brooks,23,6,10,6,11,9,9,4,3,1,0,0
21/09/2024,Crystal Palace,Man United,0,0,D,0,0,D,D Coote,9,15,4,6,7,12,4,11,3,1,0,0
22/09/2024,Fiorentina,Lazio,2,1,H,0,1,A,,14,20,5,6,11,15,3,10,3,4,0,0
22/09/2024,Monza,Bologna,1,2,A,1,1,D,,6,15,3,8,20,16,2,2,3,2,0,0
22/09/2024,Roma,Udinese,3,0,H,1,0,H,,14,9,6,3,15,11,2,1,2,2,0,0
22/09/2024,Inter,Milan,1,2,A,1,1,D,,13,16,4,8,13,4,6,2,4,1,0,0
22/09/2024,Leverkusen,Wolfsburg,4,3,H,2,3,A,,20,8,7,4,6,14,6,2,4,5,0,1
22/09/2024,Stuttgart,Dortmund,5,1,H,2,0,H,,16,6,9,3,10,6,6,4,1,3,0,0
22/09/2024,St Pauli,RB Leipzig,0,0,D,0,0,D,,15,10,4,5,6,9,3,1,2,1,0,0
22/09/2024,Getafe,Leganes,1,1,D,0,0,D,,12,6,3,3,16,17,6,2,3,2,0,0
22/09/2024,Ath Bilbao,Celta,3,1,H,2,1,H,,10,11,7,4,16,11,3,6,3,2,0,0
22/09/2024,Villarreal,Barcelona,1,5,A,1,2,A,,13,17,4,10,12,12,7,3,6,1,0,0
22/09/2024,Vallecano,Ath Madrid,1,1,D,1,0,H,,15,10,3,5,9,12,3,4,0,0,0,0
22/09/2024,Monaco,Le Havre,3,1,H,1,1,D,,14,9,4,2,10,17,6,4,1,3,0,0
22/09/2024,Angers,Nantes,1,1,D,1,1,D,,4,9,1,3,13,16,3,6,1,4,0,0
22/09/2024,Brest,Toulouse,2,0,H,1,0,H,,9,10,5,1,15,18,4,3,1,1,0,0
22/09/2024,Montpellier,Auxerre,3,2,H,0,1,A,,14,11,5,6,13,20,11,5,3,4,0,0
22/09/2024,Lyon,Marseille,2,3,A,0,0,D,,18,6,9,5,13,7,10,3,4,3,0,1
22/09/2024,Brighton,Nott'm Forest,2,2,D,2,1,H,R Jones,14,4,3,3,12,11,9,1,3,4,0,1
22/09/2024,Man City,Arsenal,2,2,D,1,2,A,M Oliver,33,5,11,3,7,10,8,2,3,4,0,1
23/09/2024,Betis,Mallorca,1,2,A,1,1,D,,14,6,6,6,12,12,6,3,3,2,0,0
24/09/2024,Atalanta,Como,2,3,A,1,0,H,,8,14,5,7,12,17,6,2,1,3,0,0
24/09/2024,Sevilla,Valladolid,2,1,H,1,0,H,,22,8,5,2,14,12,6,4,5,4,1,0
24/09/2024,Valencia,Osasuna,0,0,D,0,0,D,,10,9,2,2,6,11,10,5,2,3,0,0
24/09/2024,Real Madrid,Alaves,3,2,H,2,0,H,,10,12,4,3,7,10,4,4,4,0,0,0
25/09/2024,Girona,Vallecano,0,0,D,0,0,D,,11,2,0,0,8,16,4,3,3,4,0,0
25/09/2024,Barcelona,Getafe,1,0,H,1,0,H,,16,7,4,1,4,14,7,5,1,1,0,0
26/09/2024,Espanol,Villarreal,1,2,A,1,1,D,,11,15,2,4,12,14,4,1,5,3,0,0
26/09/2024,Las Palmas,Betis,1,1,D,1,1,D,,8,14,2,5,21,10,1,4,4,2,0,0
26/09/2024,Celta,Ath Madrid,0,1,A,0,0,D,,9,7,4,2,10,7,2,3,2,2,0,0
27/09/2024,Milan,Lecce,3,0,H,3,0,H,,15,16,6,7,5,8,4,7,1,1,1,0
27/09/2024,Dortmund,Bochum,4,2,H,1,2,A,,23,10,8,6,12,9,11,0,2,0,0,0
27/09/2024,Valladolid,Mallorca,1,2,A,0,0,D,,11,14,1,6,15,9,7,4,3,2,0,0
27/09/2024,Auxerre,Brest,3,0,H,2,0,H,,15,8,4,4,13,16,2,3,2,0,0,0
27/09/2024,Paris SG,Rennes,3,1,H,1,0,H,,22,13,7,5,9,11,6,4,1,3,0,0
28/09/2024,Udinese,Inter,2,3,A,1,2,A,,10,16,3,7,13,6,7,3,1,0,0,0
28/09/2024,Genoa,Juventus,0,3,A,0,0,D,,7,12,2,3,8,14,5,3,2,1,0,0
28/09/2024,Bologna,Atalanta,1,1,D,0,0,D,,5,23,1,5,16,12,2,9,3,3,1,0
28/09/2024,Freiburg,St Pauli,0,3,A,0,2,A,,6,10,2,4,7,18,4,2,3,3,0,0
28/09/2024,Mainz,Heidenheim,0,2,A,0,1,A,,7,14,2,7,10,10,7,6,4,4,1,1
28/09/2024,M'gladbach,Union Berlin,1,0,H,0,0,D,,8,9,3,3,10,12,2,4,3,1,0,0
28/09/2024,RB Leipzig,Augsburg,4,0,H,2,0,H,,14,7,7,1,9,13,8,5,1,2,0,0
28/09/2024,Wolfsburg,Stuttgart,2,2,D,1,1,D,,5,17,2,5,20,10,1,3,5,2,0,1
28/09/2024,Bayern Munich,Leverkusen,1,1,D,1,1,D,,18,3,3,3,11,15,6,1,1,3,0,0
28/09/2024,Getafe,Alaves,2,0,H,1,0,H,,14,9,8,1,17,24,2,2,3,6,0,0
28/09/2024,Vallecano,Leganes,1,1,D,1,0,H,,15,13,6,3,12,7,5,5,2,1,0,0
28/09/2024,Sociedad,Valencia,3,0,H,1,0,H,,11,9,6,4,7,12,6,4,0,0,0,0
28/09/2024,Osasuna,Barcelona,4,2,H,2,0,H,,11,12,6,5,13,3,5,8,2,2,0,0
28/09/2024,Lens,Nice,0,0,D,0,0,D,,22,15,7,4,16,7,11,4,4,2,1,0
28/09/2024,Le Havre,Lille,0,3,A,0,2,A,,7,18,4,10,11,9,1,5,2,1,0,0
28/09/2024,Monaco,Montpellier,2,1,H,1,1,D,,21,9,7,4,17,17,6,2,4,3,0,1
28/09/2024,Newcastle,Man City,1,1,D,0,1,A,J Gillett,11,16,4,6,14,10,5,6,4,4,0,0
28/09/2024,Arsenal,Leicester,4,2,H,2,0,H,S Barrott,36,5,16,3,11,6,17,0,2,4,0,0
28/09/2024,Brentford,West Ham,1,1,D,1,0,H,S Hooper,8,19,3,3,2,11,7,7,2,3,0,0
28/09/2024,Chelsea,Brighton,4,2,H,4,2,H,P Bankes,15,15,7,5,11,8,8,2,3,2,0,0
28/09/2024,Everton,Crystal Palace,2,1,H,0,1,A,A Madley,8,17,2,5,13,11,5,8,2,1,0,0
28/09/2024,Nott'm Forest,Fulham,0,1,A,0,0,D,J Smith,11,14,1,2,11,15,6,5,2,4,0,0
28/09/2024,Wolves,Liverpool,1,2,A,0,1,A,A Taylor,8,10,3,6,16,8,2,10,2,3,0,0
29/09/2024,Torino,Lazio,2,3,A,0,1,A,,12,13,7,7,10,13,3,1,2,3,0,0
29/09/2024,Como,Verona,3,2,H,1,0,H,,24,6,11,3,10,19,9,1,2,5,0,1
29/09/2024,Roma,Venezia,2,1,H,0,1,A,,22,18,5,7,8,13,6,3,1,2,0,0
29/09/2024,Empoli,Fiorentina,0,0,D,0,0,D,,8,13,1,0,15,12,2,4,0,1,0,0
29/09/2024,Napoli,Monza,2,0,H,2,0,H,,11,5,2,1,16,8,1,3,1,2,0,0
29/09/2024,Holstein Kiel,Ein Frankfurt,2,4,A,1,1,D,,10,18,5,10,12,13,4,9,1,3,0,0
29/09/2024,Hoffenheim,Werder Bremen,3,4,A,3,3,D,,10,18,5,10,12,19,2,6,3,3,1,0
29/09/2024,Celta,Girona,1,1,D,0,1,A,,12,9,2,4,9,14,4,4,1,0,0,0
29/09/2024,Ath Bilbao,Sevilla,1,1,D,1,0,H,,13,13,3,4,6,7,4,7,0,3,1,0
29/09/2024,Betis,Espanol,1,0,H,0,0,D,,20,8,12,1,14,20,8,4,2,4,0,0
29/09/2024,Ath Madrid,Real Madrid,1,1,D,0,0,D,,12,12,4,4,11,11,5,5,3,1,1,0
29/09/2024,Toulouse,Lyon,1,2,A,1,1,D,,10,4,4,1,12,15,3,4,2,2,0,0
29/09/2024,Angers,Reims,1,3,A,0,2,A,,14,21,3,10,7,11,5,4,0,3,0,0
29/09/2024,Nantes,St Etienne,2,2,D,1,0,H,,16,5,3,3,11,12,8,4,2,2,1,0
29/09/2024,Strasbourg,Marseille,1,0,H,1,0,H,,14,10,6,3,17,7,8,3,2,1,0,0
29/09/2024,Ipswich,Aston Villa,2,2,D,1,2,A,S Attwell,15,7,5,3,10,14,10,0,4,1,0,0
29/09/2024,Man United,Tottenham,0,3,A,0,1,A,C Kavanagh,11,24,2,10,16,14,5,3,5,3,1,0
30/09/2024,Parma,Cagliari,2,3,A,0,1,A,,18,11,4,4,10,16,5,3,3,2,0,0
30/09/2024,Villarreal,Las Palmas,3,1,H,1,0,H,,17,7,7,3,14,10,3,2,0,3,0,0
30/09/2024,Bournemouth,Southampton,3,1,H,3,0,H,M Oliver,14,9,6,3,19,12,7,4,2,5,0,0
04/10/2024,Napoli,Como,3,1,H,1,1,D,,9,11,6,2,7,10,4,1,1,1,0,0
04/10/2024,Verona,Venezia,2,1,H,1,1,D,,13,11,4,2,10,7,13,6,3,0,0,0
04/10/2024,Augsburg,M'gladbach,2,1,H,1,0,H,,13,11,5,5,13,15,6,5,2,4,0,0
04/10/2024,Leganes,Valencia,0,0,D,0,0,D,,8,6,0,1,15,14,1,2,2,2,0,0
04/10/2024,Marseille,Angers,1,1,D,0,0,D,,13,8,4,3,12,9,9,3,4,0,1,1
05/10/2024,Udinese,Lecce,1,0,H,0,0,D,,13,9,4,3,12,16,5,0,2,2,0,0
05/10/2024,Atalanta,Genoa,5,1,H,1,0,H,,23,7,8,2,9,15,4,2,0,0,0,0
05/10/2024,Inter,Torino,3,2,H,2,1,H,,29,7,8,5,6,9,14,0,1,2,0,1
05/10/2024,Bochum,Wolfsburg,1,3,A,0,2,A,,17,15,5,5,11,12,7,6,1,2,0,0
05/10/2024,Leverkusen,Holstein Kiel,2,2,D,2,1,H,,24,8,7,4,5,9,12,3,2,2,0,0
05/10/2024,Union Berlin,Dortmund,2,1,H,2,0,H,,13,9,5,5,15,17,3,3,4,4,0,0
05/10/2024,Werder Bremen,Freiburg,0,1,A,0,0,D,,11,13,3,3,7,9,7,5,1,2,0,0
05/10/2024,St Pauli,Mainz,0,3,A,0,2,A,,17,8,4,4,12,16,2,2,0,3,0,0
05/10/2024,Espanol,Mallorca,2,1,H,1,0,H,,8,11,3,4,14,19,4,6,1,5,0,0
05/10/2024,Getafe,Osasuna,1,1,D,1,0,H,,11,6,3,2,17,10,4,2,2,4,0,0
05/10/2024,Las Palmas,Celta,0,1,A,0,1,A,,24,8,5,1,9,13,11,2,3,8,0,2
05/10/2024,Valladolid,Vallecano,1,2,A,0,0,D,,13,17,5,3,13,18,5,13,4,2,0,0
05/10/2024,Real Madrid,Villarreal,2,0,H,1,0,H,,11,10,2,1,7,11,2,5,0,1,0,0
05/10/2024,St Etienne,Auxerre,3,1,H,1,0,H,,13,11,5,3,13,10,5,4,3,1,0,0
05/10/2024,Lille,Toulouse,2,1,H,0,1,A,,10,9,3,3,13,8,4,6,3,2,0,0
05/10/2024,Rennes,Monaco,1,2,A,1,2,A,,14,5,3,2,9,16,10,4,2,4,0,0
05/10/2024,Crystal Palace,Liverpool,0,1,A,0,1,A,S Hooper,9,16,5,4,7,15,3,8,4,2,0,0
05/10/2024,Arsenal,Southampton,3,1,H,0,0,D,T Harrington,29,8,6,2,10,9,13,1,0,3,0,0
05/10/2024,Brentford,Wolves,5,3,H,4,2,H,A Madley,19,17,12,6,9,10,10,3,2,3,0,0
05/10/2024,Leicester,Bournemouth,1,0,H,1,0,H,D Bond,6,17,2,2,12,14,0,9,4,1,0,0
05/10/2024,Man City,Fulham,3,2,H,1,1,D,P Bankes,20,11,7,4,4,10,8,3,2,1,0,0
05/10/2024,West Ham,Ipswich,4,1,H,2,1,H,A Taylor,23,9,13,2,12,6,5,5,0,1,0,0
05/10/2024,Everton,Newcastle,0,0,D,0,0,D,C Pawson,8,14,2,3,12,8,0,10,1,2,0,0
06/10/2024,Juventus,Cagliari,1,1,D,1,0,H,,21,9,9,2,13,10,8,3,5,2,1,0
06/10/2024,Bologna,Parma,0,0,D,0,0,D,,19,13,3,2,15,16,13,6,1,0,0,1
06/10/2024,Lazio,Empoli,2,1,H,1,1,D,,16,7,6,2,10,17,5,3,2,4,0,0
06/10/2024,Monza,Roma,1,1,D,0,0,D,,3,15,3,4,16,13,1,3,3,1,0,0
06/10/2024,Fiorentina,Milan,2,1,H,1,0,H,,12,16,3,8,11,21,0,7,2,3,0,1
06/10/2024,Heidenheim,RB Leipzig,0,1,A,0,0,D,,15,12,4,2,12,13,3,2,2,2,0,0
06/10/2024,Ein Frankfurt,Bayern Munich,3,3,D,2,2,D,,5,22,4,13,10,6,0,11,1,1,0,0
06/10/2024,Stuttgart,Hoffenheim,1,1,D,0,1,A,,18,7,7,5,10,7,10,5,1,4,0,0
06/10/2024,Girona,Ath Bilbao,2,1,H,1,1,D,,14,13,6,4,12,13,6,1,4,3,0,1
06/10/2024,Alaves,Barcelona,0,3,A,0,3,A,,11,14,2,8,13,8,11,3,2,2,0,0
06/10/2024,Sevilla,Betis,1,0,H,0,0,D,,14,11,5,3,15,15,4,1,6,3,1,0
06/10/2024,Sociedad,Ath Madrid,1,1,D,0,1,A,,16,4,8,1,10,9,5,1,0,2,0,0
06/10/2024,Lyon,Nantes,2,0,H,1,0,H,,17,11,6,6,10,5,6,9,1,2,0,0
06/10/2024,Brest,Le Havre,2,0,H,1,0,H,,8,14,3,0,19,11,1,9,4,0,1,1
06/10/2024,Reims,Montpellier,4,2,H,2,1,H,,18,10,5,3,15,13,4,4,3,5,0,0
06/10/2024,Strasbourg,Lens,2,2,D,1,2,A,,8,12,5,5,15,18,3,5,2,4,0,0
06/10/2024,Nice,Paris SG,1,1,D,1,0,H,,9,19,3,9,7,9,5,15,1,2,0,0
06/10/2024,Aston Villa,Man United,0,0,D,0,0,D,R Jones,11,10,1,4,12,11,6,3,1,5,0,0
06/10/2024,Chelsea,Nott'm Forest,1,1,D,0,0,D,C Kavanagh,22,16,8,9,12,11,11,3,6,2,0,1
06/10/2024,Brighton,Tottenham,3,2,H,0,2,A,D Coote,11,13,4,3,14,10,4,7,2,2,0,0
18/10/2024,Dortmund,St Pauli,2,1,H,1,0,H,,20,10,7,3,8,7,7,1,2,1,0,0
18/10/2024,Alaves,Valladolid,2,3,A,1,1,D,,10,12,4,4,15,14,5,6,6,2,1,0
18/10/2024,Monaco,Lille,0,0,D,0,0,D,,14,3,4,1,13,14,6,1,1,5,1,0
19/10/2024,Como,Parma,1,1,D,1,1,D,,11,9,3,3,14,10,7,4,1,2,0,0
19/10/2024,Genoa,Bologna,2,2,D,0,1,A,,10,12,4,7,20,12,1,7,2,0,0,0
19/10/2024,Milan,Udinese,1,0,H,1,0,H,,10,13,5,1,3,14,8,4,2,3,1,0
19/10/2024,Juventus,Lazio,1,0,H,0,0,D,,16,2,3,1,16,9,7,1,4,2,0,1
19/10/2024,Freiburg,Augsburg,3,1,H,3,0,H,,15,9,6,3,11,7,5,4,1,1,0,0
19/10/2024,Hoffenheim,Bochum,3,1,H,1,0,H,,12,13,7,4,10,12,4,2,1,1,0,0
19/10/2024,Leverkusen,Ein Frankfurt,2,1,H,1,1,D,,27,9,9,2,9,5,8,3,2,1,0,0
19/10/2024,Mainz,RB Leipzig,0,2,A,0,2,A,,16,11,2,5,12,15,5,3,1,3,0,0
19/10/2024,M'gladbach,Heidenheim,3,2,H,1,1,D,,20,19,10,6,15,9,6,3,3,3,0,0
19/10/2024,Bayern Munich,Stuttgart,4,0,H,0,0,D,,22,4,10,1,6,10,7,3,0,2,0,0
19/10/2024,Ath Bilbao,Espanol,4,1,H,3,0,H,,10,5,6,2,15,22,5,5,2,3,0,0
19/10/2024,Osasuna,Betis,1,2,A,0,1,A,,19,11,6,7,12,8,10,2,2,1,0,1
19/10/2024,Girona,Sociedad,0,1,A,0,1,A,,8,14,3,4,10,12,6,6,2,1,0,0
19/10/2024,Celta,Real Madrid,1,2,A,0,1,A,,13,10,5,3,16,13,6,2,2,1,0,0
19/10/2024,Brest,Rennes,1,1,D,0,0,D,,12,6,2,4,18,15,2,4,2,2,0,0
19/10/2024,St Etienne,Lens,0,2,A,0,1,A,,15,13,1,5,12,16,2,7,1,2,0,0
19/10/2024,Paris SG,Strasbourg,4,2,H,1,0,H,,18,16,10,8,10,12,5,5,2,2,0,0
19/10/2024,Tottenham,West Ham,4,1,H,1,1,D,A Madley,22,11,7,4,10,15,13,5,1,3,0,1
19/10/2024,Fulham,Aston Villa,1,3,A,1,1,D,D England,10,14,4,5,8,11,6,11,3,3,1,1
19/10/2024,Ipswich,Everton,0,2,A,0,2,A,M Oliver,13,11,2,8,12,10,5,8,1,1,0,0
19/10/2024,Man United,Brentford,2,1,H,0,1,A,S Barrott,23,8,11,2,14,5,9,2,2,2,0,0
19/10/2024,Newcastle,Brighton,0,1,A,0,1,A,P Bankes,21,10,6,5,11,9,9,4,2,2,0,0
19/10/2024,Southampton,Leicester,2,3,A,2,0,H,A Taylor,14,18,7,4,10,10,10,6,5,3,1,0
19/10/2024,Bournemouth,Arsenal,2,0,H,0,0,D,R Jones,13,6,4,1,12,11,7,4,1,1,0,1
20/10/2024,Empoli,Napoli,0,1,A,0,0,D,,11,9,4,1,14,13,7,7,2,2,0,0
20/10/2024,Lecce,Fiorentina,0,6,A,0,3,A,,5,19,2,11,8,14,1,3,0,5,1,0
20/10/2024,Venezia,Atalanta,0,2,A,0,1,A,,12,16,4,7,12,6,2,5,1,1,0,0
20/10/2024,Cagliari,Torino,3,2,H,1,1,D,,18,17,5,5,9,8,9,12,1,3,0,0
20/10/2024,Roma,Inter,0,1,A,0,0,D,,14,11,3,6,12,13,3,3,2,3,0,0
20/10/2024,Holstein Kiel,Union Berlin,0,2,A,0,1,A,,12,14,5,4,8,11,7,3,2,1,0,0
20/10/2024,Wolfsburg,Werder Bremen,2,4,A,1,1,D,,14,15,6,7,15,9,4,4,1,1,1,0
20/10/2024,Mallorca,Vallecano,1,0,H,0,0,D,,19,10,5,2,9,13,9,2,1,1,0,0
20/10/2024,Ath Madrid,Leganes,3,1,H,0,1,A,,24,5,9,2,14,8,8,2,5,1,0,0
20/10/2024,Villarreal,Getafe,1,1,D,1,0,H,,10,21,4,4,18,21,5,5,4,3,0,0
20/10/2024,Barcelona,Sevilla,5,1,H,3,0,H,,21,7,9,1,6,14,5,5,1,2,0,0
20/10/2024,Le Havre,Lyon,0,4,A,0,1,A,,7,16,1,8,17,11,4,6,3,4,0,0
20/10/2024,Auxerre,Reims,2,1,H,1,0,H,,10,15,8,3,6,10,5,9,2,3,0,0
20/10/2024,Nantes,Nice,1,1,D,0,0,D,,11,13,7,7,10,11,4,8,2,1,0,0
20/10/2024,Toulouse,Angers,1,1,D,0,1,A,,18,8,6,4,11,9,8,2,2,4,0,0
20/10/2024,Montpellier,Marseille,0,5,A,0,3,A,,13,21,5,10,11,18,3,2,1,3,1,0
20/10/2024,Wolves,Man City,1,2,A,1,1,D,C Kavanagh,3,22,2,7,8,5,1,18,4,1,0,0
20/10/2024,Liverpool,Chelsea,2,1,H,1,0,H,J Brooks,9,12,5,2,12,13,1,6,4,3,0,0
21/10/2024,Verona,Monza,0,3,A,0,1,A,,16,10,4,4,8,13,9,6,3,2,0,0
21/10/2024,Valencia,Las Palmas,2,3,A,1,1,D,,14,11,7,6,12,12,11,2,4,9,1,0
21/10/2024,Nott'm Forest,Crystal Palace,1,0,H,0,0,D,T Robinson,20,20,6,7,9,12,6,6,2,3,0,0
25/10/2024,Udinese,Cagliari,2,0,H,1,0,H,,13,3,4,0,13,9,2,4,2,3,0,1
25/10/2024,Torino,Como,1,0,H,0,0,D,,8,20,2,6,13,12,1,3,3,3,0,0
25/10/2024,Mainz,M'gladbach,1,1,D,0,0,D,,23,9,6,5,16,16,2,4,3,2,0,0
25/10/2024,Espanol,Sevilla,0,2,A,0,2,A,,16,6,1,3,14,9,13,2,2,0,0,0
25/10/2024,Rennes,Le Havre,1,0,H,0,0,D,,20,5,4,1,10,7,14,0,2,4,0,1
25/10/2024,Leicester,Nott'm Forest,1,3,A,1,1,D,C Pawson,11,20,1,5,16,9,6,7,5,2,0,0
26/10/2024,Napoli,Lecce,1,0,H,0,0,D,,24,11,8,2,13,7,16,5,3,2,0,0
26/10/2024,Atalanta,Verona,6,1,H,5,1,H,,19,4,10,2,3,15,4,2,0,1,0,0
26/10/2024,Augsburg,Dortmund,2,1,H,1,1,D,,12,11,4,4,13,10,3,5,3,3,0,1
26/10/2024,RB Leipzig,Freiburg,3,1,H,0,1,A,,12,15,9,5,9,7,3,3,3,2,0,0
26/10/2024,St Pauli,Wolfsburg,0,0,D,0,0,D,,14,10,5,4,9,12,7,6,0,3,0,0
26/10/2024,Stuttgart,Holstein Kiel,2,1,H,1,0,H,,16,9,6,3,6,17,9,5,3,6,1,1
26/10/2024,Werder Bremen,Leverkusen,2,2,D,0,1,A,,13,15,8,6,9,11,3,5,1,1,0,0
26/10/2024,Valladolid,Villarreal,1,2,A,0,1,A,,7,21,3,9,16,13,4,6,4,3,0,0
26/10/2024,Vallecano,Alaves,1,0,H,0,0,D,,16,15,4,7,8,14,6,2,2,4,1,0
26/10/2024,Las Palmas,Girona,1,0,H,1,0,H,,12,8,3,3,12,14,3,5,4,5,0,1
26/10/2024,Real Madrid,Barcelona,0,4,A,0,0,D,,9,15,4,7,15,17,10,3,2,5,0,0
26/10/2024,Angers,St Etienne,4,2,H,2,1,H,,13,19,8,7,10,13,2,3,1,3,0,0
26/10/2024,Reims,Brest,1,2,A,1,2,A,,11,13,3,4,15,11,7,3,3,2,0,0
26/10/2024,Lens,Lille,0,2,A,0,0,D,,11,11,4,3,16,14,8,2,4,4,0,0
26/10/2024,Aston Villa,Bournemouth,1,1,D,0,0,D,A Madley,18,11,8,3,12,14,9,7,7,6,0,0
26/10/2024,Brentford,Ipswich,4,3,H,2,2,D,L Smith,20,11,9,5,7,10,5,5,0,1,0,1
26/10/2024,Brighton,Wolves,2,2,D,1,0,H,M Oliver,19,14,6,7,12,10,9,6,3,3,0,0
26/10/2024,Man City,Southampton,1,0,H,1,0,H,T Harrington,22,5,8,2,9,9,12,1,1,3,0,0
26/10/2024,Everton,Fulham,1,1,D,0,0,D,J Brooks,10,14,5,3,8,8,4,2,1,0,0,0
27/10/2024,Parma,Empoli,1,1,D,0,1,A,,17,6,4,2,12,17,9,3,4,5,0,0
27/10/2024,Lazio,Genoa,3,0,H,1,0,H,,18,6,4,2,12,6,7,4,3,1,0,0
27/10/2024,Monza,Venezia,2,2,D,2,2,D,,13,6,2,2,17,16,4,3,4,2,1,0
27/10/2024,Inter,Juventus,4,4,D,3,2,H,,18,10,9,5,11,16,13,5,2,1,0,0
27/10/2024,Fiorentina,Roma,5,1,H,3,1,H,,21,14,10,5,13,11,6,2,2,5,0,1
27/10/2024,Bochum,Bayern Munich,0,5,A,0,2,A,,6,17,2,9,15,6,2,5,1,1,0,0
27/10/2024,Union Berlin,Ein Frankfurt,1,1,D,0,1,A,,13,17,4,5,13,7,4,5,5,3,0,1
27/10/2024,Heidenheim,Hoffenheim,0,0,D,0,0,D,,17,12,3,4,12,16,7,3,1,2,0,0
27/10/2024,Leganes,Celta,3,0,H,0,0,D,,7,18,4,5,15,17,4,2,2,2,0,0
27/10/2024,Getafe,Valencia,1,1,D,0,1,A,,15,2,4,1,20,20,8,2,3,7,0,0
27/10/2024,Betis,Ath Madrid,1,0,H,1,0,H,,24,10,3,3,8,4,3,10,3,2,0,0
27/10/2024,Sociedad,Osasuna,0,2,A,0,2,A,,19,10,9,4,7,14,14,4,3,4,0,0
27/10/2024,Lyon,Auxerre,2,2,D,1,0,H,,12,17,8,4,7,14,5,4,0,4,0,0
27/10/2024,Montpellier,Toulouse,0,3,A,0,3,A,,9,15,2,6,8,20,1,3,1,2,1,0
27/10/2024,Nice,Monaco,2,1,H,1,1,D,,17,11,9,5,16,11,6,6,2,5,0,1
27/10/2024,Strasbourg,Nantes,3,1,H,1,0,H,,9,8,5,6,15,17,5,4,2,3,0,0
27/10/2024,Marseille,Paris SG,0,3,A,0,3,A,,5,19,1,8,4,7,1,2,1,0,1,0
27/10/2024,Chelsea,Newcastle,2,1,H,1,1,D,S Hooper,17,11,7,3,13,16,7,4,6,3,0,0
27/10/2024,Crystal Palace,Tottenham,1,0,H,1,0,H,D Bond,14,11,6,3,16,12,8,8,4,4,0,0
27/10/2024,West Ham,Man United,2,1,H,0,0,D,D Coote,12,18,3,5,6,7,6,5,5,1,0,0
27/10/2024,Arsenal,Liverpool,2,2,D,2,1,H,A Taylor,9,9,3,4,14,14,1,3,2,2,0,0
28/10/2024,Mallorca,Ath Bilbao,0,0,D,0,0,D,,4,20,1,1,9,12,1,14,5,1,1,0
29/10/2024,Cagliari,Bologna,0,2,A,0,1,A,,14,11,2,4,17,18,7,2,2,2,0,0
29/10/2024,Lecce,Verona,1,0,H,0,0,D,,14,7,6,1,14,21,3,4,1,3,0,2
29/10/2024,Milan,Napoli,0,2,A,0,2,A,,13,9,5,4,14,6,5,1,0,1,0,0
30/10/2024,Empoli,Inter,0,3,A,0,0,D,,6,15,1,5,12,13,1,4,1,1,1,0
30/10/2024,Venezia,Udinese,3,2,H,1,2,A,,18,15,7,5,9,13,2,6,3,4,0,1
30/10/2024,Atalanta,Monza,2,0,H,0,0,D,,16,4,6,3,14,11,5,1,2,3,0,0
30/10/2024,Juventus,Parma,2,2,D,1,2,A,,24,13,6,5,7,5,10,6,2,0,0,0
31/10/2024,Genoa,Fiorentina,0,1,A,0,0,D,,14,12,4,4,13,10,4,4,4,2,0,0
31/10/2024,Como,Lazio,1,5,A,0,2,A,,14,14,2,7,14,18,3,5,2,5,1,1
31/10/2024,Roma,Torino,1,0,H,1,0,H,,10,4,3,2,11,15,3,5,2,2,0,0
01/11/2024,Leverkusen,Stuttgart,0,0,D,0,0,D,,19,4,5,1,13,14,10,2,3,4,0,0
01/11/2024,Alaves,Mallorca,1,0,H,0,0,D,,13,7,3,2,19,12,7,2,3,2,0,0
01/11/2024,Monaco,Angers,0,1,A,0,1,A,,11,10,3,3,16,12,4,4,1,1,0,0
01/11/2024,Lille,Lyon,1,1,D,1,0,H,,14,14,2,3,12,10,4,9,3,1,0,0
02/11/2024,Bologna,Lecce,1,0,H,0,0,D,,20,6,4,0,9,14,9,1,2,2,0,0
02/11/2024,Udinese,Juventus,0,2,A,0,2,A,,11,11,2,5,12,14,10,3,2,2,0,0
02/11/2024,Monza,Milan,0,1,A,0,1,A,,12,18,2,7,18,15,3,5,2,1,0,0
02/11/2024,Bayern Munich,Union Berlin,3,0,H,2,0,H,,16,8,7,1,2,9,7,4,0,2,0,0
02/11/2024,Ein Frankfurt,Bochum,7,2,H,4,1,H,,18,11,9,8,6,15,5,2,1,2,0,0
02/11/2024,Hoffenheim,St Pauli,0,2,A,0,1,A,,12,7,6,3,10,10,7,2,0,2,0,0
02/11/2024,Holstein Kiel,Heidenheim,1,0,H,1,0,H,,11,17,6,4,16,14,5,6,4,5,0,0
02/11/2024,Wolfsburg,Augsburg,1,1,D,0,1,A,,18,3,6,1,7,14,8,1,1,3,0,0
02/11/2024,Dortmund,RB Leipzig,2,1,H,1,1,D,,19,7,7,3,11,12,4,0,3,4,0,0
02/11/2024,Osasuna,Valladolid,1,0,H,1,0,H,,20,7,4,4,21,12,7,2,1,5,0,0
02/11/2024,Girona,Leganes,4,3,H,2,2,D,,15,8,6,5,17,15,6,1,2,4,0,0
02/11/2024,Paris SG,Lens,1,0,H,1,0,H,,18,13,8,2,3,20,7,4,1,5,0,1
02/11/2024,Brest,Nice,0,1,A,0,1,A,,16,12,6,3,9,4,6,2,0,2,0,0
02/11/2024,St Etienne,Strasbourg,2,0,H,0,0,D,,13,9,3,3,9,4,2,3,2,1,0,0
02/11/2024,Newcastle,Arsenal,1,0,H,1,0,H,J Brooks,9,10,4,1,16,18,4,6,4,4,0,0
02/11/2024,Bournemouth,Man City,2,1,H,1,0,H,M Oliver,12,18,6,4,11,6,3,10,2,1,0,0
02/11/2024,Ipswich,Leicester,1,1,D,0,0,D,T Robinson,14,20,2,6,11,10,4,6,4,2,1,0
02/11/2024,Liverpool,Brighton,2,1,H,0,1,A,T Harrington,16,13,8,5,10,18,10,7,1,1,0,0
02/11/2024,Nott'm Forest,West Ham,3,0,H,1,0,H,P Bankes,19,4,6,2,7,9,11,6,1,2,0,1
02/11/2024,Southampton,Everton,1,0,H,0,0,D,A Madley,9,16,2,5,14,18,3,6,4,2,0,0
02/11/2024,Wolves,Crystal Palace,2,2,D,0,0,D,A Taylor,11,19,6,7,7,9,3,6,1,2,0,0
03/11/2024,Napoli,Atalanta,0,3,A,0,2,A,,13,12,3,3,10,8,4,3,1,3,0,0
03/11/2024,Torino,Fiorentina,0,1,A,0,1,A,,9,8,1,3,16,12,1,3,2,1,0,0
03/11/2024,Verona,Roma,3,2,H,2,1,H,,7,14,3,3,16,11,2,2,2,2,1,0
03/11/2024,Inter,Venezia,1,0,H,0,0,D,,20,7,8,2,14,15,9,3,2,1,0,0
03/11/2024,Freiburg,Mainz,0,0,D,0,0,D,,10,9,2,2,9,12,8,4,1,2,0,0
03/11/2024,M'gladbach,Werder Bremen,4,1,H,3,0,H,,16,15,8,5,12,10,7,7,1,4,0,1
03/11/2024,Ath Madrid,Las Palmas,2,0,H,1,0,H,,15,1,3,1,13,13,9,1,1,1,0,0
03/11/2024,Barcelona,Espanol,3,1,H,3,0,H,,14,10,9,3,13,14,9,5,0,3,0,0
03/11/2024,Sevilla,Sociedad,0,2,A,0,1,A,,8,9,0,3,6,17,5,9,2,1,0,0
03/11/2024,Ath Bilbao,Betis,1,1,D,0,0,D,,17,7,8,4,9,8,6,2,0,0,0,0
03/11/2024,Toulouse,Reims,1,0,H,0,0,D,,13,13,6,2,16,15,6,7,0,3,0,0
03/11/2024,Auxerre,Rennes,4,0,H,2,0,H,,16,7,8,4,11,15,3,8,0,2,0,0
03/11/2024,Le Havre,Montpellier,1,0,H,0,0,D,,12,15,4,1,11,13,2,10,2,1,0,0
03/11/2024,Nantes,Marseille,1,2,A,1,1,D,,7,9,3,4,16,6,2,5,1,1,0,0
03/11/2024,Tottenham,Aston Villa,4,1,H,0,1,A,C Pawson,16,12,6,1,14,14,6,4,2,0,0,0
03/11/2024,Man United,Chelsea,1,1,D,0,0,D,R Jones,11,12,4,3,19,14,4,8,6,2,0,0
04/11/2024,Empoli,Como,1,0,H,0,0,D,,9,12,4,2,17,9,3,6,1,0,0,0
04/11/2024,Parma,Genoa,0,1,A,0,0,D,,13,15,0,7,5,18,3,7,2,5,0,0
04/11/2024,Lazio,Cagliari,2,1,H,1,1,D,,20,6,5,1,12,17,2,3,3,8,0,2
04/11/2024,Celta,Getafe,1,0,H,1,0,H,,10,10,3,2,12,11,0,2,1,4,0,1
04/11/2024,Fulham,Brentford,2,1,H,0,1,A,S Attwell,26,5,12,2,3,10,11,3,2,1,0,0
07/11/2024,Genoa,Como,1,1,D,0,1,A,,8,18,4,8,17,15,8,5,4,3,0,0
08/11/2024,Lecce,Empoli,1,1,D,0,1,A,,18,11,3,6,7,24,4,3,0,3,0,0
08/11/2024,Union Berlin,Freiburg,0,0,D,0,0,D,,12,14,6,4,11,8,4,1,2,0,0,0
08/11/2024,Vallecano,Las Palmas,1,3,A,0,1,A,,35,11,7,3,9,13,12,4,1,3,0,0
08/11/2024,Marseille,Auxerre,1,3,A,0,3,A,,19,10,5,6,13,16,5,3,3,2,0,0
09/11/2024,Venezia,Parma,1,2,A,1,1,D,,12,10,6,3,9,10,6,6,1,2,0,0
09/11/2024,Cagliari,Milan,3,3,D,1,2,A,,16,13,7,6,7,11,6,3,0,2,0,0
09/11/2024,Juventus,Torino,2,0,H,1,0,H,,13,6,4,1,7,14,5,5,1,3,0,0
09/11/2024,Bochum,Leverkusen,1,1,D,0,1,A,,15,11,3,3,10,9,6,4,0,1,0,0
09/11/2024,Mainz,Dortmund,3,1,H,2,1,H,,13,2,9,1,17,5,8,0,3,1,0,1
09/11/2024,St Pauli,Bayern Munich,0,1,A,0,1,A,,3,13,0,6,10,7,5,10,2,2,0,0
09/11/2024,Werder Bremen,Holstein Kiel,2,1,H,1,0,H,,16,12,5,5,10,19,6,3,3,2,0,0
09/11/2024,RB Leipzig,M'gladbach,0,0,D,0,0,D,,11,14,4,4,14,7,8,4,2,2,0,0
09/11/2024,Real Madrid,Osasuna,4,0,H,2,0,H,,18,2,8,0,9,16,11,3,0,2,0,0
09/11/2024,Villarreal,Alaves,3,0,H,1,0,H,,13,9,3,3,17,21,7,2,1,3,0,0
09/11/2024,Leganes,Sevilla,1,0,H,0,0,D,,8,13,4,2,7,10,0,6,2,1,0,1
09/11/2024,Strasbourg,Monaco,1,3,A,1,0,H,,5,19,2,8,16,18,1,2,5,2,0,0
09/11/2024,Lens,Nantes,3,2,H,1,1,D,,15,9,3,3,14,8,6,1,2,0,0,0
09/11/2024,Angers,Paris SG,2,4,A,0,4,A,,10,26,3,12,5,16,6,8,0,3,0,0
09/11/2024,Brentford,Bournemouth,3,2,H,1,1,D,D Bond,12,15,6,3,8,16,6,4,2,4,0,0
09/11/2024,Crystal Palace,Fulham,0,2,A,0,1,A,M Salisbury,13,17,5,7,10,11,1,8,1,1,1,0
09/11/2024,West Ham,Everton,0,0,D,0,0,D,S Attwell,11,18,6,4,10,9,7,6,1,2,0,0
09/11/2024,Wolves,Southampton,2,0,H,1,0,H,T Bramall,8,9,4,0,14,12,1,9,1,4,0,0
09/11/2024,Brighton,Man City,2,1,H,0,1,A,S Barrott,10,15,4,6,12,10,0,4,3,3,0,0
09/11/2024,Liverpool,Aston Villa,2,0,H,1,0,H,D Coote,14,12,5,2,11,15,2,9,0,3,0,0
10/11/2024,Atalanta,Udinese,2,1,H,0,1,A,,11,11,4,6,10,12,4,5,1,1,0,0
10/11/2024,Fiorentina,Verona,3,1,H,1,1,D,,11,8,6,2,1,19,8,3,1,2,0,0
10/11/2024,Roma,Bologna,2,3,A,0,1,A,,15,15,5,4,16,21,4,3,2,3,0,0
10/11/2024,Monza,Lazio,0,1,A,0,1,A,,12,14,2,6,13,10,6,6,5,1,0,0
10/11/2024,Inter,Napoli,1,1,D,1,1,D,,13,5,4,2,15,12,4,2,2,0,0,0
10/11/2024,Augsburg,Hoffenheim,0,0,D,0,0,D,,16,11,4,2,16,7,10,6,2,3,0,0
10/11/2024,Stuttgart,Ein Frankfurt,2,3,A,0,1,A,,22,8,11,5,10,15,8,3,2,3,0,0
10/11/2024,Heidenheim,Wolfsburg,1,3,A,0,2,A,,19,13,4,6,9,23,5,5,1,6,0,0
10/11/2024,Betis,Celta,2,2,D,1,1,D,,19,3,6,2,12,8,2,0,3,0,0,0
10/11/2024,Mallorca,Ath Madrid,0,1,A,0,0,D,,12,9,6,2,10,16,7,2,1,3,0,0
10/11/2024,Getafe,Girona,0,1,A,0,1,A,,8,3,0,2,25,16,5,2,3,3,0,0
10/11/2024,Valladolid,Ath Bilbao,1,1,D,0,0,D,,6,17,3,1,12,12,5,5,4,4,0,0
10/11/2024,Sociedad,Barcelona,1,0,H,1,0,H,,14,11,6,0,17,6,7,6,3,1,0,0
10/11/2024,Nice,Lille,2,2,D,0,1,A,,17,13,5,6,12,9,6,2,2,2,0,0
10/11/2024,Le Havre,Reims,0,3,A,0,2,A,,10,18,3,7,10,17,8,7,1,4,0,0
10/11/2024,Montpellier,Brest,3,1,H,2,0,H,,14,19,8,6,18,13,3,7,5,1,0,0
10/11/2024,Rennes,Toulouse,0,2,A,0,2,A,,7,9,1,2,16,16,5,3,3,1,0,0
10/11/2024,Lyon,St Etienne,1,0,H,1,0,H,,17,10,7,6,11,13,7,6,3,2,0,0
10/11/2024,Man United,Leicester,3,0,H,2,0,H,P Bankes,13,6,3,5,9,5,1,5,0,1,0,0
10/11/2024,Nott'm Forest,Newcastle,1,3,A,1,0,H,A Taylor,9,17,3,6,13,6,4,5,1,1,0,0
10/11/2024,Tottenham,Ipswich,1,2,A,0,2,A,D England,17,8,5,3,10,19,12,2,1,5,0,0
10/11/2024,Chelsea,Arsenal,1,1,D,0,0,D,M Oliver,17,13,3,3,12,12,4,3,4,2,0,0
22/11/2024,Bayern Munich,Augsburg,3,0,H,0,0,D,,33,2,14,1,9,9,8,0,0,2,0,1
22/11/2024,Getafe,Valladolid,2,0,H,0,0,D,,12,6,5,3,15,15,3,2,3,2,0,0
22/11/2024,Monaco,Brest,3,2,H,2,0,H,,10,12,4,4,7,12,2,8,2,2,0,0
22/11/2024,Paris SG,Toulouse,3,0,H,1,0,H,,17,11,8,2,11,14,7,5,1,2,0,0
23/11/2024,Verona,Inter,0,5,A,0,5,A,,9,12,2,7,14,5,4,2,2,1,0,0
23/11/2024,Milan,Juventus,0,0,D,0,0,D,,6,7,1,2,9,12,2,4,3,2,0,0
23/11/2024,Parma,Atalanta,1,3,A,0,2,A,,9,15,3,6,6,8,2,5,0,2,0,0
23/11/2024,Dortmund,Freiburg,4,0,H,2,0,H,,19,7,7,3,11,4,7,0,1,2,0,2
23/11/2024,Hoffenheim,RB Leipzig,4,3,H,1,2,A,,20,14,7,6,14,12,4,3,2,1,0,0
23/11/2024,Leverkusen,Heidenheim,5,2,H,2,2,D,,20,6,10,3,8,11,6,0,0,0,0,0
23/11/2024,Stuttgart,Bochum,2,0,H,0,0,D,,15,9,5,2,7,16,7,4,2,3,0,0
23/11/2024,Wolfsburg,Union Berlin,1,0,H,0,0,D,,10,11,5,4,7,15,8,5,1,2,0,0
23/11/2024,Ein Frankfurt,Werder Bremen,1,0,H,1,0,H,,15,8,5,1,15,9,5,6,2,2,0,0
23/11/2024,Valencia,Betis,4,2,H,1,1,D,,11,7,5,3,10,16,2,4,4,2,0,0
23/11/2024,Ath Madrid,Alaves,2,1,H,0,1,A,,11,4,8,1,18,19,5,0,3,3,0,0
23/11/2024,Girona,Espanol,4,1,H,4,0,H,,12,9,5,1,4,19,6,3,0,3,0,0
23/11/2024,Las Palmas,Mallorca,2,3,A,0,0,D,,14,10,3,3,10,18,4,3,4,2,0,1
23/11/2024,Celta,Barcelona,2,2,D,0,1,A,,15,9,8,4,13,9,5,1,5,5,0,1
23/11/2024,Lens,Marseille,1,3,A,0,0,D,,16,7,7,4,17,9,6,0,3,3,0,0
23/11/2024,St Etienne,Montpellier,1,0,H,0,0,D,,11,11,4,3,19,11,5,11,3,5,0,0
23/11/2024,Reims,Lyon,1,1,D,0,1,A,,14,13,6,7,11,13,4,2,2,0,0,0
23/11/2024,Leicester,Chelsea,1,2,A,0,1,A,A Madley,4,16,1,7,15,12,2,9,4,3,0,0
23/11/2024,Arsenal,Nott'm Forest,3,0,H,1,0,H,S Hooper,19,7,7,0,10,1,8,1,3,2,0,0
23/11/2024,Aston Villa,Crystal Palace,2,2,D,1,2,A,T Robinson,17,13,5,6,10,11,10,1,3,2,0,0
23/11/2024,Bournemouth,Brighton,1,2,A,0,1,A,S Attwell,19,6,5,4,13,10,7,0,2,2,0,1
23/11/2024,Everton,Brentford,0,0,D,0,0,D,C Kavanagh,27,9,5,2,8,10,10,4,0,0,0,1
23/11/2024,Fulham,Wolves,1,4,A,1,1,D,R Jones,10,10,3,5,14,14,7,2,3,0,0,0
23/11/2024,Man City,Tottenham,0,4,A,0,2,A,J Brooks,23,9,5,7,19,9,9,3,4,2,0,0
24/11/2024,Genoa,Cagliari,2,2,D,1,1,D,,20,17,6,6,11,7,6,8,2,2,0,0
24/11/2024,Como,Fiorentina,0,2,A,0,1,A,,10,8,4,4,11,15,3,4,2,1,1,0
24/11/2024,Torino,Monza,1,1,D,0,0,D,,12,9,5,6,17,13,7,3,1,2,0,0
24/11/2024,Napoli,Roma,1,0,H,0,0,D,,14,6,2,1,8,9,8,2,0,3,0,0
24/11/2024,Lazio,Bologna,3,0,H,0,0,D,,13,3,4,1,14,14,3,0,3,3,0,1
24/11/2024,Holstein Kiel,Mainz,0,3,A,0,2,A,,7,18,2,7,11,7,2,6,1,0,0,0
24/11/2024,M'gladbach,St Pauli,2,0,H,2,0,H,,15,15,4,3,7,8,5,4,1,0,0,0
24/11/2024,Osasuna,Villarreal,2,2,D,2,0,H,,4,17,3,7,12,13,0,8,6,5,0,0
24/11/2024,Sevilla,Vallecano,1,0,H,1,0,H,,11,9,3,1,14,14,8,3,2,5,0,1
24/11/2024,Leganes,Real Madrid,0,3,A,0,1,A,,4,16,0,9,17,11,2,4,2,0,0,0
24/11/2024,Ath Bilbao,Sociedad,1,0,H,1,0,H,,12,6,4,1,18,9,4,4,3,4,0,0
24/11/2024,Lille,Rennes,1,0,H,1,0,H,,5,4,2,1,19,16,3,3,3,2,0,0
24/11/2024,Auxerre,Angers,1,0,H,0,0,D,,10,10,6,5,13,7,2,2,4,1,0,0
24/11/2024,Nantes,Le Havre,0,2,A,0,1,A,,18,7,4,5,14,12,9,2,2,1,0,0
24/11/2024,Nice,Strasbourg,2,1,H,0,1,A,,15,10,5,3,16,8,4,7,2,0,0,0
24/11/2024,Southampton,Liverpool,2,3,A,1,1,D,S Barrott,7,27,5,11,11,9,3,10,3,4,0,0
24/11/2024,Ipswich,Man United,1,1,D,1,1,D,A Taylor,11,11,6,4,11,10,4,3,0,0,0,0
25/11/2024,Empoli,Udinese,1,1,D,1,0,H,,4,16,2,3,8,13,1,8,3,2,0,0
25/11/2024,Venezia,Lecce,0,1,A,0,0,D,,16,7,6,2,12,16,6,2,1,3,0,0
25/11/2024,Newcastle,West Ham,0,2,A,0,1,A,C Pawson,18,15,2,6,11,8,8,3,1,0,0,0
29/11/2024,Cagliari,Verona,1,0,H,0,0,D,,19,11,6,2,10,12,7,1,1,2,0,0
29/11/2024,St Pauli,Holstein Kiel,3,1,H,1,0,H,,11,10,4,3,10,11,4,4,2,5,0,0
29/11/2024,Mallorca,Valencia,2,1,H,1,1,D,,9,7,3,1,9,14,3,6,0,0,0,0
29/11/2024,Reims,Lens,0,2,A,0,1,A,,16,11,3,6,14,12,3,1,1,2,0,0
29/11/2024,Brighton,Southampton,1,1,D,1,0,H,R Jones,22,10,5,2,20,16,7,6,2,4,0,0
30/11/2024,Como,Monza,1,1,D,1,0,H,,17,9,3,3,16,11,11,4,3,0,0,0
30/11/2024,Milan,Empoli,3,0,H,2,0,H,,20,9,4,0,12,16,7,3,2,2,0,0
30/11/2024,Bologna,Venezia,3,0,H,1,0,H,,16,5,9,1,14,15,1,0,0,2,0,0
30/11/2024,Augsburg,Bochum,1,0,H,1,0,H,,16,7,4,1,8,22,6,1,3,3,0,0
30/11/2024,Freiburg,M'gladbach,3,1,H,1,0,H,,17,15,7,4,5,14,4,6,1,1,0,0
30/11/2024,RB Leipzig,Wolfsburg,1,5,A,0,3,A,,9,13,4,8,11,6,7,3,2,1,0,0
30/11/2024,Union Berlin,Leverkusen,1,2,A,1,1,D,,8,8,2,3,18,11,1,3,4,2,0,0
30/11/2024,Werder Bremen,Stuttgart,2,2,D,1,1,D,,20,10,6,4,8,13,11,2,1,1,0,0
30/11/2024,Dortmund,Bayern Munich,1,1,D,1,0,H,,7,14,2,5,11,7,2,3,2,2,0,0
30/11/2024,Barcelona,Las Palmas,1,2,A,0,0,D,,27,5,8,3,7,11,7,0,0,0,0,0
30/11/2024,Alaves,Leganes,1,1,D,0,0,D,,18,6,7,3,15,15,13,8,1,4,0,0
30/11/2024,Espanol,Celta,3,1,H,1,0,H,,9,16,5,2,13,7,2,5,2,2,0,0
30/11/2024,Valladolid,Ath Madrid,0,5,A,0,3,A,,9,13,1,9,6,11,3,5,1,2,0,0
30/11/2024,Rennes,St Etienne,5,0,H,2,0,H,,18,2,9,0,14,12,6,1,0,1,0,1
30/11/2024,Brest,Strasbourg,3,1,H,2,0,H,,11,12,8,4,15,8,4,3,3,2,0,0
30/11/2024,Paris SG,Nantes,1,1,D,1,1,D,,24,5,10,2,3,6,9,3,0,0,0,0
30/11/2024,Brentford,Leicester,4,1,H,3,1,H,M Oliver,13,7,6,3,9,10,5,4,1,1,0,0
30/11/2024,Crystal Palace,Newcastle,1,1,D,0,0,D,D England,16,1,4,0,12,11,8,9,3,3,0,0
30/11/2024,Nott'm Forest,Ipswich,1,0,H,0,0,D,T Harrington,12,7,5,3,5,16,8,7,1,3,0,0
30/11/2024,Wolves,Bournemouth,2,4,A,1,3,A,P Bankes,10,12,3,8,13,11,3,4,4,1,0,0
30/11/2024,West Ham,Arsenal,2,5,A,2,5,A,A Taylor,12,16,5,7,10,13,2,10,4,1,0,0
01/12/2024,Udinese,Genoa,0,2,A,0,1,A,,4,15,2,5,13,11,6,4,2,3,1,0
01/12/2024,Parma,Lazio,3,1,H,1,0,H,,12,23,4,8,17,13,4,10,4,3,0,0
01/12/2024,Torino,Napoli,0,1,A,0,1,A,,5,16,1,6,15,9,4,7,4,1,0,0
01/12/2024,Lecce,Juventus,1,1,D,0,0,D,,10,14,6,3,8,9,2,7,1,4,0,0
01/12/2024,Mainz,Hoffenheim,2,0,H,2,0,H,,18,10,8,2,13,12,8,3,1,3,0,0
01/12/2024,Heidenheim,Ein Frankfurt,0,4,A,0,1,A,,8,14,1,8,7,9,6,5,0,2,0,0
01/12/2024,Villarreal,Girona,2,2,D,1,0,H,,13,13,4,6,8,13,1,5,2,6,0,0
01/12/2024,Real Madrid,Getafe,2,0,H,2,0,H,,13,8,4,3,7,26,5,3,2,6,0,0
01/12/2024,Vallecano,Ath Bilbao,1,2,A,1,0,H,,7,12,4,7,14,8,1,7,3,0,0,0
01/12/2024,Sociedad,Betis,2,0,H,2,0,H,,2,7,1,2,28,10,0,4,3,2,0,0
01/12/2024,Montpellier,Lille,2,2,D,1,1,D,,11,13,5,4,9,21,7,2,4,5,1,1
01/12/2024,Le Havre,Angers,0,1,A,0,0,D,,5,12,1,3,8,10,2,4,2,0,0,0
01/12/2024,Lyon,Nice,4,1,H,3,1,H,,16,16,8,7,11,11,5,4,1,2,0,0
01/12/2024,Toulouse,Auxerre,2,0,H,2,0,H,,12,4,7,0,14,12,6,2,0,0,0,0
01/12/2024,Marseille,Monaco,2,1,H,0,1,A,,9,7,4,4,15,16,5,3,0,1,0,0
01/12/2024,Chelsea,Aston Villa,3,0,H,2,0,H,S Attwell,17,10,8,4,21,6,3,4,2,2,0,0
01/12/2024,Man United,Everton,4,0,H,2,0,H,J Brooks,11,8,5,2,12,12,2,2,2,3,0,0
01/12/2024,Tottenham,Fulham,1,1,D,0,0,D,D Bond,8,14,3,6,4,14,7,11,0,1,0,1
01/12/2024,Liverpool,Man City,2,0,H,1,0,H,C Kavanagh,18,8,7,2,9,8,7,4,1,3,0,0
02/12/2024,Roma,Atalanta,0,2,A,0,0,D,,5,18,1,7,17,13,2,4,2,3,0,0
02/12/2024,Sevilla,Osasuna,1,1,D,0,0,D,,12,7,5,3,11,15,5,1,1,1,0,0
03/12/2024,Mallorca,Barcelona,1,5,A,1,1,D,,6,20,1,9,13,13,2,5,4,3,0,0
03/12/2024,Ipswich,Crystal Palace,0,1,A,0,0,D,C Pawson,9,13,2,3,14,13,4,7,2,4,0,0
03/12/2024,Leicester,West Ham,3,1,H,1,0,H,J Smith,8,31,6,10,9,7,3,9,2,2,0,0
04/12/2024,Ath Bilbao,Real Madrid,2,1,H,0,0,D,,9,10,3,5,21,9,5,2,3,3,0,0
04/12/2024,Everton,Wolves,4,0,H,2,0,H,M Salisbury,13,6,4,2,10,8,3,4,2,0,0,0
04/12/2024,Man City,Nott'm Forest,3,0,H,2,0,H,M Oliver,17,12,7,3,7,15,8,2,2,4,0,0
04/12/2024,Newcastle,Liverpool,3,3,D,1,0,H,A Madley,17,16,6,5,9,17,5,6,2,5,0,0
04/12/2024,Southampton,Chelsea,1,5,A,1,3,A,T Harrington,6,26,4,13,7,14,5,7,1,0,1,0
04/12/2024,Arsenal,Man United,2,0,H,0,0,D,S Barrott,14,5,6,2,12,8,13,0,1,3,0,0
04/12/2024,Aston Villa,Brentford,3,1,H,3,0,H,L Smith,20,9,10,1,11,15,10,5,2,2,0,0
05/12/2024,Fulham,Brighton,3,1,H,1,0,H,P Bankes,6,13,2,3,7,8,5,6,2,2,0,0
05/12/2024,Bournemouth,Tottenham,1,0,H,1,0,H,S Hooper,21,12,8,4,15,8,5,9,2,2,0,0
06/12/2024,Inter,Parma,3,1,H,1,0,H,,18,5,5,2,8,3,10,1,1,1,0,0
06/12/2024,Atalanta,Milan,2,1,H,1,1,D,,17,6,8,2,14,13,7,0,2,0,0,0
06/12/2024,Stuttgart,Union Berlin,3,2,H,0,1,A,,7,14,5,3,14,19,1,6,1,6,0,0
06/12/2024,Celta,Mallorca,2,0,H,1,0,H,,12,9,5,4,9,12,3,3,1,0,0,1
06/12/2024,Lille,Brest,3,1,H,2,0,H,,10,7,6,3,13,16,2,1,1,1,0,0
06/12/2024,Auxerre,Paris SG,0,0,D,0,0,D,,6,25,2,11,8,7,3,15,2,1,0,0
07/12/2024,Genoa,Torino,0,0,D,0,0,D,,5,10,1,3,12,15,4,4,2,1,0,0
07/12/2024,Juventus,Bologna,2,2,D,0,1,A,,10,10,3,4,18,14,1,4,3,4,0,0
07/12/2024,Roma,Lecce,4,1,H,1,1,D,,23,3,9,1,5,14,8,1,2,3,0,0
07/12/2024,Bayern Munich,Heidenheim,4,2,H,1,0,H,,21,2,10,2,4,5,8,0,1,0,0,0
07/12/2024,Bochum,Werder Bremen,0,1,A,0,0,D,,12,9,2,1,12,10,9,5,1,1,0,0
07/12/2024,Ein Frankfurt,Augsburg,2,2,D,0,0,D,,16,8,4,3,17,9,4,0,2,2,0,0
07/12/2024,Holstein Kiel,RB Leipzig,0,2,A,0,1,A,,17,9,5,5,11,13,6,1,4,3,0,0
07/12/2024,Leverkusen,St Pauli,2,1,H,2,0,H,,6,12,2,4,8,10,7,4,1,3,0,0
07/12/2024,M'gladbach,Dortmund,1,1,D,0,0,D,,9,16,3,3,16,11,7,4,3,2,1,0
07/12/2024,Las Palmas,Valladolid,2,1,H,1,1,D,,11,9,5,2,17,13,3,3,4,3,0,0
07/12/2024,Betis,Barcelona,2,2,D,0,1,A,,12,9,6,3,15,14,6,4,1,2,0,0
07/12/2024,Valencia,Vallecano,0,1,A,0,1,A,,14,6,6,1,5,12,9,4,2,2,0,0
07/12/2024,Girona,Real Madrid,0,3,A,0,1,A,,10,10,4,7,6,7,6,3,3,2,0,0
07/12/2024,Monaco,Toulouse,2,0,H,0,0,D,,19,6,5,3,15,16,2,3,2,2,0,0
07/12/2024,Nice,Le Havre,2,1,H,0,0,D,,17,12,5,2,10,10,5,8,3,2,0,0
07/12/2024,Angers,Lyon,0,3,A,0,1,A,,10,16,2,10,13,13,2,7,0,2,0,0
07/12/2024,Aston Villa,Southampton,1,0,H,1,0,H,D Bond,18,4,5,0,18,15,14,1,1,3,0,0
07/12/2024,Brentford,Newcastle,4,2,H,2,2,D,T Robinson,11,16,8,3,10,7,3,4,3,0,0,0
07/12/2024,Crystal Palace,Man City,2,2,D,1,1,D,R Jones,12,12,3,4,4,10,6,8,1,0,0,1
07/12/2024,Man United,Nott'm Forest,2,3,A,1,1,D,D England,17,11,7,3,10,13,5,3,0,2,0,0
08/12/2024,Fiorentina,Cagliari,1,0,H,1,0,H,,8,8,3,1,9,20,6,4,3,2,0,0
08/12/2024,Verona,Empoli,1,4,A,1,4,A,,12,15,3,5,15,16,5,8,2,2,0,0
08/12/2024,Venezia,Como,2,2,D,1,0,H,,8,10,4,4,12,10,5,9,1,1,0,0
08/12/2024,Napoli,Lazio,0,1,A,0,0,D,,12,7,1,3,16,12,6,2,2,3,0,0
08/12/2024,Wolfsburg,Mainz,4,3,H,1,2,A,,10,12,5,5,10,15,3,5,3,4,0,0
08/12/2024,Hoffenheim,Freiburg,1,1,D,0,0,D,,15,11,5,4,10,5,6,1,1,1,0,0
08/12/2024,Leganes,Sociedad,0,3,A,0,1,A,,11,15,2,5,12,15,5,3,2,2,0,0
08/12/2024,Ath Bilbao,Villarreal,2,0,H,1,0,H,,12,11,4,1,15,10,3,3,2,1,0,0
08/12/2024,Osasuna,Alaves,2,2,D,0,1,A,,16,6,8,3,13,14,8,3,4,3,0,0
08/12/2024,Ath Madrid,Sevilla,4,3,H,1,2,A,,14,4,9,3,11,8,5,3,4,3,0,0
08/12/2024,Lens,Montpellier,2,0,H,1,0,H,,18,7,4,4,15,7,6,3,2,3,0,0
08/12/2024,Nantes,Rennes,1,0,H,0,0,D,,14,5,2,3,15,9,5,4,1,1,0,1
08/12/2024,Strasbourg,Reims,0,0,D,0,0,D,,7,11,2,3,13,16,3,2,1,2,0,0
08/12/2024,St Etienne,Marseille,0,2,A,0,1,A,,3,21,2,10,13,10,0,9,1,1,0,0
08/12/2024,Fulham,Arsenal,1,1,D,1,0,H,C Kavanagh,2,12,2,4,10,9,0,6,4,2,0,0
08/12/2024,Ipswich,Bournemouth,1,2,A,1,0,H,M Salisbury,18,22,5,6,9,13,6,13,2,1,0,0
08/12/2024,Leicester,Brighton,2,2,D,0,1,A,S Attwell,10,16,3,7,9,10,5,5,1,2,0,0
08/12/2024,Tottenham,Chelsea,3,4,A,2,1,H,A Taylor,13,17,5,8,17,11,5,10,2,2,0,0
09/12/2024,Monza,Udinese,1,2,A,0,1,A,,27,10,4,3,12,16,10,1,1,2,0,0
09/12/2024,Getafe,Espanol,1,0,H,1,0,H,,15,9,6,1,14,15,3,3,3,6,0,0
09/12/2024,West Ham,Wolves,2,1,H,0,0,D,J Brooks,19,19,4,5,12,17,11,0,5,4,0,0
13/12/2024,Empoli,Torino,0,1,A,0,0,D,,10,14,4,4,7,15,12,3,2,3,0,0
13/12/2024,Freiburg,Wolfsburg,3,2,H,1,0,H,,18,20,9,5,11,3,5,6,4,1,0,0
13/12/2024,Valladolid,Valencia,1,0,H,1,0,H,,2,14,1,2,10,10,1,7,4,3,1,0
13/12/2024,Toulouse,St Etienne,2,1,H,0,0,D,,11,3,4,2,16,15,2,3,3,4,0,0
14/12/2024,Cagliari,Atalanta,0,1,A,0,0,D,,12,12,8,2,16,10,2,5,3,3,0,0
14/12/2024,Udinese,Napoli,1,3,A,1,0,H,,7,17,3,4,14,8,3,9,1,1,0,0
14/12/2024,Juventus,Venezia,2,2,D,1,0,H,,12,8,4,2,9,8,7,4,1,3,0,0
14/12/2024,Augsburg,Leverkusen,0,2,A,0,2,A,,8,14,4,3,12,5,4,9,3,0,0,0
14/12/2024,Mainz,Bayern Munich,2,1,H,1,0,H,,8,13,4,1,21,12,3,2,3,2,0,0
14/12/2024,M'gladbach,Holstein Kiel,4,1,H,3,1,H,,15,11,6,3,10,14,5,2,1,1,0,0
14/12/2024,Union Berlin,Bochum,0,2,A,,,,,,,,,,,,,,,,
14/12/2024,St Pauli,Werder Bremen,0,2,A,0,1,A,,15,8,4,4,10,9,4,5,2,3,0,0
14/12/2024,Espanol,Osasuna,0,0,D,0,0,D,,9,6,3,0,13,13,5,4,3,1,0,0
14/12/2024,Mallorca,Girona,2,1,H,1,1,D,,8,13,2,1,10,14,2,4,5,2,1,0
14/12/2024,Sevilla,Celta,1,0,H,0,0,D,,8,10,3,2,12,9,3,4,7,3,0,0
14/12/2024,Vallecano,Real Madrid,3,3,D,2,2,D,,14,13,5,6,18,8,4,3,4,2,0,0
14/12/2024,Marseille,Lille,1,1,D,1,0,H,,9,10,3,5,14,9,3,8,1,3,1,0
14/12/2024,Auxerre,Lens,2,2,D,1,2,A,,10,16,3,5,10,10,3,5,3,1,0,0
14/12/2024,Reims,Monaco,0,0,D,0,0,D,,8,14,0,3,15,22,1,4,1,3,0,0
14/12/2024,Arsenal,Everton,0,0,D,0,0,D,C Pawson,13,2,5,0,6,9,8,2,0,3,0,0
14/12/2024,Liverpool,Fulham,2,2,D,0,1,A,T Harrington,16,12,4,3,10,7,5,4,3,4,1,0
14/12/2024,Newcastle,Leicester,4,0,H,1,0,H,T Bramall,27,4,11,1,7,16,5,2,3,3,0,0
14/12/2024,Wolves,Ipswich,1,2,A,0,1,A,S Hooper,16,10,6,5,13,9,7,3,0,2,1,0
14/12/2024,Nott'm Forest,Aston Villa,2,1,H,0,0,D,S Barrott,17,8,6,2,12,6,4,3,0,1,0,0
15/12/2024,Lecce,Monza,2,1,H,2,1,H,,11,10,4,1,15,16,2,7,1,5,0,0
15/12/2024,Bologna,Fiorentina,1,0,H,0,0,D,,16,10,6,4,16,10,1,3,2,2,0,0
15/12/2024,Parma,Verona,2,3,A,1,1,D,,19,17,8,6,5,16,5,2,1,3,0,0
15/12/2024,Como,Roma,2,0,H,0,0,D,,18,6,7,1,18,17,6,5,6,1,0,0
15/12/2024,Milan,Genoa,0,0,D,0,0,D,,22,5,4,0,11,12,9,2,0,2,0,0
15/12/2024,Heidenheim,Stuttgart,1,3,A,1,2,A,,9,18,2,7,25,13,9,6,4,3,0,0
15/12/2024,Dortmund,Hoffenheim,1,1,D,0,0,D,,6,12,2,1,9,10,3,9,5,2,0,0
15/12/2024,RB Leipzig,Ein Frankfurt,2,1,H,1,1,D,,19,16,9,3,15,10,6,7,1,3,0,0
15/12/2024,Ath Madrid,Getafe,1,0,H,0,0,D,,11,7,3,1,13,15,8,3,3,1,0,0
15/12/2024,Alaves,Ath Bilbao,1,1,D,0,1,A,,6,9,3,2,14,17,2,4,2,2,0,0
15/12/2024,Sociedad,Las Palmas,0,0,D,0,0,D,,15,9,4,3,17,12,8,6,2,3,0,0
15/12/2024,Villarreal,Betis,1,2,A,0,1,A,,17,10,4,4,19,10,5,5,5,2,0,1
15/12/2024,Barcelona,Leganes,0,1,A,0,1,A,,20,6,4,4,5,13,8,2,0,2,0,0
15/12/2024,Montpellier,Nice,2,2,D,1,2,A,,20,18,8,6,15,13,9,4,1,2,0,0
15/12/2024,Brest,Nantes,4,1,H,2,0,H,,13,16,8,7,10,14,0,5,3,3,0,0
15/12/2024,Le Havre,Strasbourg,0,3,A,0,2,A,,11,9,1,5,11,7,3,2,0,1,0,0
15/12/2024,Rennes,Angers,2,0,H,1,0,H,,7,3,4,0,18,12,2,1,3,1,0,0
15/12/2024,Paris SG,Lyon,3,1,H,2,1,H,,13,7,6,3,7,8,4,3,2,3,0,0
15/12/2024,Brighton,Crystal Palace,1,3,A,0,2,A,M Oliver,17,13,5,5,11,15,8,5,1,4,0,0
15/12/2024,Man City,Man United,1,2,A,1,0,H,A Taylor,10,10,3,3,5,14,8,2,1,1,0,0
15/12/2024,Chelsea,Brentford,2,1,H,1,0,H,P Bankes,26,9,8,4,11,7,8,5,0,2,1,0
15/12/2024,Southampton,Tottenham,0,5,A,0,5,A,D England,9,18,3,9,8,15,2,5,1,3,0,0
16/12/2024,Lazio,Inter,0,6,A,0,2,A,,9,12,2,7,7,14,4,2,2,4,0,0
16/12/2024,Bournemouth,West Ham,1,1,D,0,0,D,C Kavanagh,29,16,9,3,6,11,12,6,0,2,0,0
18/12/2024,Espanol,Valencia,1,1,D,1,0,H,,10,14,3,4,13,11,4,7,1,0,0,0
18/12/2024,Villarreal,Vallecano,1,1,D,1,1,D,,14,18,5,3,10,15,7,7,4,3,1,0
18/12/2024,Monaco,Paris SG,2,4,A,0,1,A,,15,17,5,12,11,11,1,9,2,0,0,0
20/12/2024,Verona,Milan,0,1,A,0,0,D,,10,14,2,6,21,9,3,8,1,1,0,0
20/12/2024,Bayern Munich,RB Leipzig,5,1,H,3,1,H,,22,4,9,1,9,10,8,1,5,2,0,0
20/12/2024,Girona,Valladolid,3,0,H,2,0,H,,23,1,7,1,13,7,9,1,3,1,0,0
21/12/2024,Torino,Bologna,0,2,A,0,0,D,,6,8,0,5,11,17,4,0,0,2,0,0
21/12/2024,Genoa,Napoli,1,2,A,0,2,A,,11,12,3,2,8,8,5,6,2,1,0,0
21/12/2024,Lecce,Lazio,1,2,A,0,1,A,,11,13,2,7,13,12,6,6,3,1,1,0
21/12/2024,Ein Frankfurt,Mainz,1,3,A,0,2,A,,34,9,9,3,10,10,17,2,1,1,0,1
21/12/2024,Hoffenheim,M'gladbach,1,2,A,0,1,A,,18,5,8,3,14,6,8,4,0,0,0,0
21/12/2024,Holstein Kiel,Augsburg,5,1,H,4,1,H,,8,17,6,4,11,13,3,8,0,4,0,0
21/12/2024,Stuttgart,St Pauli,0,1,A,0,1,A,,25,11,5,5,10,11,9,1,2,2,0,0
21/12/2024,Werder Bremen,Union Berlin,4,1,H,3,1,H,,11,16,6,4,9,12,4,9,2,2,0,0
21/12/2024,Leverkusen,Freiburg,5,1,H,1,0,H,,20,8,12,2,8,9,4,2,1,2,0,0
21/12/2024,Getafe,Mallorca,0,1,A,0,0,D,,18,9,5,2,19,13,3,0,4,3,0,0
21/12/2024,Celta,Sociedad,2,0,H,2,0,H,,11,7,7,1,19,13,5,7,3,5,0,0
21/12/2024,Osasuna,Ath Bilbao,1,2,A,1,1,D,,6,13,3,8,10,13,4,4,0,1,0,0
21/12/2024,Barcelona,Ath Madrid,1,2,A,1,0,H,,19,5,7,4,11,8,11,3,0,3,0,0
21/12/2024,Aston Villa,Man City,2,1,H,1,0,H,P Bankes,11,12,6,6,14,7,5,4,3,3,0,0
21/12/2024,Brentford,Nott'm Forest,0,2,A,0,1,A,M Oliver,7,10,3,6,9,14,9,5,3,4,0,0
21/12/2024,Ipswich,Newcastle,0,4,A,0,3,A,S Attwell,10,15,2,7,9,7,2,1,2,0,0,0
21/12/2024,West Ham,Brighton,1,1,D,0,0,D,R Jones,11,12,4,6,14,20,8,4,2,2,0,0
21/12/2024,Crystal Palace,Arsenal,1,5,A,1,3,A,S Hooper,15,14,6,6,9,8,3,3,2,2,0,0
22/12/2024,Roma,Parma,5,0,H,2,0,H,,19,9,9,3,10,9,5,2,1,2,0,0
22/12/2024,Venezia,Cagliari,2,1,H,1,0,H,,12,14,6,7,6,11,4,8,1,2,0,0
22/12/2024,Atalanta,Empoli,3,2,H,2,1,H,,16,7,7,3,11,15,6,3,1,1,0,0
22/12/2024,Monza,Juventus,1,2,A,1,2,A,,17,16,5,9,7,13,3,7,1,1,0,0
22/12/2024,Bochum,Heidenheim,2,0,H,2,0,H,,14,10,4,2,18,15,5,2,2,7,0,0
22/12/2024,Wolfsburg,Dortmund,1,3,A,0,3,A,,14,12,5,4,8,8,10,4,3,2,0,1
22/12/2024,Valencia,Alaves,2,2,D,0,1,A,,8,11,3,3,20,15,5,4,2,1,0,0
22/12/2024,Real Madrid,Sevilla,4,2,H,3,1,H,,16,10,8,5,5,14,6,6,1,2,0,0
22/12/2024,Las Palmas,Espanol,1,0,H,0,0,D,,10,9,4,2,9,16,2,2,4,2,0,0
22/12/2024,Leganes,Villarreal,2,5,A,2,2,D,,5,18,3,9,17,15,1,5,1,2,2,0
22/12/2024,Betis,Vallecano,1,1,D,1,0,H,,14,10,5,4,9,14,5,5,0,4,0,0
22/12/2024,Everton,Chelsea,0,0,D,0,0,D,C Kavanagh,5,12,4,5,20,12,2,5,4,1,0,0
22/12/2024,Fulham,Southampton,0,0,D,0,0,D,T Robinson,16,5,5,1,8,15,6,5,1,3,0,0
22/12/2024,Leicester,Wolves,0,3,A,0,3,A,A Taylor,9,8,5,4,15,16,6,1,2,0,0,0
22/12/2024,Man United,Bournemouth,0,3,A,0,1,A,C Pawson,23,10,7,5,11,11,13,1,1,3,0,0
22/12/2024,Tottenham,Liverpool,3,6,A,1,3,A,S Barrott,9,24,5,12,7,9,7,5,1,2,0,0
23/12/2024,Fiorentina,Udinese,1,2,A,1,0,H,,14,11,3,4,10,14,10,2,2,5,0,0
23/12/2024,Inter,Como,2,0,H,0,0,D,,17,8,5,4,13,15,7,1,2,2,0,0
26/12/2024,Man City,Everton,1,1,D,1,1,D,S Hooper,24,8,5,3,5,10,8,5,1,4,0,0
26/12/2024,Bournemouth,Crystal Palace,0,0,D,0,0,D,T Bramall,18,10,4,4,13,12,5,2,2,2,0,0
26/12/2024,Chelsea,Fulham,1,2,A,1,0,H,S Barrott,12,14,8,7,13,13,3,1,1,3,0,0
26/12/2024,Newcastle,Aston Villa,3,0,H,1,0,H,A Taylor,22,4,8,1,15,10,9,6,2,1,0,1
26/12/2024,Nott'm Forest,Tottenham,1,0,H,1,0,H,C Pawson,10,13,3,4,12,13,2,7,3,2,0,1
26/12/2024,Southampton,West Ham,0,1,A,0,0,D,L Smith,18,16,5,2,15,8,2,2,1,2,0,0
26/12/2024,Wolves,Man United,2,0,H,0,0,D,T Harrington,7,11,4,4,12,12,4,4,2,2,0,1
26/12/2024,Liverpool,Leicester,3,1,H,1,1,D,D Bond,19,4,7,1,17,5,14,1,3,2,0,0
27/12/2024,Brighton,Brentford,0,0,D,0,0,D,A Madley,24,8,7,3,6,12,5,3,0,2,0,0
27/12/2024,Arsenal,Ipswich,1,0,H,1,0,H,D England,13,3,5,0,7,12,5,1,1,1,0,0
28/12/2024,Empoli,Genoa,1,2,A,0,0,D,,12,14,8,5,16,13,7,4,1,2,0,0
28/12/2024,Parma,Monza,2,1,H,0,0,D,,9,10,3,4,16,21,4,6,3,7,0,1
28/12/2024,Cagliari,Inter,0,3,A,0,0,D,,5,20,1,5,14,5,5,7,0,0,0,0
28/12/2024,Lazio,Atalanta,1,1,D,1,0,H,,11,14,5,4,6,11,2,7,2,3,0,0
29/12/2024,Udinese,Torino,2,2,D,1,0,H,,10,12,3,6,17,12,4,3,1,0,0,0
29/12/2024,Napoli,Venezia,1,0,H,0,0,D,,25,4,8,2,10,12,14,4,0,3,0,0
29/12/2024,Juventus,Fiorentina,2,2,D,1,1,D,,15,11,5,4,14,9,7,2,3,1,0,0
29/12/2024,Milan,Roma,1,1,D,1,1,D,,21,12,7,5,17,8,6,5,4,4,0,0
29/12/2024,Leicester,Man City,0,2,A,0,1,A,M Oliver,11,14,4,5,11,6,4,4,2,1,0,0
29/12/2024,Crystal Palace,Southampton,2,1,H,1,1,D,M Salisbury,19,7,10,3,18,19,8,7,2,3,0,0
29/12/2024,Everton,Nott'm Forest,0,2,A,0,1,A,T Harrington,13,11,2,7,13,10,5,4,4,1,0,0
29/12/2024,Fulham,Bournemouth,2,2,D,1,0,H,R Jones,11,16,6,9,7,16,1,7,1,3,0,0
29/12/2024,Tottenham,Wolves,2,2,D,2,1,H,C Kavanagh,13,11,3,3,9,10,5,5,1,2,0,0
29/12/2024,West Ham,Liverpool,0,5,A,0,3,A,A Taylor,7,22,0,13,7,10,3,6,0,0,0,0
30/12/2024,Como,Lecce,2,0,H,0,0,D,,15,11,8,1,12,15,4,4,3,2,0,0
30/12/2024,Bologna,Verona,2,3,A,1,2,A,,23,8,7,4,9,24,11,5,2,5,1,0
30/12/2024,Aston Villa,Brighton,2,2,D,1,1,D,C Pawson,20,13,4,4,9,14,12,3,2,3,0,0
30/12/2024,Ipswich,Chelsea,2,0,H,1,0,H,J Brooks,9,20,6,5,9,5,4,7,4,4,0,0
30/12/2024,Man United,Newcastle,0,2,A,0,2,A,S Hooper,10,12,0,4,13,8,2,3,1,1,0,0
01/01/2025,Brentford,Arsenal,1,3,A,1,1,D,P Bankes,5,14,2,5,6,8,4,3,1,2,0,0
03/01/2025,Valencia,Real Madrid,1,2,A,1,0,H,,8,17,5,5,16,9,2,5,2,3,0,1
03/01/2025,Nice,Rennes,3,2,H,3,1,H,,9,10,6,5,11,14,3,3,3,3,1,0
04/01/2025,Venezia,Empoli,1,1,D,1,1,D,,8,18,3,6,15,14,2,8,1,2,0,0
04/01/2025,Fiorentina,Napoli,0,3,A,0,1,A,,14,10,2,4,17,15,4,2,0,1,0,0
04/01/2025,Verona,Udinese,0,0,D,0,0,D,,13,15,3,6,14,16,7,3,3,2,1,0
04/01/2025,St Etienne,Reims,3,1,H,0,1,A,,14,11,4,1,19,10,6,9,2,1,0,0
04/01/2025,Lille,Nantes,1,1,D,1,0,H,,13,6,3,2,6,10,2,0,1,2,0,0
04/01/2025,Lyon,Montpellier,1,0,H,0,0,D,,12,16,2,6,8,10,3,5,1,2,0,0
04/01/2025,Tottenham,Newcastle,1,2,A,1,2,A,A Madley,13,14,4,4,11,15,9,10,1,4,0,0
04/01/2025,Aston Villa,Leicester,2,1,H,0,0,D,J Gillett,13,4,5,2,10,11,7,2,0,1,0,0
04/01/2025,Bournemouth,Everton,1,0,H,0,0,D,J Brooks,19,9,8,0,15,14,9,3,2,2,0,0
04/01/2025,Crystal Palace,Chelsea,1,1,D,0,1,A,T Robinson,13,15,6,1,9,12,6,6,0,2,0,0
04/01/2025,Man City,West Ham,4,1,H,2,0,H,M Salisbury,10,17,7,4,8,13,7,1,2,1,0,0
04/01/2025,Southampton,Brentford,0,5,A,0,1,A,S Attwell,8,20,1,11,10,4,2,2,2,0,0,0
04/01/2025,Brighton,Arsenal,1,1,D,0,1,A,A Taylor,11,9,4,3,17,14,2,5,2,3,0,0
05/01/2025,Monza,Cagliari,1,2,A,1,1,D,,6,13,2,4,16,19,1,3,2,2,1,0
05/01/2025,Lecce,Genoa,0,0,D,0,0,D,,10,4,3,1,11,15,9,4,0,1,0,0
05/01/2025,Torino,Parma,0,0,D,0,0,D,,12,10,4,3,9,9,8,7,2,1,0,0
05/01/2025,Roma,Lazio,2,0,H,2,0,H,,7,17,5,6,12,18,3,10,4,5,0,1
05/01/2025,Angers,Brest,2,0,H,1,0,H,,7,12,2,4,14,11,2,4,2,1,0,0
05/01/2025,Lens,Toulouse,0,1,A,0,0,D,,14,8,1,4,20,12,7,1,5,2,1,0
05/01/2025,Strasbourg,Auxerre,3,1,H,1,1,D,,11,14,4,7,10,13,4,3,1,2,0,0
05/01/2025,Marseille,Le Havre,5,1,H,3,0,H,,15,4,9,1,12,6,4,0,1,0,0,0
05/01/2025,Fulham,Ipswich,2,2,D,0,1,A,D Bond,15,7,4,3,10,14,9,2,1,5,0,0
05/01/2025,Liverpool,Man United,2,2,D,0,0,D,M Oliver,19,13,6,4,10,13,6,9,2,4,0,0
06/01/2025,Wolves,Nott'm Forest,0,3,A,0,2,A,P Bankes,13,11,6,3,10,8,5,3,1,2,0,0
10/01/2025,Lazio,Como,1,1,D,1,0,H,,12,17,4,4,14,15,7,7,4,3,1,0
10/01/2025,Dortmund,Leverkusen,2,3,A,1,3,A,,12,7,5,5,8,6,6,1,1,2,0,0
10/01/2025,Vallecano,Celta,2,1,H,1,1,D,,8,23,5,7,18,9,3,3,2,3,0,1
10/01/2025,Nantes,Monaco,2,2,D,1,0,H,,10,15,4,7,17,14,3,11,3,0,0,0
10/01/2025,Auxerre,Lille,0,0,D,0,0,D,,13,13,3,5,7,8,6,10,0,4,1,0
11/01/2025,Empoli,Lecce,1,3,A,0,2,A,,15,14,5,6,11,21,9,2,0,3,0,0
11/01/2025,Udinese,Atalanta,0,0,D,0,0,D,,12,4,3,2,4,16,5,3,1,2,0,0
11/01/2025,Torino,Juventus,1,1,D,1,1,D,,11,15,2,9,18,9,9,1,4,1,0,0
11/01/2025,Milan,Cagliari,1,1,D,0,0,D,,24,6,11,2,9,11,9,1,1,2,0,0
11/01/2025,Freiburg,Holstein Kiel,3,2,H,2,0,H,,14,14,5,7,9,12,7,1,2,3,0,0
11/01/2025,Heidenheim,Union Berlin,2,0,H,1,0,H,,16,10,9,6,8,10,5,4,0,1,0,1
11/01/2025,Hoffenheim,Wolfsburg,0,1,A,0,1,A,,15,12,2,3,15,14,4,8,1,2,0,0
11/01/2025,Mainz,Bochum,2,0,H,1,0,H,,10,11,5,2,6,16,5,6,0,2,0,0
11/01/2025,St Pauli,Ein Frankfurt,0,1,A,0,1,A,,18,14,4,6,8,7,3,3,0,3,0,0
11/01/2025,M'gladbach,Bayern Munich,0,1,A,0,0,D,,5,23,0,10,10,7,4,10,3,1,0,0
11/01/2025,Alaves,Girona,0,1,A,0,0,D,,11,3,2,1,16,11,6,3,1,4,0,0
11/01/2025,Valladolid,Betis,1,0,H,0,0,D,,12,14,1,3,21,10,1,8,2,4,0,0
11/01/2025,Espanol,Leganes,1,1,D,1,1,D,,15,14,5,6,15,19,8,4,2,2,0,1
11/01/2025,Sevilla,Valencia,1,1,D,0,0,D,,15,5,5,1,16,8,10,1,1,2,0,0
11/01/2025,Brest,Lyon,2,1,H,2,1,H,,11,10,6,3,10,10,4,7,1,2,0,0
11/01/2025,Reims,Nice,2,4,A,1,2,A,,12,15,3,10,12,7,6,3,4,2,0,0
11/01/2025,Rennes,Marseille,1,2,A,1,1,D,,5,13,4,7,11,13,2,3,2,2,0,0
12/01/2025,Genoa,Parma,1,0,H,0,0,D,,14,9,4,3,10,10,6,9,2,3,0,0
12/01/2025,Venezia,Inter,0,1,A,0,1,A,,7,17,2,6,12,11,4,5,4,1,0,0
12/01/2025,Bologna,Roma,2,2,D,0,0,D,,14,11,8,4,18,10,5,4,4,1,0,0
12/01/2025,Napoli,Verona,2,0,H,1,0,H,,14,6,3,2,6,5,8,1,0,0,0,0
12/01/2025,RB Leipzig,Werder Bremen,4,2,H,2,1,H,,18,7,7,2,7,12,4,1,1,1,0,0
12/01/2025,Augsburg,Stuttgart,0,1,A,0,0,D,,8,13,2,5,11,14,3,9,5,1,0,0
12/01/2025,Las Palmas,Getafe,1,2,A,0,0,D,,15,12,7,3,14,17,4,5,2,3,0,0
12/01/2025,Ath Madrid,Osasuna,1,0,H,0,0,D,,9,6,5,1,8,14,4,0,2,0,0,0
12/01/2025,Le Havre,Lens,1,2,A,1,1,D,,8,25,4,7,11,14,3,8,2,2,0,0
12/01/2025,Montpellier,Angers,1,3,A,0,1,A,,8,21,3,8,11,15,3,3,6,2,2,0
12/01/2025,Toulouse,Strasbourg,1,2,A,1,2,A,,19,8,5,2,12,14,3,2,1,4,0,0
12/01/2025,Paris SG,St Etienne,2,1,H,2,0,H,,25,8,9,3,16,11,7,3,1,2,0,0
13/01/2025,Monza,Fiorentina,2,1,H,1,0,H,,10,11,3,2,26,9,2,4,4,1,0,0
13/01/2025,Sociedad,Villarreal,1,0,H,0,0,D,,6,15,3,5,17,6,3,7,4,2,0,0
14/01/2025,Como,Milan,1,2,A,0,0,D,,12,12,4,6,11,17,2,4,1,6,0,0
14/01/2025,Atalanta,Juventus,1,1,D,0,0,D,,17,17,6,9,10,7,3,3,1,1,0,0
14/01/2025,Holstein Kiel,Dortmund,4,2,H,3,0,H,,11,16,7,4,13,11,1,9,2,2,1,0
14/01/2025,Ein Frankfurt,Freiburg,4,1,H,1,1,D,,23,7,8,5,8,11,8,1,1,1,0,0
14/01/2025,Leverkusen,Mainz,1,0,H,0,0,D,,20,7,9,4,4,14,8,4,2,3,0,0
14/01/2025,Wolfsburg,M'gladbach,5,1,H,1,0,H,,16,9,5,5,10,7,4,7,1,0,0,0
14/01/2025,Brentford,Man City,2,2,D,0,0,D,A Taylor,18,21,6,8,4,4,4,5,0,0,0,0
14/01/2025,Chelsea,Bournemouth,2,2,D,1,0,H,R Jones,26,7,10,3,15,16,9,3,2,3,0,0
14/01/2025,West Ham,Fulham,3,2,H,2,0,H,C Pawson,4,21,3,5,9,18,0,3,3,3,0,0
14/01/2025,Nott'm Forest,Liverpool,1,1,D,1,0,H,C Kavanagh,6,23,3,7,7,10,0,9,2,1,0,0
15/01/2025,Inter,Bologna,2,2,D,2,1,H,,12,14,6,6,19,13,3,3,0,0,0,0
15/01/2025,Bochum,St Pauli,1,0,H,0,0,D,,13,12,5,1,7,15,6,7,1,3,0,1
15/01/2025,Bayern Munich,Hoffenheim,5,0,H,3,0,H,,25,5,10,2,8,10,13,1,1,1,0,0
15/01/2025,Stuttgart,RB Leipzig,2,1,H,0,1,A,,14,6,6,3,10,19,5,0,2,7,0,2
15/01/2025,Union Berlin,Augsburg,0,2,A,0,2,A,,13,11,2,5,15,9,7,4,1,2,0,0
15/01/2025,Werder Bremen,Heidenheim,3,3,D,1,1,D,,12,14,5,5,10,15,4,2,5,3,0,0
15/01/2025,Everton,Aston Villa,0,1,A,0,0,D,S Barrott,10,11,3,3,17,10,8,5,2,1,0,0
15/01/2025,Leicester,Crystal Palace,0,2,A,0,0,D,A Madley,21,9,4,4,7,6,4,3,0,0,0,0
15/01/2025,Newcastle,Wolves,3,0,H,1,0,H,D England,17,13,5,7,10,13,4,2,0,2,0,0
15/01/2025,Arsenal,Tottenham,2,1,H,2,1,H,S Hooper,14,10,4,2,16,9,10,4,3,1,0,0
16/01/2025,Ipswich,Brighton,0,2,A,0,0,D,T Harrington,5,11,3,5,13,14,1,9,2,2,0,0
16/01/2025,Man United,Southampton,3,1,H,0,1,A,J Brooks,23,13,9,5,7,10,5,4,1,3,0,0
17/01/2025,Roma,Genoa,3,1,H,1,1,D,,16,7,7,3,12,12,3,2,1,1,0,0
17/01/2025,Ein Frankfurt,Dortmund,2,0,H,1,0,H,,13,12,5,3,8,6,5,7,0,2,0,0
17/01/2025,Espanol,Valladolid,2,1,H,1,0,H,,12,11,4,4,13,16,1,7,2,2,0,0
17/01/2025,Montpellier,Monaco,2,1,H,0,1,A,,12,26,4,11,7,9,4,16,1,2,0,0
17/01/2025,Lille,Nice,2,1,H,0,1,A,,11,11,4,3,13,13,7,7,1,3,0,0
18/01/2025,Bologna,Monza,3,1,H,2,1,H,,18,3,7,1,16,18,4,0,1,3,0,0
18/01/2025,Juventus,Milan,2,0,H,0,0,D,,15,13,6,3,19,11,5,5,0,2,0,0
18/01/2025,Atalanta,Napoli,2,3,A,1,2,A,,15,6,6,3,18,9,3,1,4,2,0,0
18/01/2025,Bayern Munich,Wolfsburg,3,2,H,2,1,H,,25,7,10,3,10,9,6,2,2,3,0,0
18/01/2025,Bochum,RB Leipzig,3,3,D,0,3,A,,14,11,3,3,14,7,6,3,4,0,0,0
18/01/2025,Heidenheim,St Pauli,0,2,A,0,1,A,,8,7,1,4,11,17,4,4,1,2,0,0
18/01/2025,Holstein Kiel,Hoffenheim,1,3,A,0,2,A,,12,11,3,6,13,14,4,3,2,1,0,0
18/01/2025,Stuttgart,Freiburg,4,0,H,3,0,H,,12,4,7,0,8,12,4,1,5,3,0,0
18/01/2025,Leverkusen,M'gladbach,3,1,H,1,0,H,,10,7,5,4,12,10,7,6,0,2,0,0
18/01/2025,Girona,Sevilla,1,2,A,1,0,H,,7,14,4,6,6,15,7,4,0,4,0,0
18/01/2025,Leganes,Ath Madrid,1,0,H,0,0,D,,9,19,3,4,16,6,2,9,1,3,0,0
18/01/2025,Betis,Alaves,1,3,A,1,1,D,,7,9,2,5,12,24,2,3,4,5,1,0
18/01/2025,Getafe,Barcelona,1,1,D,1,1,D,,10,21,4,5,9,9,2,10,3,2,0,0
18/01/2025,Lens,Paris SG,1,2,A,1,0,H,,10,9,5,7,12,8,6,1,2,2,0,0
18/01/2025,Rennes,Brest,1,2,A,0,1,A,,22,10,9,3,13,11,4,4,2,3,0,0
18/01/2025,Lyon,Toulouse,0,0,D,0,0,D,,11,13,3,4,8,8,8,5,1,0,0,0
18/01/2025,Newcastle,Bournemouth,1,4,A,1,2,A,S Attwell,13,19,5,10,7,18,7,6,1,6,0,0
18/01/2025,Brentford,Liverpool,0,2,A,0,0,D,A Madley,11,37,6,8,6,14,2,15,2,3,0,0
18/01/2025,Leicester,Fulham,0,2,A,0,0,D,M Salisbury,8,17,4,2,8,8,5,2,3,1,0,0
18/01/2025,West Ham,Crystal Palace,0,2,A,0,0,D,T Bramall,7,12,0,7,13,10,2,4,1,0,1,0
18/01/2025,Arsenal,Aston Villa,2,2,D,1,0,H,C Kavanagh,18,8,6,4,10,18,10,1,2,3,0,0
19/01/2025,Fiorentina,Torino,1,1,D,1,0,H,,20,6,6,3,16,11,9,2,3,3,0,1
19/01/2025,Cagliari,Lecce,4,1,H,0,1,A,,19,7,7,2,11,10,6,1,3,1,0,1
19/01/2025,Parma,Venezia,1,1,D,0,1,A,,19,7,8,2,13,16,8,2,2,3,0,0
19/01/2025,Verona,Lazio,0,3,A,0,2,A,,16,14,3,5,10,8,5,6,6,2,1,0
19/01/2025,Inter,Empoli,3,1,H,0,0,D,,18,5,7,1,11,9,7,3,0,0,0,0
19/01/2025,Union Berlin,Mainz,2,1,H,2,1,H,,12,9,4,1,12,10,2,2,2,2,0,0
19/01/2025,Werder Bremen,Augsburg,0,2,A,0,2,A,,20,9,2,4,8,14,6,2,1,2,0,0
19/01/2025,Celta,Ath Bilbao,1,2,A,0,0,D,,3,14,1,6,14,6,3,4,0,0,0,0
19/01/2025,Real Madrid,Las Palmas,4,1,H,3,1,H,,26,6,13,2,11,13,8,2,0,1,0,1
19/01/2025,Osasuna,Vallecano,1,1,D,0,1,A,,12,8,3,3,9,13,6,3,3,2,0,0
19/01/2025,Valencia,Sociedad,1,0,H,1,0,H,,7,9,2,3,10,12,4,7,3,4,0,0
19/01/2025,St Etienne,Nantes,1,1,D,0,1,A,,12,8,2,4,9,11,7,7,2,1,0,0
19/01/2025,Angers,Auxerre,2,0,H,1,0,H,,12,10,4,4,9,10,4,2,2,1,0,1
19/01/2025,Reims,Le Havre,1,1,D,1,0,H,,11,7,3,2,9,8,6,6,2,2,0,0
19/01/2025,Marseille,Strasbourg,1,1,D,0,1,A,,18,7,3,3,13,14,9,3,3,3,0,0
19/01/2025,Everton,Tottenham,3,2,H,3,0,H,D England,12,11,6,6,14,14,3,8,2,1,0,0
19/01/2025,Man United,Brighton,1,3,A,1,1,D,P Bankes,10,6,1,3,13,12,4,2,3,3,0,0
19/01/2025,Nott'm Forest,Southampton,3,2,H,3,0,H,A Taylor,14,10,5,4,4,18,2,8,0,4,0,0
19/01/2025,Ipswich,Man City,0,6,A,0,3,A,S Barrott,8,17,4,9,4,7,4,7,0,1,0,0
20/01/2025,Como,Udinese,4,1,H,2,0,H,,11,6,8,2,10,16,3,2,2,4,1,1
20/01/2025,Villarreal,Mallorca,4,0,H,4,0,H,,14,9,7,2,9,12,6,5,1,3,0,0
20/01/2025,Chelsea,Wolves,3,1,H,1,1,D,S Hooper,19,9,7,4,8,14,3,6,4,2,0,0
24/01/2025,Torino,Cagliari,2,0,H,1,0,H,,18,6,6,1,11,10,6,3,0,1,0,0
24/01/2025,Wolfsburg,Holstein Kiel,2,2,D,0,1,A,,22,5,5,2,9,10,10,3,2,4,0,0
24/01/2025,Las Palmas,Osasuna,1,1,D,0,0,D,,16,16,7,4,14,17,4,2,7,8,1,0
24/01/2025,Auxerre,St Etienne,1,1,D,1,1,D,,11,8,5,3,15,13,3,4,2,0,0,0
25/01/2025,Como,Atalanta,1,2,A,1,0,H,,15,5,5,3,15,10,4,5,2,3,0,0
25/01/2025,Napoli,Juventus,2,1,H,0,1,A,,14,5,3,2,9,15,9,1,0,0,0,0
25/01/2025,Empoli,Bologna,1,1,D,1,1,D,,5,9,1,8,25,13,2,4,0,0,0,0
25/01/2025,Augsburg,Heidenheim,2,1,H,1,0,H,,11,11,7,6,8,9,6,4,1,0,0,0
25/01/2025,Dortmund,Werder Bremen,2,2,D,1,0,H,,8,13,4,4,11,15,5,5,1,4,1,0
25/01/2025,Freiburg,Bayern Munich,1,2,A,0,1,A,,7,7,2,3,15,9,2,4,4,2,0,0
25/01/2025,Mainz,Stuttgart,2,0,H,1,0,H,,11,10,4,5,12,8,9,2,4,3,0,0
25/01/2025,RB Leipzig,Leverkusen,2,2,D,1,2,A,,8,13,4,7,12,6,7,3,0,0,0,0
25/01/2025,M'gladbach,Bochum,3,0,H,1,0,H,,16,10,6,4,6,15,8,7,1,3,0,0
25/01/2025,Mallorca,Betis,0,1,A,0,0,D,,16,8,3,3,12,18,4,4,2,2,1,0
25/01/2025,Ath Madrid,Villarreal,1,1,D,0,1,A,,20,11,8,1,10,14,5,6,4,2,0,0
25/01/2025,Sevilla,Espanol,1,1,D,0,1,A,,25,6,4,1,13,14,5,1,1,4,0,0
25/01/2025,Valladolid,Real Madrid,0,3,A,0,1,A,,6,20,2,4,11,12,1,7,3,3,1,0
25/01/2025,Monaco,Rennes,3,2,H,1,1,D,,20,14,10,5,12,16,4,2,3,3,0,0
25/01/2025,Strasbourg,Lille,2,1,H,0,1,A,,11,15,7,6,10,9,6,7,4,2,0,0
25/01/2025,Paris SG,Reims,1,1,D,0,0,D,,18,6,7,3,13,13,8,1,2,2,0,0
25/01/2025,Bournemouth,Nott'm Forest,5,0,H,1,0,H,C Pawson,16,18,10,4,9,12,3,9,2,3,0,0
25/01/2025,Brighton,Everton,0,1,A,0,1,A,T Robinson,16,3,1,1,8,11,9,1,3,4,0,0
25/01/2025,Liverpool,Ipswich,4,1,H,3,0,H,M Salisbury,16,3,6,3,10,11,3,4,0,2,0,0
25/01/2025,Southampton,Newcastle,1,3,A,1,2,A,S Barrott,12,17,5,9,10,5,3,8,1,0,0,0
25/01/2025,Wolves,Arsenal,0,1,A,0,0,D,M Oliver,9,9,4,3,20,10,1,5,0,1,1,1
25/01/2025,Man City,Chelsea,3,1,H,1,1,D,J Brooks,15,10,6,4,6,8,2,4,3,2,0,0
26/01/2025,Milan,Parma,3,2,H,1,1,D,,14,12,5,5,14,7,7,4,2,5,0,0
26/01/2025,Udinese,Roma,1,2,A,1,0,H,,10,16,3,10,15,12,1,5,2,2,0,0
26/01/2025,Lecce,Inter,0,4,A,0,2,A,,17,9,4,5,13,12,7,0,0,2,0,0
26/01/2025,Lazio,Fiorentina,1,2,A,0,2,A,,22,7,3,3,9,12,14,2,1,4,0,1
26/01/2025,Hoffenheim,Ein Frankfurt,2,2,D,0,1,A,,24,12,8,7,16,8,9,3,3,0,0,0
26/01/2025,St Pauli,Union Berlin,3,0,H,1,0,H,,16,14,5,2,6,15,5,7,0,3,0,0
26/01/2025,Vallecano,Girona,2,1,H,0,0,D,,17,12,7,5,19,9,4,1,3,1,0,0
26/01/2025,Sociedad,Getafe,0,3,A,0,0,D,,13,13,4,4,11,15,5,2,3,6,0,0
26/01/2025,Ath Bilbao,Leganes,0,0,D,0,0,D,,29,5,3,2,10,8,16,1,1,1,0,0
26/01/2025,Barcelona,Valencia,7,1,H,5,0,H,,22,7,11,2,10,12,14,4,0,1,0,0
26/01/2025,Le Havre,Brest,0,1,A,0,1,A,,11,17,1,9,12,14,6,6,2,3,0,0
26/01/2025,Lens,Angers,1,0,H,0,0,D,,16,2,4,0,16,10,4,4,1,1,0,0
26/01/2025,Nantes,Lyon,1,1,D,0,1,A,,7,15,5,4,14,11,4,8,3,1,0,0
26/01/2025,Toulouse,Montpellier,1,2,A,0,0,D,,15,6,6,4,9,15,6,2,1,2,0,0
26/01/2025,Nice,Marseille,2,0,H,1,0,H,,14,18,5,6,12,9,6,12,1,1,0,0
26/01/2025,Crystal Palace,Brentford,1,2,A,0,0,D,T Harrington,16,13,5,6,8,11,4,7,2,2,0,0
26/01/2025,Tottenham,Leicester,1,2,A,1,0,H,R Jones,15,12,6,3,6,16,6,4,1,5,0,0
26/01/2025,Aston Villa,West Ham,1,1,D,1,0,H,P Bankes,14,14,4,4,13,16,4,3,2,3,0,0
26/01/2025,Fulham,Man United,0,1,A,0,0,D,A Taylor,9,4,3,1,7,9,3,0,0,1,0,0
27/01/2025,Venezia,Verona,1,1,D,1,0,H,,9,21,1,5,16,14,7,9,1,1,0,0
27/01/2025,Genoa,Monza,2,0,H,0,0,D,,18,5,6,1,13,19,9,6,0,4,0,0
27/01/2025,Alaves,Celta,1,1,D,1,0,H,,3,5,1,2,15,14,3,4,2,3,0,0
31/01/2025,Parma,Lecce,1,3,A,1,1,D,,19,6,7,3,8,14,3,2,1,2,0,0
31/01/2025,Werder Bremen,Mainz,1,0,H,1,0,H,,12,13,5,2,14,13,3,8,8,4,3,0
31/01/2025,Leganes,Vallecano,0,1,A,0,0,D,,5,19,1,3,7,19,2,9,2,4,1,0
31/01/2025,Montpellier,Lens,0,2,A,0,1,A,,14,19,2,5,12,17,4,5,4,3,0,0
01/02/2025,Monza,Verona,0,1,A,0,1,A,,9,12,2,4,12,23,7,3,2,3,0,0
01/02/2025,Udinese,Venezia,3,2,H,0,0,D,,13,14,5,3,20,9,4,6,3,3,0,0
01/02/2025,Atalanta,Torino,1,1,D,1,1,D,,22,5,10,3,6,11,8,0,0,3,0,0
01/02/2025,Bologna,Como,2,0,H,1,0,H,,15,8,4,1,16,18,4,2,3,4,0,1
01/02/2025,Bayern Munich,Holstein Kiel,4,3,H,2,0,H,,29,10,12,6,7,10,12,1,1,1,0,0
01/02/2025,Bochum,Freiburg,0,1,A,0,1,A,,22,13,4,5,15,10,9,7,3,2,0,0
01/02/2025,Heidenheim,Dortmund,1,2,A,0,1,A,,11,16,5,5,11,9,4,5,0,0,0,0
01/02/2025,St Pauli,Augsburg,1,1,D,1,0,H,,5,2,1,1,16,18,3,1,1,3,0,0
01/02/2025,Stuttgart,M'gladbach,1,2,A,0,1,A,,10,12,3,6,11,11,2,0,2,2,0,0
01/02/2025,Union Berlin,RB Leipzig,0,0,D,0,0,D,,21,6,6,2,5,12,4,5,3,2,0,0
01/02/2025,Getafe,Sevilla,0,0,D,0,0,D,,7,13,1,1,15,12,6,5,4,6,0,0
01/02/2025,Villarreal,Valladolid,5,1,H,1,0,H,,22,8,8,2,9,14,3,6,1,2,0,0
01/02/2025,Ath Madrid,Mallorca,2,0,H,1,0,H,,17,10,5,1,9,14,10,4,2,3,0,0
01/02/2025,Espanol,Real Madrid,1,0,H,0,0,D,,5,21,2,7,14,3,1,8,2,0,0,0
01/02/2025,Brest,Paris SG,2,5,A,0,1,A,,14,14,7,7,9,12,4,7,1,0,0,0
01/02/2025,Monaco,Auxerre,4,2,H,1,2,A,,11,12,6,7,17,15,5,4,2,2,0,0
01/02/2025,Lille,St Etienne,4,1,H,1,1,D,,29,9,13,2,11,12,7,1,1,1,0,1
01/02/2025,Nott'm Forest,Brighton,7,0,H,3,0,H,S Hooper,14,10,9,5,8,13,4,6,1,3,0,0
01/02/2025,Bournemouth,Liverpool,0,2,A,0,1,A,D England,14,19,3,7,15,9,3,3,2,3,0,0
01/02/2025,Everton,Leicester,4,0,H,3,0,H,D Bond,13,9,7,1,7,13,5,6,0,0,0,0
01/02/2025,Ipswich,Southampton,1,2,A,1,1,D,M Oliver,15,9,6,4,11,14,1,2,0,3,0,0
01/02/2025,Newcastle,Fulham,1,2,A,1,0,H,C Kavanagh,11,15,4,4,10,15,4,7,4,4,0,0
01/02/2025,Wolves,Aston Villa,2,0,H,1,0,H,A Madley,8,10,5,3,20,13,5,8,2,3,0,0
02/02/2025,Juventus,Empoli,4,1,H,0,1,A,,23,10,8,3,14,13,8,6,0,3,0,1
02/02/2025,Fiorentina,Genoa,2,1,H,2,0,H,,7,17,6,3,17,14,1,8,3,1,0,0
02/02/2025,Milan,Inter,1,1,D,1,0,H,,10,16,4,6,5,9,8,11,0,2,0,0
02/02/2025,Roma,Napoli,1,1,D,0,1,A,,12,5,2,2,9,13,2,3,2,1,0,0
02/02/2025,Ein Frankfurt,Wolfsburg,1,1,D,0,0,D,,16,11,4,2,8,8,9,1,1,3,0,0
02/02/2025,Leverkusen,Hoffenheim,3,1,H,2,0,H,,9,16,5,7,14,7,3,3,4,3,1,0
02/02/2025,Barcelona,Alaves,1,0,H,0,0,D,,11,3,4,0,8,20,5,2,5,2,0,0
02/02/2025,Valencia,Celta,2,1,H,1,0,H,,8,3,5,2,9,17,5,2,1,2,0,0
02/02/2025,Osasuna,Sociedad,2,1,H,1,0,H,,11,13,4,3,10,8,3,5,3,3,0,0
02/02/2025,Betis,Ath Bilbao,2,2,D,2,1,H,,10,12,6,4,10,20,3,7,3,1,0,0
02/02/2025,Toulouse,Nice,1,1,D,0,1,A,,15,13,4,3,20,20,7,2,2,2,0,0
02/02/2025,Angers,Le Havre,1,1,D,0,0,D,,17,13,2,5,8,19,4,2,2,4,1,1
02/02/2025,Reims,Nantes,1,2,A,1,1,D,,13,11,2,6,14,10,9,3,3,3,1,0
02/02/2025,Rennes,Strasbourg,1,0,H,0,0,D,,13,7,3,3,14,10,6,2,3,3,0,0
02/02/2025,Marseille,Lyon,3,2,H,0,0,D,,20,10,11,4,13,10,6,2,4,1,0,0
02/02/2025,Brentford,Tottenham,0,2,A,0,1,A,J Gillett,20,13,4,2,4,11,10,3,0,1,0,0
02/02/2025,Man United,Crystal Palace,0,2,A,0,0,D,J Brooks,17,11,2,3,12,13,11,0,3,1,0,0
02/02/2025,Arsenal,Man City,5,1,H,1,0,H,P Bankes,12,7,7,4,6,7,5,2,2,0,0,0
03/02/2025,Cagliari,Lazio,1,2,A,0,1,A,,15,11,5,6,14,9,7,7,0,0,0,0
03/02/2025,Girona,Las Palmas,2,1,H,1,0,H,,12,10,4,2,12,12,11,3,2,2,0,0
03/02/2025,Chelsea,West Ham,2,1,H,0,1,A,S Attwell,22,14,3,5,11,10,4,3,3,1,0,0
06/02/2025,Fiorentina,Inter,3,0,H,0,0,D,,10,11,6,2,11,10,1,8,0,0,0,0
07/02/2025,Como,Juventus,1,2,A,1,1,D,,16,8,6,3,15,15,9,1,3,1,0,0
07/02/2025,Bayern Munich,Werder Bremen,3,0,H,0,0,D,,21,2,12,0,9,8,5,2,1,3,0,0
07/02/2025,Vallecano,Valladolid,1,0,H,0,0,D,,20,8,6,3,11,15,4,2,2,2,0,0
07/02/2025,Nantes,Brest,0,2,A,0,1,A,,15,10,2,6,15,13,12,4,3,2,0,0
07/02/2025,Paris SG,Monaco,4,1,H,1,1,D,,16,9,7,3,9,11,1,1,1,0,0,0
08/02/2025,Verona,Atalanta,0,5,A,0,4,A,,18,17,7,7,10,6,7,2,2,1,0,0
08/02/2025,Empoli,Milan,0,2,A,0,0,D,,8,16,0,5,17,10,2,6,2,4,1,1
08/02/2025,Torino,Genoa,1,1,D,1,0,H,,10,6,3,2,11,10,4,2,2,2,0,0
08/02/2025,Dortmund,Stuttgart,1,2,A,0,0,D,,16,4,5,2,13,14,9,4,5,2,1,0
08/02/2025,Freiburg,Heidenheim,1,0,H,1,0,H,,9,11,3,5,11,8,6,3,3,1,0,0
08/02/2025,Hoffenheim,Union Berlin,0,4,A,0,1,A,,16,22,4,7,9,16,8,4,2,1,0,0
08/02/2025,Mainz,Augsburg,0,0,D,0,0,D,,9,9,5,2,12,9,1,3,3,3,0,0
08/02/2025,Wolfsburg,Leverkusen,0,0,D,0,0,D,,13,15,8,1,7,8,3,9,2,3,0,0
08/02/2025,M'gladbach,Ein Frankfurt,1,1,D,1,1,D,,8,15,3,7,10,9,6,1,3,3,0,0
08/02/2025,Celta,Betis,3,2,H,0,2,A,,14,12,6,5,11,11,4,7,3,5,0,0
08/02/2025,Ath Bilbao,Girona,3,0,H,2,0,H,,23,3,8,1,7,12,11,2,0,4,0,0
08/02/2025,Las Palmas,Villarreal,1,2,A,0,0,D,,20,9,4,4,12,12,6,5,6,3,0,0
08/02/2025,Real Madrid,Ath Madrid,1,1,D,0,1,A,,23,10,9,1,14,13,6,1,1,3,0,0
08/02/2025,Nice,Lens,2,0,H,1,0,H,,16,12,8,3,6,19,7,3,1,4,0,1
08/02/2025,Lille,Le Havre,1,2,A,0,1,A,,14,14,5,6,16,8,8,10,2,1,0,0
08/02/2025,St Etienne,Rennes,0,2,A,0,1,A,,9,21,3,9,13,6,2,4,1,5,0,0
09/02/2025,Venezia,Roma,0,1,A,0,0,D,,12,13,3,5,13,21,4,6,2,3,0,0
09/02/2025,Cagliari,Parma,2,1,H,0,0,D,,14,9,3,1,14,12,7,6,0,0,0,0
09/02/2025,Lazio,Monza,5,1,H,1,0,H,,26,3,9,1,10,12,8,1,0,1,0,0
09/02/2025,Lecce,Bologna,0,0,D,0,0,D,,6,8,1,2,14,16,6,5,0,2,0,0
09/02/2025,Napoli,Udinese,1,1,D,1,1,D,,18,8,4,4,11,10,6,6,0,1,0,0
09/02/2025,Holstein Kiel,Bochum,2,2,D,1,2,A,,10,21,3,6,11,17,3,5,2,2,0,0
09/02/2025,RB Leipzig,St Pauli,2,0,H,2,0,H,,11,7,6,4,12,8,5,4,2,2,1,0
09/02/2025,Alaves,Getafe,0,1,A,0,1,A,,12,4,4,3,16,16,8,3,2,6,0,0
09/02/2025,Valencia,Leganes,2,0,H,2,0,H,,18,12,4,4,14,9,9,3,1,1,0,0
09/02/2025,Sociedad,Espanol,2,1,H,1,0,H,,13,4,3,1,11,17,6,0,1,2,0,0
09/02/2025,Sevilla,Barcelona,1,4,A,1,1,D,,8,10,4,6,14,6,5,6,5,2,0,1
09/02/2025,Lyon,Reims,4,0,H,1,0,H,,15,9,9,2,10,12,6,6,0,0,0,0
09/02/2025,Auxerre,Toulouse,2,2,D,0,0,D,,9,7,3,3,11,9,3,5,1,1,0,0
09/02/2025,Strasbourg,Montpellier,2,0,H,1,0,H,,22,11,6,2,12,12,6,2,1,4,0,0
09/02/2025,Angers,Marseille,0,2,A,0,0,D,,5,18,0,10,10,8,1,7,1,2,0,0
10/02/2025,Inter,Fiorentina,2,1,H,1,1,D,,22,7,8,2,16,15,8,1,4,3,0,0
10/02/2025,Mallorca,Osasuna,1,1,D,0,0,D,,10,19,2,4,7,11,7,11,1,4,0,0
12/02/2025,Everton,Liverpool,2,2,D,1,1,D,M Oliver,10,6,3,4,9,20,2,3,2,2,1,1
14/02/2025,Bologna,Torino,3,2,H,1,1,D,,23,8,7,5,7,17,8,2,0,4,0,0
14/02/2025,Augsburg,RB Leipzig,0,0,D,0,0,D,,11,14,2,4,12,12,8,9,2,1,0,0
14/02/2025,Girona,Getafe,1,2,A,0,1,A,,14,10,4,6,11,23,3,3,2,3,1,0
14/02/2025,Brest,Auxerre,2,2,D,0,1,A,,18,11,6,6,9,12,6,4,2,2,0,0
14/02/2025,Brighton,Chelsea,3,0,H,2,0,H,K Kavanagh,13,8,5,0,12,15,2,9,1,2,0,0
15/02/2025,Atalanta,Cagliari,0,0,D,0,0,D,,9,3,2,0,7,11,8,2,1,1,0,0
15/02/2025,Lazio,Napoli,2,2,D,1,1,D,,12,6,5,3,9,19,7,1,2,2,0,0
15/02/2025,Milan,Verona,1,0,H,0,0,D,,18,7,3,2,11,18,10,7,0,0,0,0
15/02/2025,Bochum,Dortmund,2,0,H,2,0,H,,18,17,9,2,12,4,2,8,1,0,0,0
15/02/2025,St Pauli,Freiburg,0,1,A,0,0,D,,5,6,1,4,10,10,2,6,1,0,0,0
15/02/2025,Stuttgart,Wolfsburg,1,2,A,0,0,D,,10,7,4,3,10,15,7,5,3,4,0,0
15/02/2025,Union Berlin,M'gladbach,1,2,A,0,2,A,,18,9,3,5,9,8,4,5,0,1,0,0
15/02/2025,Leverkusen,Bayern Munich,0,0,D,0,0,D,,15,2,3,0,16,13,6,0,2,3,0,0
15/02/2025,Leganes,Alaves,3,3,D,2,1,H,,8,16,3,7,18,15,3,2,4,5,1,0
15/02/2025,Osasuna,Real Madrid,1,1,D,0,1,A,,11,17,4,6,16,7,6,2,3,1,0,1
15/02/2025,Ath Madrid,Celta,1,1,D,0,0,D,,9,11,3,4,8,18,2,7,3,5,1,0
15/02/2025,Villarreal,Valencia,1,1,D,1,0,H,,13,12,4,3,6,17,4,5,0,5,0,0
15/02/2025,Marseille,St Etienne,5,1,H,1,0,H,,28,7,14,2,14,9,14,3,1,1,0,0
15/02/2025,Monaco,Nantes,7,1,H,2,1,H,,22,6,11,2,18,9,9,1,1,1,0,1
15/02/2025,Toulouse,Paris SG,0,1,A,0,0,D,,14,20,4,6,9,6,5,2,2,0,0,0
15/02/2025,Leicester,Arsenal,0,2,A,0,0,D,S Barrott,6,11,2,5,9,10,3,7,2,1,0,0
15/02/2025,Aston Villa,Ipswich,1,1,D,0,0,D,R Jones,25,4,6,3,7,11,16,1,0,3,0,1
15/02/2025,Fulham,Nott'm Forest,2,1,H,1,1,D,T Bramall,24,8,10,2,13,8,8,4,0,0,0,0
15/02/2025,Man City,Newcastle,4,0,H,3,0,H,A Madley,11,3,7,1,5,13,7,4,0,1,0,0
15/02/2025,Southampton,Bournemouth,1,3,A,0,2,A,J Gillett,11,14,4,7,13,15,4,6,1,3,0,0
15/02/2025,West Ham,Brentford,0,1,A,0,1,A,D England,13,14,3,5,10,13,9,2,1,1,0,0
15/02/2025,Crystal Palace,Everton,1,2,A,0,1,A,A Taylor,17,11,6,6,9,12,6,2,0,1,0,0
16/02/2025,Fiorentina,Como,0,2,A,0,1,A,,5,8,3,4,14,24,2,1,3,2,0,0
16/02/2025,Monza,Lecce,0,0,D,0,0,D,,8,19,3,5,10,18,3,7,2,2,0,0
16/02/2025,Udinese,Empoli,3,0,H,1,0,H,,17,16,9,4,12,17,9,5,0,0,0,0
16/02/2025,Parma,Roma,0,1,A,0,1,A,,5,16,1,4,11,5,1,10,0,0,0,0
16/02/2025,Juventus,Inter,1,0,H,0,0,D,,16,17,8,2,17,10,7,5,1,1,0,0
16/02/2025,Werder Bremen,Hoffenheim,1,3,A,1,2,A,,14,16,1,7,14,12,6,4,2,3,0,0
16/02/2025,Ein Frankfurt,Holstein Kiel,3,1,H,2,0,H,,20,10,9,4,16,10,4,6,2,0,0,0
16/02/2025,Heidenheim,Mainz,0,2,A,0,1,A,,12,6,3,5,9,16,8,4,1,3,0,0
16/02/2025,Espanol,Ath Bilbao,1,1,D,0,0,D,,12,14,4,4,12,8,2,7,1,1,0,0
16/02/2025,Valladolid,Sevilla,0,4,A,0,2,A,,7,11,2,6,11,10,3,2,4,2,0,0
16/02/2025,Mallorca,Las Palmas,3,1,H,3,0,H,,14,9,5,4,7,13,3,5,1,4,0,0
16/02/2025,Betis,Sociedad,3,0,H,0,0,D,,24,5,8,1,9,15,5,5,0,2,0,2
16/02/2025,Montpellier,Lyon,1,4,A,1,1,D,,11,9,4,6,14,12,7,4,3,1,0,0
16/02/2025,Le Havre,Nice,1,3,A,1,2,A,,14,9,4,3,14,16,6,2,2,2,0,1
16/02/2025,Lens,Strasbourg,0,2,A,0,0,D,,7,13,0,5,12,15,7,3,4,2,1,0
16/02/2025,Reims,Angers,0,1,A,0,1,A,,16,10,4,3,13,6,1,4,2,1,0,0
16/02/2025,Rennes,Lille,0,2,A,0,0,D,,4,18,0,7,9,18,4,8,2,1,1,0
16/02/2025,Liverpool,Wolves,2,1,H,2,0,H,S Hooper,10,16,3,4,15,13,4,3,2,2,0,0
16/02/2025,Tottenham,Man United,1,0,H,1,0,H,P Bankes,22,16,7,6,13,9,10,5,1,2,0,0
17/02/2025,Genoa,Venezia,2,0,H,0,0,D,,14,7,5,3,14,15,4,5,1,1,0,0
17/02/2025,Barcelona,Vallecano,1,0,H,1,0,H,,14,9,5,4,11,9,4,5,2,3,0,0
19/02/2025,Aston Villa,Liverpool,2,2,D,2,1,H,C Pawson,9,17,4,3,8,6,6,8,1,0,0,0
21/02/2025,Lecce,Udinese,0,1,A,0,1,A,,10,12,1,5,15,11,11,8,1,3,0,0
21/02/2025,Freiburg,Werder Bremen,5,0,H,2,0,H,,13,9,8,3,14,8,3,7,3,0,0,0
21/02/2025,Celta,Osasuna,1,0,H,0,0,D,,12,18,5,1,11,13,5,4,1,0,0,0
21/02/2025,Rennes,Reims,1,0,H,1,0,H,,26,3,5,0,15,7,9,2,1,2,0,2
21/02/2025,Leicester,Brentford,0,4,A,0,3,A,T Harrington,8,14,3,6,10,10,5,6,4,0,0,0
22/02/2025,Parma,Bologna,2,0,H,1,0,H,,4,16,3,1,14,13,0,4,2,1,0,0
22/02/2025,Venezia,Lazio,0,0,D,0,0,D,,9,9,2,3,21,12,6,6,4,2,0,0
22/02/2025,Torino,Milan,2,1,H,1,0,H,,9,26,3,8,14,5,4,11,1,1,0,0
22/02/2025,Inter,Genoa,1,0,H,0,0,D,,18,11,5,2,7,14,6,7,0,2,0,0
22/02/2025,Holstein Kiel,Leverkusen,0,2,A,0,2,A,,4,18,3,8,11,10,5,11,4,1,0,0
22/02/2025,Mainz,St Pauli,2,0,H,0,0,D,,10,12,5,0,9,10,6,5,3,3,0,0
22/02/2025,M'gladbach,Augsburg,0,3,A,0,0,D,,8,17,5,4,10,9,2,4,3,2,1,0
22/02/2025,Wolfsburg,Bochum,1,1,D,0,0,D,,13,11,6,5,8,15,3,5,2,3,0,0
22/02/2025,Dortmund,Union Berlin,6,0,H,2,0,H,,24,6,8,1,10,11,5,3,2,2,0,0
22/02/2025,Alaves,Espanol,0,1,A,0,0,D,,15,9,5,2,13,17,7,0,2,2,0,0
22/02/2025,Vallecano,Villarreal,0,1,A,0,0,D,,10,10,5,5,15,12,3,5,1,4,1,0
22/02/2025,Valencia,Ath Madrid,0,3,A,0,2,A,,18,11,2,3,18,16,7,0,1,3,0,0
22/02/2025,Las Palmas,Barcelona,0,2,A,0,0,D,,10,15,2,5,13,4,5,3,1,1,0,0
22/02/2025,Lille,Monaco,2,1,H,2,1,H,,9,13,6,3,11,18,1,6,4,2,0,0
22/02/2025,St Etienne,Angers,3,3,D,1,2,A,,19,13,8,4,13,16,4,3,3,0,0,0
22/02/2025,Auxerre,Marseille,3,0,H,1,0,H,,9,8,5,2,9,13,2,5,1,3,0,1
22/02/2025,Everton,Man United,2,2,D,2,0,H,A Madley,9,9,8,3,12,9,7,9,4,1,0,0
22/02/2025,Arsenal,West Ham,0,1,A,0,1,A,C Pawson,20,5,2,2,16,15,2,0,1,3,1,0
22/02/2025,Bournemouth,Wolves,0,1,A,0,1,A,M Salisbury,8,13,3,5,17,9,6,7,3,3,1,0
22/02/2025,Fulham,Crystal Palace,0,2,A,0,1,A,R Jones,10,10,0,5,10,7,7,7,1,3,0,0
22/02/2025,Ipswich,Tottenham,1,4,A,1,2,A,T Robinson,17,10,5,6,15,14,4,4,2,1,0,0
22/02/2025,Southampton,Brighton,0,4,A,0,1,A,D Bond,6,18,1,12,11,12,5,6,2,0,0,0
22/02/2025,Aston Villa,Chelsea,2,1,H,0,1,A,M Oliver,12,15,6,7,15,16,2,3,1,3,0,0
23/02/2025,Como,Napoli,2,1,H,1,1,D,,8,13,3,4,17,14,4,6,1,3,0,0
23/02/2025,Verona,Fiorentina,1,0,H,0,0,D,,7,8,3,3,19,8,4,1,3,3,0,0
23/02/2025,Empoli,Atalanta,0,5,A,0,3,A,,10,14,1,8,4,17,3,4,0,1,0,0
23/02/2025,Cagliari,Juventus,0,1,A,0,1,A,,8,14,2,7,9,15,3,4,0,1,0,0
23/02/2025,RB Leipzig,Heidenheim,2,2,D,1,2,A,,17,4,6,2,15,15,7,4,3,3,0,0
23/02/2025,Bayern Munich,Ein Frankfurt,4,0,H,1,0,H,,19,7,12,2,8,7,4,1,1,1,0,0
23/02/2025,Hoffenheim,Stuttgart,1,1,D,0,1,A,,9,14,2,7,8,10,4,8,0,0,0,0
23/02/2025,Ath Bilbao,Valladolid,7,1,H,4,0,H,,29,5,16,3,10,5,4,4,2,3,0,1
23/02/2025,Real Madrid,Girona,2,0,H,1,0,H,,22,6,5,2,1,7,11,5,0,2,0,0
23/02/2025,Getafe,Betis,1,2,A,0,1,A,,10,13,4,6,17,20,2,5,3,0,1,1
23/02/2025,Sociedad,Leganes,3,0,H,1,0,H,,12,8,5,2,13,13,3,3,3,3,0,0
23/02/2025,Nantes,Lens,3,1,H,1,0,H,,17,14,8,4,13,18,2,11,2,4,0,1
23/02/2025,Le Havre,Toulouse,1,4,A,0,1,A,,11,11,3,5,11,13,5,3,0,2,1,0
23/02/2025,Nice,Montpellier,2,0,H,1,0,H,,16,13,6,1,17,15,8,5,1,1,0,0
23/02/2025,Strasbourg,Brest,0,0,D,0,0,D,,3,12,1,2,12,12,1,8,3,1,0,0
23/02/2025,Lyon,Paris SG,2,3,A,0,0,D,,14,15,7,8,12,8,5,4,1,1,0,0
23/02/2025,Newcastle,Nott'm Forest,4,3,H,4,1,H,J Gillett,13,17,5,5,11,13,7,6,1,4,0,0
23/02/2025,Man City,Liverpool,0,2,A,0,2,A,A Taylor,16,8,5,4,3,10,7,5,0,0,0,0
24/02/2025,Roma,Monza,4,0,H,2,0,H,,23,5,6,2,6,7,6,3,0,1,0,0
24/02/2025,Sevilla,Mallorca,1,1,D,1,0,H,,19,13,4,2,11,12,4,4,1,3,0,0
25/02/2025,Brighton,Bournemouth,2,1,H,1,0,H,M Oliver,11,19,4,5,12,14,1,9,2,1,0,0
25/02/2025,Crystal Palace,Aston Villa,4,1,H,1,0,H,S Barrott,19,6,6,2,19,10,3,8,3,1,0,0
25/02/2025,Wolves,Fulham,1,2,A,1,1,D,P Bankes,18,11,5,5,8,15,7,5,1,3,0,0
25/02/2025,Chelsea,Southampton,4,0,H,3,0,H,T Bramall,19,7,10,2,6,9,4,2,1,2,0,0
26/02/2025,Brentford,Everton,1,1,D,1,0,H,S Hooper,12,14,3,4,3,6,2,5,2,1,0,0
26/02/2025,Man United,Ipswich,3,2,H,2,2,D,D England,10,12,6,3,9,16,5,6,4,4,1,0
26/02/2025,Nott'm Forest,Arsenal,0,0,D,0,0,D,A Madley,6,13,2,1,10,17,3,11,1,1,0,0
26/02/2025,Tottenham,Man City,0,1,A,0,1,A,J Gillett,11,12,6,5,12,15,8,3,3,0,0,0
26/02/2025,Liverpool,Newcastle,2,0,H,1,0,H,C Kavanagh,12,3,3,0,12,11,4,2,0,1,0,0
27/02/2025,Bologna,Milan,2,1,H,0,1,A,,14,8,4,4,13,15,4,5,1,2,0,0
27/02/2025,West Ham,Leicester,2,0,H,2,0,H,S Attwell,8,10,2,2,12,6,3,3,0,0,0,0
28/02/2025,Fiorentina,Lecce,1,0,H,1,0,H,,10,8,3,3,10,12,5,2,3,2,0,0
28/02/2025,Stuttgart,Bayern Munich,1,3,A,1,1,D,,12,17,3,8,12,13,4,6,5,3,0,0
28/02/2025,Valladolid,Las Palmas,1,1,D,0,1,A,,23,4,7,3,11,8,13,4,2,1,0,1
28/02/2025,Monaco,Reims,3,0,H,2,0,H,,23,9,9,5,7,7,7,2,0,0,0,0
01/03/2025,Atalanta,Venezia,0,0,D,0,0,D,,18,8,3,2,12,14,3,2,1,2,0,0
01/03/2025,Napoli,Inter,1,1,D,0,1,A,,19,6,4,1,7,15,12,3,1,0,0,0
01/03/2025,Udinese,Parma,1,0,H,1,0,H,,20,9,6,4,15,7,7,7,1,1,0,0
01/03/2025,Bochum,Hoffenheim,0,1,A,0,0,D,,12,10,3,2,16,17,8,5,0,1,0,0
01/03/2025,Heidenheim,M'gladbach,0,3,A,0,2,A,,20,13,5,5,9,15,6,2,2,3,0,0
01/03/2025,RB Leipzig,Mainz,1,2,A,1,0,H,,13,15,4,3,8,15,7,1,1,1,0,0
01/03/2025,St Pauli,Dortmund,0,2,A,0,0,D,,7,14,1,3,11,13,7,1,1,2,0,0
01/03/2025,Werder Bremen,Wolfsburg,1,2,A,0,1,A,,15,9,7,3,13,9,8,2,2,0,0,0
01/03/2025,Ein Frankfurt,Leverkusen,1,4,A,1,3,A,,7,20,3,9,9,7,2,6,1,1,0,0
01/03/2025,Girona,Celta,2,2,D,1,1,D,,9,10,6,6,8,17,4,2,0,0,0,0
01/03/2025,Vallecano,Sevilla,1,1,D,0,0,D,,20,10,8,5,14,9,6,6,1,0,0,0
01/03/2025,Betis,Real Madrid,2,1,H,1,1,D,,18,9,3,2,17,12,9,2,3,4,0,0
01/03/2025,Ath Madrid,Ath Bilbao,1,0,H,0,0,D,,12,15,4,3,7,8,6,2,2,3,0,0
01/03/2025,St Etienne,Nice,1,3,A,1,1,D,,12,16,3,9,10,11,3,4,2,1,0,0
01/03/2025,Lens,Le Havre,3,4,A,2,2,D,,20,8,7,4,12,11,9,2,2,2,0,0
01/03/2025,Paris SG,Lille,4,1,H,4,0,H,,26,6,11,2,6,10,9,3,0,1,0,0
02/03/2025,Monza,Torino,0,2,A,0,1,A,,9,13,2,7,10,20,1,4,2,2,0,0
02/03/2025,Bologna,Cagliari,2,1,H,0,1,A,,15,2,5,1,15,24,4,1,1,2,0,0
02/03/2025,Genoa,Empoli,1,1,D,0,1,A,,5,7,1,1,12,18,3,6,1,3,0,0
02/03/2025,Roma,Como,2,1,H,0,1,A,,11,10,4,3,6,18,1,2,2,7,0,1
02/03/2025,Milan,Lazio,1,2,A,0,1,A,,15,21,4,8,14,6,3,5,2,1,1,0
02/03/2025,Union Berlin,Holstein Kiel,0,1,A,0,1,A,,14,10,3,3,16,12,11,3,4,0,0,0
02/03/2025,Augsburg,Freiburg,0,0,D,0,0,D,,13,7,5,3,13,9,5,2,1,1,0,0
02/03/2025,Leganes,Getafe,1,0,H,0,0,D,,5,9,1,0,15,15,2,6,1,1,0,0
02/03/2025,Barcelona,Sociedad,4,0,H,2,0,H,,33,0,10,0,15,6,12,0,0,0,0,1
02/03/2025,Mallorca,Alaves,1,1,D,1,0,H,,15,19,4,7,20,14,3,9,0,2,0,0
02/03/2025,Osasuna,Valencia,3,3,D,3,2,H,,12,12,5,5,10,7,3,3,2,1,0,0
02/03/2025,Lyon,Brest,2,1,H,1,1,D,,10,15,4,5,16,12,2,5,2,1,0,0
02/03/2025,Angers,Toulouse,0,4,A,0,0,D,,5,19,1,13,13,9,4,9,3,3,0,0
02/03/2025,Auxerre,Strasbourg,0,1,A,0,0,D,,14,6,5,3,10,10,5,3,1,3,0,1
02/03/2025,Montpellier,Rennes,0,4,A,0,1,A,,16,15,5,9,15,15,6,5,2,1,0,0
02/03/2025,Marseille,Nantes,2,0,H,0,0,D,,21,8,5,2,14,15,3,2,1,2,0,0
03/03/2025,Juventus,Verona,2,0,H,0,0,D,,27,5,9,2,14,8,6,0,1,0,0,0
07/03/2025,Cagliari,Genoa,1,1,D,1,0,H,,9,8,1,2,16,15,2,5,2,2,0,0
07/03/2025,M'gladbach,Mainz,1,3,A,0,1,A,,12,16,4,8,6,6,4,3,0,1,0,0
07/03/2025,Toulouse,Monaco,1,1,D,0,1,A,,8,13,3,3,16,17,3,5,1,3,0,0
08/03/2025,Como,Venezia,1,1,D,0,0,D,,12,11,7,6,11,14,3,5,2,3,0,0
08/03/2025,Parma,Torino,2,2,D,0,1,A,,12,6,4,2,16,15,7,4,4,2,0,0
08/03/2025,Lecce,Milan,2,3,A,1,0,H,,11,16,3,9,13,7,2,7,2,1,0,0
08/03/2025,Inter,Monza,3,2,H,1,2,A,,30,8,9,4,8,7,13,1,0,1,0,0
08/03/2025,Bayern Munich,Bochum,2,3,A,2,1,H,,14,8,5,5,7,14,9,3,0,6,1,0
08/03/2025,Dortmund,Augsburg,0,1,A,0,1,A,,14,6,1,1,6,12,12,3,1,4,0,0
08/03/2025,Holstein Kiel,Stuttgart,2,2,D,1,1,D,,17,5,5,2,8,9,3,1,1,2,1,0
08/03/2025,Leverkusen,Werder Bremen,0,2,A,0,1,A,,18,11,4,7,12,10,10,3,4,4,0,0
08/03/2025,Wolfsburg,St Pauli,1,1,D,0,1,A,,16,14,4,4,11,13,6,6,1,0,0,0
08/03/2025,Freiburg,RB Leipzig,0,0,D,0,0,D,,10,18,2,3,6,11,2,6,0,3,0,0
08/03/2025,Celta,Leganes,2,1,H,2,1,H,,7,12,4,6,10,9,2,5,3,2,0,0
08/03/2025,Alaves,Villarreal,1,0,H,1,0,H,,5,24,3,2,11,13,1,6,3,1,2,0
08/03/2025,Valencia,Valladolid,2,1,H,1,1,D,,17,11,4,4,11,10,5,4,1,3,0,0
08/03/2025,Rennes,Paris SG,1,4,A,0,1,A,,13,19,3,9,11,6,3,2,2,3,0,0
08/03/2025,Lille,Montpellier,1,0,H,0,0,D,,18,10,8,3,11,12,7,1,2,3,0,0
08/03/2025,Marseille,Lens,0,1,A,0,0,D,,15,3,6,2,15,12,7,0,3,1,0,0
08/03/2025,Nott'm Forest,Man City,1,0,H,0,0,D,C Kavanagh,9,14,4,3,9,7,3,2,3,2,0,0
08/03/2025,Brighton,Fulham,2,1,H,1,1,D,S Barrott,9,6,4,1,6,12,3,7,0,2,0,0
08/03/2025,Crystal Palace,Ipswich,1,0,H,0,0,D,S Hooper,19,15,4,8,8,7,5,4,4,3,0,0
08/03/2025,Liverpool,Southampton,3,1,H,0,1,A,L Smith,28,6,7,4,10,9,6,4,2,1,0,0
08/03/2025,Brentford,Aston Villa,0,1,A,0,0,D,J Gillett,13,12,3,4,10,5,6,5,2,2,0,0
08/03/2025,Wolves,Everton,1,1,D,1,1,D,S Attwell,11,12,3,4,11,16,5,5,2,2,0,0
09/03/2025,Verona,Bologna,1,2,A,0,1,A,,7,12,2,6,23,11,1,3,2,1,1,0
09/03/2025,Napoli,Fiorentina,2,1,H,1,0,H,,19,7,11,2,10,5,4,4,1,2,0,0
09/03/2025,Empoli,Roma,0,1,A,0,1,A,,3,16,1,7,12,10,1,9,0,0,0,0
09/03/2025,Juventus,Atalanta,0,4,A,0,1,A,,9,19,2,9,12,11,2,5,1,1,0,0
09/03/2025,Ein Frankfurt,Union Berlin,1,2,A,1,0,H,,14,11,3,3,10,8,1,5,3,0,0,0
09/03/2025,Hoffenheim,Heidenheim,1,1,D,1,0,H,,16,23,3,5,9,11,6,4,2,3,0,0
09/03/2025,Getafe,Ath Madrid,2,1,H,0,0,D,,11,4,3,2,10,14,4,4,6,2,0,1
09/03/2025,Real Madrid,Vallecano,2,1,H,2,1,H,,10,20,5,6,12,17,4,6,3,1,0,0
09/03/2025,Ath Bilbao,Mallorca,1,1,D,0,0,D,,8,9,2,2,6,13,3,3,1,3,0,0
09/03/2025,Betis,Las Palmas,1,0,H,0,0,D,,14,8,6,1,12,14,11,1,2,8,0,1
09/03/2025,Sociedad,Sevilla,0,1,A,0,0,D,,7,9,2,4,14,12,6,3,2,1,0,0
09/03/2025,Brest,Angers,2,0,H,1,0,H,,19,7,7,1,14,8,6,6,1,1,0,0
09/03/2025,Le Havre,St Etienne,1,1,D,1,1,D,,13,12,7,3,9,17,5,6,2,3,0,0
09/03/2025,Nantes,Strasbourg,0,1,A,0,0,D,,11,9,2,1,12,17,3,9,1,1,0,0
09/03/2025,Reims,Auxerre,0,2,A,0,2,A,,18,13,4,9,9,13,6,12,1,1,0,0
09/03/2025,Nice,Lyon,0,2,A,0,0,D,,18,8,4,5,12,11,9,2,1,2,0,0
09/03/2025,Chelsea,Leicester,1,0,H,0,0,D,T Robinson,20,3,7,3,12,13,12,2,1,0,0,0
09/03/2025,Tottenham,Bournemouth,2,2,D,0,1,A,J Brooks,12,17,4,8,15,16,3,6,3,3,0,0
09/03/2025,Man United,Arsenal,1,1,D,1,0,H,A Taylor,10,17,6,6,8,11,2,9,0,1,0,0
10/03/2025,Lazio,Udinese,1,1,D,1,1,D,,10,15,5,4,9,11,4,9,2,4,0,0
10/03/2025,Espanol,Girona,1,1,D,0,0,D,,7,18,4,4,11,13,4,9,3,3,0,0
10/03/2025,West Ham,Newcastle,0,1,A,0,0,D,M Salisbury,9,9,2,3,7,15,3,4,0,1,0,0
14/03/2025,Genoa,Lecce,2,1,H,2,0,H,,8,15,2,2,12,10,3,3,3,2,0,0
14/03/2025,St Pauli,Hoffenheim,1,0,H,0,0,D,,10,4,5,0,6,8,11,2,0,1,0,0
14/03/2025,Las Palmas,Alaves,2,2,D,0,1,A,,14,9,7,3,10,22,4,5,5,5,0,0
14/03/2025,Nice,Auxerre,1,1,D,1,0,H,,20,10,6,4,14,18,7,3,1,3,1,0
15/03/2025,Monza,Parma,1,1,D,0,0,D,,12,14,4,6,14,16,6,3,0,3,0,0
15/03/2025,Udinese,Verona,0,1,A,0,0,D,,11,7,3,2,21,16,2,1,5,2,0,0
15/03/2025,Milan,Como,2,1,H,0,1,A,,9,15,3,6,21,7,0,5,3,3,0,1
15/03/2025,Torino,Empoli,1,0,H,0,0,D,,13,16,3,2,9,12,5,5,1,0,0,0
15/03/2025,Augsburg,Wolfsburg,1,0,H,0,0,D,,9,13,2,2,7,9,1,4,1,2,0,0
15/03/2025,Mainz,Freiburg,2,2,D,1,0,H,,9,24,4,8,7,7,1,4,1,2,1,0
15/03/2025,Union Berlin,Bayern Munich,1,1,D,0,0,D,,7,18,3,4,13,8,2,14,1,2,0,0
15/03/2025,Werder Bremen,M'gladbach,2,4,A,2,2,D,,23,13,2,7,10,7,4,1,1,2,0,1
15/03/2025,RB Leipzig,Dortmund,2,0,H,1,0,H,,15,25,5,9,14,10,3,12,3,3,0,0
15/03/2025,Valladolid,Celta,0,1,A,0,0,D,,5,10,2,1,9,15,3,4,3,3,0,0
15/03/2025,Mallorca,Espanol,2,1,H,0,0,D,,20,2,7,0,10,12,6,2,0,2,0,0
15/03/2025,Villarreal,Real Madrid,1,2,A,1,2,A,,23,9,10,5,17,3,11,4,2,1,0,0
15/03/2025,Girona,Valencia,1,1,D,0,0,D,,14,12,4,2,12,5,9,4,2,1,0,0
15/03/2025,Nantes,Lille,1,0,H,0,0,D,,10,13,3,4,9,15,3,5,2,3,1,0
15/03/2025,Angers,Monaco,0,2,A,0,0,D,,6,16,2,5,12,11,0,9,1,2,0,0
15/03/2025,Lens,Rennes,1,0,H,0,0,D,,9,12,4,5,17,14,5,4,1,1,0,0
15/03/2025,Everton,West Ham,1,1,D,0,0,D,D Bond,13,10,5,5,12,8,6,5,1,2,0,0
15/03/2025,Ipswich,Nott'm Forest,2,4,A,0,3,A,M Salisbury,11,11,4,6,4,13,6,3,1,1,0,0
15/03/2025,Man City,Brighton,2,2,D,2,1,H,S Hooper,11,15,3,3,10,10,4,5,2,5,0,0
15/03/2025,Southampton,Wolves,1,2,A,0,1,A,R Jones,10,5,3,3,12,13,5,1,0,0,0,0
15/03/2025,Bournemouth,Brentford,1,2,A,1,1,D,C Pawson,17,10,5,4,13,7,4,3,3,0,0,0
16/03/2025,Venezia,Napoli,0,0,D,0,0,D,,13,15,4,7,19,8,3,8,2,1,0,0
16/03/2025,Bologna,Lazio,5,0,H,1,0,H,,13,7,7,2,18,16,7,1,2,3,0,0
16/03/2025,Roma,Cagliari,1,0,H,0,0,D,,13,11,1,5,4,12,8,3,0,2,0,0
16/03/2025,Fiorentina,Juventus,3,0,H,2,0,H,,9,11,3,2,9,13,1,6,2,3,0,0
16/03/2025,Atalanta,Inter,0,2,A,0,0,D,,16,14,3,5,11,14,2,6,3,3,1,1
16/03/2025,Bochum,Ein Frankfurt,1,3,A,0,2,A,,17,18,7,7,7,9,8,3,4,1,0,0
16/03/2025,Heidenheim,Holstein Kiel,3,1,H,1,0,H,,14,16,5,4,15,13,3,5,1,3,0,0
16/03/2025,Stuttgart,Leverkusen,3,4,A,1,0,H,,11,16,6,4,13,14,1,10,3,2,0,0
16/03/2025,Leganes,Betis,2,3,A,2,0,H,,10,21,4,6,16,5,3,7,2,1,0,0
16/03/2025,Sevilla,Ath Bilbao,0,1,A,0,0,D,,11,9,4,4,13,12,4,6,4,2,0,0
16/03/2025,Osasuna,Getafe,1,2,A,1,0,H,,12,7,4,4,19,15,3,2,2,3,0,1
16/03/2025,Vallecano,Sociedad,2,2,D,0,1,A,,10,8,5,4,16,9,4,4,3,2,0,0
16/03/2025,Ath Madrid,Barcelona,2,4,A,1,0,H,,7,13,2,6,10,11,6,6,1,3,0,0
16/03/2025,Lyon,Le Havre,4,2,H,1,2,A,,16,14,7,5,20,12,4,1,2,3,0,0
16/03/2025,Brest,Reims,0,0,D,0,0,D,,11,12,0,2,9,13,4,4,1,3,1,0
16/03/2025,Montpellier,St Etienne,0,2,A,0,1,A,,13,11,3,6,4,7,4,6,1,3,0,1
16/03/2025,Strasbourg,Toulouse,2,1,H,0,1,A,,10,11,3,7,10,14,4,3,0,2,0,0
16/03/2025,Paris SG,Marseille,3,1,H,2,0,H,,16,11,5,2,7,9,5,5,1,0,0,0
16/03/2025,Arsenal,Chelsea,1,0,H,1,0,H,C Kavanagh,12,8,4,2,10,13,5,4,3,3,0,0
16/03/2025,Fulham,Tottenham,2,0,H,0,0,D,A Madley,13,12,4,4,13,10,6,5,0,0,0,0
16/03/2025,Leicester,Man United,0,3,A,0,1,A,T Bramall,11,18,3,5,6,6,6,4,2,0,0,0
27/03/2025,Barcelona,Osasuna,3,0,H,2,0,H,,19,4,5,0,7,14,8,4,1,3,0,0
28/03/2025,Leverkusen,Bochum,3,1,H,1,1,D,,14,8,5,3,6,12,3,2,0,1,0,0
28/03/2025,Strasbourg,Lyon,4,2,H,0,0,D,,14,16,7,11,12,15,6,5,2,2,0,0
29/03/2025,Como,Empoli,1,1,D,0,0,D,,16,14,5,4,5,22,4,1,2,5,0,1
29/03/2025,Venezia,Bologna,0,1,A,0,0,D,,6,13,3,4,14,21,2,3,4,1,0,0
29/03/2025,Juventus,Genoa,1,0,H,1,0,H,,9,9,6,3,13,11,4,3,3,2,0,0
29/03/2025,Lecce,Roma,0,1,A,0,0,D,,17,16,4,6,6,11,6,6,1,3,0,0
29/03/2025,Bayern Munich,St Pauli,3,2,H,1,1,D,,19,10,9,4,13,4,5,4,3,0,0,0
29/03/2025,Hoffenheim,Augsburg,1,1,D,0,0,D,,13,11,4,4,14,12,2,2,1,2,0,0
29/03/2025,Holstein Kiel,Werder Bremen,0,3,A,0,1,A,,11,14,0,7,13,8,3,4,4,1,0,0
29/03/2025,M'gladbach,RB Leipzig,1,0,H,0,0,D,,16,19,3,3,5,9,5,8,2,2,0,0
29/03/2025,Wolfsburg,Heidenheim,0,1,A,0,1,A,,11,11,2,4,8,10,4,5,2,4,0,0
29/03/2025,Ein Frankfurt,Stuttgart,1,0,H,0,0,D,,19,8,6,2,9,6,6,10,1,3,0,1
29/03/2025,Sociedad,Valladolid,2,1,H,1,0,H,,12,12,2,5,20,10,3,6,2,3,0,0
29/03/2025,Espanol,Ath Madrid,1,1,D,0,1,A,,8,13,1,2,12,14,4,3,2,1,0,0
29/03/2025,Alaves,Vallecano,0,2,A,0,1,A,,12,11,4,5,14,12,8,5,3,5,0,0
29/03/2025,Real Madrid,Leganes,3,2,H,1,2,A,,24,10,10,4,9,13,8,3,1,4,0,0
29/03/2025,Reims,Marseille,3,1,H,1,0,H,,7,20,5,8,6,9,0,12,0,0,0,0
29/03/2025,St Etienne,Paris SG,1,6,A,1,1,D,,11,22,2,10,9,12,3,6,2,0,0,0
29/03/2025,Monaco,Nice,2,1,H,0,1,A,,17,9,6,4,17,14,7,4,2,4,0,1
30/03/2025,Cagliari,Monza,3,0,H,0,0,D,,11,12,4,3,17,11,4,6,2,2,0,0
30/03/2025,Fiorentina,Atalanta,1,0,H,1,0,H,,12,9,4,0,7,16,2,4,0,3,0,0
30/03/2025,Inter,Udinese,2,1,H,2,0,H,,13,11,3,4,8,14,2,4,2,0,0,0
30/03/2025,Napoli,Milan,2,1,H,2,0,H,,8,17,3,4,10,5,2,6,2,2,0,0
30/03/2025,Freiburg,Union Berlin,1,2,A,1,1,D,,9,10,3,6,8,11,3,3,3,4,0,0
30/03/2025,Dortmund,Mainz,3,1,H,2,0,H,,18,12,7,3,10,8,6,4,2,0,0,0
30/03/2025,Getafe,Villarreal,1,2,A,1,2,A,,11,9,4,3,16,21,3,1,1,4,0,0
30/03/2025,Barcelona,Girona,4,1,H,1,0,H,,21,4,9,2,8,11,10,2,0,1,0,0
30/03/2025,Ath Bilbao,Osasuna,0,0,D,0,0,D,,11,5,5,2,12,12,3,4,1,1,0,0
30/03/2025,Valencia,Mallorca,1,0,H,0,0,D,,8,8,2,2,16,15,4,5,5,5,0,0
30/03/2025,Betis,Sevilla,2,1,H,2,1,H,,11,6,3,2,10,22,2,2,4,4,0,0
30/03/2025,Toulouse,Brest,2,4,A,0,2,A,,17,10,4,5,10,18,10,3,0,5,0,0
30/03/2025,Angers,Rennes,0,3,A,0,1,A,,9,14,4,6,10,16,6,5,1,0,0,0
30/03/2025,Auxerre,Montpellier,1,0,H,0,0,D,,21,12,6,1,14,14,10,6,3,1,0,0
30/03/2025,Le Havre,Nantes,3,2,H,2,1,H,,16,7,5,2,16,9,3,4,1,2,0,0
30/03/2025,Lille,Lens,1,0,H,1,0,H,,11,5,5,2,13,15,6,2,1,3,0,0
31/03/2025,Verona,Parma,0,0,D,0,0,D,,6,10,0,1,11,9,5,5,2,1,0,0
31/03/2025,Lazio,Torino,1,1,D,0,0,D,,16,7,6,2,9,20,5,3,3,4,0,0
31/03/2025,Celta,Las Palmas,1,1,D,1,0,H,,19,4,7,2,17,5,4,2,3,0,0,0
01/04/2025,Arsenal,Fulham,2,1,H,1,0,H,J Brooks,17,9,4,3,2,10,5,4,1,2,0,0
01/04/2025,Wolves,West Ham,1,0,H,1,0,H,T Harrington,9,10,2,1,16,12,1,2,4,2,0,0
01/04/2025,Nott'm Forest,Man United,1,0,H,1,0,H,J Gillett,8,23,2,6,5,12,3,10,1,3,0,0
02/04/2025,Bournemouth,Ipswich,1,2,A,0,1,A,R Jones,24,10,7,2,14,15,8,3,1,2,0,0
02/04/2025,Brighton,Aston Villa,0,3,A,0,0,D,S Attwell,11,8,4,5,16,11,4,0,1,3,0,0
02/04/2025,Man City,Leicester,2,0,H,2,0,H,D England,18,2,5,0,11,8,5,0,1,4,0,0
02/04/2025,Newcastle,Brentford,2,1,H,1,0,H,P Bankes,21,12,4,3,12,12,4,5,1,1,0,0
02/04/2025,Southampton,Crystal Palace,1,1,D,1,0,H,A Madley,8,9,2,3,14,9,2,2,2,1,0,0
02/04/2025,Liverpool,Everton,1,0,H,0,0,D,S Barrott,17,5,3,0,7,11,11,5,2,2,0,0
03/04/2025,Chelsea,Tottenham,1,0,H,0,0,D,C Pawson,11,8,5,2,7,16,4,6,5,5,0,0
04/04/2025,Genoa,Udinese,1,0,H,0,0,D,,13,5,7,2,16,14,1,2,2,2,0,0
04/04/2025,Augsburg,Bayern Munich,1,3,A,1,1,D,,6,19,3,7,8,8,2,4,4,0,1,0
04/04/2025,Vallecano,Espanol,0,4,A,0,2,A,,16,15,5,7,8,10,8,4,2,2,0,0
04/04/2025,Nice,Nantes,1,2,A,1,2,A,,21,8,9,4,9,14,11,2,1,1,0,0
05/04/2025,Monza,Como,1,3,A,1,2,A,,8,17,4,7,19,21,2,2,2,1,0,0
05/04/2025,Parma,Inter,2,2,D,0,2,A,,8,20,4,4,9,7,2,4,2,3,0,0
05/04/2025,Milan,Fiorentina,2,2,D,1,2,A,,19,15,6,8,12,12,7,4,4,3,0,0
05/04/2025,Bochum,Stuttgart,0,4,A,0,2,A,,11,14,2,6,17,13,2,4,1,1,0,0
05/04/2025,Freiburg,Dortmund,1,4,A,0,1,A,,12,18,3,7,8,6,3,4,1,0,0,0
05/04/2025,Heidenheim,Leverkusen,0,1,A,0,0,D,,10,6,2,2,14,10,4,0,1,0,0,0
05/04/2025,Mainz,Holstein Kiel,1,1,D,0,1,A,,13,10,3,5,12,8,4,4,4,4,0,0
05/04/2025,RB Leipzig,Hoffenheim,3,1,H,2,1,H,,16,9,5,5,10,12,8,2,0,3,0,1
05/04/2025,Werder Bremen,Ein Frankfurt,2,0,H,1,0,H,,12,9,4,0,8,15,5,6,3,3,0,0
05/04/2025,Girona,Alaves,0,1,A,0,0,D,,11,14,6,3,9,16,1,5,1,4,0,0
05/04/2025,Real Madrid,Valencia,1,2,A,0,1,A,,21,10,9,2,10,13,9,4,0,4,0,0
05/04/2025,Mallorca,Celta,1,2,A,1,0,H,,7,10,2,4,9,11,4,2,3,0,0,0
05/04/2025,Barcelona,Betis,1,1,D,1,1,D,,13,6,5,2,16,12,9,3,2,1,0,0
05/04/2025,Paris SG,Angers,1,0,H,0,0,D,,20,5,6,0,7,12,5,1,0,3,0,0
05/04/2025,Brest,Monaco,2,1,H,1,0,H,,13,10,4,3,13,16,2,9,3,2,0,0
05/04/2025,Lyon,Lille,2,1,H,1,1,D,,10,10,4,4,15,14,1,3,3,2,0,0
05/04/2025,Everton,Arsenal,1,1,D,0,1,A,D England,5,14,2,5,17,13,3,8,3,1,0,0
05/04/2025,Crystal Palace,Brighton,2,1,H,1,1,D,A Taylor,8,11,3,5,12,13,2,4,0,1,2,1
05/04/2025,Ipswich,Wolves,1,2,A,1,0,H,P Bankes,6,22,2,7,12,16,4,8,2,2,0,0
05/04/2025,West Ham,Bournemouth,2,2,D,0,1,A,T Robinson,9,11,3,4,13,13,4,7,2,2,0,0
05/04/2025,Aston Villa,Nott'm Forest,2,1,H,2,0,H,S Hooper,17,19,8,3,7,15,4,4,2,2,0,0
06/04/2025,Lecce,Venezia,1,1,D,0,0,D,,23,13,4,3,10,14,8,3,2,4,0,0
06/04/2025,Empoli,Cagliari,0,0,D,0,0,D,,7,7,1,1,9,15,2,3,0,4,0,0
06/04/2025,Torino,Verona,1,1,D,0,0,D,,7,13,3,1,9,19,1,5,1,1,1,0
06/04/2025,Atalanta,Lazio,0,1,A,0,0,D,,10,8,2,3,6,6,11,4,1,2,0,0
06/04/2025,Roma,Juventus,1,1,D,0,1,A,,11,11,4,7,11,15,4,4,1,1,0,0
06/04/2025,St Pauli,M'gladbach,1,1,D,0,1,A,,26,5,9,3,6,13,11,2,0,2,0,0
06/04/2025,Union Berlin,Wolfsburg,1,0,H,0,0,D,,13,12,3,3,13,14,6,4,0,1,0,0
06/04/2025,Las Palmas,Sociedad,1,3,A,0,1,A,,13,13,5,8,7,10,5,4,0,2,0,0
06/04/2025,Sevilla,Ath Madrid,1,2,A,1,1,D,,11,13,6,5,14,12,7,7,1,4,0,0
06/04/2025,Valladolid,Getafe,0,4,A,0,3,A,,5,16,0,9,11,17,3,4,3,1,1,0
06/04/2025,Villarreal,Ath Bilbao,0,0,D,0,0,D,,12,11,4,2,9,13,6,5,0,1,1,0
06/04/2025,Lens,St Etienne,1,0,H,0,0,D,,20,8,5,3,14,20,6,3,3,2,0,0
06/04/2025,Montpellier,Le Havre,0,2,A,0,2,A,,14,13,6,4,15,7,5,2,1,1,1,0
06/04/2025,Reims,Strasbourg,0,1,A,0,1,A,,14,13,7,4,11,9,4,7,2,2,1,1
06/04/2025,Rennes,Auxerre,0,1,A,0,0,D,,18,11,5,3,10,5,8,5,0,0,0,0
06/04/2025,Marseille,Toulouse,3,2,H,1,1,D,,9,8,4,3,11,15,5,1,2,3,0,0
06/04/2025,Brentford,Chelsea,0,0,D,0,0,D,M Oliver,9,21,2,5,12,12,3,6,1,3,0,0
06/04/2025,Fulham,Liverpool,3,2,H,3,1,H,C Kavanagh,12,14,6,6,10,9,4,4,3,0,0,0
06/04/2025,Tottenham,Southampton,3,1,H,2,0,H,M Salisbury,13,12,8,4,16,20,4,1,1,1,0,0
06/04/2025,Man United,Man City,0,0,D,0,0,D,J Brooks,13,9,2,5,13,9,5,3,3,2,0,0
07/04/2025,Bologna,Napoli,1,1,D,0,1,A,,12,6,4,2,11,18,8,3,1,3,0,0
07/04/2025,Leganes,Osasuna,1,1,D,0,0,D,,13,14,7,6,18,14,4,8,3,3,0,0
07/04/2025,Leicester,Newcastle,0,3,A,0,3,A,R Jones,7,16,2,5,8,9,12,2,2,0,0,0
11/04/2025,Udinese,Milan,0,4,A,0,2,A,,14,14,5,7,10,9,5,7,1,1,0,0
11/04/2025,Wolfsburg,RB Leipzig,2,3,A,0,2,A,,17,16,6,5,14,13,8,5,2,3,0,0
11/04/2025,Valencia,Sevilla,1,0,H,1,0,H,,8,12,6,5,10,18,3,3,3,2,0,0
11/04/2025,Lens,Reims,0,2,A,0,1,A,,37,10,14,2,9,7,9,2,1,0,0,0
12/04/2025,Venezia,Monza,1,0,H,0,0,D,,9,10,4,3,20,20,3,4,5,3,1,0
12/04/2025,Inter,Cagliari,3,1,H,2,0,H,,13,8,4,4,6,12,5,6,0,1,0,0
12/04/2025,Juventus,Lecce,2,1,H,2,0,H,,22,14,7,3,7,10,9,4,0,1,0,0
12/04/2025,Bochum,Augsburg,1,2,A,0,1,A,,25,12,9,5,14,9,7,6,2,1,0,1
12/04/2025,Hoffenheim,Mainz,2,0,H,2,0,H,,8,14,5,1,18,11,4,7,4,2,0,1
12/04/2025,Holstein Kiel,St Pauli,1,2,A,1,1,D,,6,14,2,6,15,11,3,3,3,4,0,0
12/04/2025,Leverkusen,Union Berlin,0,0,D,0,0,D,,16,7,3,3,10,13,7,3,2,1,0,0
12/04/2025,M'gladbach,Freiburg,1,2,A,1,1,D,,10,19,1,7,4,11,4,6,0,1,0,0
12/04/2025,Bayern Munich,Dortmund,2,2,D,0,0,D,,28,11,11,3,8,5,6,5,0,0,0,0
12/04/2025,Sociedad,Mallorca,0,2,A,0,1,A,,15,7,4,3,11,12,8,2,3,1,0,0
12/04/2025,Getafe,Las Palmas,1,3,A,1,0,H,,11,10,6,5,14,15,3,2,0,2,1,0
12/04/2025,Celta,Espanol,0,2,A,0,1,A,,16,5,6,3,14,10,13,5,2,2,0,0
12/04/2025,Leganes,Barcelona,0,1,A,0,0,D,,6,12,1,3,10,4,4,8,2,1,0,0
12/04/2025,Monaco,Marseille,3,0,H,1,0,H,,15,8,10,4,6,18,4,4,2,1,0,0
12/04/2025,Toulouse,Lille,1,2,A,1,2,A,,10,6,5,3,15,11,4,2,1,2,0,0
12/04/2025,Strasbourg,Nice,2,2,D,0,1,A,,11,23,4,6,5,8,2,9,1,2,0,0
12/04/2025,Man City,Crystal Palace,5,2,H,2,2,D,J Gillett,21,8,9,3,10,16,1,4,2,3,0,0
12/04/2025,Brighton,Leicester,2,2,D,1,1,D,D Bond,21,15,7,6,9,11,3,6,2,5,0,0
12/04/2025,Nott'm Forest,Everton,0,1,A,0,0,D,C Pawson,10,13,5,5,9,13,1,7,0,3,0,0
12/04/2025,Southampton,Aston Villa,0,3,A,0,0,D,T Bramall,7,25,2,10,11,4,2,14,3,1,0,0
12/04/2025,Arsenal,Brentford,1,1,D,0,0,D,S Hooper,14,3,3,2,7,9,13,5,1,3,0,0
13/04/2025,Atalanta,Bologna,2,0,H,2,0,H,,4,12,2,5,17,12,4,5,4,1,0,0
13/04/2025,Fiorentina,Parma,0,0,D,0,0,D,,9,7,3,3,10,19,2,2,0,5,0,0
13/04/2025,Verona,Genoa,0,0,D,0,0,D,,14,4,2,1,19,11,6,2,3,1,0,0
13/04/2025,Como,Torino,1,0,H,1,0,H,,15,10,7,4,9,16,7,4,1,3,0,0
13/04/2025,Lazio,Roma,1,1,D,0,0,D,,12,9,7,4,12,12,10,5,4,2,0,0
13/04/2025,Stuttgart,Werder Bremen,1,2,A,1,1,D,,12,14,4,5,12,13,3,4,3,2,1,0
13/04/2025,Ein Frankfurt,Heidenheim,3,0,H,2,0,H,,19,14,8,3,6,7,5,3,1,1,0,0
13/04/2025,Osasuna,Girona,2,1,H,1,0,H,,13,18,6,8,17,15,4,4,2,0,0,0
13/04/2025,Alaves,Real Madrid,0,1,A,0,1,A,,13,11,6,4,21,12,4,4,4,4,1,1
13/04/2025,Betis,Villarreal,1,2,A,1,1,D,,24,8,5,2,4,13,5,5,0,4,0,0
13/04/2025,Ath Bilbao,Vallecano,3,1,H,0,1,A,,13,11,4,3,12,7,7,1,4,3,0,0
13/04/2025,St Etienne,Brest,3,3,D,2,3,A,,9,14,4,6,21,18,7,9,2,4,0,0
13/04/2025,Angers,Montpellier,2,0,H,2,0,H,,10,4,4,1,12,13,6,1,0,2,0,0
13/04/2025,Le Havre,Rennes,1,5,A,1,3,A,,11,10,2,6,16,11,4,3,2,3,0,0
13/04/2025,Auxerre,Lyon,1,3,A,0,0,D,,14,13,3,7,11,9,3,6,3,1,0,0
13/04/2025,Chelsea,Ipswich,2,2,D,0,2,A,S Attwell,34,13,9,4,11,7,15,4,2,2,0,0
13/04/2025,Liverpool,West Ham,2,1,H,1,0,H,A Madley,15,11,6,4,15,8,10,3,0,2,0,0
13/04/2025,Wolves,Tottenham,4,2,H,2,0,H,A Taylor,13,11,5,4,12,15,1,4,1,2,0,0
13/04/2025,Newcastle,Man United,4,1,H,1,1,D,C Kavanagh,13,9,6,5,7,9,7,2,0,2,0,0
14/04/2025,Napoli,Empoli,3,0,H,1,0,H,,17,12,6,1,8,15,5,5,1,1,0,0
14/04/2025,Ath Madrid,Valladolid,4,2,H,2,1,H,,24,6,9,3,11,8,5,1,1,1,0,0
14/04/2025,Bournemouth,Fulham,1,0,H,1,0,H,O Oliver,12,12,3,7,11,10,6,9,3,2,0,0
16/04/2025,Newcastle,Crystal Palace,5,0,H,4,0,H,D England,14,11,7,4,9,15,5,4,2,3,0,0
18/04/2025,Espanol,Getafe,1,0,H,1,0,H,,9,9,3,4,12,15,6,8,0,2,0,1
18/04/2025,Rennes,Nantes,2,1,H,1,0,H,,19,4,5,1,24,13,10,2,3,5,0,1
19/04/2025,Lecce,Como,0,3,A,0,1,A,,14,11,7,6,18,14,9,4,3,5,0,0
19/04/2025,Monza,Napoli,0,1,A,0,0,D,,8,16,0,5,18,11,6,7,4,2,0,0
19/04/2025,Roma,Verona,1,0,H,1,0,H,,6,8,3,2,5,17,4,6,0,2,0,0
19/04/2025,Freiburg,Hoffenheim,3,2,H,2,2,D,,12,19,6,6,14,13,2,6,3,2,0,0
19/04/2025,Heidenheim,Bayern Munich,0,4,A,0,3,A,,4,18,1,11,8,11,4,4,3,1,0,0
19/04/2025,Mainz,Wolfsburg,2,2,D,2,1,H,,18,16,7,4,15,8,7,5,2,3,0,0
19/04/2025,RB Leipzig,Holstein Kiel,1,1,D,0,1,A,,10,13,4,3,5,9,9,7,1,2,0,0
19/04/2025,Werder Bremen,Bochum,1,0,H,0,0,D,,14,12,4,1,9,20,2,7,3,3,0,1
19/04/2025,Union Berlin,Stuttgart,4,4,D,4,4,D,,12,13,5,6,8,9,3,5,0,2,0,0
19/04/2025,Vallecano,Valencia,1,1,D,1,0,H,,11,10,4,3,18,13,5,2,3,1,0,0
19/04/2025,Barcelona,Celta,4,3,H,1,1,D,,18,11,6,8,10,13,4,1,2,2,0,0
19/04/2025,Mallorca,Leganes,0,0,D,0,0,D,,11,15,1,1,17,15,4,4,2,1,0,0
19/04/2025,Las Palmas,Ath Madrid,1,0,H,0,0,D,,8,7,2,2,13,13,4,4,3,1,0,0
19/04/2025,Paris SG,Le Havre,2,1,H,1,0,H,,18,9,11,1,7,10,7,3,0,0,0,0
19/04/2025,Monaco,Strasbourg,0,0,D,0,0,D,,12,5,4,2,18,10,3,2,3,3,0,0
19/04/2025,Marseille,Montpellier,5,1,H,1,0,H,,18,6,8,1,11,11,7,2,2,2,0,0
19/04/2025,Brentford,Brighton,4,2,H,1,1,D,T Robinson,16,12,8,3,7,11,4,8,3,3,0,1
19/04/2025,Crystal Palace,Bournemouth,0,0,D,0,0,D,S Barrott,5,15,0,4,13,10,5,4,3,4,1,0
19/04/2025,Everton,Man City,0,2,A,0,0,D,S Hooper,8,12,3,7,7,6,2,5,4,0,0,0
19/04/2025,West Ham,Southampton,1,1,D,0,0,D,A Kitchen,12,15,4,4,14,13,2,5,2,1,0,0
19/04/2025,Aston Villa,Newcastle,4,1,H,1,1,D,J Gillett,23,10,9,3,9,12,7,7,1,3,0,0
20/04/2025,Empoli,Venezia,2,2,D,0,0,D,,11,13,4,7,18,15,2,5,2,1,0,0
20/04/2025,Bologna,Inter,1,0,H,0,0,D,,12,8,3,1,12,21,5,6,2,3,0,0
20/04/2025,Milan,Atalanta,0,1,A,0,0,D,,12,11,1,2,8,7,7,5,0,1,0,0
20/04/2025,Augsburg,Ein Frankfurt,0,0,D,0,0,D,,13,8,2,5,6,8,3,9,2,1,0,0
20/04/2025,Dortmund,M'gladbach,3,2,H,3,1,H,,14,6,6,3,13,10,6,2,1,2,0,0
20/04/2025,St Pauli,Leverkusen,1,1,D,0,1,A,,10,6,5,4,12,12,4,4,1,4,0,0
20/04/2025,Valladolid,Osasuna,2,3,A,0,2,A,,12,11,5,6,12,17,5,2,2,0,0,0
20/04/2025,Villarreal,Sociedad,2,2,D,1,1,D,,20,4,5,4,12,12,10,4,5,1,0,0
20/04/2025,Sevilla,Alaves,1,1,D,1,1,D,,10,11,2,3,10,11,3,6,2,2,0,0
20/04/2025,Real Madrid,Ath Bilbao,1,0,H,0,0,D,,22,3,7,1,7,15,14,1,1,2,0,0
20/04/2025,Lille,Auxerre,3,1,H,2,0,H,,15,7,9,3,8,13,8,4,1,2,0,0
20/04/2025,Brest,Lens,1,3,A,1,2,A,,11,17,5,9,11,11,7,6,0,0,1,0
20/04/2025,Nice,Angers,2,1,H,1,0,H,,22,5,8,2,10,8,4,2,1,1,0,0
20/04/2025,Reims,Toulouse,1,0,H,1,0,H,,8,18,2,6,11,12,0,9,1,0,0,1
20/04/2025,St Etienne,Lyon,2,1,H,1,0,H,,18,14,6,2,12,13,8,6,3,4,0,0
20/04/2025,Fulham,Chelsea,1,2,A,1,0,H,A Taylor,6,13,1,8,13,9,6,4,1,3,0,0
20/04/2025,Ipswich,Arsenal,0,4,A,0,2,A,C Kavanagh,4,24,0,7,10,7,0,12,0,0,1,0
20/04/2025,Man United,Wolves,0,1,A,0,0,D,R Jones,12,4,2,2,11,18,9,2,2,3,0,0
20/04/2025,Leicester,Liverpool,0,1,A,0,0,D,S Attwell,5,28,0,10,11,7,1,13,1,2,0,0
21/04/2025,Girona,Betis,1,3,A,0,3,A,,11,17,5,9,13,11,8,9,3,2,0,0
21/04/2025,Tottenham,Nott'm Forest,1,2,A,0,2,A,P Bankes,22,4,6,3,11,12,7,1,1,4,0,0
22/04/2025,Valencia,Espanol,1,1,D,0,1,A,,16,8,7,3,7,7,6,4,2,1,0,0
22/04/2025,Barcelona,Mallorca,1,0,H,0,0,D,,40,4,13,0,10,7,13,2,0,1,0,0
22/04/2025,Nantes,Paris SG,1,1,D,0,1,A,,8,10,2,5,5,9,4,4,2,0,0,0
22/04/2025,Man City,Aston Villa,2,1,H,1,1,D,C Pawson,14,7,6,3,9,10,10,2,3,3,0,0
23/04/2025,Cagliari,Fiorentina,1,2,A,1,1,D,,8,8,2,4,15,15,4,4,2,2,0,0
23/04/2025,Genoa,Lazio,0,2,A,0,1,A,,8,15,4,6,16,10,6,8,3,1,1,1
23/04/2025,Parma,Juventus,1,0,H,1,0,H,,6,16,3,2,9,10,4,9,2,3,0,0
23/04/2025,Torino,Udinese,2,0,H,1,0,H,,10,10,4,6,11,13,8,7,2,2,0,0
23/04/2025,Ath Bilbao,Las Palmas,1,0,H,1,0,H,,13,10,4,2,13,9,3,3,1,3,0,0
23/04/2025,Celta,Villarreal,3,0,H,1,0,H,,21,4,9,1,16,10,6,3,2,1,0,1
23/04/2025,Alaves,Sociedad,1,0,H,0,0,D,,10,6,1,0,17,17,6,6,4,5,0,0
23/04/2025,Getafe,Real Madrid,0,1,A,0,1,A,,20,14,6,7,15,7,4,4,3,1,0,0
23/04/2025,Arsenal,Crystal Palace,2,2,D,2,1,H,M Salisbury,12,15,6,4,4,6,3,6,1,1,0,0
24/04/2025,Leganes,Girona,1,1,D,0,0,D,,7,8,1,3,16,18,4,5,4,2,1,0
24/04/2025,Osasuna,Sevilla,1,0,H,1,0,H,,9,12,2,3,14,13,4,4,4,2,0,1
24/04/2025,Ath Madrid,Vallecano,3,0,H,2,0,H,,10,12,5,5,8,15,6,3,0,2,0,0
24/04/2025,Betis,Valladolid,5,1,H,1,1,D,,16,10,6,5,7,7,4,4,1,0,0,0
25/04/2025,Stuttgart,Heidenheim,0,1,A,0,0,D,,19,6,3,2,14,16,6,5,0,4,0,0
25/04/2025,Paris SG,Nice,1,3,A,1,1,D,,32,7,13,3,9,11,17,0,3,1,0,0
26/04/2025,Bayern Munich,Mainz,3,0,H,2,0,H,,14,8,6,3,13,17,4,4,2,2,0,0
26/04/2025,Hoffenheim,Dortmund,2,3,A,0,1,A,,11,16,3,8,17,9,2,5,5,1,0,0
26/04/2025,Holstein Kiel,M'gladbach,4,3,H,2,0,H,,22,16,11,7,13,11,7,8,2,1,0,0
26/04/2025,Leverkusen,Augsburg,2,0,H,2,0,H,,14,11,5,2,10,10,3,7,0,1,0,0
26/04/2025,Wolfsburg,Freiburg,0,1,A,0,0,D,,8,15,1,2,6,9,3,2,3,1,1,0
26/04/2025,Ein Frankfurt,RB Leipzig,4,0,H,1,0,H,,9,7,6,3,10,13,8,4,1,2,0,1
26/04/2025,Strasbourg,St Etienne,3,1,H,1,1,D,,18,17,7,6,10,7,5,8,1,0,0,0
26/04/2025,Le Havre,Monaco,1,1,D,1,0,H,,9,19,3,7,12,13,3,6,1,0,0,0
26/04/2025,Lyon,Rennes,4,1,H,3,0,H,,14,10,8,4,12,9,7,2,0,0,0,0
26/04/2025,Chelsea,Everton,1,0,H,1,0,H,C Kavanagh,10,6,7,3,11,11,10,2,0,0,0,0
26/04/2025,Brighton,West Ham,3,2,H,1,0,H,D England,16,12,9,4,7,9,8,1,1,1,0,0
26/04/2025,Newcastle,Ipswich,3,0,H,1,0,H,M Salisbury,25,4,5,0,9,9,11,2,1,2,0,1
26/04/2025,Southampton,Fulham,1,2,A,1,0,H,T Harrington,7,26,3,5,10,12,0,13,1,1,0,0
26/04/2025,Wolves,Leicester,3,0,H,1,0,H,S Barrott,20,8,6,2,7,17,4,2,1,4,0,0
27/04/2025,Como,Genoa,1,0,H,0,0,D,,14,4,3,1,19,15,6,3,2,1,0,0
27/04/2025,Venezia,Milan,0,2,A,0,1,A,,15,12,2,2,14,13,7,2,1,0,0,0
27/04/2025,Fiorentina,Empoli,2,1,H,2,0,H,,6,8,3,5,16,18,1,6,3,2,0,0
27/04/2025,Inter,Roma,0,1,A,0,1,A,,17,19,2,7,11,9,4,3,1,2,0,0
27/04/2025,Juventus,Monza,2,0,H,2,0,H,,10,12,5,3,17,5,0,5,3,3,1,0
27/04/2025,Atalanta,Lecce,1,1,D,0,1,A,,21,10,6,3,10,8,12,3,1,1,0,0
27/04/2025,Napoli,Torino,2,0,H,2,0,H,,8,9,2,0,5,13,2,5,0,3,0,0
27/04/2025,Bochum,Union Berlin,1,1,D,0,1,A,,10,5,4,1,11,9,10,4,3,2,0,0
27/04/2025,Werder Bremen,St Pauli,0,0,D,0,0,D,,11,10,2,4,9,16,1,3,2,3,0,1
27/04/2025,Villarreal,Espanol,1,0,H,0,0,D,,14,12,5,1,19,11,8,6,4,0,0,0
27/04/2025,Angers,Lille,0,2,A,0,1,A,,6,9,3,5,17,10,7,2,1,5,0,1
27/04/2025,Lens,Auxerre,0,4,A,0,3,A,,16,12,5,8,12,13,8,1,4,4,1,0
27/04/2025,Montpellier,Reims,0,0,D,0,0,D,,12,8,2,3,17,13,5,5,3,3,0,0
27/04/2025,Nantes,Toulouse,0,0,D,0,0,D,,11,6,3,3,13,11,3,5,2,3,0,1
27/04/2025,Marseille,Brest,4,1,H,3,1,H,,11,9,7,4,14,16,4,3,1,4,0,0
27/04/2025,Bournemouth,Man United,1,1,D,1,0,H,P Bankes,8,25,1,6,11,12,5,10,4,2,1,0
27/04/2025,Liverpool,Tottenham,5,1,H,3,1,H,T Bramall,25,8,8,3,16,9,8,2,2,1,0,0
28/04/2025,Udinese,Bologna,0,0,D,0,0,D,,13,12,4,1,21,10,5,6,3,2,0,0
28/04/2025,Lazio,Parma,2,2,D,0,1,A,,14,7,7,5,12,11,5,1,1,3,0,0
28/04/2025,Verona,Cagliari,0,2,A,0,1,A,,6,6,2,4,14,9,2,3,2,1,1,0
01/05/2025,Nott'm Forest,Brentford,0,2,A,0,1,A,D England,14,11,5,3,10,12,4,5,3,5,0,0
02/05/2025,Torino,Venezia,1,1,D,0,1,A,,19,7,4,3,7,18,5,1,1,0,0,0
02/05/2025,Heidenheim,Bochum,0,0,D,0,0,D,,11,14,3,3,8,14,6,4,0,1,0,0
02/05/2025,Vallecano,Getafe,1,0,H,1,0,H,,13,12,8,1,12,13,7,3,3,2,0,1
02/05/2025,Nice,Reims,1,0,H,1,0,H,,8,16,2,3,14,21,5,3,2,2,0,0
02/05/2025,Man City,Wolves,1,0,H,1,0,H,P Bankes,9,6,2,1,7,11,4,5,0,0,0,0
03/05/2025,Cagliari,Udinese,1,2,A,1,1,D,,8,11,2,3,5,15,5,4,1,2,0,0
03/05/2025,Parma,Como,0,1,A,0,0,D,,13,13,3,4,16,14,5,5,1,1,0,0
03/05/2025,Lecce,Napoli,0,1,A,0,1,A,,9,8,1,2,11,4,5,2,2,0,0,0
03/05/2025,Inter,Verona,1,0,H,1,0,H,,9,6,2,1,6,11,4,3,1,3,0,0
03/05/2025,M'gladbach,Hoffenheim,4,4,D,2,1,H,,12,26,7,8,6,8,4,7,0,0,0,0
03/05/2025,RB Leipzig,Bayern Munich,3,3,D,2,0,H,,8,20,6,6,9,6,2,7,3,1,0,0
03/05/2025,St Pauli,Stuttgart,0,1,A,0,0,D,,6,21,1,8,17,12,4,4,6,3,2,0
03/05/2025,Union Berlin,Werder Bremen,2,2,D,1,2,A,,17,13,7,6,9,8,5,5,2,3,0,0
03/05/2025,Dortmund,Wolfsburg,4,0,H,1,0,H,,11,11,5,2,13,6,4,3,0,1,0,0
03/05/2025,Alaves,Ath Madrid,0,0,D,0,0,D,,8,9,2,2,18,13,3,5,3,2,0,0
03/05/2025,Villarreal,Osasuna,4,2,H,3,0,H,,15,11,5,4,10,18,2,8,4,1,0,0
03/05/2025,Las Palmas,Valencia,2,3,A,1,1,D,,15,10,3,5,12,6,9,5,1,1,0,0
03/05/2025,Valladolid,Barcelona,1,2,A,1,0,H,,5,24,4,7,12,15,4,8,3,2,0,0
03/05/2025,Strasbourg,Paris SG,2,1,H,2,0,H,,9,20,2,4,14,13,6,2,1,2,0,0
03/05/2025,Toulouse,Rennes,2,1,H,1,0,H,,9,15,3,6,7,15,6,5,2,2,0,0
03/05/2025,St Etienne,Monaco,1,3,A,0,1,A,,11,12,1,6,15,12,6,5,0,0,0,0
03/05/2025,Aston Villa,Fulham,1,0,H,1,0,H,R Jones,10,11,3,3,6,17,5,3,0,5,0,0
03/05/2025,Everton,Ipswich,2,2,D,2,1,H,L Smith,8,12,3,5,12,15,3,3,4,4,0,0
03/05/2025,Leicester,Southampton,2,0,H,2,0,H,D Webb,14,8,4,2,12,13,7,7,1,3,0,0
03/05/2025,Arsenal,Bournemouth,1,2,A,1,0,H,J Gillett,13,9,4,2,7,16,2,3,0,2,0,0
04/05/2025,Empoli,Lazio,0,1,A,0,1,A,,7,9,2,3,16,8,2,7,5,5,1,1
04/05/2025,Monza,Atalanta,0,4,A,0,2,A,,13,15,7,5,9,10,3,7,1,2,0,0
04/05/2025,Roma,Fiorentina,1,0,H,1,0,H,,12,13,4,5,9,8,7,4,2,2,0,1
04/05/2025,Bologna,Juventus,1,1,D,0,1,A,,9,6,2,3,6,19,10,3,1,3,0,0
04/05/2025,Augsburg,Holstein Kiel,1,3,A,0,2,A,,27,7,10,5,4,20,12,0,0,2,0,0
04/05/2025,Freiburg,Leverkusen,2,2,D,1,0,H,,8,5,4,2,10,16,4,1,1,2,0,0
04/05/2025,Mainz,Ein Frankfurt,1,1,D,0,1,A,,12,8,3,2,10,10,8,1,1,0,0,0
04/05/2025,Real Madrid,Celta,3,2,H,2,0,H,,17,14,6,7,5,11,4,6,2,1,0,0
04/05/2025,Sevilla,Leganes,2,2,D,1,1,D,,25,9,7,3,17,12,8,2,4,5,0,0
04/05/2025,Espanol,Betis,1,2,A,1,0,H,,11,20,5,10,16,10,3,7,2,0,0,0
04/05/2025,Sociedad,Ath Bilbao,0,0,D,0,0,D,,12,3,3,1,18,13,7,3,1,2,0,0
04/05/2025,Nantes,Angers,0,1,A,0,0,D,,8,14,3,2,12,16,4,6,2,3,0,0
04/05/2025,Auxerre,Le Havre,1,2,A,0,0,D,,4,11,1,5,11,10,0,9,2,1,0,0
04/05/2025,Brest,Montpellier,1,0,H,1,0,H,,16,6,5,1,14,18,4,6,1,2,0,0
04/05/2025,Lyon,Lens,1,2,A,0,1,A,,18,8,4,3,8,12,8,2,2,3,0,0
04/05/2025,Lille,Marseille,1,1,D,0,0,D,,5,13,1,6,9,8,2,5,2,2,0,0
04/05/2025,Brentford,Man United,4,3,H,2,1,H,A Taylor,12,14,6,5,8,10,7,4,0,2,0,0
04/05/2025,Brighton,Newcastle,1,1,D,1,0,H,C Pawson,5,13,2,5,15,10,1,4,2,1,0,0
04/05/2025,West Ham,Tottenham,1,1,D,1,1,D,M Oliver,11,7,2,2,18,15,1,3,2,2,0,0
04/05/2025,Chelsea,Liverpool,3,1,H,1,0,H,S Hooper,17,11,7,2,10,11,3,6,2,2,0,0
05/05/2025,Genoa,Milan,1,2,A,0,0,D,,11,10,4,5,14,12,8,7,1,5,0,0
05/05/2025,Girona,Mallorca,1,0,H,1,0,H,,13,9,6,1,11,14,5,2,0,2,0,0
05/05/2025,Crystal Palace,Nott'm Forest,1,1,D,0,0,D,A Madley,20,12,3,4,9,15,7,4,3,8,0,0
09/05/2025,Milan,Bologna,3,1,H,0,0,D,,10,10,5,4,5,14,3,4,2,2,0,0
09/05/2025,Wolfsburg,Hoffenheim,2,2,D,1,1,D,,14,17,5,7,11,10,5,6,0,2,0,0
09/05/2025,Las Palmas,Vallecano,0,1,A,0,0,D,,11,16,2,5,8,9,8,8,2,3,0,0
10/05/2025,Como,Cagliari,3,1,H,2,1,H,,19,9,5,3,9,15,5,1,1,3,0,0
10/05/2025,Lazio,Juventus,1,1,D,0,0,D,,19,8,6,3,14,10,3,3,5,4,0,1
10/05/2025,Empoli,Parma,2,1,H,1,0,H,,15,3,4,1,21,16,4,0,2,2,0,1
10/05/2025,Bochum,Mainz,1,4,A,0,1,A,,11,22,6,8,9,6,6,6,3,0,0,0
10/05/2025,Holstein Kiel,Freiburg,1,2,A,1,1,D,,15,9,3,4,9,13,2,5,1,0,0,0
10/05/2025,Union Berlin,Heidenheim,0,3,A,0,1,A,,10,8,1,4,14,7,1,2,2,0,0,0
10/05/2025,Werder Bremen,RB Leipzig,0,0,D,0,0,D,,21,16,6,4,6,13,11,4,1,3,0,0
10/05/2025,Bayern Munich,M'gladbach,2,0,H,1,0,H,,24,16,9,6,3,8,4,9,1,1,0,0
10/05/2025,Valencia,Getafe,3,0,H,3,0,H,,10,10,6,3,17,20,2,6,3,5,0,0
10/05/2025,Celta,Sevilla,3,2,H,1,1,D,,8,19,4,10,11,16,3,6,0,2,1,0
10/05/2025,Girona,Villarreal,0,1,A,0,0,D,,7,14,0,5,13,10,5,3,2,3,0,0
10/05/2025,Mallorca,Valladolid,2,1,H,1,1,D,,12,16,4,7,16,12,5,10,2,1,0,0
10/05/2025,Ath Madrid,Sociedad,4,0,H,4,0,H,,13,6,7,1,7,12,3,3,0,1,0,0
10/05/2025,Angers,Strasbourg,2,1,H,1,1,D,,5,15,2,3,6,10,2,6,2,2,0,0
10/05/2025,Auxerre,Nantes,1,1,D,1,0,H,,9,7,3,2,15,16,7,3,3,1,0,0
10/05/2025,Brest,Lille,2,0,H,1,0,H,,12,18,4,2,6,14,3,7,1,1,0,0
10/05/2025,Le Havre,Marseille,1,3,A,0,0,D,,10,22,4,5,12,12,2,9,2,2,0,0
10/05/2025,Monaco,Lyon,2,0,H,0,0,D,,11,9,5,4,16,18,3,5,2,4,0,0
10/05/2025,Montpellier,Paris SG,1,4,A,0,1,A,,9,10,4,8,14,11,5,4,1,1,0,0
10/05/2025,Reims,St Etienne,0,2,A,0,2,A,,19,9,3,4,13,12,4,5,1,0,0,0
10/05/2025,Rennes,Nice,2,0,H,1,0,H,,10,14,4,6,5,13,1,5,1,1,0,0
10/05/2025,Toulouse,Lens,1,1,D,0,0,D,,9,12,6,2,17,12,2,1,2,5,0,0
10/05/2025,Fulham,Everton,1,3,A,1,1,D,M Salisbury,18,11,6,7,15,9,5,5,1,0,0,0
10/05/2025,Ipswich,Brentford,0,1,A,0,1,A,S Barrott,11,15,4,5,6,12,5,6,2,4,0,0
10/05/2025,Southampton,Man City,0,0,D,0,0,D,T Robinson,2,26,0,5,9,8,1,15,2,0,0,0
10/05/2025,Wolves,Brighton,0,2,A,0,1,A,M Oliver,10,7,3,2,8,12,7,4,1,1,0,0
10/05/2025,Bournemouth,Aston Villa,0,1,A,0,1,A,S Attwell,10,6,4,3,19,12,10,0,4,3,0,1
11/05/2025,Udinese,Monza,1,2,A,0,0,D,,21,5,5,2,21,8,7,0,2,3,0,0
11/05/2025,Verona,Lecce,1,1,D,1,1,D,,6,11,2,3,17,15,3,6,4,0,0,0
11/05/2025,Torino,Inter,0,2,A,0,1,A,,17,12,3,7,14,6,9,3,1,3,0,0
11/05/2025,Napoli,Genoa,2,2,D,1,1,D,,22,8,11,2,12,14,8,0,1,2,0,0
11/05/2025,Leverkusen,Dortmund,2,4,A,1,2,A,,19,9,10,5,7,8,12,0,0,2,0,0
11/05/2025,Ein Frankfurt,St Pauli,2,2,D,1,2,A,,13,5,5,2,11,12,3,1,2,2,0,0
11/05/2025,Stuttgart,Augsburg,4,0,H,1,0,H,,29,7,11,0,9,7,11,2,1,1,0,1
11/05/2025,Leganes,Espanol,3,2,H,2,0,H,,13,12,5,6,14,18,3,8,2,2,0,0
11/05/2025,Barcelona,Real Madrid,4,3,H,4,2,H,,23,9,9,5,17,15,10,2,4,3,0,0
11/05/2025,Ath Bilbao,Alaves,1,0,H,0,0,D,,11,4,3,1,17,12,9,2,1,1,0,0
11/05/2025,Betis,Osasuna,1,1,D,0,0,D,,10,16,5,5,8,12,6,7,3,2,0,0
11/05/2025,Newcastle,Chelsea,2,0,H,1,0,H,J Brooks,15,10,6,3,9,13,2,8,4,2,0,1
11/05/2025,Man United,West Ham,0,2,A,0,1,A,J Gillett,20,9,5,4,3,13,8,5,0,1,0,0
11/05/2025,Nott'm Forest,Leicester,2,2,D,1,1,D,T Harrington,15,10,4,6,11,11,4,4,3,3,0,0
11/05/2025,Tottenham,Crystal Palace,0,2,A,0,1,A,C Kavanagh,8,23,1,10,12,10,4,8,1,1,0,0
11/05/2025,Liverpool,Arsenal,2,2,D,2,0,H,A Taylor,14,15,5,7,13,10,3,1,1,1,0,1
12/05/2025,Venezia,Fiorentina,2,1,H,0,0,D,,4,5,4,1,21,17,1,5,1,4,0,0
12/05/2025,Atalanta,Roma,2,1,H,1,1,D,,16,10,3,4,14,14,8,7,1,0,0,0
13/05/2025,Valladolid,Girona,0,1,A,0,0,D,,11,13,4,5,5,19,6,4,0,0,0,0
13/05/2025,Sociedad,Celta,0,1,A,0,1,A,,15,6,5,2,18,11,14,1,3,1,0,0
13/05/2025,Sevilla,Las Palmas,1,0,H,0,0,D,,10,14,3,3,22,15,4,2,6,6,0,0
14/05/2025,Alaves,Valencia,1,0,H,0,0,D,,11,10,5,3,16,10,9,4,4,3,0,0
14/05/2025,Villarreal,Leganes,3,0,H,3,0,H,,17,23,7,6,5,11,3,6,1,1,0,0
14/05/2025,Real Madrid,Mallorca,2,1,H,0,1,A,,39,4,13,2,6,15,26,0,0,3,0,0
15/05/2025,Vallecano,Betis,2,2,D,2,0,H,,20,10,6,3,8,18,10,7,1,3,0,0
15/05/2025,Osasuna,Ath Madrid,2,0,H,1,0,H,,9,9,3,5,12,11,3,5,1,1,0,0
15/05/2025,Espanol,Barcelona,0,2,A,0,0,D,,9,12,1,4,8,10,3,3,2,2,1,0
15/05/2025,Getafe,Ath Bilbao,0,2,A,0,0,D,,11,9,1,2,10,7,2,5,1,0,0,0
16/05/2025,Aston Villa,Tottenham,2,0,H,0,0,D,P Bankes,18,3,7,1,5,12,9,1,1,2,0,0
16/05/2025,Chelsea,Man United,1,0,H,0,0,D,C Kavanagh,11,4,3,1,10,14,7,2,1,6,0,0
17/05/2025,Genoa,Atalanta,2,3,A,1,0,H,,12,13,5,6,10,14,7,0,0,0,0,0
17/05/2025,Augsburg,Union Berlin,1,2,A,1,0,H,,19,6,4,4,6,5,4,0,0,0,0,0
17/05/2025,Dortmund,Holstein Kiel,3,0,H,1,0,H,,19,4,6,2,12,6,7,1,3,1,0,1
17/05/2025,Freiburg,Ein Frankfurt,1,3,A,1,1,D,,8,11,1,6,13,16,4,7,2,4,0,0
17/05/2025,Heidenheim,Werder Bremen,1,4,A,0,2,A,,21,13,8,7,11,11,6,4,2,2,0,0
17/05/2025,Hoffenheim,Bayern Munich,0,4,A,0,1,A,,6,14,2,5,9,7,1,4,0,0,0,0
17/05/2025,Mainz,Leverkusen,2,2,D,1,0,H,,20,7,6,4,14,13,7,3,2,6,0,0
17/05/2025,M'gladbach,Wolfsburg,0,1,A,0,0,D,,16,17,3,6,6,4,7,10,0,0,0,0
17/05/2025,RB Leipzig,Stuttgart,2,3,A,2,1,H,,8,15,5,7,9,9,5,8,1,0,0,0
17/05/2025,St Pauli,Bochum,0,2,A,0,1,A,,10,9,2,6,3,11,7,4,0,0,0,0
17/05/2025,Lens,Monaco,4,0,H,1,0,H,,15,6,5,4,14,9,5,4,1,1,0,1
17/05/2025,Lille,Reims,2,1,H,1,0,H,,21,5,5,2,11,7,10,3,0,1,0,0
17/05/2025,Lyon,Angers,2,0,H,0,0,D,,21,13,4,3,10,13,8,8,1,3,0,0
17/05/2025,Marseille,Rennes,4,2,H,3,1,H,,17,9,10,3,8,12,5,5,3,3,0,0
17/05/2025,Nantes,Montpellier,3,0,H,2,0,H,,18,9,6,0,14,9,7,2,3,1,0,0
17/05/2025,Nice,Brest,6,0,H,3,0,H,,18,10,9,1,13,12,5,2,0,5,0,0
17/05/2025,Paris SG,Auxerre,3,1,H,0,1,A,,21,7,9,2,10,9,5,2,1,2,0,0
17/05/2025,St Etienne,Toulouse,2,3,A,1,2,A,,18,17,7,9,10,7,7,6,3,2,0,0
17/05/2025,Strasbourg,Le Havre,2,3,A,1,1,D,,6,10,4,5,18,8,4,3,2,0,1,0
18/05/2025,Cagliari,Venezia,3,0,H,2,0,H,,20,10,5,1,7,9,8,8,1,1,0,0
18/05/2025,Fiorentina,Bologna,3,2,H,1,0,H,,6,15,5,3,21,17,2,4,4,1,0,1
18/05/2025,Inter,Lazio,2,2,D,1,0,H,,10,12,3,4,14,10,5,1,1,3,0,0
18/05/2025,Juventus,Udinese,2,0,H,0,0,D,,24,7,7,2,9,13,12,3,0,3,0,0
18/05/2025,Lecce,Torino,1,0,H,0,0,D,,10,10,4,4,13,8,3,4,1,1,0,0
18/05/2025,Monza,Empoli,1,3,A,1,0,H,,12,9,4,4,8,16,2,6,0,1,0,0
18/05/2025,Parma,Napoli,0,0,D,0,0,D,,6,7,4,2,13,16,3,2,2,2,0,0
18/05/2025,Roma,Milan,3,1,H,1,1,D,,15,12,6,3,12,16,4,2,3,2,0,1
18/05/2025,Verona,Como,1,1,D,0,1,A,,16,12,3,5,13,10,5,5,2,3,0,0
18/05/2025,Ath Madrid,Betis,4,1,H,2,0,H,,20,12,11,7,12,9,7,4,1,1,0,0
18/05/2025,Barcelona,Villarreal,2,3,A,2,1,H,,24,7,9,3,14,9,11,3,2,0,0,0
18/05/2025,Celta,Vallecano,1,2,A,1,2,A,,24,7,7,2,10,17,9,2,2,3,0,0
18/05/2025,Las Palmas,Leganes,0,1,A,0,1,A,,12,11,3,4,15,12,9,2,2,2,0,0
18/05/2025,Mallorca,Getafe,1,2,A,0,0,D,,7,10,1,4,14,9,3,4,2,2,0,0
18/05/2025,Osasuna,Espanol,2,0,H,1,0,H,,16,16,3,6,11,5,8,6,1,1,0,0
18/05/2025,Sevilla,Real Madrid,0,2,A,0,0,D,,6,16,1,6,7,9,1,7,0,1,2,0
18/05/2025,Sociedad,Girona,3,2,H,2,1,H,,15,9,9,5,10,9,9,2,1,3,0,0
18/05/2025,Valencia,Ath Bilbao,0,1,A,0,0,D,,6,10,2,4,10,16,5,3,3,1,0,0
18/05/2025,Valladolid,Alaves,0,1,A,0,1,A,,7,14,1,4,12,24,5,9,0,2,0,0
18/05/2025,Everton,Southampton,2,0,H,2,0,H,M Oliver,13,6,5,2,6,10,4,5,1,1,0,0
18/05/2025,West Ham,Nott'm Forest,1,2,A,0,1,A,S Barrott,16,10,5,5,14,7,8,7,6,3,0,0
18/05/2025,Brentford,Fulham,2,3,A,2,1,H,J Gillett,11,16,6,7,12,8,5,3,4,4,0,0
18/05/2025,Leicester,Ipswich,2,0,H,1,0,H,A Kitchen,9,20,3,2,15,12,2,2,1,0,0,0
18/05/2025,Arsenal,Newcastle,1,0,H,0,0,D,S Hooper,12,14,4,5,9,9,10,7,3,3,0,0
19/05/2025,Brighton,Liverpool,3,2,H,1,2,A,J Brooks,25,18,12,5,9,8,3,3,1,0,0,0
20/05/2025,Crystal Palace,Wolves,4,2,H,2,1,H,D Webb,14,12,10,3,14,8,0,10,1,2,0,0
20/05/2025,Man City,Bournemouth,3,1,H,2,0,H,T Bramall,12,8,5,2,7,13,3,1,1,3,1,1
23/05/2025,Como,Inter,0,2,A,0,1,A,,18,11,4,7,10,9,1,4,1,3,1,0
23/05/2025,Napoli,Cagliari,2,0,H,1,0,H,,18,4,6,1,14,14,8,3,2,1,0,0
23/05/2025,Betis,Valencia,1,1,D,1,0,H,,14,9,4,2,8,12,3,2,1,2,0,0
24/05/2025,Bologna,Genoa,1,3,A,0,3,A,,16,5,5,3,13,23,13,1,5,2,0,0
24/05/2025,Milan,Monza,2,0,H,0,0,D,,21,6,6,2,8,9,4,6,0,1,0,0
24/05/2025,Real Madrid,Sociedad,2,0,H,1,0,H,,16,9,8,1,5,7,11,4,0,0,0,0
24/05/2025,Espanol,Las Palmas,2,0,H,0,0,D,,8,10,3,4,12,11,3,6,3,2,0,0
24/05/2025,Leganes,Valladolid,3,0,H,3,0,H,,16,6,6,2,11,16,3,4,0,1,0,0
24/05/2025,Alaves,Osasuna,1,1,D,0,0,D,,14,19,5,5,15,6,5,9,2,2,0,0
24/05/2025,Getafe,Celta,1,2,A,1,1,D,,6,15,1,8,13,10,2,6,3,4,1,0
24/05/2025,Vallecano,Mallorca,0,0,D,0,0,D,,27,9,8,2,9,14,11,2,2,2,0,0
25/05/2025,Atalanta,Parma,2,3,A,2,0,H,,11,18,5,10,7,7,5,6,1,1,0,0
25/05/2025,Empoli,Verona,1,2,A,1,1,D,,14,5,5,2,10,29,13,1,2,2,0,0
25/05/2025,Lazio,Lecce,0,1,A,0,1,A,,26,9,7,3,11,11,14,4,2,3,1,1
25/05/2025,Torino,Roma,0,2,A,0,1,A,,11,15,4,5,15,11,2,1,1,1,0,0
25/05/2025,Udinese,Fiorentina,2,3,A,1,0,H,,12,25,3,11,15,6,2,8,3,2,1,0
25/05/2025,Venezia,Juventus,2,3,A,1,2,A,,12,15,5,5,10,18,6,6,1,2,0,0
25/05/2025,Girona,Ath Madrid,0,4,A,0,0,D,,2,19,1,11,13,11,1,8,0,1,0,0
25/05/2025,Villarreal,Sevilla,4,2,H,3,1,H,,12,17,7,6,8,14,3,5,0,1,0,0
25/05/2025,Ath Bilbao,Barcelona,0,3,A,0,2,A,,10,13,1,4,21,10,2,6,1,0,0,0
25/05/2025,Bournemouth,Leicester,2,0,H,0,0,D,L Smith,20,3,7,0,19,16,6,1,0,2,0,0
25/05/2025,Fulham,Man City,0,2,A,0,1,A,A Madley,13,20,3,5,11,5,1,6,0,0,0,0
25/05/2025,Ipswich,West Ham,1,3,A,0,1,A,T Robinson,14,10,4,6,10,9,4,0,1,1,0,0
25/05/2025,Liverpool,Crystal Palace,1,1,D,0,1,A,D England,14,8,3,5,7,10,11,0,1,0,1,0
25/05/2025,Man United,Aston Villa,2,0,H,0,0,D,T Bramall,25,6,10,1,10,10,4,3,2,2,0,1
25/05/2025,Newcastle,Everton,0,1,A,0,0,D,T Harrington,17,14,6,6,12,9,12,3,1,4,0,0
25/05/2025,Nott'm Forest,Chelsea,0,1,A,0,0,D,A Taylor,10,6,2,2,10,11,7,4,2,2,0,0
25/05/2025,Southampton,Arsenal,1,2,A,0,1,A,D Bond,7,23,2,8,7,8,5,8,0,0,0,0
25/05/2025,Tottenham,Brighton,1,4,A,1,0,H,R Jones,4,23,2,8,13,8,2,11,3,1,0,0
25/05/2025,Wolves,Brentford,1,1,D,0,1,A,C Pawson,18,13,6,7,7,9,8,3,2,1,0,0
15/08/2025,Girona,Vallecano,1,3,A,0,3,A,,7,16,2,5,8,17,2,4,0,1,1,0
15/08/2025,Villarreal,Oviedo,2,0,H,2,0,H,,25,5,10,4,10,8,10,1,1,2,0,1
15/08/2025,Rennes,Marseille,1,0,H,0,0,D,,12,24,5,2,8,11,1,12,2,3,1,0
15/08/2025,Liverpool,Bournemouth,4,2,H,1,0,H,A Taylor,19,10,10,3,7,10,6,7,1,2,0,0
16/08/2025,Mallorca,Barcelona,0,3,A,0,2,A,,4,24,1,8,8,17,3,6,4,1,2,0
16/08/2025,Alaves,Levante,2,1,H,1,0,H,,15,7,4,3,15,13,10,1,0,1,0,0
16/08/2025,Valencia,Sociedad,1,1,D,0,0,D,,18,13,2,3,5,11,8,7,1,2,0,0
16/08/2025,Lens,Lyon,0,1,A,0,1,A,,18,11,5,3,13,20,13,8,2,3,0,0
16/08/2025,Monaco,Le Havre,3,1,H,1,0,H,,13,9,3,4,5,14,5,4,0,1,0,0
16/08/2025,Nice,Toulouse,0,1,A,0,0,D,,13,10,2,2,12,13,9,4,2,3,0,0
16/08/2025,Aston Villa,Newcastle,0,0,D,0,0,D,C Pawson,3,16,3,3,13,11,3,6,1,1,1,0
16/08/2025,Brighton,Fulham,1,1,D,0,0,D,S Barrott,10,7,4,2,16,15,4,3,3,3,0,0
16/08/2025,Sunderland,West Ham,3,0,H,0,0,D,R Jones,10,12,5,4,8,10,5,7,0,1,0,0
16/08/2025,Tottenham,Burnley,3,0,H,1,0,H,M Oliver,16,14,6,4,14,8,6,5,0,0,0,0
16/08/2025,Wolves,Man City,0,4,A,0,2,A,J Gillett,9,15,3,4,13,7,4,6,1,2,0,0
17/08/2025,Celta,Getafe,0,2,A,0,0,D,,11,10,3,3,15,17,9,3,3,2,0,0
17/08/2025,Ath Bilbao,Sevilla,3,2,H,2,0,H,,14,12,3,6,8,12,10,1,0,2,0,0
17/08/2025,Espanol,Ath Madrid,2,1,H,0,1,A,,10,15,5,4,14,11,1,3,3,3,0,0
17/08/2025,Brest,Lille,3,3,D,1,2,A,,18,10,5,6,11,13,2,2,2,1,0,0
17/08/2025,Angers,Paris FC,1,0,H,1,0,H,,8,17,2,7,14,10,3,7,2,1,1,0
17/08/2025,Auxerre,Lorient,1,0,H,0,0,D,,7,14,3,3,18,14,4,5,3,2,0,0
17/08/2025,Metz,Strasbourg,0,1,A,0,0,D,,2,9,0,4,16,13,3,3,2,2,0,0
17/08/2025,Nantes,Paris SG,0,1,A,0,0,D,,6,18,0,4,6,6,2,7,1,1,0,0
17/08/2025,Chelsea,Crystal Palace,0,0,D,0,0,D,D England,19,12,3,4,10,12,11,2,2,3,0,0
17/08/2025,Nott'm Forest,Brentford,3,1,H,3,0,H,P Bankes,11,10,5,3,7,15,5,5,1,2,0,0
17/08/2025,Man United,Arsenal,0,1,A,0,1,A,S Hooper,22,9,7,3,10,19,3,4,1,4,0,0
18/08/2025,Elche,Betis,1,1,D,0,1,A,,6,12,2,4,14,13,1,3,0,1,0,0
18/08/2025,Leeds,Everton,1,0,H,0,0,D,C Kavanagh,21,7,3,1,6,8,7,2,0,2,0,0
19/08/2025,Real Madrid,Osasuna,1,0,H,0,0,D,,18,2,5,0,10,12,7,0,1,0,0,1
22/08/2025,Bayern Munich,RB Leipzig,6,0,H,3,0,H,,19,12,10,1,13,13,5,5,4,1,0,0
22/08/2025,Betis,Alaves,1,0,H,1,0,H,,16,11,5,5,10,17,5,2,2,3,0,0
22/08/2025,Paris SG,Angers,1,0,H,0,0,D,,21,3,4,0,3,9,12,0,0,0,0,0
22/08/2025,West Ham,Chelsea,1,5,A,1,3,A,M Oliver,12,12,4,7,7,10,7,5,0,1,0,0
23/08/2025,Genoa,Lecce,0,0,D,0,0,D,,5,7,2,0,16,13,3,7,2,3,0,0
23/08/2025,Sassuolo,Napoli,0,2,A,0,1,A,,7,13,2,4,17,17,1,2,3,1,1,0
23/08/2025,Milan,Cremonese,1,2,A,1,1,D,,24,4,6,3,10,14,9,2,1,4,0,0
23/08/2025,Roma,Bologna,1,0,H,0,0,D,,14,10,4,2,15,13,2,4,1,1,0,0
23/08/2025,Ein Frankfurt,Werder Bremen,4,1,H,2,0,H,,18,10,5,5,9,9,7,1,1,3,0,0
23/08/2025,Freiburg,Augsburg,1,3,A,0,3,A,,16,14,4,5,14,18,5,5,4,5,0,0
23/08/2025,Heidenheim,Wolfsburg,1,3,A,1,1,D,,7,15,2,5,12,12,2,5,2,3,0,0
23/08/2025,Leverkusen,Hoffenheim,1,2,A,1,1,D,,7,10,2,5,9,17,6,4,0,4,0,0
23/08/2025,Union Berlin,Stuttgart,2,1,H,2,0,H,,8,21,2,6,21,13,5,11,4,4,0,0
23/08/2025,St Pauli,Dortmund,3,3,D,0,1,A,,11,8,7,7,13,12,5,2,2,3,0,1
23/08/2025,Mallorca,Celta,1,1,D,0,1,A,,12,8,4,2,12,12,3,4,3,3,0,0
23/08/2025,Ath Madrid,Elche,1,1,D,1,1,D,,13,6,6,2,14,7,10,2,0,3,0,0
23/08/2025,Levante,Barcelona,2,3,A,2,0,H,,8,26,5,10,10,8,0,11,3,1,0,0
23/08/2025,Marseille,Paris FC,5,2,H,2,1,H,,12,8,7,4,9,12,5,2,1,0,0,0
23/08/2025,Nice,Auxerre,3,1,H,2,1,H,,16,12,6,8,10,15,5,4,2,2,0,1
23/08/2025,Lyon,Metz,3,0,H,2,0,H,,13,11,8,2,13,15,4,3,0,2,0,0
23/08/2025,Man City,Tottenham,0,2,A,0,2,A,P Bankes,10,12,4,5,7,12,7,2,1,4,0,0
23/08/2025,Bournemouth,Wolves,1,0,H,1,0,H,T Bramall,14,6,4,1,13,16,8,3,2,4,0,1
23/08/2025,Brentford,Aston Villa,1,0,H,1,0,H,T Harrington,9,17,2,2,11,9,2,9,1,2,0,0
23/08/2025,Burnley,Sunderland,2,0,H,0,0,D,M Salisbury,7,9,2,1,9,5,4,3,0,1,0,0
23/08/2025,Arsenal,Leeds,5,0,H,2,0,H,J Gillett,18,3,5,1,8,11,2,2,0,2,0,0
24/08/2025,Cagliari,Fiorentina,1,1,D,0,0,D,,14,4,6,1,18,14,3,2,4,2,0,0
24/08/2025,Como,Lazio,2,0,H,0,0,D,,19,5,6,1,15,12,6,0,2,3,0,0
24/08/2025,Atalanta,Pisa,1,1,D,0,1,A,,21,11,6,2,9,10,10,4,2,0,0,0
24/08/2025,Juventus,Parma,2,0,H,0,0,D,,25,8,8,2,9,13,6,6,1,2,1,0
24/08/2025,Mainz,FC Koln,0,1,A,0,0,D,,19,12,2,2,7,9,8,3,0,2,1,0
24/08/2025,M'gladbach,Hamburg,0,0,D,0,0,D,,17,7,4,2,10,10,7,6,2,1,0,0
24/08/2025,Osasuna,Valencia,1,0,H,1,0,H,,16,4,4,1,14,13,3,4,2,1,0,1
24/08/2025,Sociedad,Espanol,2,2,D,0,2,A,,15,14,7,3,16,18,5,2,2,2,0,0
24/08/2025,Villarreal,Girona,5,0,H,4,0,H,,19,5,7,2,8,9,8,1,1,2,0,0
24/08/2025,Oviedo,Real Madrid,0,3,A,0,1,A,,6,26,3,10,8,7,1,9,2,1,0,0
24/08/2025,Lorient,Rennes,4,0,H,1,0,H,,22,5,7,1,18,7,3,2,6,0,0,2
24/08/2025,Le Havre,Lens,1,2,A,1,2,A,,18,6,6,3,17,16,7,0,3,1,0,0
24/08/2025,Strasbourg,Nantes,1,0,H,0,0,D,,15,9,4,2,11,9,7,6,2,2,0,0
24/08/2025,Toulouse,Brest,2,0,H,0,0,D,,6,16,3,2,14,10,3,9,0,1,0,0
24/08/2025,Lille,Monaco,1,0,H,0,0,D,,18,6,1,1,7,14,8,3,1,2,0,0
24/08/2025,Crystal Palace,Nott'm Forest,1,1,D,1,0,H,A Taylor,8,9,4,1,11,11,1,3,3,3,0,0
24/08/2025,Everton,Brighton,2,0,H,1,0,H,S Attwell,11,13,3,4,7,15,2,2,4,3,0,0
24/08/2025,Fulham,Man United,1,1,D,0,0,D,C Kavanagh,13,10,4,3,12,10,9,6,1,1,0,0
25/08/2025,Udinese,Verona,1,1,D,0,0,D,,14,9,4,3,14,14,5,1,3,2,0,0
25/08/2025,Inter,Torino,5,0,H,2,0,H,,20,12,9,4,14,6,6,5,0,0,0,0
25/08/2025,Ath Bilbao,Vallecano,1,0,H,0,0,D,,11,6,4,1,13,13,3,6,0,4,0,0
25/08/2025,Sevilla,Getafe,1,2,A,1,1,D,,12,9,3,6,10,24,5,3,2,2,0,0
25/08/2025,Newcastle,Liverpool,2,3,A,0,1,A,S Hooper,10,5,3,4,17,15,7,1,2,3,1,0
27/08/2025,Celta,Betis,1,1,D,0,1,A,,14,7,5,2,13,11,10,4,1,2,0,0
29/08/2025,Cremonese,Sassuolo,3,2,H,2,0,H,,11,9,6,6,12,17,5,4,2,2,0,0
29/08/2025,Lecce,Milan,0,2,A,0,0,D,,7,14,2,6,10,8,4,5,1,0,0,0
29/08/2025,Hamburg,St Pauli,0,2,A,0,1,A,,5,17,2,6,13,19,2,5,3,3,1,0
29/08/2025,Elche,Levante,2,0,H,0,0,D,,16,11,5,1,14,17,4,2,1,2,0,0
29/08/2025,Valencia,Getafe,3,0,H,1,0,H,,7,11,4,1,18,7,8,6,2,0,0,0
29/08/2025,Lens,Brest,3,1,H,0,1,A,,30,9,10,2,7,12,15,1,1,3,0,1
30/08/2025,Bologna,Como,1,0,H,0,0,D,,15,13,2,2,13,19,7,4,4,3,0,0
30/08/2025,Parma,Atalanta,1,1,D,0,0,D,,7,11,3,3,8,15,1,2,2,2,0,0
30/08/2025,Napoli,Cagliari,1,0,H,0,0,D,,20,10,6,1,16,12,13,0,2,1,0,0
30/08/2025,Pisa,Roma,0,1,A,0,0,D,,7,10,3,5,14,10,1,7,2,1,0,0
30/08/2025,Hoffenheim,Ein Frankfurt,1,3,A,0,2,A,,17,9,5,6,14,10,4,5,2,3,0,0
30/08/2025,RB Leipzig,Heidenheim,2,0,H,0,0,D,,19,5,5,3,7,13,4,3,2,5,0,0
30/08/2025,Stuttgart,M'gladbach,1,0,H,0,0,D,,13,15,5,6,5,13,6,10,2,1,0,0
30/08/2025,Werder Bremen,Leverkusen,3,3,D,1,2,A,,12,10,5,4,11,10,3,7,4,3,1,0
30/08/2025,Augsburg,Bayern Munich,2,3,A,0,2,A,,10,20,3,10,14,11,7,5,3,4,0,0
30/08/2025,Alaves,Ath Madrid,1,1,D,1,1,D,,5,15,2,6,10,17,1,6,2,3,0,0
30/08/2025,Oviedo,Sociedad,1,0,H,1,0,H,,8,18,1,6,7,18,1,10,2,1,0,0
30/08/2025,Girona,Sevilla,0,2,A,0,1,A,,20,13,5,4,5,14,11,3,0,2,0,0
30/08/2025,Real Madrid,Mallorca,2,1,H,2,1,H,,17,9,7,5,12,7,4,5,2,0,0,0
30/08/2025,Lorient,Lille,1,7,A,0,0,D,,6,20,2,11,14,18,3,8,3,3,0,0
30/08/2025,Nantes,Auxerre,1,0,H,1,0,H,,4,14,3,4,13,11,3,9,1,3,0,0
30/08/2025,Toulouse,Paris SG,3,6,A,1,4,A,,14,13,6,8,7,11,5,7,1,0,0,0
30/08/2025,Chelsea,Fulham,2,0,H,1,0,H,R Jones,13,11,6,3,11,17,6,4,2,2,0,0
30/08/2025,Man United,Burnley,3,2,H,1,0,H,S Barrott,26,6,6,3,9,9,7,1,1,5,0,0
30/08/2025,Sunderland,Brentford,2,1,H,0,0,D,A Taylor,12,7,3,4,11,12,3,4,3,2,0,0
30/08/2025,Tottenham,Bournemouth,0,1,A,0,1,A,S Hooper,5,20,1,6,17,13,0,8,2,4,0,0
30/08/2025,Wolves,Everton,2,3,A,1,2,A,M Oliver,12,10,4,4,15,10,2,2,0,1,0,0
30/08/2025,Leeds,Newcastle,0,0,D,0,0,D,P Bankes,10,8,1,2,10,15,5,5,1,1,0,0
31/08/2025,Genoa,Juventus,0,1,A,0,0,D,,10,13,1,3,14,15,3,4,1,2,0,0
31/08/2025,Torino,Fiorentina,0,0,D,0,0,D,,7,16,4,4,21,13,7,3,2,2,0,0
31/08/2025,Inter,Udinese,1,2,A,1,2,A,,16,10,4,5,17,5,13,2,1,3,0,0
31/08/2025,Lazio,Verona,4,0,H,3,0,H,,22,12,6,4,8,19,8,1,0,0,0,0
31/08/2025,Wolfsburg,Mainz,1,1,D,1,0,H,,11,17,3,3,15,14,3,10,3,5,1,0
31/08/2025,Dortmund,Union Berlin,3,0,H,1,0,H,,11,12,6,3,14,7,4,6,0,0,0,0
31/08/2025,FC Koln,Freiburg,4,1,H,1,0,H,,18,12,6,2,12,9,3,5,2,1,0,0
31/08/2025,Celta,Villarreal,1,1,D,0,0,D,,10,8,2,3,11,8,1,5,1,1,0,0
31/08/2025,Betis,Ath Bilbao,1,2,A,0,0,D,,9,15,2,6,9,16,4,10,1,4,0,1
31/08/2025,Espanol,Osasuna,1,0,H,0,0,D,,10,10,4,3,13,14,2,3,2,3,0,0
31/08/2025,Vallecano,Barcelona,1,1,D,0,1,A,,12,12,6,3,16,8,9,4,4,1,0,0
31/08/2025,Angers,Rennes,1,1,D,0,1,A,,10,15,7,7,9,11,1,7,2,2,0,0
31/08/2025,Le Havre,Nice,3,1,H,1,0,H,,12,7,8,3,13,16,0,5,1,4,0,0
31/08/2025,Monaco,Strasbourg,3,2,H,1,0,H,,12,12,4,4,13,12,6,5,2,1,0,1
31/08/2025,Paris FC,Metz,3,2,H,1,1,D,,24,14,9,2,4,8,14,6,1,1,0,1
31/08/2025,Lyon,Marseille,1,0,H,0,0,D,,17,5,5,2,16,11,9,4,2,2,0,1
31/08/2025,Brighton,Man City,2,1,H,0,1,A,D England,12,12,7,3,16,14,3,2,2,2,0,0
31/08/2025,Nott'm Forest,West Ham,0,3,A,0,0,D,C Pawson,11,12,3,8,14,6,9,7,0,0,0,0
31/08/2025,Liverpool,Arsenal,1,0,H,0,0,D,C Kavanagh,9,11,3,1,7,10,3,8,2,2,0,0
31/08/2025,Aston Villa,Crystal Palace,0,3,A,0,1,A,S Attwell,13,6,4,4,7,14,10,1,2,3,0,0
12/09/2025,Leverkusen,Ein Frankfurt,3,1,H,2,0,H,,18,13,8,2,10,9,4,8,5,3,2,0
12/09/2025,Sevilla,Elche,2,2,D,1,0,H,,7,5,3,2,23,19,2,2,4,3,0,0
12/09/2025,Marseille,Lorient,4,0,H,3,0,H,,15,4,8,1,18,5,10,0,3,2,0,1
13/09/2025,Cagliari,Parma,2,0,H,1,0,H,,12,17,5,5,15,18,4,5,3,1,0,0
13/09/2025,Juventus,Inter,4,3,H,2,1,H,,12,18,4,4,14,10,5,9,2,1,0,0
13/09/2025,Fiorentina,Napoli,1,3,A,0,2,A,,19,14,3,9,14,14,8,5,0,0,0,0
13/09/2025,Freiburg,Stuttgart,3,1,H,0,1,A,,14,7,6,2,8,13,7,1,1,1,1,0
13/09/2025,Heidenheim,Dortmund,0,2,A,0,2,A,,6,17,1,8,5,9,5,4,2,3,1,0
13/09/2025,Mainz,RB Leipzig,0,1,A,0,1,A,,13,19,2,3,12,11,3,5,1,0,0,0
13/09/2025,Union Berlin,Hoffenheim,2,4,A,0,2,A,,20,9,7,8,13,12,9,2,1,1,1,0
13/09/2025,Wolfsburg,FC Koln,3,3,D,1,1,D,,14,14,6,8,15,11,7,4,2,3,0,0
13/09/2025,Bayern Munich,Hamburg,5,0,H,4,0,H,,22,9,12,2,11,14,5,3,2,2,0,0
13/09/2025,Getafe,Oviedo,2,0,H,2,0,H,,10,5,3,1,12,18,4,3,2,5,0,1
13/09/2025,Sociedad,Real Madrid,1,2,A,0,2,A,,23,16,4,6,17,7,12,4,2,1,0,1
13/09/2025,Ath Bilbao,Alaves,0,1,A,0,0,D,,12,4,3,2,17,21,6,6,4,3,0,0
13/09/2025,Ath Madrid,Villarreal,2,0,H,1,0,H,,8,8,3,1,12,15,8,3,2,4,0,0
13/09/2025,Nice,Nantes,1,0,H,0,0,D,,19,14,8,3,16,13,7,4,2,0,0,0
13/09/2025,Auxerre,Monaco,1,2,A,0,1,A,,9,13,2,3,12,19,5,8,3,6,1,0
13/09/2025,Arsenal,Nott'm Forest,3,0,H,1,0,H,D England,16,5,5,1,8,11,8,4,1,1,0,0
13/09/2025,Bournemouth,Brighton,2,1,H,1,0,H,P Bankes,13,6,5,2,16,10,4,4,4,4,0,0
13/09/2025,Crystal Palace,Sunderland,0,0,D,0,0,D,T Bramall,14,6,6,0,10,8,5,3,1,1,0,0
13/09/2025,Everton,Aston Villa,0,0,D,0,0,D,S Hooper,20,7,2,1,17,15,10,3,3,3,0,0
13/09/2025,Fulham,Leeds,1,0,H,0,0,D,C Pawson,5,10,3,3,20,15,3,3,1,2,0,0
13/09/2025,Newcastle,Wolves,1,0,H,1,0,H,C Kavanagh,16,8,4,3,10,17,10,4,1,4,0,0
13/09/2025,West Ham,Tottenham,0,3,A,0,0,D,J Gillett,7,14,4,5,8,7,2,13,0,1,1,0
13/09/2025,Brentford,Chelsea,2,2,D,1,0,H,S Attwell,7,16,4,6,13,9,5,6,3,2,0,0
14/09/2025,Roma,Torino,0,1,A,0,0,D,,22,8,5,4,11,17,7,4,2,3,0,0
14/09/2025,Atalanta,Lecce,4,1,H,1,0,H,,19,12,8,3,12,7,8,2,0,0,0,0
14/09/2025,Pisa,Udinese,0,1,A,0,1,A,,12,13,2,3,13,15,8,6,1,2,0,0
14/09/2025,Sassuolo,Lazio,1,0,H,0,0,D,,10,13,3,3,15,11,3,7,6,3,0,0
14/09/2025,Milan,Bologna,1,0,H,0,0,D,,14,5,3,0,17,16,7,4,3,2,0,0
14/09/2025,St Pauli,Augsburg,2,1,H,1,1,D,,13,10,7,5,10,12,3,1,1,4,0,0
14/09/2025,M'gladbach,Werder Bremen,0,4,A,0,2,A,,19,12,3,7,12,9,9,4,1,0,0,0
14/09/2025,Celta,Girona,1,1,D,0,1,A,,21,13,7,8,7,9,10,3,0,3,0,0
14/09/2025,Levante,Betis,2,2,D,2,1,H,,5,28,2,9,16,11,4,12,3,2,0,0
14/09/2025,Osasuna,Vallecano,2,0,H,1,0,H,,9,19,7,6,13,7,3,6,3,2,0,0
14/09/2025,Barcelona,Valencia,6,0,H,1,0,H,,24,2,10,1,9,8,5,4,0,1,0,0
14/09/2025,Lille,Toulouse,2,1,H,0,0,D,,20,9,5,4,12,10,7,6,2,3,0,1
14/09/2025,Brest,Paris FC,1,2,A,0,2,A,,23,7,8,4,11,10,6,1,0,2,0,1
14/09/2025,Metz,Angers,1,1,D,1,0,H,,9,11,5,4,10,7,4,3,0,1,0,0
14/09/2025,Paris SG,Lens,2,0,H,1,0,H,,14,11,6,3,10,8,4,3,1,2,0,0
14/09/2025,Strasbourg,Le Havre,1,0,H,0,0,D,,9,10,7,1,8,16,4,3,2,2,1,0
14/09/2025,Rennes,Lyon,3,1,H,0,1,A,,23,8,5,5,18,13,5,4,2,2,0,1
14/09/2025,Burnley,Liverpool,0,1,A,0,0,D,M Oliver,3,27,0,4,9,9,1,13,0,2,0,0
14/09/2025,Man City,Man United,3,0,H,1,0,H,A Taylor,13,12,6,2,8,8,2,4,0,0,0,0
15/09/2025,Verona,Cremonese,0,0,D,0,0,D,,20,6,9,2,18,3,10,1,2,1,0,0
15/09/2025,Como,Genoa,1,1,D,1,0,H,,13,13,4,6,13,17,0,8,2,2,1,0
15/09/2025,Espanol,Mallorca,3,2,H,2,1,H,,9,24,3,10,9,16,3,9,2,1,1,0
19/09/2025,Lecce,Cagliari,1,2,A,1,1,D,,11,15,5,6,10,19,4,7,2,3,0,0
19/09/2025,Stuttgart,St Pauli,2,0,H,1,0,H,,17,9,8,2,13,15,8,4,0,2,0,0
19/09/2025,Betis,Sociedad,3,1,H,1,1,D,,21,11,6,5,7,20,3,5,3,7,0,0
19/09/2025,Lyon,Angers,1,0,H,0,0,D,,16,10,5,2,16,10,7,4,2,2,0,0
20/09/2025,Bologna,Genoa,2,1,H,0,0,D,,14,7,6,4,12,15,8,2,1,5,0,0
20/09/2025,Verona,Juventus,1,1,D,1,1,D,,14,10,4,4,18,10,5,3,3,3,0,0
20/09/2025,Udinese,Milan,0,3,A,0,1,A,,10,13,4,6,9,7,1,4,2,0,0,0
20/09/2025,Augsburg,Mainz,1,4,A,0,2,A,,18,12,5,4,13,10,6,6,1,2,0,1
20/09/2025,Hamburg,Heidenheim,2,1,H,1,0,H,,22,20,9,8,15,10,1,12,5,1,0,0
20/09/2025,Hoffenheim,Bayern Munich,1,4,A,0,1,A,,12,18,4,10,17,9,5,5,1,2,0,0
20/09/2025,Werder Bremen,Freiburg,0,3,A,0,1,A,,12,10,5,5,13,7,2,0,5,2,0,0
20/09/2025,RB Leipzig,FC Koln,3,1,H,3,1,H,,18,13,8,2,10,8,9,5,1,1,0,0
20/09/2025,Girona,Levante,0,4,A,0,1,A,,7,14,1,7,11,17,5,4,4,3,2,0
20/09/2025,Real Madrid,Espanol,2,0,H,1,0,H,,16,8,5,1,10,20,5,3,2,0,0,0
20/09/2025,Alaves,Sevilla,1,2,A,1,1,D,,8,9,5,3,20,19,4,4,1,7,0,0
20/09/2025,Villarreal,Osasuna,2,1,H,0,1,A,,26,6,8,3,10,11,7,0,2,3,0,1
20/09/2025,Valencia,Ath Bilbao,2,0,H,0,0,D,,13,11,5,5,13,6,5,6,1,1,0,1
20/09/2025,Nantes,Rennes,2,2,D,0,2,A,,16,8,4,4,14,18,4,4,3,1,0,0
20/09/2025,Brest,Nice,4,1,H,2,1,H,,11,21,5,4,17,11,2,7,1,3,0,0
20/09/2025,Lens,Lille,3,0,H,2,0,H,,15,17,6,3,17,11,4,10,1,3,0,0
20/09/2025,Liverpool,Everton,2,1,H,2,0,H,D England,11,9,3,2,11,10,5,4,2,3,0,0
20/09/2025,Brighton,Tottenham,2,2,D,2,1,H,C Kavanagh,12,11,4,3,10,13,2,10,1,2,0,0
20/09/2025,Burnley,Nott'm Forest,1,1,D,1,1,D,T Bramall,12,17,5,8,12,11,4,5,1,1,0,0
20/09/2025,West Ham,Crystal Palace,1,2,A,0,1,A,T Harrington,8,18,3,3,15,5,8,8,3,3,0,0
20/09/2025,Wolves,Leeds,1,3,A,1,3,A,A Taylor,16,6,6,4,11,9,4,0,1,1,0,0
20/09/2025,Man United,Chelsea,2,1,H,2,0,H,P Bankes,11,5,4,1,13,14,5,5,0,5,1,1
20/09/2025,Fulham,Brentford,3,1,H,2,1,H,M Oliver,14,8,3,3,11,13,2,10,4,1,0,0
21/09/2025,Lazio,Roma,0,1,A,0,1,A,,10,13,2,6,14,22,3,6,1,1,2,0
21/09/2025,Cremonese,Parma,0,0,D,0,0,D,,3,15,1,3,16,8,3,3,1,0,0,0
21/09/2025,Torino,Atalanta,0,3,A,0,3,A,,11,9,5,5,11,9,1,0,0,0,0,0
21/09/2025,Fiorentina,Como,1,2,A,1,0,H,,8,19,1,7,16,19,2,6,4,3,0,0
21/09/2025,Inter,Sassuolo,2,1,H,1,0,H,,20,9,6,5,15,8,7,3,2,1,0,0
21/09/2025,Ein Frankfurt,Union Berlin,3,4,A,1,2,A,,19,11,10,5,10,11,5,1,3,2,0,0
21/09/2025,Leverkusen,M'gladbach,1,1,D,0,0,D,,13,13,9,7,12,15,3,4,5,5,0,0
21/09/2025,Dortmund,Wolfsburg,1,0,H,1,0,H,,12,10,4,1,10,9,9,3,1,0,0,0
21/09/2025,Vallecano,Celta,1,1,D,0,0,D,,15,9,5,5,8,10,5,7,1,1,0,0
21/09/2025,Mallorca,Ath Madrid,1,1,D,0,0,D,,8,12,3,7,14,6,3,6,0,0,0,1
21/09/2025,Elche,Oviedo,1,0,H,1,0,H,,15,12,5,4,9,18,3,3,2,2,0,0
21/09/2025,Barcelona,Getafe,3,0,H,2,0,H,,16,3,7,2,9,15,3,2,2,4,0,0
21/09/2025,Paris FC,Strasbourg,2,3,A,0,1,A,,18,8,6,4,11,10,4,2,1,5,0,0
21/09/2025,Auxerre,Toulouse,1,0,H,1,0,H,,6,13,1,3,12,20,3,4,1,6,1,0
21/09/2025,Le Havre,Lorient,1,1,D,0,1,A,,13,8,2,4,20,15,6,2,3,6,0,0
21/09/2025,Monaco,Metz,5,2,H,1,1,D,,16,8,6,3,15,6,4,5,1,0,0,0
21/09/2025,Bournemouth,Newcastle,0,0,D,0,0,D,R Jones,11,4,2,1,7,10,5,2,2,1,0,0
21/09/2025,Sunderland,Aston Villa,1,1,D,0,0,D,S Barrott,14,12,4,2,14,8,6,5,2,1,1,0
21/09/2025,Arsenal,Man City,1,1,D,0,1,A,S Attwell,12,5,3,3,11,10,11,2,1,2,0,0
22/09/2025,Napoli,Pisa,3,2,H,1,0,H,,18,15,6,6,10,18,5,3,1,2,0,0
22/09/2025,Marseille,Paris SG,1,0,H,1,0,H,,9,12,2,5,16,7,5,3,3,0,0,0
23/09/2025,Ath Bilbao,Girona,1,1,D,0,1,A,,17,6,5,3,19,15,8,1,0,2,0,0
23/09/2025,Espanol,Valencia,2,2,D,0,1,A,,21,5,10,2,9,9,8,3,1,4,0,0
23/09/2025,Levante,Real Madrid,1,4,A,0,2,A,,11,24,2,10,17,9,1,7,1,1,0,0
23/09/2025,Sevilla,Villarreal,1,2,A,0,1,A,,16,12,2,5,17,14,3,3,2,3,0,0
24/09/2025,Getafe,Alaves,1,1,D,0,0,D,,7,10,1,4,14,20,2,7,2,3,0,0
24/09/2025,Ath Madrid,Vallecano,3,2,H,1,1,D,,20,9,8,3,6,12,8,6,3,4,0,0
24/09/2025,Sociedad,Mallorca,1,0,H,0,0,D,,17,7,4,3,13,15,11,2,2,2,0,0
25/09/2025,Osasuna,Elche,1,1,D,1,0,H,,9,12,2,4,19,13,2,3,2,2,0,0
25/09/2025,Oviedo,Barcelona,1,3,A,1,0,H,,7,22,3,10,10,6,6,9,1,0,0,0
26/09/2025,Bayern Munich,Werder Bremen,4,0,H,2,0,H,,26,9,13,3,9,4,7,6,2,0,0,0
26/09/2025,Girona,Espanol,0,0,D,0,0,D,,12,20,3,5,9,11,8,4,0,1,0,0
26/09/2025,Strasbourg,Marseille,1,2,A,0,0,D,,9,16,1,9,13,15,5,4,2,4,0,0
27/09/2025,Como,Cremonese,1,1,D,1,0,H,,14,9,6,2,16,17,4,3,3,4,1,0
27/09/2025,Juventus,Atalanta,1,1,D,0,1,A,,24,12,10,2,6,7,14,5,0,3,0,1
27/09/2025,Cagliari,Inter,0,2,A,0,1,A,,6,20,0,5,13,14,4,4,0,2,0,0
27/09/2025,Heidenheim,Augsburg,2,1,H,0,0,D,,11,8,5,2,16,20,3,2,1,6,0,0
27/09/2025,Mainz,Dortmund,0,2,A,0,2,A,,8,10,2,4,12,14,7,5,2,1,1,0
27/09/2025,St Pauli,Leverkusen,1,2,A,1,1,D,,13,5,6,4,13,11,13,1,3,5,0,0
27/09/2025,Wolfsburg,RB Leipzig,0,1,A,0,1,A,,22,20,4,6,7,9,6,11,2,2,0,0
27/09/2025,M'gladbach,Ein Frankfurt,4,6,A,0,5,A,,11,21,8,7,14,8,4,6,1,2,0,0
27/09/2025,Getafe,Levante,1,1,D,0,1,A,,11,11,4,3,15,16,6,2,4,3,0,0
27/09/2025,Ath Madrid,Real Madrid,5,2,H,2,2,D,,13,6,7,2,17,14,7,2,5,4,0,0
27/09/2025,Mallorca,Alaves,1,0,H,1,0,H,,12,12,3,3,14,18,4,8,2,3,0,0
27/09/2025,Villarreal,Ath Bilbao,1,0,H,0,0,D,,14,16,5,4,13,11,6,5,2,0,0,0
27/09/2025,Lorient,Monaco,3,1,H,1,0,H,,19,5,8,2,10,11,2,4,2,3,0,1
27/09/2025,Toulouse,Nantes,2,2,D,0,1,A,,20,12,7,2,18,12,1,4,2,3,0,0
27/09/2025,Paris SG,Auxerre,2,0,H,1,0,H,,15,12,8,3,17,10,5,5,1,2,0,0
27/09/2025,Brentford,Man United,3,1,H,2,1,H,C Pawson,10,14,8,6,14,10,4,2,2,2,0,0
27/09/2025,Chelsea,Brighton,1,3,A,1,0,H,S Hooper,13,12,3,3,9,16,5,7,3,5,1,0
27/09/2025,Crystal Palace,Liverpool,2,1,H,1,0,H,C Kavanagh,16,20,7,4,10,8,2,6,1,3,0,0
27/09/2025,Leeds,Bournemouth,2,2,D,1,1,D,M Oliver,19,12,8,5,12,13,7,4,2,2,0,0
27/09/2025,Man City,Burnley,5,1,H,1,1,D,R Jones,21,9,8,2,5,7,10,2,1,3,0,0
27/09/2025,Nott'm Forest,Sunderland,0,1,A,0,1,A,T Harrington,22,11,6,3,11,6,7,4,4,2,0,0
27/09/2025,Tottenham,Wolves,1,1,D,0,0,D,M Salisbury,10,9,3,3,9,11,10,9,3,2,0,0
28/09/2025,Sassuolo,Udinese,3,1,H,2,0,H,,11,12,5,5,5,22,1,5,0,3,0,0
28/09/2025,Pisa,Fiorentina,0,0,D,0,0,D,,11,14,1,2,15,15,4,6,0,1,0,0
28/09/2025,Roma,Verona,2,0,H,1,0,H,,10,12,5,3,11,19,8,1,0,4,0,0
28/09/2025,Lecce,Bologna,2,2,D,1,1,D,,12,14,4,5,13,13,3,9,4,2,0,0
28/09/2025,Milan,Napoli,2,1,H,2,0,H,,6,19,3,7,7,7,1,7,1,0,1,0
28/09/2025,Freiburg,Hoffenheim,1,1,D,1,1,D,,6,15,1,4,9,15,6,8,3,1,0,0
28/09/2025,FC Koln,Stuttgart,1,2,A,1,1,D,,14,15,6,5,12,12,8,8,2,2,0,0
28/09/2025,Union Berlin,Hamburg,0,0,D,0,0,D,,11,16,2,6,18,17,5,3,2,2,0,1
28/09/2025,Vallecano,Sevilla,0,1,A,0,0,D,,18,4,6,1,12,15,12,4,3,2,1,0
28/09/2025,Elche,Celta,2,1,H,1,1,D,,17,8,8,2,12,20,7,2,3,3,0,0
28/09/2025,Barcelona,Sociedad,2,1,H,1,1,D,,22,7,12,2,6,12,12,1,1,2,0,0
28/09/2025,Betis,Osasuna,2,0,H,2,0,H,,12,12,6,1,6,7,5,5,0,1,0,0
28/09/2025,Nice,Paris FC,1,1,D,1,0,H,,11,13,5,3,14,14,5,5,1,1,0,0
28/09/2025,Angers,Brest,0,2,A,0,2,A,,11,7,2,3,13,13,11,4,1,1,0,0
28/09/2025,Lille,Lyon,0,1,A,0,1,A,,14,5,3,2,20,24,3,4,4,4,1,0
28/09/2025,Metz,Le Havre,0,0,D,0,0,D,,7,11,0,2,16,16,4,6,2,2,0,0
28/09/2025,Rennes,Lens,0,0,D,0,0,D,,14,13,2,2,16,9,8,4,3,2,0,1
28/09/2025,Aston Villa,Fulham,3,1,H,1,1,D,A Madley,9,11,4,4,10,13,2,8,1,4,0,0
28/09/2025,Newcastle,Arsenal,1,2,A,1,0,H,J Gillett,8,20,3,7,8,9,7,12,2,1,0,0
29/09/2025,Parma,Torino,2,1,H,1,0,H,,13,15,2,4,10,12,4,3,3,3,0,0
29/09/2025,Genoa,Lazio,0,3,A,0,2,A,,17,10,5,6,18,16,6,0,5,1,0,0
29/09/2025,Everton,West Ham,1,1,D,1,0,H,S Barrott,12,14,6,3,7,16,3,5,3,4,0,0
30/09/2025,Valencia,Oviedo,1,2,A,1,0,H,,16,10,5,4,14,12,5,4,1,4,0,1
03/10/2025,Verona,Sassuolo,0,1,A,0,0,D,,17,11,9,3,14,12,4,2,2,2,0,0
03/10/2025,Hoffenheim,FC Koln,0,1,A,0,1,A,,15,10,4,4,15,6,11,6,3,1,0,0
03/10/2025,Osasuna,Getafe,2,1,H,1,1,D,,7,6,3,2,11,14,1,6,1,4,0,0
03/10/2025,Paris FC,Lorient,2,0,H,2,0,H,,10,8,2,3,19,10,1,5,0,2,0,0
03/10/2025,Bournemouth,Fulham,3,1,H,0,0,D,S Hooper,11,12,6,4,8,10,4,3,0,1,0,0
04/10/2025,Lazio,Torino,3,3,D,2,1,H,,9,16,4,8,13,22,3,5,3,3,0,0
04/10/2025,Parma,Lecce,0,1,A,0,1,A,,10,7,2,3,16,16,4,9,1,2,0,0
04/10/2025,Inter,Cremonese,4,1,H,2,0,H,,27,3,9,2,9,8,13,1,1,1,0,0
04/10/2025,Atalanta,Como,1,1,D,1,1,D,,16,12,4,4,10,19,8,3,1,3,0,0
04/10/2025,Augsburg,Wolfsburg,3,1,H,1,0,H,,10,14,5,4,9,7,10,5,2,1,0,0
04/10/2025,Dortmund,RB Leipzig,1,1,D,1,1,D,,15,13,3,3,13,14,7,7,1,3,0,0
04/10/2025,Leverkusen,Union Berlin,2,0,H,1,0,H,,20,10,3,3,11,13,4,4,1,3,0,0
04/10/2025,Werder Bremen,St Pauli,1,0,H,1,0,H,,15,13,5,3,8,9,4,1,3,1,0,0
04/10/2025,Ein Frankfurt,Bayern Munich,0,3,A,0,2,A,,6,12,1,3,11,11,4,3,1,2,0,0
04/10/2025,Oviedo,Levante,0,2,A,0,1,A,,13,14,2,5,10,10,9,3,2,2,0,0
04/10/2025,Girona,Valencia,2,1,H,1,0,H,,4,19,4,6,13,12,0,7,5,1,2,0
04/10/2025,Ath Bilbao,Mallorca,2,1,H,1,0,H,,18,7,5,2,16,13,7,2,5,6,0,1
04/10/2025,Real Madrid,Villarreal,3,1,H,0,0,D,,26,9,7,2,9,14,4,0,2,4,0,1
04/10/2025,Metz,Marseille,0,3,A,0,0,D,,4,21,1,9,8,7,4,4,0,0,0,0
04/10/2025,Brest,Nantes,0,0,D,0,0,D,,17,6,5,0,11,12,12,3,2,1,0,0
04/10/2025,Auxerre,Lens,1,2,A,0,1,A,,18,7,2,4,10,21,2,2,3,7,0,1
04/10/2025,Leeds,Tottenham,1,2,A,1,1,D,T Bramall,16,9,4,3,10,12,4,1,2,3,0,0
04/10/2025,Arsenal,West Ham,2,0,H,1,0,H,J Brooks,21,4,5,0,14,14,8,3,0,2,0,0
04/10/2025,Man United,Sunderland,2,0,H,2,0,H,S Attwell,15,8,6,3,10,12,2,3,1,4,0,0
04/10/2025,Chelsea,Liverpool,2,1,H,1,0,H,A Taylor,12,12,6,2,9,8,7,2,0,2,0,0
05/10/2025,Udinese,Cagliari,1,1,D,0,1,A,,23,8,4,2,14,16,7,2,1,2,0,0
05/10/2025,Bologna,Pisa,4,0,H,3,0,H,,24,2,7,0,16,12,2,2,0,1,0,1
05/10/2025,Fiorentina,Roma,1,2,A,1,2,A,,11,8,3,3,19,21,3,4,2,3,0,0
05/10/2025,Napoli,Genoa,2,1,H,0,1,A,,12,6,5,1,16,15,7,5,1,3,0,0
05/10/2025,Juventus,Milan,0,0,D,0,0,D,,12,13,3,4,15,8,6,0,2,2,0,0
05/10/2025,Stuttgart,Heidenheim,1,0,H,0,0,D,,18,5,6,1,11,12,1,1,1,1,0,0
05/10/2025,Hamburg,Mainz,4,0,H,2,0,H,,15,11,9,4,14,13,1,4,2,3,0,0
05/10/2025,M'gladbach,Freiburg,0,0,D,0,0,D,,9,12,5,1,15,7,4,1,3,1,0,0
05/10/2025,Alaves,Elche,3,1,H,0,0,D,,25,6,5,3,13,9,14,4,3,1,0,1
05/10/2025,Sevilla,Barcelona,4,1,H,2,1,H,,13,17,5,8,18,9,7,6,7,5,0,0
05/10/2025,Espanol,Betis,1,2,A,1,0,H,,14,12,5,3,16,4,10,5,2,6,0,0
05/10/2025,Sociedad,Vallecano,0,1,A,0,0,D,,10,7,3,2,13,21,7,5,1,2,0,0
05/10/2025,Celta,Ath Madrid,1,1,D,0,1,A,,18,6,4,1,7,10,6,3,1,3,0,1
05/10/2025,Lyon,Toulouse,1,2,A,1,0,H,,13,14,3,4,13,17,8,5,1,3,0,0
05/10/2025,Le Havre,Rennes,2,2,D,1,2,A,,10,9,2,3,13,9,3,4,1,2,0,0
05/10/2025,Monaco,Nice,2,2,D,1,2,A,,20,9,6,2,10,9,6,7,1,3,0,1
05/10/2025,Strasbourg,Angers,5,0,H,1,0,H,,18,5,12,1,12,11,2,5,2,2,0,0
05/10/2025,Lille,Paris SG,1,1,D,0,0,D,,9,17,3,5,11,12,3,5,1,1,0,0
05/10/2025,Aston Villa,Burnley,2,1,H,1,0,H,A Kitchen,15,5,7,2,9,15,6,4,3,1,0,0
05/10/2025,Everton,Crystal Palace,2,1,H,0,1,A,M Salisbury,14,15,7,8,13,16,2,4,2,3,0,0
05/10/2025,Newcastle,Nott'm Forest,2,0,H,0,0,D,P Bankes,18,5,9,4,16,15,8,1,0,4,0,0
05/10/2025,Wolves,Brighton,1,1,D,1,0,H,J Gillett,6,17,3,6,13,9,2,8,2,4,0,0
05/10/2025,Brentford,Man City,0,1,A,0,1,A,D England,6,10,1,4,10,6,3,2,3,2,0,0
17/10/2025,Union Berlin,M'gladbach,3,1,H,2,1,H,,16,8,5,2,21,15,6,6,5,3,0,0
17/10/2025,Oviedo,Espanol,0,2,A,0,0,D,,13,19,4,10,9,8,3,5,2,1,0,0
17/10/2025,Paris SG,Strasbourg,3,3,D,1,2,A,,21,12,9,7,12,15,4,1,2,1,0,0
18/10/2025,Lecce,Sassuolo,0,0,D,0,0,D,,11,9,2,2,16,14,6,4,2,2,0,0
18/10/2025,Pisa,Verona,0,0,D,0,0,D,,7,15,0,3,8,14,3,8,4,2,0,0
18/10/2025,Torino,Napoli,1,0,H,1,0,H,,12,22,2,5,9,9,3,11,1,2,0,0
18/10/2025,Roma,Inter,0,1,A,0,1,A,,15,12,5,3,18,29,4,5,4,3,0,0
18/10/2025,FC Koln,Augsburg,1,1,D,0,0,D,,9,10,2,4,10,17,5,2,2,2,0,0
18/10/2025,Heidenheim,Werder Bremen,2,2,D,0,0,D,,31,11,11,4,9,11,12,2,1,3,0,0
18/10/2025,Mainz,Leverkusen,3,4,A,1,3,A,,12,20,4,8,20,12,2,3,4,4,0,0
18/10/2025,RB Leipzig,Hamburg,2,1,H,1,0,H,,10,15,4,3,13,12,3,5,3,1,0,0
18/10/2025,Wolfsburg,Stuttgart,0,3,A,0,1,A,,11,15,3,7,12,8,3,8,1,1,0,0
18/10/2025,Bayern Munich,Dortmund,2,1,H,1,0,H,,15,8,7,1,12,17,4,3,1,3,0,0
18/10/2025,Sevilla,Mallorca,1,3,A,1,0,H,,13,7,4,6,16,13,9,2,2,1,0,0
18/10/2025,Barcelona,Girona,2,1,H,1,1,D,,27,11,9,4,10,7,11,5,1,2,0,0
18/10/2025,Villarreal,Betis,2,2,D,1,0,H,,7,16,3,3,13,10,5,6,1,1,0,0
18/10/2025,Ath Madrid,Osasuna,1,0,H,0,0,D,,18,9,9,2,10,11,4,2,1,3,0,0
18/10/2025,Nice,Lyon,3,2,H,2,1,H,,5,29,4,7,10,11,1,16,1,2,0,0
18/10/2025,Angers,Monaco,1,1,D,0,0,D,,16,11,3,4,15,14,10,3,2,2,0,0
18/10/2025,Marseille,Le Havre,6,2,H,1,1,D,,18,8,11,3,17,13,2,1,2,1,0,1
18/10/2025,Nott'm Forest,Chelsea,0,3,A,0,0,D,C Kavanagh,12,17,2,6,13,16,5,2,2,2,0,1
18/10/2025,Brighton,Newcastle,2,1,H,1,0,H,C Pawson,13,16,5,3,9,9,8,4,0,1,0,0
18/10/2025,Burnley,Leeds,2,0,H,1,0,H,T Robinson,4,19,3,4,10,7,1,5,2,1,0,0
18/10/2025,Crystal Palace,Bournemouth,3,3,D,0,2,A,J Gillett,20,8,7,5,8,16,6,5,1,4,0,0
18/10/2025,Man City,Everton,2,0,H,0,0,D,T Harrington,19,5,7,1,8,14,11,3,0,2,0,0
18/10/2025,Sunderland,Wolves,2,0,H,1,0,H,R Jones,8,16,2,3,5,12,3,2,0,0,0,0
18/10/2025,Fulham,Arsenal,0,1,A,0,0,D,A Taylor,9,16,0,5,11,4,6,10,0,0,0,0
19/10/2025,Como,Juventus,2,0,H,1,0,H,,12,15,6,3,17,15,4,1,3,1,0,0
19/10/2025,Cagliari,Bologna,0,2,A,0,1,A,,4,10,3,7,15,22,2,7,1,3,0,0
19/10/2025,Genoa,Parma,0,0,D,0,0,D,,23,1,7,0,15,13,3,0,2,5,0,1
19/10/2025,Atalanta,Lazio,0,0,D,0,0,D,,16,4,6,1,10,5,7,1,4,0,0,0
19/10/2025,Milan,Fiorentina,2,1,H,0,0,D,,14,5,4,1,14,12,1,3,3,3,0,0
19/10/2025,Freiburg,Ein Frankfurt,2,2,D,1,2,A,,12,8,5,3,6,15,3,1,2,3,0,0
19/10/2025,St Pauli,Hoffenheim,0,3,A,0,0,D,,10,14,2,5,10,17,9,7,1,3,0,0
19/10/2025,Elche,Ath Bilbao,0,0,D,0,0,D,,15,4,5,1,14,20,6,2,2,3,0,0
19/10/2025,Celta,Sociedad,1,1,D,1,0,H,,4,17,1,7,10,20,1,10,4,3,1,0
19/10/2025,Levante,Vallecano,0,3,A,0,2,A,,17,10,4,5,6,18,11,4,0,1,0,0
19/10/2025,Getafe,Real Madrid,0,1,A,0,0,D,,7,23,1,10,27,11,1,4,4,1,2,0
19/10/2025,Lens,Paris FC,2,1,H,1,1,D,,11,9,3,3,11,8,11,3,2,2,0,0
19/10/2025,Lorient,Brest,3,3,D,1,2,A,,12,8,7,4,13,16,5,2,3,2,0,0
19/10/2025,Rennes,Auxerre,2,2,D,1,1,D,,19,7,7,4,11,15,6,2,1,3,0,0
19/10/2025,Toulouse,Metz,4,0,H,2,0,H,,16,2,7,2,14,11,5,1,2,1,0,1
19/10/2025,Nantes,Lille,0,2,A,0,1,A,,8,23,3,5,12,15,5,9,1,4,0,0
19/10/2025,Tottenham,Aston Villa,1,2,A,1,1,D,S Hooper,9,8,3,2,11,7,6,6,2,0,0,0
19/10/2025,Liverpool,Man United,1,2,A,0,1,A,M Oliver,19,12,6,4,8,14,9,4,0,2,0,0
20/10/2025,Cremonese,Udinese,1,1,D,1,0,H,,11,8,4,1,15,14,5,4,4,2,0,0
20/10/2025,Alaves,Valencia,0,0,D,0,0,D,,13,5,3,2,13,20,7,0,1,2,0,0
20/10/2025,West Ham,Brentford,0,2,A,0,1,A,A Madley,7,22,1,7,10,10,6,10,1,1,0,0
24/10/2025,Milan,Pisa,2,2,D,1,0,H,,20,8,7,2,8,21,6,2,1,3,0,0
24/10/2025,Werder Bremen,Union Berlin,1,0,H,0,0,D,,16,12,3,2,6,13,5,6,4,0,0,0
24/10/2025,Sociedad,Sevilla,2,1,H,2,1,H,,5,6,3,1,19,14,1,9,1,3,0,0
24/10/2025,Paris FC,Nantes,1,2,A,1,2,A,,14,11,3,3,10,13,8,2,3,2,0,0
24/10/2025,Leeds,West Ham,2,1,H,2,0,H,S Attwell,13,9,5,3,12,11,3,4,3,3,0,0
25/10/2025,Parma,Como,0,0,D,0,0,D,,10,6,3,2,7,14,3,3,0,1,0,0
25/10/2025,Udinese,Lecce,3,2,H,2,0,H,,8,13,4,3,12,12,4,9,2,2,0,0
25/10/2025,Napoli,Inter,3,1,H,1,0,H,,7,15,3,3,15,10,1,4,2,1,0,0
25/10/2025,Cremonese,Atalanta,1,1,D,0,0,D,,9,20,5,6,6,8,2,10,3,1,0,0
25/10/2025,Augsburg,RB Leipzig,0,6,A,0,4,A,,15,15,2,8,9,10,2,3,3,1,0,0
25/10/2025,Ein Frankfurt,St Pauli,2,0,H,1,0,H,,10,9,6,1,11,6,1,3,0,1,0,0
25/10/2025,Hamburg,Wolfsburg,0,1,A,0,1,A,,27,6,6,2,8,18,11,1,1,5,0,0
25/10/2025,Hoffenheim,Heidenheim,3,1,H,2,0,H,,14,12,7,3,14,13,7,5,1,1,0,0
25/10/2025,M'gladbach,Bayern Munich,0,3,A,0,0,D,,1,27,0,11,6,9,1,8,0,3,1,0
25/10/2025,Dortmund,FC Koln,1,0,H,0,0,D,,27,5,9,0,10,8,17,2,2,2,0,0
25/10/2025,Girona,Oviedo,3,3,D,0,1,A,,8,10,6,5,13,16,11,4,4,3,0,0
25/10/2025,Espanol,Elche,1,0,H,0,0,D,,16,13,7,4,14,15,4,2,4,2,0,0
25/10/2025,Ath Bilbao,Getafe,0,1,A,0,0,D,,7,8,4,3,15,14,1,5,1,3,0,0
25/10/2025,Valencia,Villarreal,0,2,A,0,1,A,,15,12,3,5,13,14,7,5,2,4,0,0
25/10/2025,Brest,Paris SG,0,3,A,0,2,A,,8,18,2,8,10,10,2,7,1,1,0,0
25/10/2025,Monaco,Toulouse,1,0,H,1,0,H,,14,10,5,2,15,18,2,5,3,4,0,0
25/10/2025,Lens,Marseille,2,1,H,1,1,D,,8,17,5,3,12,9,4,8,3,2,0,0
25/10/2025,Chelsea,Sunderland,1,2,A,1,1,D,A Madley,16,10,7,4,15,13,9,1,1,1,0,0
25/10/2025,Newcastle,Fulham,2,1,H,1,0,H,P Bankes,18,12,7,5,11,18,4,3,0,2,0,0
25/10/2025,Man United,Brighton,4,2,H,2,0,H,A Taylor,13,17,9,5,4,13,1,6,2,2,0,0
25/10/2025,Brentford,Liverpool,3,2,H,2,1,H,S Hooper,17,18,8,5,7,10,5,4,3,2,0,0
26/10/2025,Torino,Genoa,2,1,H,0,1,A,,13,11,6,3,14,9,9,1,2,2,0,0
26/10/2025,Sassuolo,Roma,0,1,A,0,1,A,,11,15,1,8,18,16,6,6,3,2,0,0
26/10/2025,Verona,Cagliari,2,2,D,1,0,H,,10,7,6,3,16,12,3,2,3,4,0,0
26/10/2025,Fiorentina,Bologna,2,2,D,0,1,A,,19,6,7,3,13,20,5,6,3,5,0,1
26/10/2025,Lazio,Juventus,1,0,H,1,0,H,,13,14,3,5,11,18,2,5,2,4,0,0
26/10/2025,Leverkusen,Freiburg,2,0,H,1,0,H,,19,10,4,3,9,8,2,3,1,2,0,1
26/10/2025,Stuttgart,Mainz,2,1,H,1,1,D,,19,13,8,2,11,12,7,5,4,3,0,0
26/10/2025,Mallorca,Levante,1,1,D,0,1,A,,20,13,4,5,8,13,5,4,3,2,0,0
26/10/2025,Real Madrid,Barcelona,2,1,H,2,1,H,,23,15,10,6,12,9,12,4,5,5,1,1
26/10/2025,Osasuna,Celta,2,3,A,2,1,H,,17,11,7,5,10,13,6,2,3,4,0,0
26/10/2025,Vallecano,Alaves,1,0,H,0,0,D,,15,12,5,2,13,11,7,5,1,3,0,0
26/10/2025,Lille,Metz,6,1,H,2,0,H,,23,10,12,4,18,12,7,8,3,2,0,0
26/10/2025,Angers,Lorient,2,0,H,1,0,H,,7,23,4,4,14,6,1,6,1,0,0,0
26/10/2025,Auxerre,Le Havre,0,1,A,0,0,D,,14,9,3,4,21,12,13,5,2,2,0,0
26/10/2025,Rennes,Nice,1,2,A,0,2,A,,19,8,7,3,13,22,7,3,5,2,0,0
26/10/2025,Lyon,Strasbourg,2,1,H,1,1,D,,8,7,3,2,15,19,4,2,0,4,0,1
26/10/2025,Arsenal,Crystal Palace,1,0,H,1,0,H,T Bramall,10,7,3,1,6,11,4,3,0,0,0,0
26/10/2025,Aston Villa,Man City,1,0,H,1,0,H,M Oliver,9,18,3,4,8,16,5,6,1,4,0,0
26/10/2025,Bournemouth,Nott'm Forest,2,0,H,2,0,H,S Barrott,13,8,5,4,17,7,6,4,3,1,0,0
26/10/2025,Wolves,Burnley,2,3,A,2,2,D,T Harrington,15,11,7,7,12,7,5,3,1,0,0,0
26/10/2025,Everton,Tottenham,0,3,A,0,2,A,C Pawson,12,7,2,4,9,8,9,8,2,0,0,0
27/10/2025,Betis,Ath Madrid,0,2,A,0,2,A,,17,9,5,4,9,18,2,5,2,1,0,0
28/10/2025,Lecce,Napoli,0,1,A,0,0,D,,7,14,2,3,10,14,3,5,2,1,0,0
28/10/2025,Atalanta,Milan,1,1,D,1,1,D,,17,6,3,1,9,8,9,4,1,3,0,0
29/10/2025,Como,Verona,3,1,H,1,1,D,,15,13,5,9,11,21,1,3,1,4,0,0
29/10/2025,Juventus,Udinese,3,1,H,1,1,D,,25,8,11,2,12,13,8,4,1,4,0,0
29/10/2025,Roma,Parma,2,1,H,0,0,D,,18,8,6,5,8,9,9,2,0,3,0,0
29/10/2025,Bologna,Torino,0,0,D,0,0,D,,11,8,2,2,11,20,3,3,2,3,0,0
29/10/2025,Genoa,Cremonese,0,2,A,0,1,A,,16,12,1,4,16,13,7,3,3,1,0,0
29/10/2025,Inter,Fiorentina,3,0,H,0,0,D,,22,10,8,2,11,16,8,5,1,2,0,1
29/10/2025,Le Havre,Brest,1,0,H,0,0,D,,13,8,3,2,12,11,5,1,1,3,0,0
29/10/2025,Lorient,Paris SG,1,1,D,0,0,D,,5,15,2,8,5,13,0,8,0,2,0,0
29/10/2025,Metz,Lens,2,0,H,0,0,D,,16,10,7,2,15,15,2,5,3,2,1,0
29/10/2025,Nice,Lille,2,0,H,1,0,H,,8,21,4,4,11,10,2,13,3,3,0,0
29/10/2025,Marseille,Angers,2,2,D,0,1,A,,11,12,6,6,11,7,1,5,2,1,0,0
29/10/2025,Nantes,Monaco,3,5,A,2,2,D,,18,19,5,9,13,17,1,3,3,5,0,0
29/10/2025,Paris FC,Lyon,3,3,D,0,1,A,,11,7,3,4,18,16,4,2,6,2,1,1
29/10/2025,Strasbourg,Auxerre,3,0,H,0,0,D,,18,6,9,1,11,16,4,3,1,1,0,0
29/10/2025,Toulouse,Rennes,2,2,D,0,0,D,,15,11,4,5,9,12,5,8,2,3,0,0
30/10/2025,Cagliari,Sassuolo,1,2,A,0,0,D,,8,12,1,4,20,21,6,7,4,4,0,0
30/10/2025,Pisa,Lazio,0,0,D,0,0,D,,10,11,2,6,16,12,3,1,2,2,0,0
31/10/2025,Augsburg,Dortmund,0,1,A,0,1,A,,9,5,1,1,14,16,4,3,4,1,0,0
31/10/2025,Getafe,Girona,2,1,H,0,0,D,,12,8,4,4,17,15,8,3,1,1,0,0
01/11/2025,Udinese,Atalanta,1,0,H,1,0,H,,11,5,5,0,14,11,5,4,1,3,0,0
01/11/2025,Napoli,Como,0,0,D,0,0,D,,13,13,8,2,15,16,4,2,3,2,0,0
01/11/2025,Cremonese,Juventus,1,2,A,0,1,A,,9,15,2,5,10,14,2,3,1,0,0,0
01/11/2025,Heidenheim,Ein Frankfurt,1,1,D,1,0,H,,9,16,4,3,7,11,2,8,0,2,0,0
01/11/2025,Mainz,Werder Bremen,1,1,D,1,0,H,,10,5,5,3,19,11,2,0,1,3,0,0
01/11/2025,RB Leipzig,Stuttgart,3,1,H,1,0,H,,16,14,9,4,8,10,5,5,1,2,0,0
01/11/2025,St Pauli,M'gladbach,0,4,A,0,2,A,,16,15,4,11,11,8,8,1,4,0,0,0
01/11/2025,Union Berlin,Freiburg,0,0,D,0,0,D,,11,13,2,4,20,13,5,5,6,1,0,0
01/11/2025,Bayern Munich,Leverkusen,3,0,H,3,0,H,,18,7,4,1,11,3,10,4,1,1,0,0
01/11/2025,Villarreal,Vallecano,4,0,H,1,0,H,,16,13,7,3,7,11,3,5,1,1,0,0
01/11/2025,Ath Madrid,Sevilla,3,0,H,0,0,D,,15,10,6,2,9,12,9,4,0,3,0,0
01/11/2025,Sociedad,Ath Bilbao,3,2,H,1,1,D,,9,11,5,4,20,8,6,2,2,3,0,0
01/11/2025,Real Madrid,Valencia,4,0,H,3,0,H,,21,4,11,1,14,7,7,1,1,1,0,0
01/11/2025,Paris SG,Nice,1,0,H,0,0,D,,28,5,8,2,12,5,11,1,3,1,0,0
01/11/2025,Monaco,Paris FC,0,1,A,0,0,D,,10,9,1,1,10,12,3,2,3,2,0,0
01/11/2025,Auxerre,Marseille,0,1,A,0,1,A,,9,6,4,2,12,14,3,3,3,4,1,1
01/11/2025,Brighton,Leeds,3,0,H,1,0,H,M Oliver,14,5,7,2,10,7,4,7,0,1,0,0
01/11/2025,Burnley,Arsenal,0,2,A,0,2,A,C Kavanagh,3,12,0,8,10,13,1,6,2,1,0,0
01/11/2025,Crystal Palace,Brentford,2,0,H,1,0,H,P Bankes,9,6,2,2,7,11,6,5,0,3,0,0
01/11/2025,Fulham,Wolves,3,0,H,1,0,H,J Brooks,19,5,6,2,13,14,10,1,1,3,0,1
01/11/2025,Nott'm Forest,Man United,2,2,D,0,1,A,D England,17,18,3,7,10,7,8,5,1,1,0,0
01/11/2025,Tottenham,Chelsea,0,1,A,0,1,A,J Gillett,3,15,1,9,14,12,6,5,4,2,0,0
01/11/2025,Liverpool,Aston Villa,2,0,H,1,0,H,S Attwell,16,10,4,3,13,11,1,4,2,3,0,0
02/11/2025,Verona,Inter,1,2,A,1,1,D,,8,21,2,6,15,4,4,8,2,1,0,0
02/11/2025,Fiorentina,Lecce,0,1,A,0,1,A,,15,11,4,4,14,21,4,4,4,1,0,0
02/11/2025,Torino,Pisa,2,2,D,2,2,D,,15,11,3,3,14,8,4,2,2,1,0,0
02/11/2025,Parma,Bologna,1,3,A,1,1,D,,7,22,1,6,16,15,1,5,3,2,1,0
02/11/2025,Milan,Roma,1,0,H,1,0,H,,17,20,8,6,12,13,7,8,1,5,0,0
02/11/2025,FC Koln,Hamburg,4,1,H,1,0,H,,23,11,10,5,8,18,2,3,1,6,0,2
02/11/2025,Wolfsburg,Hoffenheim,2,3,A,1,1,D,,12,10,6,4,10,17,2,2,0,2,0,0
02/11/2025,Levante,Celta,1,2,A,0,1,A,,9,20,3,6,10,12,4,4,2,3,1,0
02/11/2025,Alaves,Espanol,2,1,H,2,0,H,,13,18,4,2,14,12,1,6,4,2,1,0
02/11/2025,Barcelona,Elche,3,1,H,2,1,H,,17,9,5,3,12,16,6,3,0,1,0,0
02/11/2025,Betis,Mallorca,3,0,H,3,0,H,,15,14,8,1,9,8,4,5,0,3,0,0
02/11/2025,Rennes,Strasbourg,4,1,H,2,0,H,,13,20,6,2,15,9,6,5,1,1,0,0
02/11/2025,Lens,Lorient,3,0,H,1,0,H,,9,12,6,3,8,10,7,6,2,2,0,0
02/11/2025,Lille,Angers,1,0,H,1,0,H,,15,6,4,1,10,10,9,2,1,0,0,0
02/11/2025,Nantes,Metz,0,2,A,0,0,D,,16,14,4,7,8,8,8,5,1,3,0,0
02/11/2025,Toulouse,Le Havre,0,0,D,0,0,D,,18,9,2,3,12,14,10,2,1,2,0,0
02/11/2025,Brest,Lyon,0,0,D,0,0,D,,13,4,3,2,19,6,12,2,1,0,0,1
02/11/2025,West Ham,Newcastle,3,1,H,2,1,H,R Jones,15,12,9,4,5,10,7,6,1,2,0,0
02/11/2025,Man City,Bournemouth,3,1,H,2,1,H,A Taylor,15,8,8,5,8,11,10,4,2,2,0,0
03/11/2025,Sassuolo,Genoa,1,2,A,0,1,A,,13,16,4,5,13,13,3,7,1,3,0,0
03/11/2025,Lazio,Cagliari,2,0,H,0,0,D,,8,17,3,5,8,18,7,5,0,2,0,0
03/11/2025,Oviedo,Osasuna,0,0,D,0,0,D,,8,11,2,5,17,17,4,2,3,1,0,0
03/11/2025,Sunderland,Everton,1,1,D,0,1,A,T Bramall,17,8,3,2,10,12,4,1,3,2,0,0
07/11/2025,Pisa,Cremonese,1,0,H,0,0,D,,14,13,6,3,11,17,4,5,4,2,0,0
07/11/2025,Werder Bremen,Wolfsburg,2,1,H,0,1,A,,20,7,7,4,13,8,13,3,2,0,0,0
07/11/2025,Elche,Sociedad,1,1,D,0,0,D,,12,13,3,5,14,15,1,3,1,3,0,0
07/11/2025,Paris FC,Rennes,0,1,A,0,0,D,,19,10,4,3,9,13,8,9,4,2,0,0
08/11/2025,Como,Cagliari,0,0,D,0,0,D,,10,4,6,2,21,15,10,0,3,1,0,0
08/11/2025,Lecce,Verona,0,0,D,0,0,D,,11,5,6,2,10,18,7,2,1,4,0,0
08/11/2025,Juventus,Torino,0,0,D,0,0,D,,22,8,6,3,9,4,6,2,0,1,0,0
08/11/2025,Parma,Milan,2,2,D,1,2,A,,14,10,4,5,14,10,4,3,1,1,0,0
08/11/2025,Hamburg,Dortmund,1,1,D,0,0,D,,9,17,3,1,14,8,2,6,1,1,0,0
08/11/2025,Hoffenheim,RB Leipzig,3,1,H,2,1,H,,12,17,4,5,13,5,5,5,3,2,0,0
08/11/2025,Leverkusen,Heidenheim,6,0,H,5,0,H,,25,1,10,0,5,7,11,1,0,1,0,0
08/11/2025,Union Berlin,Bayern Munich,2,2,D,1,1,D,,12,12,4,4,8,8,6,5,2,4,0,0
08/11/2025,M'gladbach,FC Koln,3,1,H,1,0,H,,9,19,4,5,11,13,2,6,2,3,0,0
08/11/2025,Girona,Alaves,1,0,H,1,0,H,,10,14,2,5,9,15,6,1,0,3,0,0
08/11/2025,Sevilla,Osasuna,1,0,H,0,0,D,,10,9,4,3,21,13,5,6,5,3,0,0
08/11/2025,Ath Madrid,Levante,3,1,H,1,1,D,,25,6,10,3,5,6,21,4,3,1,0,0
08/11/2025,Espanol,Villarreal,0,2,A,0,1,A,,14,9,3,3,9,9,4,2,0,2,0,0
08/11/2025,Marseille,Brest,3,0,H,2,0,H,,19,4,7,2,12,10,6,2,0,1,0,0
08/11/2025,Le Havre,Nantes,1,1,D,0,1,A,,17,5,4,2,15,13,8,3,3,3,0,0
08/11/2025,Monaco,Lens,1,4,A,1,3,A,,16,20,6,12,15,19,5,4,1,2,1,0
08/11/2025,Tottenham,Man United,2,2,D,0,1,A,S Barrott,10,5,4,2,10,8,5,3,5,1,0,0
08/11/2025,Everton,Fulham,2,0,H,1,0,H,A Madley,14,8,5,4,11,14,7,5,2,2,0,0
08/11/2025,West Ham,Burnley,3,2,H,1,1,D,M Salisbury,15,16,6,7,15,13,7,4,2,2,0,0
08/11/2025,Sunderland,Arsenal,2,2,D,1,0,H,C Pawson,6,17,2,7,13,13,2,2,2,1,0,0
08/11/2025,Chelsea,Wolves,3,0,H,0,0,D,A Kitchen,20,3,8,0,12,14,10,1,1,2,0,0
09/11/2025,Atalanta,Sassuolo,0,3,A,0,1,A,,14,8,2,4,9,8,4,1,0,2,0,0
09/11/2025,Bologna,Napoli,2,0,H,0,0,D,,11,4,4,1,14,15,5,4,1,3,0,0
09/11/2025,Genoa,Fiorentina,2,2,D,1,1,D,,10,7,6,3,20,15,3,7,2,3,0,0
09/11/2025,Roma,Udinese,2,0,H,1,0,H,,13,10,4,4,13,14,3,4,2,1,0,0
09/11/2025,Inter,Lazio,2,0,H,1,0,H,,8,8,3,5,26,11,3,1,3,1,0,0
09/11/2025,Freiburg,St Pauli,2,1,H,1,0,H,,8,7,4,2,8,12,9,3,2,2,0,0
09/11/2025,Stuttgart,Augsburg,3,2,H,2,2,D,,17,17,6,6,13,10,4,4,2,3,0,0
09/11/2025,Ein Frankfurt,Mainz,1,0,H,0,0,D,,14,3,4,0,8,14,4,3,0,5,0,0
09/11/2025,Ath Bilbao,Oviedo,1,0,H,1,0,H,,21,5,7,2,12,8,7,4,1,1,0,0
09/11/2025,Vallecano,Real Madrid,0,0,D,0,0,D,,13,21,2,5,17,7,5,8,3,2,0,0
09/11/2025,Mallorca,Getafe,1,0,H,1,0,H,,6,14,4,3,15,8,1,14,0,2,0,0
09/11/2025,Valencia,Betis,1,1,D,0,0,D,,17,9,4,2,13,10,7,2,3,3,0,0
09/11/2025,Celta,Barcelona,2,4,A,2,3,A,,5,21,3,9,13,10,2,5,1,5,0,1
09/11/2025,Lorient,Toulouse,1,1,D,1,0,H,,10,6,2,2,6,18,6,4,0,4,0,0
09/11/2025,Angers,Auxerre,2,0,H,0,0,D,,9,12,5,5,19,14,3,3,2,2,0,0
09/11/2025,Metz,Nice,2,1,H,0,1,A,,9,11,2,4,12,19,6,3,2,4,0,0
09/11/2025,Strasbourg,Lille,2,0,H,1,0,H,,5,7,2,4,9,20,1,4,4,3,0,1
09/11/2025,Lyon,Paris SG,2,3,A,1,2,A,,9,9,2,4,10,8,5,5,5,2,1,0
09/11/2025,Aston Villa,Bournemouth,4,0,H,2,0,H,J Brooks,16,13,8,4,8,20,6,9,2,2,0,0
09/11/2025,Brentford,Newcastle,3,1,H,0,1,A,S Attwell,15,5,7,1,10,13,6,2,2,1,0,0
09/11/2025,Crystal Palace,Brighton,0,0,D,0,0,D,T Robinson,10,7,2,3,10,12,4,8,1,4,0,0
09/11/2025,Nott'm Forest,Leeds,3,1,H,1,1,D,J Gillett,14,10,6,3,10,11,6,4,2,1,0,0
09/11/2025,Man City,Liverpool,3,0,H,2,0,H,C Kavanagh,14,7,6,1,14,15,7,7,2,4,0,0
21/11/2025,Mainz,Hoffenheim,1,1,D,0,1,A,,17,19,3,5,13,13,7,4,3,2,1,0
21/11/2025,Valencia,Levante,1,0,H,0,0,D,,14,8,3,1,16,15,7,0,4,3,0,0
21/11/2025,Nice,Marseille,1,5,A,0,2,A,,15,13,7,11,9,10,8,6,2,2,0,0
22/11/2025,Cagliari,Genoa,3,3,D,2,2,D,,11,13,5,8,22,16,6,2,4,3,0,1
22/11/2025,Udinese,Bologna,0,3,A,0,0,D,,12,10,3,5,19,16,7,2,0,1,0,0
22/11/2025,Fiorentina,Juventus,1,1,D,0,1,A,,11,17,2,4,11,18,7,3,2,3,0,0
22/11/2025,Napoli,Atalanta,3,1,H,3,0,H,,11,14,6,3,11,12,5,3,1,2,0,0
22/11/2025,Augsburg,Hamburg,1,0,H,0,0,D,,13,15,6,6,13,10,4,3,2,3,1,0
22/11/2025,Bayern Munich,Freiburg,6,2,H,2,2,D,,22,8,8,2,9,7,3,5,1,0,0,0
22/11/2025,Dortmund,Stuttgart,3,3,D,2,0,H,,14,16,6,6,12,10,2,4,1,1,0,0
22/11/2025,Heidenheim,M'gladbach,0,3,A,0,1,A,,7,16,2,4,13,12,4,5,2,0,0,0
22/11/2025,Wolfsburg,Leverkusen,1,3,A,0,3,A,,21,7,10,3,12,7,9,1,2,1,0,0
22/11/2025,FC Koln,Ein Frankfurt,3,4,A,1,2,A,,11,11,5,7,6,5,3,3,0,0,0,0
22/11/2025,Alaves,Celta,0,1,A,0,0,D,,5,7,2,4,21,15,4,2,2,2,0,0
22/11/2025,Barcelona,Ath Bilbao,4,0,H,2,0,H,,19,13,7,2,9,9,5,7,0,2,0,1
22/11/2025,Osasuna,Sociedad,1,3,A,1,0,H,,14,19,4,9,13,7,3,3,3,2,1,0
22/11/2025,Villarreal,Mallorca,2,1,H,1,1,D,,14,9,7,3,17,8,3,1,2,2,0,0
22/11/2025,Lens,Strasbourg,1,0,H,0,0,D,,13,7,5,1,13,13,3,1,2,3,1,1
22/11/2025,Rennes,Monaco,4,1,H,1,0,H,,17,13,9,3,3,13,4,6,0,1,0,1
22/11/2025,Paris SG,Le Havre,3,0,H,1,0,H,,31,12,11,4,10,8,6,4,2,1,0,0
22/11/2025,Burnley,Chelsea,0,2,A,0,1,A,P Bankes,8,15,2,5,13,8,1,9,2,3,0,0
22/11/2025,Bournemouth,West Ham,2,2,D,0,2,A,T Bramall,28,5,10,2,9,10,9,2,3,2,0,0
22/11/2025,Brighton,Brentford,2,1,H,0,1,A,C Kavanagh,14,10,5,4,10,9,7,4,4,2,0,0
22/11/2025,Fulham,Sunderland,1,0,H,0,0,D,D England,24,4,6,2,5,13,7,4,3,3,0,0
22/11/2025,Liverpool,Nott'm Forest,0,3,A,0,1,A,A Madley,21,15,4,7,11,8,8,6,2,0,0,0
22/11/2025,Wolves,Crystal Palace,0,2,A,0,0,D,A Taylor,8,10,1,4,13,9,1,4,2,3,0,0
22/11/2025,Newcastle,Man City,2,1,H,0,0,D,S Barrott,9,17,5,4,13,8,5,9,1,3,0,0
23/11/2025,Verona,Parma,1,2,A,0,1,A,,10,15,2,7,24,6,4,4,4,3,0,0
23/11/2025,Cremonese,Roma,1,3,A,0,1,A,,9,12,4,6,12,16,3,5,2,2,0,0
23/11/2025,Lazio,Lecce,2,0,H,1,0,H,,19,5,9,1,8,13,8,2,1,1,0,0
23/11/2025,Inter,Milan,0,1,A,0,0,D,,20,7,6,3,7,9,9,1,1,2,0,0
23/11/2025,RB Leipzig,Werder Bremen,2,0,H,0,0,D,,22,15,13,6,5,7,13,7,1,2,0,0
23/11/2025,St Pauli,Union Berlin,0,1,A,0,1,A,,12,8,3,3,10,8,8,2,1,1,0,0
23/11/2025,Oviedo,Vallecano,0,0,D,0,0,D,,8,11,3,3,11,13,5,6,1,2,1,1
23/11/2025,Betis,Girona,1,1,D,0,1,A,,23,11,7,4,10,16,8,0,3,4,1,0
23/11/2025,Getafe,Ath Madrid,0,1,A,0,0,D,,9,13,1,6,9,17,6,7,2,3,0,0
23/11/2025,Elche,Real Madrid,2,2,D,0,0,D,,15,20,6,7,10,8,2,8,4,0,1,0
23/11/2025,Auxerre,Lyon,0,0,D,0,0,D,,12,16,5,7,10,11,7,11,1,3,0,0
23/11/2025,Brest,Metz,3,2,H,1,1,D,,20,7,7,3,11,8,6,2,2,3,0,0
23/11/2025,Nantes,Lorient,1,1,D,0,1,A,,9,7,1,1,17,17,1,1,1,1,0,0
23/11/2025,Toulouse,Angers,0,1,A,0,1,A,,25,6,6,2,15,15,11,1,1,3,0,0
23/11/2025,Lille,Paris FC,4,2,H,1,1,D,,17,6,10,3,9,12,9,4,1,2,0,0
23/11/2025,Leeds,Aston Villa,1,2,A,1,0,H,R Jones,14,14,5,3,18,16,3,3,5,1,0,0
23/11/2025,Arsenal,Tottenham,4,1,H,2,0,H,M Oliver,17,3,8,2,11,15,4,1,1,3,0,0
24/11/2025,Torino,Como,1,5,A,1,1,D,,10,15,2,7,6,9,3,4,0,1,0,0
24/11/2025,Sassuolo,Pisa,2,2,D,1,1,D,,22,10,7,3,10,10,5,2,2,1,0,0
24/11/2025,Espanol,Sevilla,2,1,H,0,0,D,,8,22,5,6,18,7,4,13,4,1,0,0
24/11/2025,Man United,Everton,0,1,A,0,1,A,T Harrington,25,3,6,1,12,9,9,1,2,0,0,1
28/11/2025,Como,Sassuolo,2,0,H,1,0,H,,18,12,13,5,11,7,4,4,2,1,0,0
28/11/2025,M'gladbach,RB Leipzig,0,0,D,0,0,D,,8,20,1,4,9,9,5,6,0,3,0,0
28/11/2025,Getafe,Elche,1,0,H,0,0,D,,15,9,6,4,18,11,3,5,2,2,0,0
28/11/2025,Metz,Rennes,0,1,A,0,1,A,,16,9,5,2,9,8,6,3,0,0,0,0
29/11/2025,Genoa,Verona,2,1,H,1,1,D,,15,13,4,5,9,19,2,3,1,3,0,0
29/11/2025,Parma,Udinese,0,2,A,0,1,A,,17,14,2,5,6,19,5,9,1,2,1,1
29/11/2025,Juventus,Cagliari,2,1,H,2,1,H,,14,5,6,3,16,16,1,6,1,5,0,0
29/11/2025,Milan,Lazio,1,0,H,0,0,D,,16,9,4,4,10,12,1,4,3,3,0,0
29/11/2025,Bayern Munich,St Pauli,3,1,H,1,1,D,,19,10,4,1,5,8,10,2,1,1,0,0
29/11/2025,Hoffenheim,Augsburg,3,0,H,3,0,H,,17,14,3,4,17,9,7,2,1,0,0,0
29/11/2025,Union Berlin,Heidenheim,1,2,A,1,0,H,,9,10,2,2,13,10,5,5,3,2,0,0
29/11/2025,Werder Bremen,FC Koln,1,1,D,1,0,H,,17,10,4,2,11,11,4,0,2,4,1,0
29/11/2025,Leverkusen,Dortmund,1,2,A,0,1,A,,14,7,4,4,7,9,10,3,3,4,0,0
29/11/2025,Mallorca,Osasuna,2,2,D,0,0,D,,7,14,4,2,10,15,2,8,3,4,0,0
29/11/2025,Barcelona,Alaves,3,1,H,2,1,H,,18,9,6,2,10,17,5,4,2,3,0,0
29/11/2025,Levante,Ath Bilbao,0,2,A,0,2,A,,11,14,4,4,11,19,4,2,3,2,0,0
29/11/2025,Ath Madrid,Oviedo,2,0,H,2,0,H,,14,12,8,1,5,8,7,2,0,1,0,0
29/11/2025,Monaco,Paris SG,1,0,H,0,0,D,,10,17,5,4,10,13,4,4,3,1,1,0
29/11/2025,Paris FC,Auxerre,1,1,D,1,1,D,,11,11,2,3,11,17,4,3,2,1,0,0
29/11/2025,Marseille,Toulouse,2,2,D,0,1,A,,20,6,5,4,7,10,9,1,2,1,0,0
29/11/2025,Brentford,Burnley,3,1,H,0,0,D,S Barrott,14,6,4,2,7,7,5,6,0,2,0,0
29/11/2025,Man City,Leeds,3,2,H,2,0,H,P Bankes,18,9,9,4,17,11,8,1,4,1,0,0
29/11/2025,Sunderland,Bournemouth,3,2,H,1,2,A,T Robinson,12,18,6,6,14,13,6,3,5,5,0,1
29/11/2025,Everton,Newcastle,1,4,A,0,3,A,C Pawson,10,13,2,8,4,6,8,7,0,0,0,0
29/11/2025,Tottenham,Fulham,1,2,A,0,2,A,S Attwell,14,7,2,3,11,7,8,2,3,2,0,0
30/11/2025,Lecce,Torino,2,1,H,2,0,H,,10,15,2,6,16,22,6,6,2,3,0,0
30/11/2025,Pisa,Inter,0,2,A,0,0,D,,10,14,2,3,13,15,4,6,2,1,0,0
30/11/2025,Atalanta,Fiorentina,2,0,H,1,0,H,,21,15,9,3,15,10,4,5,1,3,0,0
30/11/2025,Roma,Napoli,0,1,A,0,1,A,,8,8,2,5,14,13,4,2,4,3,0,0
30/11/2025,Hamburg,Stuttgart,2,1,H,1,0,H,,9,14,2,3,16,12,4,6,2,4,1,0
30/11/2025,Ein Frankfurt,Wolfsburg,1,1,D,0,0,D,,15,10,3,3,7,9,14,1,1,4,0,0
30/11/2025,Freiburg,Mainz,4,0,H,2,0,H,,23,1,10,1,9,12,6,2,0,2,0,1
30/11/2025,Sociedad,Villarreal,2,3,A,0,1,A,,18,10,7,5,15,18,8,2,3,7,0,0
30/11/2025,Sevilla,Betis,0,2,A,0,0,D,,9,9,3,4,14,22,6,4,2,3,1,0
30/11/2025,Celta,Espanol,0,1,A,0,0,D,,11,9,4,2,12,15,4,3,1,2,0,0
30/11/2025,Girona,Real Madrid,1,1,D,1,0,H,,10,25,4,4,9,13,2,5,3,0,0,0
30/11/2025,Strasbourg,Brest,1,2,A,1,0,H,,14,7,6,4,12,14,5,0,0,3,0,0
30/11/2025,Angers,Lens,1,2,A,0,1,A,,7,17,5,6,7,11,2,8,1,1,0,0
30/11/2025,Le Havre,Lille,0,1,A,0,0,D,,14,8,7,2,15,13,6,2,1,3,0,1
30/11/2025,Lorient,Nice,3,1,H,2,1,H,,18,9,7,2,7,11,3,7,1,2,0,0
30/11/2025,Lyon,Nantes,3,0,H,0,0,D,,20,6,8,2,14,9,7,0,1,2,0,1
30/11/2025,Crystal Palace,Man United,1,2,A,1,0,H,R Jones,14,14,3,6,14,14,4,4,3,2,0,0
30/11/2025,Aston Villa,Wolves,1,0,H,0,0,D,C Kavanagh,16,9,6,4,13,21,7,3,0,4,0,0
30/11/2025,Nott'm Forest,Brighton,0,2,A,0,1,A,M Oliver,19,17,3,6,11,10,9,2,0,1,0,0
30/11/2025,West Ham,Liverpool,0,2,A,0,0,D,D England,7,9,0,5,12,14,7,2,1,0,1,0
30/11/2025,Chelsea,Arsenal,1,1,D,0,0,D,A Taylor,11,8,4,4,12,13,3,3,1,6,1,0
01/12/2025,Bologna,Cremonese,1,3,A,1,2,A,,29,10,7,5,13,12,13,8,0,2,0,0
01/12/2025,Vallecano,Valencia,1,1,D,1,0,H,,19,10,7,2,11,9,10,5,1,1,0,0
02/12/2025,Barcelona,Ath Madrid,3,1,H,1,1,D,,19,7,6,2,12,9,5,4,1,1,0,0
02/12/2025,Bournemouth,Everton,0,1,A,0,0,D,M Salisbury,5,13,2,3,14,14,1,6,3,3,0,0
02/12/2025,Fulham,Man City,4,5,A,1,3,A,C Pawson,12,11,6,4,9,7,7,2,0,1,0,0
02/12/2025,Newcastle,Tottenham,2,2,D,0,0,D,T Bramall,19,8,7,2,5,12,11,8,0,3,0,0
03/12/2025,Ath Bilbao,Real Madrid,0,3,A,0,2,A,,9,13,4,8,15,4,5,7,2,0,0,0
03/12/2025,Arsenal,Brentford,2,0,H,1,0,H,T Harrington,15,6,7,1,7,9,4,8,0,1,0,0
03/12/2025,Brighton,Aston Villa,3,4,A,2,2,D,A Madley,16,14,7,10,10,9,5,6,2,2,0,0
03/12/2025,Burnley,Crystal Palace,0,1,A,0,1,A,T Kirk,11,3,4,3,9,8,3,4,0,0,0,0
03/12/2025,Wolves,Nott'm Forest,0,1,A,0,0,D,T Robinson,5,10,1,3,19,11,3,9,2,2,0,0
03/12/2025,Leeds,Chelsea,3,1,H,2,0,H,D England,17,14,5,2,10,13,4,2,1,1,0,0
03/12/2025,Liverpool,Sunderland,1,1,D,0,0,D,S Attwell,23,9,4,6,10,5,7,3,1,1,0,0
04/12/2025,Man United,West Ham,1,1,D,0,0,D,A Kitchen,17,11,4,3,13,9,6,6,2,2,0,0
05/12/2025,Mainz,M'gladbach,0,1,A,0,0,D,,8,14,2,5,12,4,8,6,2,1,0,0
05/12/2025,Oviedo,Mallorca,0,0,D,0,0,D,,15,13,3,6,14,12,8,5,2,1,2,0
05/12/2025,Brest,Monaco,1,0,H,1,0,H,,12,10,4,2,17,15,2,3,2,4,1,0
05/12/2025,Lille,Marseille,1,0,H,1,0,H,,5,6,2,2,9,11,2,5,1,1,0,0
06/12/2025,Sassuolo,Fiorentina,3,1,H,2,1,H,,13,9,5,1,15,15,7,1,2,3,0,0
06/12/2025,Inter,Como,4,0,H,1,0,H,,11,15,7,3,16,13,7,4,1,2,0,0
06/12/2025,Verona,Atalanta,3,1,H,2,0,H,,12,12,7,5,14,7,5,5,2,1,0,0
06/12/2025,Augsburg,Leverkusen,2,0,H,2,0,H,,13,20,6,2,12,6,5,7,4,3,0,0
06/12/2025,FC Koln,St Pauli,1,1,D,0,0,D,,11,5,8,1,6,6,5,4,0,1,0,0
06/12/2025,Heidenheim,Freiburg,2,1,H,0,1,A,,16,16,3,2,11,10,8,6,2,1,0,0
06/12/2025,Stuttgart,Bayern Munich,0,5,A,0,1,A,,13,19,1,11,6,11,3,4,2,4,1,0
06/12/2025,Wolfsburg,Union Berlin,3,1,H,2,0,H,,4,21,3,6,13,10,0,11,4,1,0,0
06/12/2025,RB Leipzig,Ein Frankfurt,6,0,H,2,0,H,,16,8,7,2,9,17,4,0,1,2,0,0
06/12/2025,Villarreal,Getafe,2,0,H,1,0,H,,10,6,5,0,19,15,5,3,2,4,0,1
06/12/2025,Alaves,Sociedad,1,0,H,1,0,H,,14,10,3,1,20,16,5,8,2,2,0,0
06/12/2025,Betis,Barcelona,3,5,A,1,4,A,,17,16,5,8,14,9,7,7,5,2,0,0
06/12/2025,Ath Bilbao,Ath Madrid,1,0,H,0,0,D,,14,7,3,3,9,12,5,6,3,2,0,0
06/12/2025,Nantes,Lens,1,2,A,1,1,D,,10,20,4,6,8,13,1,12,2,0,0,0
06/12/2025,Toulouse,Strasbourg,1,0,H,1,0,H,,6,3,3,0,21,13,1,2,3,3,0,0
06/12/2025,Paris SG,Rennes,5,0,H,2,0,H,,20,6,9,2,9,5,8,6,0,3,0,1
06/12/2025,Aston Villa,Arsenal,2,1,H,1,0,H,P Bankes,15,15,6,9,10,8,3,3,0,2,0,0
06/12/2025,Bournemouth,Chelsea,0,0,D,0,0,D,M Oliver,13,11,5,4,15,13,5,0,0,2,0,0
06/12/2025,Everton,Nott'm Forest,3,0,H,2,0,H,C Kavanagh,11,7,5,3,17,15,6,3,4,3,0,0
06/12/2025,Man City,Sunderland,3,0,H,2,0,H,A Madley,18,8,6,1,9,10,6,5,1,0,0,1
06/12/2025,Newcastle,Burnley,2,1,H,2,0,H,S Attwell,17,9,7,3,9,11,9,9,2,2,0,1
06/12/2025,Tottenham,Brentford,2,0,H,2,0,H,R Jones,15,4,7,1,8,9,7,6,3,4,0,0
06/12/2025,Leeds,Liverpool,3,3,D,0,0,D,A Taylor,12,16,5,7,14,14,5,4,3,3,0,0
07/12/2025,Cremonese,Lecce,2,0,H,0,0,D,,11,9,4,1,15,12,5,5,1,2,0,0
07/12/2025,Cagliari,Roma,1,0,H,0,0,D,,15,6,8,2,18,16,4,1,2,1,0,1
07/12/2025,Lazio,Bologna,1,1,D,1,1,D,,16,13,9,6,13,18,7,3,4,3,1,0
07/12/2025,Napoli,Juventus,2,1,H,1,0,H,,9,5,4,2,6,15,9,0,2,1,0,0
07/12/2025,Hamburg,Werder Bremen,3,2,H,0,1,A,,12,10,6,3,8,13,5,3,1,6,0,0
07/12/2025,Dortmund,Hoffenheim,2,0,H,1,0,H,,8,11,4,3,7,9,7,5,0,2,0,0
07/12/2025,Elche,Girona,3,0,H,1,0,H,,11,8,6,4,18,13,2,2,0,3,0,0
07/12/2025,Valencia,Sevilla,1,1,D,0,0,D,,11,4,3,1,12,18,2,2,3,6,0,0
07/12/2025,Espanol,Vallecano,1,0,H,1,0,H,,9,6,2,2,19,22,6,2,4,8,1,1
07/12/2025,Real Madrid,Celta,0,2,A,0,0,D,,23,7,7,5,6,12,8,1,6,1,3,0
07/12/2025,Nice,Angers,0,1,A,0,1,A,,13,8,3,4,11,9,4,1,1,1,1,0
07/12/2025,Auxerre,Metz,3,1,H,2,1,H,,14,5,7,3,10,12,5,3,2,1,0,0
07/12/2025,Le Havre,Paris FC,0,0,D,0,0,D,,13,13,2,2,10,13,7,2,0,2,0,0
07/12/2025,Lorient,Lyon,1,0,H,1,0,H,,14,7,6,4,12,21,1,7,2,2,0,1
07/12/2025,Brighton,West Ham,1,1,D,0,0,D,S Hooper,22,14,4,5,12,8,10,6,2,2,0,0
07/12/2025,Fulham,Crystal Palace,1,2,A,1,1,D,S Barrott,12,11,4,5,5,8,6,4,0,0,0,0
08/12/2025,Pisa,Parma,0,1,A,0,1,A,,14,9,2,2,15,7,6,0,2,2,1,0
08/12/2025,Udinese,Genoa,1,2,A,0,1,A,,23,12,6,6,16,12,6,2,1,0,0,0
08/12/2025,Torino,Milan,2,3,A,2,1,H,,8,17,4,6,16,7,2,4,2,1,0,0
08/12/2025,Osasuna,Levante,2,0,H,2,0,H,,14,11,6,5,15,7,3,3,2,2,0,0
08/12/2025,Wolves,Man United,1,4,A,1,1,D,M Salisbury,8,27,2,10,17,12,1,9,3,2,0,0
12/12/2025,Lecce,Pisa,1,0,H,0,0,D,,21,5,3,0,17,6,12,1,2,1,0,0
12/12/2025,Union Berlin,RB Leipzig,3,1,H,0,0,D,,12,9,6,3,7,8,4,6,2,2,0,0
12/12/2025,Sociedad,Girona,1,2,A,1,0,H,,9,14,4,3,20,5,4,3,1,2,0,0
12/12/2025,Angers,Nantes,4,1,H,1,0,H,,20,7,9,4,17,13,6,3,1,2,0,0
13/12/2025,Torino,Cremonese,1,0,H,1,0,H,,18,10,6,3,20,13,6,6,1,2,0,0
13/12/2025,Parma,Lazio,0,1,A,0,0,D,,19,15,5,5,14,8,4,4,2,1,0,2
13/12/2025,Atalanta,Cagliari,2,1,H,1,0,H,,17,8,8,1,13,15,5,4,1,2,0,0
13/12/2025,Ein Frankfurt,Augsburg,1,0,H,0,0,D,,11,12,4,1,14,10,2,6,2,3,0,0
13/12/2025,Hoffenheim,Hamburg,4,1,H,2,0,H,,10,14,6,5,16,10,3,3,1,3,0,0
13/12/2025,M'gladbach,Wolfsburg,1,3,A,1,3,A,,14,11,4,6,6,8,6,3,0,1,0,0
13/12/2025,St Pauli,Heidenheim,2,1,H,1,0,H,,8,20,5,7,6,15,4,11,2,3,1,0
13/12/2025,Leverkusen,FC Koln,2,0,H,0,0,D,,17,6,6,4,8,6,8,3,2,1,0,0
13/12/2025,Ath Madrid,Valencia,2,1,H,1,0,H,,10,13,6,2,13,11,5,7,3,1,0,0
13/12/2025,Mallorca,Elche,3,1,H,1,1,D,,15,9,8,0,13,13,1,1,3,0,0,0
13/12/2025,Barcelona,Osasuna,2,0,H,0,0,D,,24,3,7,2,5,8,14,1,0,3,0,0
13/12/2025,Getafe,Espanol,0,1,A,0,0,D,,11,6,1,4,18,17,6,4,5,1,0,0
13/12/2025,Rennes,Brest,3,1,H,2,1,H,,9,14,5,7,16,22,5,7,2,3,0,0
13/12/2025,Metz,Paris SG,2,3,A,1,2,A,,9,14,5,9,10,10,4,4,2,1,0,0
13/12/2025,Paris FC,Toulouse,0,3,A,0,2,A,,9,7,2,4,12,14,7,4,3,1,0,0
13/12/2025,Chelsea,Everton,2,0,H,2,0,H,T Bramall,17,11,5,2,13,11,4,7,1,0,0,0
13/12/2025,Liverpool,Brighton,2,0,H,1,0,H,C Pawson,18,14,4,1,8,15,2,2,1,2,0,0
13/12/2025,Burnley,Fulham,2,3,A,1,2,A,M Oliver,16,6,8,4,8,8,10,4,1,2,0,0
13/12/2025,Arsenal,Wolves,2,1,H,0,0,D,R Jones,16,3,2,2,7,15,8,0,0,4,0,0
14/12/2025,Milan,Sassuolo,2,2,D,1,1,D,,13,8,5,3,12,12,7,3,1,3,0,0
14/12/2025,Fiorentina,Verona,1,2,A,0,1,A,,20,13,4,3,10,22,9,4,1,5,0,0
14/12/2025,Udinese,Napoli,1,0,H,0,0,D,,18,7,5,0,16,9,1,3,1,0,0,0
14/12/2025,Genoa,Inter,1,2,A,0,2,A,,5,18,3,8,10,20,1,6,2,3,0,0
14/12/2025,Bologna,Juventus,0,1,A,0,0,D,,11,13,4,3,10,11,3,4,3,1,1,0
14/12/2025,Freiburg,Dortmund,1,1,D,0,1,A,,21,9,6,4,11,10,6,0,3,2,0,1
14/12/2025,Bayern Munich,Mainz,2,2,D,1,1,D,,24,5,11,2,7,8,7,0,2,2,0,0
14/12/2025,Werder Bremen,Stuttgart,0,4,A,0,2,A,,9,24,3,12,11,6,0,9,2,0,1,0
14/12/2025,Sevilla,Oviedo,4,0,H,2,0,H,,13,5,7,1,11,12,5,3,1,2,0,1
14/12/2025,Celta,Ath Bilbao,2,0,H,0,0,D,,5,14,2,2,11,13,1,4,3,2,0,0
14/12/2025,Alaves,Real Madrid,1,2,A,0,1,A,,6,13,2,6,12,13,5,7,3,1,0,0
14/12/2025,Lyon,Le Havre,1,0,H,0,0,D,,18,10,4,4,14,18,5,4,2,4,0,0
14/12/2025,Auxerre,Lille,3,4,A,0,1,A,,18,8,8,5,21,10,10,3,5,2,2,2
14/12/2025,Lens,Nice,2,0,H,1,0,H,,15,8,5,4,17,13,2,5,0,2,0,0
14/12/2025,Strasbourg,Lorient,0,0,D,0,0,D,,12,10,2,2,6,3,11,3,1,0,0,0
14/12/2025,Marseille,Monaco,1,0,H,0,0,D,,18,18,8,7,11,11,3,7,2,1,0,0
14/12/2025,Crystal Palace,Man City,0,3,A,0,1,A,D England,16,7,4,6,9,6,2,2,2,0,0,0
14/12/2025,Nott'm Forest,Tottenham,3,0,H,1,0,H,S Barrott,15,6,6,1,9,13,3,3,1,3,0,0
14/12/2025,Sunderland,Newcastle,1,0,H,0,0,D,P Bankes,5,6,1,2,10,10,3,6,5,4,0,0
14/12/2025,West Ham,Aston Villa,2,3,A,2,1,H,A Taylor,10,7,3,4,18,13,5,3,1,2,0,0
14/12/2025,Brentford,Leeds,1,1,D,0,0,D,J Brooks,7,18,2,4,8,9,0,3,0,0,0,0
15/12/2025,Roma,Como,1,0,H,0,0,D,,14,13,4,1,16,8,6,3,3,3,0,0
15/12/2025,Vallecano,Betis,0,0,D,0,0,D,,23,13,7,6,10,7,8,3,4,1,0,0
15/12/2025,Man United,Bournemouth,4,4,D,2,1,H,S Hooper,25,14,9,9,15,12,5,4,2,3,0,0
19/12/2025,Dortmund,M'gladbach,2,0,H,1,0,H,,10,6,4,1,15,13,6,4,2,1,0,0
19/12/2025,Valencia,Mallorca,1,1,D,0,1,A,,17,4,2,2,10,12,12,3,2,3,0,0
20/12/2025,Lazio,Cremonese,0,0,D,0,0,D,,8,9,2,2,13,21,3,0,4,3,0,1
20/12/2025,Juventus,Roma,2,1,H,1,0,H,,13,14,9,5,14,13,2,4,2,3,0,0
20/12/2025,Augsburg,Werder Bremen,0,0,D,0,0,D,,14,9,6,0,10,20,6,11,3,4,0,0
20/12/2025,FC Koln,Union Berlin,0,1,A,0,0,D,,13,11,2,3,9,18,3,6,2,5,1,0
20/12/2025,Hamburg,Ein Frankfurt,1,1,D,1,1,D,,9,9,3,3,8,12,5,5,0,0,0,0
20/12/2025,Stuttgart,Hoffenheim,0,0,D,0,0,D,,10,4,3,1,10,17,4,2,3,2,0,0
20/12/2025,Wolfsburg,Freiburg,3,4,A,1,1,D,,13,15,6,8,16,8,2,6,1,1,0,0
20/12/2025,RB Leipzig,Leverkusen,1,3,A,1,2,A,,19,15,7,8,10,12,2,8,1,2,0,0
20/12/2025,Oviedo,Celta,0,0,D,0,0,D,,10,6,3,2,14,7,4,3,2,1,0,0
20/12/2025,Levante,Sociedad,1,1,D,0,1,A,,13,18,3,6,16,13,7,10,6,2,0,0
20/12/2025,Osasuna,Alaves,3,0,H,0,0,D,,16,7,7,3,16,11,9,0,2,2,0,0
20/12/2025,Real Madrid,Sevilla,2,0,H,1,0,H,,18,14,8,5,13,19,6,5,2,5,0,1
20/12/2025,Newcastle,Chelsea,2,2,D,2,0,H,A Madley,11,13,5,4,13,14,6,4,3,6,0,0
20/12/2025,Bournemouth,Burnley,1,1,D,0,0,D,C Kavanagh,16,4,1,1,11,11,5,3,1,1,0,0
20/12/2025,Brighton,Sunderland,0,0,D,0,0,D,D England,16,14,4,6,11,15,3,4,2,2,0,0
20/12/2025,Man City,West Ham,3,0,H,2,0,H,P Tierney,17,7,8,3,16,10,6,0,1,1,0,0
20/12/2025,Wolves,Brentford,0,2,A,0,0,D,M Donohue,9,7,2,6,12,15,3,4,2,4,0,0
20/12/2025,Tottenham,Liverpool,1,2,A,0,0,D,J Brooks,15,8,4,4,9,7,2,6,3,3,2,0
20/12/2025,Everton,Arsenal,0,1,A,0,1,A,S Barrott,5,13,1,2,4,5,2,3,2,2,0,0
20/12/2025,Leeds,Crystal Palace,4,1,H,2,0,H,T Bramall,20,9,8,3,5,10,9,5,1,3,0,0
21/12/2025,Cagliari,Pisa,2,2,D,0,1,A,,14,15,5,3,15,20,2,6,3,2,0,0
21/12/2025,Sassuolo,Torino,0,1,A,0,0,D,,7,10,1,5,15,17,2,3,3,1,0,0
21/12/2025,Fiorentina,Udinese,5,1,H,3,0,H,,20,11,7,4,10,8,1,4,3,1,0,1
21/12/2025,Genoa,Atalanta,0,1,A,0,0,D,,6,16,3,4,11,19,6,10,1,2,1,0
21/12/2025,Mainz,St Pauli,0,0,D,0,0,D,,13,5,1,1,5,9,9,5,1,1,0,0
21/12/2025,Heidenheim,Bayern Munich,0,4,A,0,2,A,,8,23,1,11,8,6,0,6,0,0,0,0
21/12/2025,Girona,Ath Madrid,0,3,A,0,2,A,,9,14,2,6,7,14,3,4,2,0,0,0
21/12/2025,Villarreal,Barcelona,0,2,A,0,1,A,,14,19,5,5,10,8,5,10,1,1,1,0
21/12/2025,Elche,Vallecano,4,0,H,1,0,H,,18,18,6,8,15,11,4,5,2,3,0,0
21/12/2025,Betis,Getafe,4,0,H,1,0,H,,19,15,8,3,13,12,7,5,0,1,0,0
21/12/2025,Aston Villa,Man United,2,1,H,1,1,D,M Oliver,12,15,4,6,11,14,5,5,1,2,0,0
22/12/2025,Ath Bilbao,Espanol,1,2,A,1,1,D,,17,10,7,5,10,9,8,4,5,2,0,0
22/12/2025,Fulham,Nott'm Forest,1,0,H,1,0,H,A Taylor,11,12,1,2,5,9,1,5,5,4,0,0
26/12/2025,Man United,Newcastle,1,0,H,1,0,H,A Taylor,10,16,4,3,9,5,2,11,2,1,0,0
27/12/2025,Parma,Fiorentina,1,0,H,0,0,D,,13,23,2,4,10,15,5,6,2,2,0,0
27/12/2025,Lecce,Como,0,3,A,0,1,A,,11,12,5,6,10,23,4,6,2,4,0,0
27/12/2025,Torino,Cagliari,1,2,A,1,1,D,,19,9,10,4,14,13,6,2,3,0,0,0
27/12/2025,Udinese,Lazio,1,1,D,0,0,D,,15,14,4,2,19,14,5,6,3,4,0,0
27/12/2025,Pisa,Juventus,0,2,A,0,0,D,,8,15,0,7,10,12,2,8,4,1,0,0
27/12/2025,Nott'm Forest,Man City,1,2,A,0,0,D,R Jones,7,16,2,5,5,13,5,5,1,2,0,0
27/12/2025,Arsenal,Brighton,2,1,H,1,0,H,J Brooks,24,8,6,3,7,13,7,2,2,3,0,0
27/12/2025,Brentford,Bournemouth,4,1,H,2,0,H,P Bankes,15,20,7,10,9,8,2,15,2,2,0,0
27/12/2025,Burnley,Everton,0,0,D,0,0,D,C Pawson,16,15,0,6,8,8,6,5,0,2,0,0
27/12/2025,Liverpool,Wolves,2,1,H,2,0,H,S Hooper,14,9,4,4,5,13,6,4,0,1,0,0
27/12/2025,West Ham,Fulham,0,1,A,0,0,D,C Kavanagh,11,15,2,4,8,8,5,4,1,3,0,0
27/12/2025,Chelsea,Aston Villa,1,2,A,1,0,H,S Attwell,14,11,3,8,16,8,6,7,5,3,0,0
28/12/2025,Milan,Verona,3,0,H,1,0,H,,11,9,5,1,5,15,7,3,0,1,0,0
28/12/2025,Cremonese,Napoli,0,2,A,0,2,A,,6,22,2,8,13,8,1,10,2,2,0,0
28/12/2025,Bologna,Sassuolo,1,1,D,0,0,D,,16,8,6,5,18,19,2,3,2,3,0,0
28/12/2025,Atalanta,Inter,0,1,A,0,0,D,,7,15,0,4,8,12,4,7,2,1,0,0
28/12/2025,Sunderland,Leeds,1,1,D,1,0,H,T Harrington,8,17,3,6,7,9,3,9,1,0,0,0
28/12/2025,Crystal Palace,Tottenham,0,1,A,0,1,A,J Gillett,15,8,2,4,7,5,3,2,3,2,0,0
29/12/2025,Roma,Genoa,3,1,H,3,0,H,,16,10,8,2,13,13,6,1,0,1,0,0
30/12/2025,Burnley,Newcastle,1,3,A,1,2,A,R Jones,15,20,4,9,9,3,3,4,2,1,0,0
30/12/2025,Chelsea,Bournemouth,2,2,D,2,2,D,S Barrott,17,17,3,6,5,12,12,3,1,1,0,0
30/12/2025,Nott'm Forest,Everton,0,2,A,0,1,A,M Oliver,21,11,6,3,11,9,9,2,1,0,0,0
30/12/2025,West Ham,Brighton,2,2,D,2,1,H,M Salisbury,10,16,4,6,11,18,5,5,3,5,0,0
30/12/2025,Arsenal,Aston Villa,4,1,H,0,0,D,D England,22,11,7,3,18,9,3,3,2,3,0,0
30/12/2025,Man United,Wolves,1,1,D,1,1,D,T Bramall,15,11,6,4,9,12,8,4,0,2,0,0
01/01/2026,Crystal Palace,Fulham,1,1,D,1,0,H,T Harrington,11,17,2,5,7,10,6,3,0,5,0,0
01/01/2026,Liverpool,Leeds,0,0,D,0,0,D,C Kavanagh,19,4,4,2,10,8,8,3,0,2,0,0
01/01/2026,Brentford,Tottenham,0,0,D,0,0,D,A Madley,7,9,2,3,8,10,3,1,1,2,0,0
01/01/2026,Sunderland,Man City,0,0,D,0,0,D,J Gillett,10,14,4,4,9,6,3,5,1,1,0,0
02/01/2026,Cagliari,Milan,0,1,A,0,0,D,,6,11,1,4,10,8,6,7,2,1,0,0
02/01/2026,Vallecano,Getafe,1,1,D,1,0,H,,13,12,4,4,13,10,3,2,3,4,0,0
02/01/2026,Toulouse,Lens,0,3,A,0,0,D,,8,16,2,7,16,16,2,8,2,3,1,0
03/01/2026,Como,Udinese,1,0,H,1,0,H,,15,4,3,1,12,15,3,2,1,3,0,0
03/01/2026,Genoa,Pisa,1,1,D,1,1,D,,12,10,4,2,9,17,2,7,1,3,0,0
03/01/2026,Sassuolo,Parma,1,1,D,1,1,D,,11,16,3,5,12,7,4,7,2,1,0,0
03/01/2026,Juventus,Lecce,1,1,D,0,1,A,,25,6,5,1,6,7,10,1,0,3,0,0
03/01/2026,Atalanta,Roma,1,0,H,1,0,H,,13,10,2,4,16,15,7,5,1,2,0,0
03/01/2026,Celta,Valencia,4,1,H,1,0,H,,12,16,6,5,10,9,2,4,1,3,0,0
03/01/2026,Osasuna,Ath Bilbao,1,1,D,1,0,H,,11,16,4,6,12,19,1,9,3,3,0,0
03/01/2026,Elche,Villarreal,1,3,A,1,2,A,,15,12,2,4,8,11,6,2,3,3,0,0
03/01/2026,Espanol,Barcelona,0,2,A,0,0,D,,14,15,7,6,10,14,5,7,1,0,0,0
03/01/2026,Monaco,Lyon,1,3,A,1,1,D,,6,13,2,9,14,12,7,2,2,3,1,0
03/01/2026,Nice,Strasbourg,1,1,D,0,1,A,,19,8,6,5,12,12,5,7,1,2,0,0
03/01/2026,Lille,Rennes,0,2,A,0,0,D,,13,18,3,4,4,14,4,7,1,1,1,0
03/01/2026,Aston Villa,Nott'm Forest,3,1,H,1,0,H,S Hooper,11,10,4,5,10,20,4,4,1,2,0,0
03/01/2026,Brighton,Burnley,2,0,H,1,0,H,T Robinson,15,5,4,3,7,17,4,4,0,4,0,0
03/01/2026,Wolves,West Ham,3,0,H,3,0,H,P Bankes,11,6,8,0,11,10,6,7,1,0,0,0
03/01/2026,Bournemouth,Arsenal,2,3,A,1,1,D,C Kavanagh,15,12,3,5,13,8,7,5,3,1,0,0
04/01/2026,Lazio,Napoli,0,2,A,0,2,A,,5,14,0,3,10,13,2,6,5,1,2,1
04/01/2026,Fiorentina,Cremonese,1,0,H,0,0,D,,22,6,8,2,10,19,7,3,1,2,0,0
04/01/2026,Verona,Torino,0,3,A,0,1,A,,7,21,3,5,13,7,4,7,0,2,0,0
04/01/2026,Inter,Bologna,3,1,H,1,0,H,,19,6,10,2,20,21,7,1,3,3,0,0
04/01/2026,Sevilla,Levante,0,3,A,0,1,A,,15,6,7,4,16,10,5,1,3,4,0,0
04/01/2026,Real Madrid,Betis,5,1,H,1,0,H,,19,13,9,5,10,12,5,8,1,1,0,0
04/01/2026,Alaves,Oviedo,1,1,D,0,0,D,,18,18,7,6,11,20,6,7,3,3,1,1
04/01/2026,Mallorca,Girona,1,2,A,0,1,A,,9,9,2,4,10,14,3,6,2,1,0,0
04/01/2026,Sociedad,Ath Madrid,1,1,D,0,0,D,,18,10,8,2,11,13,6,6,3,2,0,0
04/01/2026,Marseille,Nantes,0,2,A,0,1,A,,11,15,4,9,17,20,6,3,2,3,2,0
04/01/2026,Brest,Auxerre,2,0,H,1,0,H,,11,10,4,1,16,9,7,6,3,2,0,0
04/01/2026,Le Havre,Angers,2,1,H,1,0,H,,11,9,6,3,15,8,6,6,1,1,0,0
04/01/2026,Lorient,Metz,1,1,D,0,1,A,,16,8,5,2,9,8,4,4,1,2,0,0
04/01/2026,Paris SG,Paris FC,2,1,H,1,0,H,,20,6,6,3,7,4,7,1,1,0,0,0
04/01/2026,Leeds,Man United,1,1,D,0,0,D,J Gillett,11,15,3,2,9,9,6,4,0,1,0,0
04/01/2026,Everton,Brentford,2,4,A,0,1,A,A Taylor,14,11,6,7,9,8,4,5,0,2,0,0
04/01/2026,Newcastle,Crystal Palace,2,0,H,0,0,D,J Brooks,12,11,7,1,5,12,8,6,1,3,0,0
04/01/2026,Tottenham,Sunderland,1,1,D,1,0,H,S Attwell,13,10,5,3,10,6,3,5,2,3,0,0
04/01/2026,Fulham,Liverpool,2,2,D,1,0,H,C Pawson,8,10,2,2,11,4,3,8,1,1,0,0
04/01/2026,Man City,Chelsea,1,1,D,1,0,H,M Oliver,14,8,3,3,12,14,8,2,3,3,0,0
06/01/2026,Pisa,Como,0,3,A,0,0,D,,10,15,4,7,9,13,1,5,2,2,0,0
06/01/2026,Lecce,Roma,0,2,A,0,1,A,,6,10,1,3,10,20,2,2,3,1,0,0
06/01/2026,Sassuolo,Juventus,0,3,A,0,1,A,,7,17,2,10,3,12,5,5,0,0,0,0
06/01/2026,West Ham,Nott'm Forest,1,2,A,1,0,H,T Harrington,14,13,3,5,15,9,6,5,3,0,0,0
07/01/2026,Bologna,Atalanta,0,2,A,0,1,A,,11,11,2,5,16,15,6,6,0,0,0,0
07/01/2026,Napoli,Verona,2,2,D,0,2,A,,15,11,4,4,7,15,6,1,0,3,0,0
07/01/2026,Lazio,Fiorentina,2,2,D,0,0,D,,17,8,9,5,11,15,8,2,3,5,0,0
07/01/2026,Parma,Inter,0,2,A,0,1,A,,4,26,0,8,4,20,1,3,0,3,0,0
07/01/2026,Torino,Udinese,1,2,A,0,0,D,,10,9,4,4,16,8,3,6,2,1,0,0
07/01/2026,Bournemouth,Tottenham,3,2,H,2,1,H,D England,11,16,3,4,19,10,3,7,3,3,0,0
07/01/2026,Brentford,Sunderland,3,0,H,1,0,H,M Donohue,18,11,6,3,13,13,7,4,2,1,0,0
07/01/2026,Crystal Palace,Aston Villa,0,0,D,0,0,D,A Madley,11,15,5,3,8,3,3,5,2,0,0,0
07/01/2026,Everton,Wolves,1,1,D,1,0,H,T Kirk,13,13,2,4,13,15,2,7,1,3,2,0
07/01/2026,Fulham,Chelsea,2,1,H,0,0,D,P Bankes,16,14,5,6,11,6,2,11,3,3,0,1
07/01/2026,Man City,Brighton,1,1,D,1,0,H,T Bramall,22,6,6,3,6,16,6,2,1,6,0,0
07/01/2026,Burnley,Man United,2,2,D,1,0,H,S Attwell,7,30,1,10,9,8,2,6,2,0,0,0
07/01/2026,Newcastle,Leeds,4,3,H,1,2,A,M Salisbury,18,14,8,6,11,10,8,4,3,2,0,0
08/01/2026,Cremonese,Cagliari,2,2,D,2,0,H,,12,21,5,5,16,12,2,4,2,2,0,0
08/01/2026,Milan,Genoa,1,1,D,0,1,A,,32,7,8,2,12,8,12,1,4,1,0,0
08/01/2026,Arsenal,Liverpool,0,0,D,0,0,D,A Taylor,9,8,4,0,10,9,3,0,2,2,0,0
09/01/2026,Ein Frankfurt,Dortmund,3,3,D,1,1,D,,12,16,6,6,14,6,2,5,3,3,0,0
09/01/2026,Getafe,Sociedad,1,2,A,0,1,A,,6,12,3,5,17,17,2,4,2,1,0,0
10/01/2026,Como,Bologna,1,1,D,0,0,D,,12,7,3,2,14,3,4,2,3,3,0,1
10/01/2026,Udinese,Pisa,2,2,D,2,1,H,,11,14,2,7,13,16,3,8,1,4,0,0
10/01/2026,Roma,Sassuolo,2,0,H,0,0,D,,26,5,6,3,15,16,5,2,2,2,0,0
10/01/2026,Atalanta,Torino,2,0,H,1,0,H,,18,10,5,3,14,17,5,4,1,2,0,0
10/01/2026,Freiburg,Hamburg,2,1,H,0,0,D,,20,10,7,5,13,11,0,3,3,5,0,1
10/01/2026,Heidenheim,FC Koln,2,2,D,2,1,H,,14,21,6,9,9,7,5,4,2,1,0,0
10/01/2026,Union Berlin,Mainz,2,2,D,0,1,A,,17,9,5,6,9,8,2,1,2,0,0,0
10/01/2026,Leverkusen,Stuttgart,1,4,A,0,4,A,,16,10,4,7,13,11,5,3,4,2,0,0
10/01/2026,Oviedo,Betis,1,1,D,0,0,D,,13,15,3,6,15,8,5,2,3,1,0,0
10/01/2026,Villarreal,Alaves,3,1,H,0,0,D,,11,16,4,5,10,14,1,6,0,2,0,0
10/01/2026,Girona,Osasuna,1,0,H,1,0,H,,8,13,4,1,14,13,2,1,2,6,1,0
10/01/2026,Valencia,Elche,1,1,D,0,0,D,,16,5,4,1,14,14,8,6,2,3,0,0
11/01/2026,Lecce,Parma,1,2,A,1,0,H,,10,12,1,2,16,17,3,3,3,1,2,0
11/01/2026,Fiorentina,Milan,1,1,D,0,0,D,,20,13,7,3,10,14,8,5,2,3,0,0
11/01/2026,Verona,Lazio,0,1,A,0,0,D,,10,11,2,2,12,7,2,1,2,1,0,0
11/01/2026,Inter,Napoli,2,2,D,1,1,D,,13,7,4,3,12,11,4,1,0,1,0,0
11/01/2026,M'gladbach,Augsburg,4,0,H,3,0,H,,12,17,7,2,16,9,2,2,0,1,0,0
11/01/2026,Bayern Munich,Wolfsburg,8,1,H,2,1,H,,16,8,10,3,7,6,6,2,0,1,0,0
11/01/2026,Vallecano,Mallorca,2,1,H,2,1,H,,14,9,5,2,14,14,6,5,1,5,1,0
11/01/2026,Levante,Espanol,1,1,D,0,0,D,,8,19,2,3,10,9,4,3,0,1,0,0
12/01/2026,Genoa,Cagliari,3,0,H,1,0,H,,11,15,7,3,17,20,2,3,2,5,0,0
12/01/2026,Juventus,Cremonese,5,0,H,3,0,H,,18,9,11,2,16,8,4,5,0,1,0,0
12/01/2026,Sevilla,Celta,0,1,A,0,0,D,,7,9,2,7,16,16,6,1,3,3,0,0
13/01/2026,Stuttgart,Ein Frankfurt,3,2,H,2,1,H,,20,12,11,5,8,15,10,2,2,2,0,0
13/01/2026,Dortmund,Werder Bremen,3,0,H,1,0,H,,18,6,8,3,14,8,3,3,2,0,0,0
13/01/2026,Mainz,Heidenheim,2,1,H,1,0,H,,13,15,6,4,11,10,4,1,2,2,0,0
14/01/2026,Napoli,Parma,0,0,D,0,0,D,,16,4,4,1,11,12,7,1,1,3,0,0
14/01/2026,Inter,Lecce,1,0,H,0,0,D,,21,10,7,1,11,14,11,3,2,1,0,0
14/01/2026,Wolfsburg,St Pauli,2,1,H,1,1,D,,13,9,5,4,10,9,7,4,1,2,0,0
14/01/2026,FC Koln,Bayern Munich,1,3,A,1,1,D,,8,19,3,8,3,4,4,6,0,0,0,0
14/01/2026,Hoffenheim,M'gladbach,5,1,H,4,0,H,,18,7,10,5,16,10,6,2,1,1,0,0
14/01/2026,RB Leipzig,Freiburg,2,0,H,0,0,D,,21,3,7,1,12,16,7,2,0,4,0,0
15/01/2026,Verona,Bologna,2,3,A,1,3,A,,15,14,5,5,13,14,4,5,1,2,0,0
15/01/2026,Como,Milan,1,3,A,1,1,D,,18,7,8,4,7,5,8,4,1,0,0,0
15/01/2026,Augsburg,Union Berlin,1,1,D,1,0,H,,9,16,5,3,9,18,3,3,1,0,0,1
16/01/2026,Pisa,Atalanta,1,1,D,0,0,D,,14,9,6,4,12,11,10,1,1,2,0,0
16/01/2026,Werder Bremen,Ein Frankfurt,3,3,D,1,1,D,,13,8,4,4,8,15,4,1,1,4,0,0
16/01/2026,Espanol,Girona,0,2,A,0,1,A,,14,7,2,4,17,17,5,4,5,5,0,0
16/01/2026,Monaco,Lorient,1,3,A,0,0,D,,14,14,7,4,16,9,4,3,1,0,0,0
16/01/2026,Paris SG,Lille,3,0,H,1,0,H,,13,7,7,4,14,6,4,2,0,1,0,0
17/01/2026,Udinese,Inter,0,1,A,0,1,A,,5,14,1,5,17,11,2,5,0,1,0,0
17/01/2026,Napoli,Sassuolo,1,0,H,1,0,H,,11,21,4,4,10,11,5,4,0,3,0,0
17/01/2026,Cagliari,Juventus,1,0,H,0,0,D,,3,21,1,5,16,12,1,18,0,1,0,0
17/01/2026,Dortmund,St Pauli,3,2,H,1,0,H,,10,9,6,5,9,11,5,5,3,1,0,0
17/01/2026,FC Koln,Mainz,2,1,H,0,1,A,,20,11,6,7,6,10,9,5,4,4,0,0
17/01/2026,Hamburg,M'gladbach,0,0,D,0,0,D,,25,6,12,0,16,18,2,5,1,2,0,0
17/01/2026,Hoffenheim,Leverkusen,1,0,H,1,0,H,,19,8,8,2,17,7,3,5,2,1,0,0
17/01/2026,Wolfsburg,Heidenheim,1,1,D,0,1,A,,13,13,4,3,10,12,9,6,4,3,0,0
17/01/2026,RB Leipzig,Bayern Munich,1,5,A,1,0,H,,17,19,4,12,7,6,5,9,1,0,0,0
17/01/2026,Real Madrid,Levante,2,0,H,0,0,D,,26,10,11,0,12,14,8,0,2,1,0,0
17/01/2026,Mallorca,Ath Bilbao,3,2,H,2,2,D,,18,21,9,11,10,10,3,7,1,5,0,2
17/01/2026,Osasuna,Oviedo,3,2,H,1,1,D,,16,13,5,5,14,15,3,6,1,4,1,0
17/01/2026,Betis,Villarreal,2,0,H,0,0,D,,15,9,6,3,14,13,2,3,3,2,0,1
17/01/2026,Lens,Auxerre,1,0,H,0,0,D,,19,5,7,0,19,20,1,5,2,5,0,0
17/01/2026,Toulouse,Nice,5,1,H,2,0,H,,22,15,10,6,12,17,6,7,1,2,0,0
17/01/2026,Angers,Marseille,2,5,A,1,4,A,,7,23,3,11,9,8,6,2,1,1,0,0
17/01/2026,Man United,Man City,2,0,H,0,0,D,A Taylor,11,7,7,1,13,8,1,6,2,3,0,0
17/01/2026,Chelsea,Brentford,2,0,H,1,0,H,J Brooks,6,15,2,5,7,10,3,9,3,2,0,0
17/01/2026,Leeds,Fulham,1,0,H,0,0,D,C Kavanagh,14,8,5,1,6,11,7,3,1,5,0,0
17/01/2026,Liverpool,Burnley,1,1,D,1,0,H,A Madley,32,7,11,1,8,10,9,1,1,2,0,0
17/01/2026,Sunderland,Crystal Palace,2,1,H,1,1,D,R Jones,13,6,7,2,8,15,3,4,3,3,0,0
17/01/2026,Tottenham,West Ham,1,2,A,0,1,A,J Gillett,21,17,6,4,12,17,11,5,5,3,0,0
17/01/2026,Nott'm Forest,Arsenal,0,0,D,0,0,D,M Oliver,6,15,0,3,8,14,4,9,1,1,0,0
18/01/2026,Parma,Genoa,0,0,D,0,0,D,,14,11,2,3,13,18,7,3,3,2,0,0
18/01/2026,Bologna,Fiorentina,1,2,A,0,2,A,,18,11,3,4,14,13,7,1,3,0,0,0
18/01/2026,Torino,Roma,0,2,A,0,1,A,,8,14,4,5,13,9,2,1,2,1,0,0
18/01/2026,Milan,Lecce,1,0,H,0,0,D,,20,4,6,0,9,11,10,2,1,1,0,0
18/01/2026,Stuttgart,Union Berlin,1,1,D,0,0,D,,13,20,4,3,6,11,3,8,1,1,0,0
18/01/2026,Augsburg,Freiburg,2,2,D,0,0,D,,13,12,5,5,11,14,9,6,3,2,0,0
18/01/2026,Getafe,Valencia,0,1,A,0,0,D,,14,7,3,1,8,18,9,3,2,3,0,1
18/01/2026,Ath Madrid,Alaves,1,0,H,0,0,D,,23,8,6,0,13,5,6,6,1,1,0,0
18/01/2026,Celta,Vallecano,3,0,H,1,0,H,,11,14,7,3,7,14,5,7,4,3,0,1
18/01/2026,Sociedad,Barcelona,2,1,H,1,0,H,,8,25,6,9,13,8,6,8,3,3,1,0
18/01/2026,Strasbourg,Metz,2,1,H,2,1,H,,14,9,6,2,12,12,4,1,2,3,0,0
18/01/2026,Nantes,Paris FC,1,2,A,0,1,A,,5,10,1,3,16,14,1,2,1,3,0,0
18/01/2026,Rennes,Le Havre,1,1,D,0,0,D,,19,7,7,4,18,14,10,6,1,4,0,0
18/01/2026,Lyon,Brest,2,1,H,2,0,H,,19,5,6,2,18,9,5,0,2,0,0,1
18/01/2026,Wolves,Newcastle,0,0,D,0,0,D,S Barrott,6,12,2,2,14,8,4,7,2,2,0,0
18/01/2026,Aston Villa,Everton,0,1,A,0,0,D,T Harrington,18,9,5,3,15,13,6,4,1,2,0,0
19/01/2026,Cremonese,Verona,0,0,D,0,0,D,,7,11,1,4,13,13,3,6,3,0,0,0
19/01/2026,Lazio,Como,0,3,A,0,2,A,,8,11,4,6,14,9,3,2,4,3,0,0
19/01/2026,Elche,Sevilla,2,2,D,1,0,H,,10,25,5,8,11,12,9,7,3,1,0,0
19/01/2026,Brighton,Bournemouth,1,1,D,0,1,A,P Tierney,17,11,5,2,7,6,11,6,2,3,0,0
23/01/2026,Inter,Pisa,6,2,H,3,2,H,,34,8,14,3,8,11,7,5,2,3,0,0
23/01/2026,St Pauli,Hamburg,0,0,D,0,0,D,,8,5,3,2,15,13,5,4,1,1,0,0
23/01/2026,Levante,Elche,3,2,H,0,1,A,,26,6,6,3,13,13,9,1,2,3,0,0
23/01/2026,Auxerre,Paris SG,0,1,A,0,0,D,,8,16,0,8,10,12,2,7,0,1,0,0
24/01/2026,Como,Torino,6,0,H,2,0,H,,17,7,7,1,9,15,2,1,0,1,0,0
24/01/2026,Fiorentina,Cagliari,1,2,A,0,1,A,,15,10,3,6,11,17,8,3,2,3,0,0
24/01/2026,Lecce,Lazio,0,0,D,0,0,D,,15,6,2,1,16,6,4,1,2,1,0,0
24/01/2026,Bayern Munich,Augsburg,1,2,A,1,0,H,,15,16,6,6,10,5,9,3,1,1,0,0
24/01/2026,Ein Frankfurt,Hoffenheim,1,3,A,1,0,H,,9,10,3,5,8,16,6,6,0,4,0,0
24/01/2026,Heidenheim,RB Leipzig,0,3,A,0,0,D,,7,11,2,8,10,9,4,0,1,0,0,0
24/01/2026,Leverkusen,Werder Bremen,1,0,H,1,0,H,,13,17,4,3,6,9,5,5,2,3,0,0
24/01/2026,Mainz,Wolfsburg,3,1,H,0,1,A,,20,7,9,2,8,11,15,1,3,2,0,0
24/01/2026,Union Berlin,Dortmund,0,3,A,0,1,A,,10,15,3,5,10,16,7,2,0,1,0,0
24/01/2026,Vallecano,Osasuna,1,3,A,0,1,A,,11,14,4,5,12,15,4,3,2,2,0,0
24/01/2026,Valencia,Espanol,3,2,H,1,0,H,,10,16,5,6,13,10,2,7,1,5,0,0
24/01/2026,Sevilla,Ath Bilbao,2,1,H,1,1,D,,10,15,7,3,16,12,5,5,2,1,0,0
24/01/2026,Villarreal,Real Madrid,0,2,A,0,0,D,,8,14,1,4,19,10,6,6,3,1,0,0
24/01/2026,Rennes,Lorient,0,2,A,0,1,A,,22,6,5,4,18,7,9,3,2,0,0,0
24/01/2026,Le Havre,Monaco,0,0,D,0,0,D,,7,10,1,2,9,20,5,6,0,3,0,0
24/01/2026,Marseille,Lens,3,1,H,2,0,H,,10,7,5,2,18,16,2,2,0,3,0,0
24/01/2026,West Ham,Sunderland,3,1,H,3,0,H,T Bramall,13,7,5,2,9,16,3,3,2,4,0,0
24/01/2026,Burnley,Tottenham,2,2,D,1,1,D,P Bankes,9,18,4,11,8,9,1,3,1,0,0,0
24/01/2026,Fulham,Brighton,2,1,H,0,1,A,M Oliver,12,13,4,5,10,6,6,6,1,1,0,0
24/01/2026,Man City,Wolves,2,0,H,2,0,H,F Hallam,11,11,4,1,16,14,4,6,1,3,0,0
24/01/2026,Bournemouth,Liverpool,3,2,H,2,1,H,M Salisbury,12,14,5,4,7,7,3,11,1,1,0,0
25/01/2026,Sassuolo,Cremonese,1,0,H,1,0,H,,13,10,7,4,13,14,3,5,1,2,0,0
25/01/2026,Atalanta,Parma,4,0,H,2,0,H,,21,15,9,2,14,8,6,9,1,0,0,0
25/01/2026,Genoa,Bologna,3,2,H,0,1,A,,8,13,6,3,14,17,5,2,2,2,0,1
25/01/2026,Juventus,Napoli,3,0,H,1,0,H,,12,9,6,1,21,11,2,2,1,2,0,0
25/01/2026,Roma,Milan,1,1,D,0,0,D,,15,5,7,2,15,11,5,3,0,4,0,0
25/01/2026,M'gladbach,Stuttgart,0,3,A,0,1,A,,12,17,3,8,11,7,1,4,1,1,0,0
25/01/2026,Freiburg,FC Koln,2,1,H,2,1,H,,13,19,5,4,5,9,5,5,1,2,0,0
25/01/2026,Ath Madrid,Mallorca,3,0,H,1,0,H,,17,6,8,1,10,7,10,3,2,1,0,0
25/01/2026,Barcelona,Oviedo,3,0,H,0,0,D,,15,12,7,3,8,21,10,1,1,2,0,0
25/01/2026,Sociedad,Celta,3,1,H,1,0,H,,10,17,4,4,7,13,2,9,1,1,1,0
25/01/2026,Alaves,Betis,2,1,H,1,0,H,,17,18,9,4,17,11,6,4,1,1,0,0
25/01/2026,Nantes,Nice,1,4,A,1,3,A,,20,7,5,4,11,15,4,2,2,3,0,0
25/01/2026,Brest,Toulouse,0,2,A,0,2,A,,13,8,5,5,16,16,3,2,2,3,0,0
25/01/2026,Metz,Lyon,2,5,A,1,4,A,,15,13,6,10,10,5,6,4,1,0,0,0
25/01/2026,Paris FC,Angers,0,0,D,0,0,D,,8,7,1,1,14,7,2,1,1,1,0,0
25/01/2026,Lille,Strasbourg,1,4,A,0,2,A,,20,15,6,6,11,13,8,1,2,2,0,0
25/01/2026,Brentford,Nott'm Forest,0,2,A,0,1,A,S Barrott,10,7,1,2,11,10,6,5,1,0,0,0
25/01/2026,Crystal Palace,Chelsea,1,3,A,0,1,A,D England,13,10,7,6,11,10,4,5,2,2,1,0
25/01/2026,Newcastle,Aston Villa,0,2,A,0,1,A,J Gillett,15,14,4,8,7,12,6,5,1,2,0,0
25/01/2026,Arsenal,Man United,2,3,A,1,1,D,C Pawson,15,10,4,3,11,9,9,2,2,0,0,0
26/01/2026,Verona,Udinese,1,3,A,1,1,D,,7,20,4,7,8,11,3,8,2,0,0,0
26/01/2026,Girona,Getafe,1,1,D,0,0,D,,12,8,4,2,13,15,3,4,5,3,0,0
26/01/2026,Everton,Leeds,1,1,D,0,1,A,S Hooper,10,14,3,4,9,13,4,4,0,3,0,0
27/01/2026,St Pauli,RB Leipzig,1,1,D,0,0,D,,7,12,2,5,6,8,4,3,0,1,0,0
27/01/2026,Werder Bremen,Hoffenheim,0,2,A,0,1,A,,26,12,3,3,7,10,6,7,2,2,0,1
30/01/2026,Lazio,Genoa,3,2,H,0,0,D,,14,16,4,4,12,12,5,3,2,3,0,0
30/01/2026,FC Koln,Wolfsburg,1,0,H,1,0,H,,15,14,3,3,8,16,3,4,1,4,0,0
30/01/2026,Espanol,Alaves,1,2,A,1,1,D,,10,11,3,7,15,15,4,2,0,1,0,0
30/01/2026,Lens,Le Havre,1,0,H,1,0,H,,15,8,3,2,20,10,4,3,1,2,0,0
31/01/2026,Pisa,Sassuolo,1,3,A,0,2,A,,15,21,6,5,13,8,2,5,3,3,0,0
31/01/2026,Napoli,Fiorentina,2,1,H,1,0,H,,19,15,6,5,21,13,4,4,1,1,0,0
31/01/2026,Cagliari,Verona,4,0,H,2,0,H,,13,9,7,3,9,14,6,3,0,2,0,1
31/01/2026,Augsburg,St Pauli,2,1,H,1,1,D,,12,17,6,5,15,13,5,5,3,1,0,0
31/01/2026,Ein Frankfurt,Leverkusen,1,3,A,0,2,A,,11,11,4,4,11,10,8,3,3,1,1,0
31/01/2026,Hoffenheim,Union Berlin,3,1,H,2,0,H,,9,16,4,3,11,18,3,10,2,2,0,0
31/01/2026,RB Leipzig,Mainz,1,2,A,1,1,D,,15,11,4,4,4,13,5,4,0,4,0,0
31/01/2026,Werder Bremen,M'gladbach,1,1,D,0,0,D,,18,7,6,2,10,14,7,3,0,1,0,0
31/01/2026,Hamburg,Bayern Munich,2,2,D,1,1,D,,14,13,4,7,12,16,3,9,6,4,0,0
31/01/2026,Oviedo,Girona,1,0,H,0,0,D,,8,9,4,1,12,16,4,4,1,1,0,0
31/01/2026,Osasuna,Villarreal,2,2,D,2,1,H,,15,5,5,4,15,7,6,2,2,2,0,0
31/01/2026,Levante,Ath Madrid,0,0,D,0,0,D,,10,10,2,4,11,12,4,7,2,1,0,0
31/01/2026,Elche,Barcelona,1,3,A,1,2,A,,9,30,3,8,15,9,2,8,2,1,0,0
31/01/2026,Paris FC,Marseille,2,2,D,0,1,A,,9,18,4,4,12,15,4,4,1,4,0,0
31/01/2026,Lorient,Nantes,2,1,H,1,0,H,,5,10,4,2,12,18,1,4,4,5,0,0
31/01/2026,Monaco,Rennes,4,0,H,1,0,H,,14,8,6,4,15,9,5,2,1,2,0,0
31/01/2026,Brighton,Everton,1,1,D,0,0,D,C Kavanagh,11,7,2,4,13,14,5,2,1,2,0,0
31/01/2026,Leeds,Arsenal,0,4,A,0,2,A,S Attwell,3,14,1,8,10,7,4,12,1,1,0,0
31/01/2026,Wolves,Bournemouth,0,2,A,0,1,A,M Oliver,17,9,7,4,11,15,5,6,3,3,0,0
31/01/2026,Chelsea,West Ham,3,2,H,0,2,A,A Taylor,14,11,6,6,11,13,9,3,3,2,0,1
31/01/2026,Liverpool,Newcastle,4,1,H,2,1,H,S Hooper,17,8,7,2,11,7,7,11,1,3,0,0
01/02/2026,Torino,Lecce,1,0,H,1,0,H,,17,14,5,2,14,12,3,8,2,2,0,0
01/02/2026,Como,Atalanta,0,0,D,0,0,D,,28,6,9,2,9,11,7,1,4,3,0,1
01/02/2026,Cremonese,Inter,0,2,A,0,2,A,,9,15,3,4,19,14,1,6,3,0,0,0
01/02/2026,Parma,Juventus,1,4,A,0,2,A,,10,15,4,8,10,13,5,3,1,3,0,0
01/02/2026,Stuttgart,Freiburg,1,0,H,0,0,D,,18,11,7,2,14,14,6,2,3,1,0,0
01/02/2026,Dortmund,Heidenheim,3,2,H,1,1,D,,19,12,5,3,11,11,12,3,2,2,0,0
01/02/2026,Real Madrid,Vallecano,2,1,H,1,0,H,,16,11,6,4,6,18,9,4,2,8,0,2
01/02/2026,Betis,Valencia,2,1,H,1,1,D,,14,15,2,4,15,13,3,5,0,4,0,0
01/02/2026,Getafe,Celta,0,0,D,0,0,D,,9,5,2,1,16,14,5,3,1,2,0,0
01/02/2026,Ath Bilbao,Sociedad,1,1,D,0,1,A,,19,9,4,6,14,14,6,3,4,2,0,1
01/02/2026,Lyon,Lille,1,0,H,1,0,H,,4,11,2,4,15,11,2,7,1,4,0,0
01/02/2026,Angers,Metz,1,0,H,1,0,H,,17,5,7,0,11,11,4,3,2,2,0,1
01/02/2026,Nice,Brest,2,2,D,0,2,A,,15,12,7,2,15,21,6,5,5,3,0,0
01/02/2026,Toulouse,Auxerre,0,0,D,0,0,D,,12,8,4,2,12,13,5,4,1,2,0,0
01/02/2026,Strasbourg,Paris SG,1,2,A,1,1,D,,9,13,4,4,8,6,5,6,1,0,0,1
01/02/2026,Aston Villa,Brentford,0,1,A,0,1,A,T Robinson,27,6,5,2,8,8,12,1,0,3,0,0
01/02/2026,Man United,Fulham,3,2,H,1,0,H,J Brooks,13,14,6,6,6,9,3,7,2,1,0,0
01/02/2026,Nott'm Forest,Crystal Palace,1,1,D,1,1,D,M Salisbury,9,14,1,3,4,12,5,7,1,3,0,0
01/02/2026,Tottenham,Man City,2,2,D,0,2,A,R Jones,12,15,6,3,15,12,3,4,3,3,0,0
02/02/2026,Udinese,Roma,1,0,H,0,0,D,,8,10,4,3,18,17,4,7,5,4,0,0
02/02/2026,Mallorca,Sevilla,4,1,H,1,1,D,,11,15,7,5,16,8,4,8,1,1,0,0
02/02/2026,Sunderland,Burnley,3,0,H,2,0,H,P Tierney,14,5,5,0,12,10,1,2,1,4,0,0
03/02/2026,Bologna,Milan,0,3,A,0,2,A,,13,10,2,3,14,10,5,0,3,0,0,0
06/02/2026,Verona,Pisa,0,0,D,0,0,D,,4,11,0,3,13,16,8,4,1,2,0,0
06/02/2026,Union Berlin,Ein Frankfurt,1,1,D,0,0,D,,11,3,3,1,9,11,5,2,4,3,0,1
06/02/2026,Celta,Osasuna,1,2,A,0,1,A,,18,8,4,2,9,14,7,3,2,2,0,0
06/02/2026,Metz,Lille,0,0,D,0,0,D,,6,16,2,1,12,9,1,6,1,1,0,0
06/02/2026,Leeds,Nott'm Forest,3,1,H,2,0,H,P Bankes,14,16,5,6,9,12,5,10,1,1,0,0
07/02/2026,Genoa,Napoli,2,3,A,1,2,A,,12,14,3,5,16,12,4,3,2,4,0,1
07/02/2026,Fiorentina,Torino,2,2,D,0,1,A,,21,12,5,4,6,23,9,4,2,5,0,0
07/02/2026,Freiburg,Werder Bremen,1,0,H,1,0,H,,7,17,2,5,9,12,4,8,0,1,1,0
07/02/2026,Heidenheim,Hamburg,0,2,A,0,1,A,,20,14,4,5,6,11,10,8,0,2,0,0
07/02/2026,Mainz,Augsburg,2,0,H,1,0,H,,10,14,6,6,12,10,6,4,2,2,0,0
07/02/2026,St Pauli,Stuttgart,2,1,H,1,0,H,,15,7,7,3,9,10,5,5,0,2,0,0
07/02/2026,Wolfsburg,Dortmund,1,2,A,0,1,A,,12,21,2,4,13,10,4,8,1,1,0,0
07/02/2026,M'gladbach,Leverkusen,1,1,D,1,1,D,,9,10,6,2,7,11,2,2,2,3,0,0
07/02/2026,Barcelona,Mallorca,3,0,H,1,0,H,,24,9,7,4,7,9,12,3,0,0,0,0
07/02/2026,Sociedad,Elche,3,1,H,2,1,H,,11,11,3,5,14,8,2,4,0,4,0,0
07/02/2026,Lens,Rennes,3,1,H,1,1,D,,10,14,3,1,13,17,4,4,4,2,1,0
07/02/2026,Brest,Lorient,2,0,H,0,0,D,,11,13,5,2,11,10,7,7,2,0,0,0
07/02/2026,Nantes,Lyon,0,1,A,0,1,A,,13,10,2,3,13,11,5,4,4,2,0,1
07/02/2026,Man United,Tottenham,2,0,H,1,0,H,M Oliver,23,7,10,1,12,11,7,0,1,2,0,1
07/02/2026,Arsenal,Sunderland,3,0,H,1,0,H,S Barrott,16,5,5,3,11,8,5,2,1,2,0,0
07/02/2026,Bournemouth,Aston Villa,1,1,D,0,1,A,A Taylor,20,7,9,4,4,11,11,4,1,1,0,0
07/02/2026,Burnley,West Ham,0,2,A,0,2,A,D England,18,6,5,4,11,10,5,2,3,1,0,0
07/02/2026,Fulham,Everton,1,2,A,1,0,H,S Attwell,13,16,3,3,11,12,6,6,1,5,0,0
07/02/2026,Wolves,Chelsea,1,3,A,0,3,A,J Gillett,11,15,3,6,9,10,3,4,1,1,0,0
07/02/2026,Newcastle,Brentford,2,3,A,1,2,A,A Madley,16,11,4,5,14,18,9,3,2,2,0,0
08/02/2026,Bologna,Parma,0,1,A,0,0,D,,16,5,2,1,10,14,4,5,1,3,1,1
08/02/2026,Lecce,Udinese,2,1,H,1,1,D,,16,6,5,1,9,21,7,0,1,2,0,0
08/02/2026,Sassuolo,Inter,0,5,A,0,2,A,,7,23,2,11,6,10,5,6,2,1,1,0
08/02/2026,Juventus,Lazio,2,2,D,0,1,A,,34,9,8,2,10,4,8,1,0,2,0,0
08/02/2026,FC Koln,RB Leipzig,1,2,A,0,1,A,,10,19,3,4,7,13,4,3,1,4,0,0
08/02/2026,Bayern Munich,Hoffenheim,5,1,H,3,1,H,,27,9,14,4,11,9,8,3,2,2,0,1
08/02/2026,Alaves,Getafe,0,2,A,0,0,D,,13,17,5,5,20,20,6,3,2,5,0,0
08/02/2026,Ath Bilbao,Levante,4,2,H,2,0,H,,22,6,7,3,17,10,4,3,2,1,0,1
08/02/2026,Sevilla,Girona,1,1,D,0,1,A,,11,15,3,6,16,13,5,7,3,3,0,0
08/02/2026,Ath Madrid,Betis,0,1,A,0,1,A,,10,8,5,4,12,3,7,3,3,1,0,0
08/02/2026,Valencia,Real Madrid,0,2,A,0,0,D,,7,11,0,6,10,13,5,8,1,1,0,0
08/02/2026,Nice,Monaco,0,0,D,0,0,D,,13,10,3,2,10,11,8,6,2,2,0,0
08/02/2026,Angers,Toulouse,1,0,H,0,0,D,,12,12,4,5,11,16,3,5,3,2,0,0
08/02/2026,Auxerre,Paris FC,0,0,D,0,0,D,,12,8,2,4,8,12,7,4,1,4,0,0
08/02/2026,Le Havre,Strasbourg,2,1,H,1,1,D,,15,10,7,3,15,12,9,3,2,1,0,1
08/02/2026,Paris SG,Marseille,5,0,H,2,0,H,,22,9,7,3,11,18,5,2,2,2,0,0
08/02/2026,Brighton,Crystal Palace,0,1,A,0,0,D,T Bramall,7,7,2,4,12,9,3,4,1,3,0,0
08/02/2026,Liverpool,Man City,1,2,A,0,0,D,C Pawson,15,17,4,7,13,16,5,4,2,4,1,0
09/02/2026,Atalanta,Cremonese,2,1,H,2,0,H,,29,12,9,2,11,11,13,2,2,0,0,0
09/02/2026,Roma,Cagliari,2,0,H,1,0,H,,15,3,5,1,18,14,7,1,2,4,0,0
09/02/2026,Villarreal,Espanol,4,1,H,2,0,H,,10,9,3,2,18,11,5,8,3,3,0,0
10/02/2026,Chelsea,Leeds,2,2,D,1,0,H,R Jones,19,4,4,2,9,13,4,1,4,4,0,0
10/02/2026,Everton,Bournemouth,1,2,A,1,0,H,A Madley,16,11,6,4,14,15,7,2,1,3,1,0
10/02/2026,Tottenham,Newcastle,1,2,A,0,1,A,A Taylor,16,21,2,5,15,11,2,12,3,2,0,0
10/02/2026,West Ham,Man United,1,1,D,0,0,D,S Hooper,7,9,3,3,10,4,5,3,1,1,0,0
11/02/2026,Aston Villa,Brighton,1,0,H,0,0,D,P Bankes,15,9,1,3,9,15,7,5,2,3,0,0
11/02/2026,Crystal Palace,Burnley,2,3,A,2,3,A,F Hallam,21,8,3,3,11,8,8,2,2,1,0,0
11/02/2026,Man City,Fulham,3,0,H,3,0,H,P Tierney,13,14,5,3,8,10,4,4,3,1,0,0
11/02/2026,Nott'm Forest,Wolves,0,0,D,0,0,D,T Robinson,35,7,10,3,12,13,8,2,0,2,0,0
11/02/2026,Sunderland,Liverpool,0,1,A,0,0,D,C Kavanagh,11,23,2,3,8,10,3,11,1,0,0,0
12/02/2026,Brentford,Arsenal,1,1,D,0,0,D,J Brooks,12,7,3,2,12,11,6,4,3,2,0,0
13/02/2026,Pisa,Milan,1,2,A,0,1,A,,7,7,2,2,14,9,3,1,1,3,0,1
13/02/2026,Dortmund,Mainz,4,0,H,3,0,H,,14,10,8,5,10,5,7,2,3,2,0,0
13/02/2026,Elche,Osasuna,0,0,D,0,0,D,,17,6,5,2,13,18,10,3,2,4,0,0
13/02/2026,Rennes,Paris SG,3,1,H,1,0,H,,13,22,4,7,10,9,5,8,0,0,0,0
13/02/2026,Monaco,Nantes,3,1,H,3,1,H,,12,13,6,2,15,8,9,3,5,2,1,0
14/02/2026,Como,Fiorentina,1,2,A,0,1,A,,16,7,3,3,14,12,4,2,4,2,1,0
14/02/2026,Lazio,Atalanta,0,2,A,0,1,A,,18,12,5,5,10,16,5,4,1,4,0,0
14/02/2026,Inter,Juventus,3,2,H,1,1,D,,21,11,9,8,15,7,4,1,4,2,0,1
14/02/2026,Ein Frankfurt,M'gladbach,3,0,H,2,0,H,,12,20,9,3,11,11,2,8,3,2,0,0
14/02/2026,Hamburg,Union Berlin,3,2,H,2,1,H,,13,12,4,5,12,7,6,3,3,0,0,0
14/02/2026,Hoffenheim,Freiburg,3,0,H,0,0,D,,25,13,7,3,8,6,6,6,3,1,0,0
14/02/2026,Leverkusen,St Pauli,4,0,H,2,0,H,,12,11,7,1,7,11,8,3,0,1,0,0
14/02/2026,Werder Bremen,Bayern Munich,0,3,A,0,2,A,,14,11,3,8,10,6,2,4,3,1,0,0
14/02/2026,Stuttgart,FC Koln,3,1,H,1,0,H,,13,10,4,3,10,10,2,5,4,1,0,0
14/02/2026,Espanol,Celta,2,2,D,0,1,A,,9,14,3,5,9,11,2,2,1,0,0,0
14/02/2026,Getafe,Villarreal,2,1,H,1,0,H,,5,8,2,2,21,17,3,4,2,3,0,0
14/02/2026,Sevilla,Alaves,1,1,D,1,0,H,,4,12,2,1,16,13,0,3,5,0,2,0
14/02/2026,Real Madrid,Sociedad,4,1,H,3,1,H,,11,13,5,3,10,9,4,6,1,1,0,0
14/02/2026,Marseille,Strasbourg,2,2,D,1,0,H,,10,12,6,4,11,10,5,5,4,2,0,0
14/02/2026,Lille,Brest,1,1,D,0,0,D,,20,11,5,4,6,12,13,1,0,1,0,0
14/02/2026,Paris FC,Lens,0,5,A,0,2,A,,11,17,6,6,13,9,3,5,2,1,0,0
15/02/2026,Udinese,Sassuolo,1,2,A,1,0,H,,8,10,2,3,14,14,7,6,3,3,0,0
15/02/2026,Cremonese,Genoa,0,0,D,0,0,D,,19,19,8,6,10,12,6,11,2,0,0,0
15/02/2026,Parma,Verona,2,1,H,1,1,D,,27,4,8,1,7,14,12,1,2,1,0,1
15/02/2026,Torino,Bologna,1,2,A,0,0,D,,7,14,2,6,14,10,4,2,3,1,0,0
15/02/2026,Napoli,Roma,2,2,D,1,1,D,,11,9,7,2,14,14,2,1,1,1,0,0
15/02/2026,Augsburg,Heidenheim,1,0,H,0,0,D,,12,16,4,2,9,9,4,5,1,2,0,0
15/02/2026,RB Leipzig,Wolfsburg,2,2,D,0,0,D,,20,10,10,3,6,10,6,2,1,2,0,0
15/02/2026,Oviedo,Ath Bilbao,1,2,A,1,0,H,,7,13,1,4,8,20,2,3,2,3,0,0
15/02/2026,Vallecano,Ath Madrid,3,0,H,2,0,H,,13,9,9,3,10,13,4,8,1,3,0,0
15/02/2026,Levante,Valencia,0,2,A,0,0,D,,9,5,1,2,11,10,3,2,3,2,1,0
15/02/2026,Mallorca,Betis,1,2,A,0,2,A,,14,17,3,8,16,10,7,3,4,3,0,0
15/02/2026,Le Havre,Toulouse,2,1,H,1,1,D,,5,25,2,9,7,16,1,10,1,4,1,0
15/02/2026,Lorient,Angers,2,0,H,1,0,H,,8,10,2,3,7,8,3,2,0,0,0,0
15/02/2026,Metz,Auxerre,1,3,A,0,1,A,,13,14,4,3,13,12,4,3,2,3,0,0
15/02/2026,Lyon,Nice,2,0,H,1,0,H,,9,10,2,3,16,12,8,5,3,1,0,0
16/02/2026,Cagliari,Lecce,0,2,A,0,0,D,,11,13,0,4,16,14,8,2,0,0,0,0
16/02/2026,Girona,Barcelona,2,1,H,0,0,D,,13,27,9,4,10,6,3,7,1,2,1,0
18/02/2026,Milan,Como,1,1,D,0,1,A,,6,10,4,4,11,12,4,4,2,3,0,0
18/02/2026,Levante,Villarreal,0,1,A,0,0,D,,16,15,4,6,13,20,3,2,3,4,0,0
18/02/2026,Wolves,Arsenal,2,2,D,0,1,A,P Tierney,5,10,2,4,6,8,1,3,2,1,0,0
20/02/2026,Sassuolo,Verona,3,0,H,2,0,H,,8,12,4,1,12,14,6,5,2,3,0,1
20/02/2026,Mainz,Hamburg,1,1,D,1,0,H,,17,14,3,5,16,13,7,2,3,2,0,0
20/02/2026,Ath Bilbao,Elche,2,1,H,0,0,D,,18,2,8,2,18,9,4,1,3,3,0,0
20/02/2026,Brest,Marseille,2,0,H,2,0,H,,12,17,4,4,10,17,3,2,1,4,0,0
21/02/2026,Juventus,Como,0,2,A,0,1,A,,11,11,3,2,10,15,7,2,1,0,0,0
21/02/2026,Lecce,Inter,0,2,A,0,0,D,,3,24,0,9,10,8,2,10,1,2,0,0
21/02/2026,Cagliari,Lazio,0,0,D,0,0,D,,11,10,2,3,12,15,3,6,3,2,1,0
21/02/2026,Bayern Munich,Ein Frankfurt,3,2,H,2,0,H,,24,9,11,3,9,10,8,2,0,3,0,0
21/02/2026,FC Koln,Hoffenheim,2,2,D,1,1,D,,9,18,4,6,6,12,3,10,1,3,0,0
21/02/2026,Union Berlin,Leverkusen,1,0,H,1,0,H,,8,16,4,1,15,7,4,5,5,2,0,0
21/02/2026,Wolfsburg,Augsburg,2,3,A,1,0,H,,10,15,4,6,10,16,4,10,3,4,0,0
21/02/2026,RB Leipzig,Dortmund,2,2,D,2,0,H,,13,11,3,5,11,17,6,2,3,4,0,0
21/02/2026,Sociedad,Oviedo,3,3,D,0,0,D,,15,14,8,6,13,16,7,6,2,1,0,0
21/02/2026,Betis,Vallecano,1,1,D,1,1,D,,14,12,3,3,14,13,3,5,4,3,0,0
21/02/2026,Osasuna,Real Madrid,2,1,H,1,0,H,,13,15,2,5,19,10,3,7,2,4,0,0
21/02/2026,Ath Madrid,Espanol,4,2,H,1,1,D,,18,8,9,2,8,10,5,3,0,1,0,0
21/02/2026,Lens,Monaco,2,3,A,1,0,H,,18,10,7,5,13,12,7,2,2,1,0,0
21/02/2026,Toulouse,Paris FC,1,1,D,0,1,A,,23,5,10,2,13,7,12,3,1,5,0,0
21/02/2026,Paris SG,Metz,3,0,H,2,0,H,,17,3,7,0,9,15,4,1,0,2,0,0
21/02/2026,Aston Villa,Leeds,1,1,D,0,1,A,M Oliver,16,14,4,4,11,16,7,2,1,4,0,0
21/02/2026,Brentford,Brighton,0,2,A,0,2,A,J Gillett,13,11,3,7,9,14,6,4,1,2,0,0
21/02/2026,Chelsea,Burnley,1,1,D,1,0,H,L Smith,12,12,2,4,13,11,9,5,2,2,1,0
21/02/2026,West Ham,Bournemouth,0,0,D,0,0,D,S Barrott,20,10,3,5,10,11,9,5,1,1,0,0
21/02/2026,Man City,Newcastle,2,1,H,2,1,H,T Bramall,15,13,7,7,12,13,5,5,2,5,0,0
22/02/2026,Genoa,Torino,3,0,H,2,0,H,,16,7,5,3,9,14,1,3,0,1,0,1
22/02/2026,Atalanta,Napoli,2,1,H,0,1,A,,10,10,7,4,10,9,6,1,1,1,0,0
22/02/2026,Milan,Parma,0,1,A,0,0,D,,25,9,6,3,13,10,5,2,2,1,0,0
22/02/2026,Roma,Cremonese,3,0,H,0,0,D,,23,2,5,0,12,11,9,1,1,1,0,0
22/02/2026,Freiburg,M'gladbach,2,1,H,1,0,H,,10,12,6,2,9,8,3,3,1,2,0,0
22/02/2026,St Pauli,Werder Bremen,2,1,H,0,0,D,,5,13,4,4,6,10,1,5,2,6,0,0
22/02/2026,Heidenheim,Stuttgart,3,3,D,2,2,D,,10,12,6,8,13,7,3,4,1,2,0,0
22/02/2026,Getafe,Sevilla,0,1,A,0,0,D,,6,6,3,1,5,18,2,2,1,1,1,0
22/02/2026,Barcelona,Levante,3,0,H,2,0,H,,22,5,9,2,12,10,13,6,2,1,0,0
22/02/2026,Celta,Mallorca,2,0,H,0,0,D,,20,1,7,0,11,10,7,2,1,5,0,0
22/02/2026,Villarreal,Valencia,2,1,H,2,1,H,,12,8,5,3,7,16,5,4,2,4,0,0
22/02/2026,Auxerre,Rennes,0,3,A,0,3,A,,11,12,2,7,17,22,4,5,1,4,0,0
22/02/2026,Angers,Lille,0,1,A,0,1,A,,6,14,2,5,14,11,1,7,3,1,0,0
22/02/2026,Nantes,Le Havre,2,0,H,2,0,H,,9,6,2,1,17,13,5,6,4,3,0,0
22/02/2026,Nice,Lorient,3,3,D,2,1,H,,8,17,4,5,15,4,3,7,2,3,0,0
22/02/2026,Strasbourg,Lyon,3,1,H,1,0,H,,13,4,7,2,11,12,4,2,1,2,0,0
22/02/2026,Crystal Palace,Wolves,1,0,H,0,0,D,T Kirk,14,12,3,7,19,13,7,3,5,1,0,1
22/02/2026,Nott'm Forest,Liverpool,0,1,A,0,0,D,A Taylor,18,10,2,4,13,9,7,2,2,0,0,0
22/02/2026,Sunderland,Fulham,1,3,A,0,0,D,C Pawson,12,12,2,4,6,13,6,4,1,1,0,0
22/02/2026,Tottenham,Arsenal,1,4,A,1,1,D,P Bankes,6,20,5,7,17,11,2,5,2,1,0,0
23/02/2026,Fiorentina,Pisa,1,0,H,1,0,H,,15,7,5,1,8,19,4,3,3,3,0,0
23/02/2026,Bologna,Udinese,1,0,H,0,0,D,,11,10,6,3,10,13,4,7,1,1,0,0
23/02/2026,Alaves,Girona,2,2,D,1,1,D,,17,10,6,5,18,6,7,6,2,2,0,0
23/02/2026,Everton,Man United,0,1,A,0,0,D,D England,12,11,4,3,12,7,10,1,2,3,0,0
27/02/2026,Parma,Cagliari,1,1,D,0,0,D,,18,11,4,5,14,8,6,3,2,4,0,0
27/02/2026,Augsburg,FC Koln,2,0,H,0,0,D,,14,10,4,3,15,4,6,9,4,1,0,0
27/02/2026,Levante,Alaves,2,0,H,0,0,D,,22,17,5,7,14,16,10,6,1,6,0,1
27/02/2026,Strasbourg,Lens,1,1,D,1,0,H,,8,25,5,5,9,8,2,8,2,2,0,0
27/02/2026,Wolves,Aston Villa,2,0,H,0,0,D,C Pawson,9,14,2,5,13,19,0,5,3,3,0,0
28/02/2026,Como,Lecce,3,1,H,3,1,H,,12,5,7,2,15,12,5,1,0,1,0,0
28/02/2026,Verona,Napoli,1,2,A,0,1,A,,8,9,2,5,11,11,2,5,3,4,0,0
28/02/2026,Inter,Genoa,2,0,H,1,0,H,,14,6,6,2,13,8,10,2,2,1,0,0
28/02/2026,Hoffenheim,St Pauli,0,1,A,0,1,A,,20,11,11,3,13,7,10,3,1,2,0,0
28/02/2026,Leverkusen,Mainz,1,1,D,0,0,D,,12,8,5,4,9,13,6,2,1,2,0,0
28/02/2026,M'gladbach,Union Berlin,1,0,H,0,0,D,,21,6,7,2,5,18,6,2,4,5,0,0
28/02/2026,Werder Bremen,Heidenheim,2,0,H,0,0,D,,17,9,6,0,14,9,3,2,1,0,0,0
28/02/2026,Dortmund,Bayern Munich,2,3,A,1,0,H,,10,14,2,6,15,10,5,2,1,0,0,0
28/02/2026,Vallecano,Ath Bilbao,1,1,D,1,0,H,,15,8,7,2,8,17,5,4,2,3,0,0
28/02/2026,Barcelona,Villarreal,4,1,H,2,0,H,,19,6,8,1,11,9,3,2,2,1,0,0
28/02/2026,Mallorca,Sociedad,0,1,A,0,1,A,,6,12,1,2,6,22,3,7,0,2,0,0
28/02/2026,Oviedo,Ath Madrid,0,1,A,0,0,D,,16,12,6,1,12,6,8,3,2,2,0,0
28/02/2026,Rennes,Toulouse,1,0,H,1,0,H,,10,9,2,2,9,13,6,1,1,3,0,0
28/02/2026,Monaco,Angers,2,0,H,0,0,D,,10,6,4,2,9,10,5,2,0,3,0,0
28/02/2026,Le Havre,Paris SG,0,1,A,0,1,A,,10,22,2,9,12,10,3,3,3,0,0,0
28/02/2026,Bournemouth,Sunderland,1,1,D,0,1,A,J Gillett,21,8,5,4,15,12,7,3,4,2,0,0
28/02/2026,Burnley,Brentford,3,4,A,1,3,A,S Barrott,12,16,3,7,9,9,4,8,2,2,0,0
28/02/2026,Liverpool,West Ham,5,2,H,3,0,H,T Robinson,18,11,7,4,12,11,10,5,2,2,0,0
28/02/2026,Newcastle,Everton,2,3,A,1,2,A,S Attwell,17,9,7,5,15,7,7,2,2,3,0,0
28/02/2026,Leeds,Man City,0,1,A,0,1,A,P Bankes,14,14,2,5,10,8,5,3,0,3,0,0
01/03/2026,Cremonese,Milan,0,2,A,0,0,D,,15,20,3,6,14,10,6,7,2,0,0,0
01/03/2026,Sassuolo,Atalanta,2,1,H,1,0,H,,7,26,5,7,3,13,3,9,2,2,1,0
01/03/2026,Torino,Lazio,2,0,H,1,0,H,,13,12,5,3,13,5,6,9,4,1,0,0
01/03/2026,Roma,Juventus,3,3,D,1,0,H,,11,13,5,5,7,12,4,1,1,0,0,0
01/03/2026,Stuttgart,Wolfsburg,4,0,H,3,0,H,,24,10,11,3,5,17,7,3,1,0,0,0
01/03/2026,Ein Frankfurt,Freiburg,2,0,H,0,0,D,,15,4,7,2,9,11,5,6,1,2,0,0
01/03/2026,Hamburg,RB Leipzig,1,2,A,1,1,D,,7,13,3,5,8,12,4,9,3,2,0,0
01/03/2026,Elche,Espanol,2,2,D,1,1,D,,17,9,9,4,14,23,3,1,1,6,0,1
01/03/2026,Valencia,Osasuna,1,0,H,0,0,D,,14,8,1,0,14,13,5,4,3,3,0,0
01/03/2026,Betis,Sevilla,2,2,D,2,0,H,,9,14,2,6,12,15,4,3,3,3,0,0
01/03/2026,Girona,Celta,1,2,A,1,0,H,,15,7,7,5,9,8,10,6,2,2,0,0
01/03/2026,Paris FC,Nice,1,0,H,1,0,H,,16,11,6,3,7,8,8,6,6,3,1,0
01/03/2026,Lille,Nantes,1,0,H,0,0,D,,9,3,3,1,11,15,4,1,3,1,0,0
01/03/2026,Lorient,Auxerre,2,2,D,2,2,D,,15,10,5,3,11,10,3,7,1,3,0,0
01/03/2026,Metz,Brest,0,1,A,0,0,D,,24,6,6,1,14,11,12,4,2,1,0,1
01/03/2026,Marseille,Lyon,3,2,H,0,1,A,,18,12,7,6,16,8,8,1,3,2,0,0
01/03/2026,Brighton,Nott'm Forest,2,1,H,2,1,H,A Madley,14,13,7,4,12,13,4,4,3,1,0,0
01/03/2026,Fulham,Tottenham,2,1,H,2,0,H,T Bramall,18,13,4,1,11,14,5,8,3,3,0,0
01/03/2026,Man United,Crystal Palace,2,1,H,0,1,A,C Kavanagh,20,8,11,3,13,12,7,1,2,2,0,1
01/03/2026,Arsenal,Chelsea,2,1,H,1,1,D,D England,12,9,5,3,11,14,5,10,1,3,0,1
02/03/2026,Pisa,Bologna,0,1,A,0,0,D,,6,8,3,1,15,11,7,4,0,2,0,0
02/03/2026,Udinese,Fiorentina,3,0,H,1,0,H,,10,10,7,0,16,12,5,2,1,4,0,0
02/03/2026,Real Madrid,Getafe,0,1,A,0,1,A,,18,9,7,3,11,17,10,2,4,6,1,1
03/03/2026,Bournemouth,Brentford,0,0,D,0,0,D,C Pawson,13,5,2,2,9,10,4,3,2,1,0,0
03/03/2026,Everton,Burnley,2,0,H,1,0,H,T Robinson,14,5,5,2,10,12,6,3,0,1,0,0
03/03/2026,Leeds,Sunderland,0,1,A,0,0,D,S Attwell,18,3,4,1,15,19,9,2,1,3,0,0
03/03/2026,Wolves,Liverpool,2,1,H,0,0,D,T Bramall,4,19,3,7,10,13,2,11,2,1,0,0
04/03/2026,Hamburg,Leverkusen,0,1,A,0,0,D,,10,14,3,4,12,11,2,7,0,2,0,0
04/03/2026,Vallecano,Oviedo,3,0,H,1,0,H,,19,8,7,2,10,10,12,2,0,2,0,0
04/03/2026,Aston Villa,Chelsea,1,4,A,1,2,A,J Gillett,9,15,4,8,10,9,3,8,3,2,0,0
04/03/2026,Brighton,Arsenal,0,1,A,0,1,A,C Kavanagh,11,7,3,2,14,12,4,3,4,1,0,0
04/03/2026,Fulham,West Ham,0,1,A,0,0,D,M Donohue,13,9,5,3,14,12,7,5,2,4,0,0
04/03/2026,Man City,Nott'm Forest,2,2,D,1,0,H,D England,21,9,7,4,10,6,6,1,0,4,0,0
04/03/2026,Newcastle,Man United,2,1,H,1,1,D,P Bankes,12,14,5,5,15,16,2,4,2,3,1,0
05/03/2026,Tottenham,Crystal Palace,1,3,A,1,3,A,A Madley,12,9,4,4,14,14,6,3,3,2,0,0
06/03/2026,Napoli,Torino,2,1,H,1,0,H,,14,7,9,4,9,11,11,2,0,3,0,0
06/03/2026,Bayern Munich,M'gladbach,4,1,H,2,0,H,,18,10,9,5,7,12,7,1,1,0,0,1
06/03/2026,Celta,Real Madrid,1,2,A,1,1,D,,8,14,4,3,4,12,1,6,1,2,0,0
06/03/2026,Paris SG,Monaco,1,3,A,0,1,A,,20,11,6,6,12,6,7,3,1,3,0,0
07/03/2026,Cagliari,Como,1,2,A,0,1,A,,8,8,3,2,17,18,2,3,3,1,0,0
07/03/2026,Atalanta,Udinese,2,2,D,0,1,A,,22,8,4,2,7,10,11,3,1,2,0,0
07/03/2026,Juventus,Pisa,4,0,H,0,0,D,,25,7,7,2,7,7,4,4,1,3,0,0
07/03/2026,Freiburg,Leverkusen,3,3,D,2,2,D,,21,17,9,5,7,8,5,2,3,3,0,0
07/03/2026,Heidenheim,Hoffenheim,2,4,A,0,2,A,,8,16,2,7,7,15,4,3,0,0,0,0
07/03/2026,Mainz,Stuttgart,2,2,D,1,0,H,,18,11,6,4,7,12,5,6,0,2,0,0
07/03/2026,RB Leipzig,Augsburg,2,1,H,0,1,A,,17,16,8,5,8,9,6,8,0,2,0,0
07/03/2026,Wolfsburg,Hamburg,1,2,A,1,1,D,,14,10,4,7,18,6,7,3,3,3,1,0
07/03/2026,FC Koln,Dortmund,1,2,A,0,1,A,,14,13,4,5,9,13,9,4,1,1,1,0
07/03/2026,Osasuna,Mallorca,2,2,D,0,1,A,,22,8,5,4,11,12,8,0,2,5,1,1
07/03/2026,Levante,Girona,1,1,D,0,0,D,,14,22,4,5,15,9,2,3,2,2,1,0
07/03/2026,Ath Madrid,Sociedad,3,2,H,1,1,D,,24,7,9,3,6,10,8,1,1,1,0,0
07/03/2026,Ath Bilbao,Barcelona,0,1,A,0,0,D,,10,7,3,2,11,9,2,4,2,1,0,0
07/03/2026,Nantes,Angers,0,1,A,0,0,D,,13,11,3,4,14,19,3,4,1,1,0,0
07/03/2026,Auxerre,Strasbourg,0,0,D,0,0,D,,10,13,4,5,10,11,5,4,1,2,0,0
07/03/2026,Toulouse,Marseille,0,1,A,0,1,A,,12,10,2,3,15,14,4,2,2,3,0,0
08/03/2026,Lecce,Cremonese,2,1,H,2,0,H,,9,10,3,5,19,27,4,4,1,4,0,1
08/03/2026,Bologna,Verona,1,2,A,0,0,D,,19,15,2,5,5,20,5,3,1,2,0,0
08/03/2026,Fiorentina,Parma,0,0,D,0,0,D,,12,8,1,0,12,14,7,1,2,0,0,0
08/03/2026,Genoa,Roma,2,1,H,0,0,D,,11,8,5,1,11,17,3,6,1,3,0,0
08/03/2026,Milan,Inter,1,0,H,1,0,H,,9,11,2,2,8,12,1,6,2,2,0,0
08/03/2026,St Pauli,Ein Frankfurt,0,0,D,0,0,D,,11,8,2,2,13,8,6,5,2,1,0,0
08/03/2026,Union Berlin,Werder Bremen,1,4,A,1,2,A,,9,15,2,5,5,13,1,3,1,3,1,0
08/03/2026,Villarreal,Elche,2,1,H,2,0,H,,16,13,7,6,11,16,4,6,1,2,0,0
08/03/2026,Getafe,Betis,2,0,H,2,0,H,,9,14,5,5,19,8,3,8,3,2,0,0
08/03/2026,Sevilla,Vallecano,1,1,D,1,0,H,,11,9,2,2,13,15,6,2,1,3,0,0
08/03/2026,Valencia,Alaves,3,2,H,0,1,A,,19,10,8,4,9,17,10,2,1,6,0,2
08/03/2026,Lens,Metz,3,0,H,1,0,H,,24,5,7,0,12,17,6,4,0,3,0,0
08/03/2026,Brest,Le Havre,2,0,H,1,0,H,,11,14,2,0,15,17,1,3,3,1,0,0
08/03/2026,Lille,Lorient,1,1,D,0,0,D,,12,9,2,5,14,13,5,1,4,1,0,0
08/03/2026,Nice,Rennes,0,4,A,0,2,A,,14,12,2,6,9,8,7,1,2,1,0,0
08/03/2026,Lyon,Paris FC,1,1,D,0,0,D,,14,14,4,4,7,9,8,2,2,0,0,0
09/03/2026,Lazio,Sassuolo,2,1,H,1,1,D,,13,7,5,4,7,8,1,6,0,4,0,0
09/03/2026,Espanol,Oviedo,1,1,D,1,1,D,,28,6,9,3,19,13,8,0,3,2,0,0
13/03/2026,Torino,Parma,4,1,H,1,1,D,,15,6,6,3,17,13,2,7,1,3,0,0
13/03/2026,M'gladbach,St Pauli,2,0,H,1,0,H,,10,8,4,1,9,7,2,2,1,2,0,0
13/03/2026,Alaves,Villarreal,1,1,D,1,0,H,,8,10,0,4,19,11,5,2,4,1,0,0
13/03/2026,Marseille,Auxerre,1,0,H,0,0,D,,16,8,3,3,12,17,9,2,4,2,0,0
14/03/2026,Inter,Atalanta,1,1,D,1,0,H,,16,8,3,3,11,5,2,3,2,2,0,0
14/03/2026,Napoli,Lecce,2,1,H,0,1,A,,12,12,4,2,11,7,7,7,0,1,0,0
14/03/2026,Udinese,Juventus,0,1,A,0,1,A,,10,22,2,8,12,14,2,6,3,1,0,0
14/03/2026,Dortmund,Augsburg,2,0,H,1,0,H,,16,7,5,3,7,7,12,2,0,0,0,0
14/03/2026,Ein Frankfurt,Heidenheim,1,0,H,0,0,D,,12,3,4,1,5,9,5,4,3,2,1,0
14/03/2026,Hoffenheim,Wolfsburg,1,1,D,0,0,D,,21,4,6,2,10,10,16,4,0,3,0,0
14/03/2026,Leverkusen,Bayern Munich,1,1,D,1,0,H,,21,11,7,5,12,13,4,1,3,4,0,2
14/03/2026,Hamburg,FC Koln,1,1,D,1,1,D,,5,10,1,2,11,12,1,8,2,4,0,0
14/03/2026,Girona,Ath Bilbao,3,0,H,1,0,H,,14,20,6,9,8,16,2,9,0,2,0,0
14/03/2026,Ath Madrid,Getafe,1,0,H,1,0,H,,16,7,5,3,11,11,10,3,3,3,0,1
14/03/2026,Oviedo,Valencia,1,0,H,1,0,H,,11,13,6,2,12,11,4,7,3,2,0,0
14/03/2026,Real Madrid,Elche,4,1,H,2,0,H,,14,11,6,1,11,21,5,4,1,3,0,0
14/03/2026,Lorient,Lens,2,1,H,1,0,H,,6,20,3,6,6,11,1,10,2,3,0,0
14/03/2026,Angers,Nice,0,2,A,0,0,D,,11,12,1,8,10,13,7,6,1,3,0,0
14/03/2026,Monaco,Brest,2,0,H,1,0,H,,10,13,4,1,9,8,3,8,2,1,0,0
14/03/2026,Burnley,Bournemouth,0,0,D,0,0,D,P Bankes,15,22,2,3,11,5,5,8,1,0,0,0
14/03/2026,Sunderland,Brighton,0,1,A,0,0,D,T Kirk,14,12,4,4,7,12,7,3,1,2,0,0
14/03/2026,Arsenal,Everton,2,0,H,0,0,D,A Madley,25,9,7,3,11,12,8,3,0,0,0,0
14/03/2026,Chelsea,Newcastle,0,1,A,0,1,A,P Tierney,22,7,3,5,9,10,8,1,2,2,0,0
14/03/2026,West Ham,Man City,1,1,D,1,1,D,M Oliver,1,24,1,6,14,5,1,15,2,2,0,0
15/03/2026,Verona,Genoa,0,2,A,0,0,D,,8,11,1,3,22,9,4,2,2,1,0,0
15/03/2026,Pisa,Cagliari,3,1,H,1,0,H,,10,14,6,4,14,16,1,5,1,4,1,1
15/03/2026,Sassuolo,Bologna,0,1,A,0,1,A,,9,16,3,3,16,11,7,4,1,2,0,0
15/03/2026,Como,Roma,2,1,H,0,1,A,,22,3,7,1,16,18,7,1,2,3,0,1
15/03/2026,Lazio,Milan,1,0,H,1,0,H,,7,17,2,3,7,19,1,9,4,1,0,0
15/03/2026,Werder Bremen,Mainz,0,2,A,0,1,A,,16,11,3,2,7,7,9,4,2,1,0,0
15/03/2026,Freiburg,Union Berlin,0,1,A,0,0,D,,19,9,6,4,6,19,6,2,0,2,0,0
15/03/2026,Stuttgart,RB Leipzig,1,0,H,0,0,D,,13,9,4,4,5,16,5,6,1,2,0,0
15/03/2026,Mallorca,Espanol,2,1,H,0,1,A,,26,10,12,2,11,14,5,6,3,3,0,1
15/03/2026,Barcelona,Sevilla,5,2,H,3,1,H,,13,8,8,4,5,14,3,4,0,1,0,0
15/03/2026,Betis,Celta,1,1,D,0,1,A,,19,7,6,3,11,16,3,4,2,3,0,0
15/03/2026,Sociedad,Osasuna,3,1,H,2,0,H,,14,13,6,5,16,11,3,5,3,0,0,0
15/03/2026,Strasbourg,Paris FC,0,0,D,0,0,D,,12,11,3,2,11,17,12,4,1,0,0,0
15/03/2026,Le Havre,Lyon,0,0,D,0,0,D,,12,13,4,4,7,16,2,2,1,3,1,0
15/03/2026,Metz,Toulouse,3,4,A,2,3,A,,17,19,8,6,10,13,4,4,0,3,0,0
15/03/2026,Rennes,Lille,1,2,A,0,1,A,,12,8,4,3,16,7,5,2,2,5,0,0
15/03/2026,Crystal Palace,Leeds,0,0,D,0,0,D,T Bramall,12,10,0,3,12,11,8,3,2,1,0,1
15/03/2026,Man United,Aston Villa,3,1,H,0,0,D,A Taylor,16,9,6,2,10,5,6,6,3,2,0,0
15/03/2026,Nott'm Forest,Fulham,0,0,D,0,0,D,S Barrott,11,5,2,0,8,10,5,4,2,3,0,0
15/03/2026,Liverpool,Tottenham,1,1,D,1,0,H,C Kavanagh,17,13,4,7,8,13,3,4,0,0,0,0
16/03/2026,Cremonese,Fiorentina,1,4,A,0,2,A,,13,13,3,6,17,16,4,6,1,0,0,0
16/03/2026,Vallecano,Levante,1,1,D,0,1,A,,18,19,4,5,10,13,5,6,3,5,1,0
16/03/2026,Brentford,Wolves,2,2,D,2,1,H,S Attwell,10,13,3,4,12,10,1,5,2,4,0,0
20/03/2026,Cagliari,Napoli,0,1,A,0,1,A,,7,17,0,5,12,16,2,7,2,2,0,0
20/03/2026,Genoa,Udinese,0,2,A,0,0,D,,18,6,2,4,5,13,7,1,1,5,0,0
20/03/2026,RB Leipzig,Hoffenheim,5,0,H,4,0,H,,14,8,9,2,8,16,1,3,1,1,0,0
20/03/2026,Villarreal,Sociedad,3,1,H,3,0,H,,21,11,10,4,10,11,4,5,0,2,0,0
20/03/2026,Lens,Angers,5,1,H,3,0,H,,26,16,9,5,7,5,7,3,0,0,0,0
20/03/2026,Bournemouth,Man United,2,2,D,0,0,D,S Attwell,16,14,5,5,10,9,6,8,2,2,0,1
21/03/2026,Parma,Cremonese,0,2,A,0,0,D,,8,7,1,4,20,15,3,1,3,3,0,0
21/03/2026,Milan,Torino,3,2,H,1,1,D,,15,19,6,7,9,10,4,6,3,1,0,0
21/03/2026,Juventus,Sassuolo,1,1,D,1,0,H,,18,7,8,1,7,7,9,4,1,2,0,0
21/03/2026,Bayern Munich,Union Berlin,4,0,H,2,0,H,,31,5,9,1,5,8,12,1,1,2,0,0
21/03/2026,FC Koln,M'gladbach,3,3,D,2,2,D,,12,9,5,3,8,14,5,3,8,2,1,0
21/03/2026,Heidenheim,Leverkusen,3,3,D,0,2,A,,9,14,5,5,11,12,2,5,4,4,0,0
21/03/2026,Wolfsburg,Werder Bremen,0,1,A,0,0,D,,11,8,4,3,16,6,8,4,3,0,1,0
21/03/2026,Dortmund,Hamburg,3,2,H,0,2,A,,24,4,8,4,10,8,11,3,2,3,0,0
21/03/2026,Elche,Mallorca,2,1,H,0,0,D,,13,11,4,4,12,11,2,2,2,2,0,0
21/03/2026,Espanol,Getafe,1,2,A,0,2,A,,15,10,5,5,14,20,12,9,2,7,0,0
21/03/2026,Levante,Oviedo,4,2,H,2,2,D,,20,10,8,2,17,18,3,1,2,3,0,0
21/03/2026,Osasuna,Girona,1,0,H,0,0,D,,19,5,11,0,18,7,6,2,2,1,0,0
21/03/2026,Sevilla,Valencia,0,2,A,0,2,A,,13,9,2,4,13,6,1,3,2,1,0,0
21/03/2026,Toulouse,Lorient,1,0,H,0,0,D,,12,7,4,2,9,10,1,4,2,3,0,0
21/03/2026,Auxerre,Brest,3,0,H,1,0,H,,11,9,7,2,10,14,6,3,0,4,1,0
21/03/2026,Nice,Paris SG,0,4,A,0,1,A,,6,17,1,10,12,5,2,5,0,1,1,0
21/03/2026,Brighton,Liverpool,2,1,H,1,1,D,D England,16,12,7,5,11,11,4,8,5,5,0,0
21/03/2026,Fulham,Burnley,3,1,H,0,0,D,C Kavanagh,22,9,6,5,6,9,6,6,2,2,0,1
21/03/2026,Everton,Chelsea,3,0,H,1,0,H,S Barrott,10,12,9,4,6,7,3,9,0,2,0,0
21/03/2026,Leeds,Brentford,0,0,D,0,0,D,J Gillett,14,6,4,2,6,9,6,2,2,0,0,0
22/03/2026,Como,Pisa,5,0,H,2,0,H,,14,7,7,0,5,6,7,1,0,2,0,0
22/03/2026,Atalanta,Verona,1,0,H,1,0,H,,11,12,3,3,12,16,2,4,1,3,0,0
22/03/2026,Bologna,Lazio,0,2,A,0,0,D,,15,9,4,5,13,8,2,1,1,1,0,0
22/03/2026,Roma,Lecce,1,0,H,0,0,D,,14,8,2,3,14,17,10,2,2,2,0,0
22/03/2026,Fiorentina,Inter,1,1,D,0,1,A,,16,12,6,4,16,12,3,5,3,3,0,0
22/03/2026,Mainz,Ein Frankfurt,2,1,H,1,1,D,,8,12,5,4,12,5,5,3,2,1,0,0
22/03/2026,St Pauli,Freiburg,1,2,A,1,0,H,,12,15,5,6,9,6,3,2,1,1,0,0
22/03/2026,Augsburg,Stuttgart,2,5,A,0,3,A,,13,13,7,8,11,14,2,5,1,3,0,0
22/03/2026,Barcelona,Vallecano,1,0,H,1,0,H,,15,8,4,4,12,11,6,9,3,4,0,0
22/03/2026,Celta,Alaves,3,4,A,3,1,H,,12,14,5,6,13,16,4,1,2,2,0,0
22/03/2026,Ath Bilbao,Betis,2,1,H,2,0,H,,11,11,6,3,10,6,6,5,1,1,0,0
22/03/2026,Real Madrid,Ath Madrid,3,2,H,0,1,A,,17,13,10,7,2,15,4,1,1,4,1,0
22/03/2026,Lyon,Monaco,1,2,A,1,0,H,,15,21,4,7,11,19,2,6,1,3,1,0
22/03/2026,Marseille,Lille,1,2,A,1,0,H,,14,11,3,4,8,6,6,4,1,3,0,0
22/03/2026,Paris FC,Le Havre,3,2,H,2,0,H,,15,20,4,6,9,13,9,5,0,1,1,0
22/03/2026,Rennes,Metz,0,0,D,0,0,D,,25,7,8,2,13,13,8,2,1,3,0,0
22/03/2026,Nantes,Strasbourg,2,3,A,1,1,D,,14,13,9,9,15,17,3,6,3,3,0,0
22/03/2026,Newcastle,Sunderland,1,2,A,1,0,H,A Taylor,16,17,4,7,8,19,9,5,1,6,0,0
22/03/2026,Aston Villa,West Ham,2,0,H,1,0,H,P Tierney,23,9,7,1,3,7,6,6,0,1,0,0
22/03/2026,Tottenham,Nott'm Forest,0,3,A,0,1,A,M Oliver,14,8,3,7,13,13,13,3,1,2,0,0
03/04/2026,Vallecano,Elche,1,0,H,0,0,D,,21,9,5,4,17,9,9,4,0,4,0,1
03/04/2026,Paris SG,Toulouse,3,1,H,2,1,H,,17,5,7,1,4,13,5,2,0,1,0,0
04/04/2026,Sassuolo,Cagliari,2,1,H,0,1,A,,9,11,2,3,14,11,2,2,1,0,0,0
04/04/2026,Verona,Fiorentina,0,1,A,0,0,D,,21,5,8,1,15,7,9,1,3,1,1,1
04/04/2026,Lazio,Parma,1,1,D,0,1,A,,7,7,3,4,12,8,7,2,1,2,0,0
04/04/2026,Freiburg,Bayern Munich,2,3,A,0,0,D,,13,21,4,9,9,13,5,8,3,3,0,0
04/04/2026,Hamburg,Augsburg,1,1,D,0,1,A,,18,18,4,3,12,12,9,2,2,3,1,0
04/04/2026,Hoffenheim,Mainz,1,2,A,1,1,D,,16,9,5,5,11,5,7,3,4,1,0,0
04/04/2026,Leverkusen,Wolfsburg,6,3,H,2,3,A,,25,11,11,5,8,11,12,2,1,3,0,0
04/04/2026,M'gladbach,Heidenheim,2,2,D,1,1,D,,15,15,7,7,12,11,2,3,4,0,0,0
04/04/2026,Werder Bremen,RB Leipzig,1,2,A,0,1,A,,13,7,5,2,13,14,1,0,2,1,0,0
04/04/2026,Stuttgart,Dortmund,0,2,A,0,0,D,,13,5,3,3,10,12,5,2,2,4,0,0
04/04/2026,Sociedad,Levante,2,0,H,1,0,H,,18,8,5,4,11,15,11,5,2,3,0,0
04/04/2026,Mallorca,Real Madrid,2,1,H,1,0,H,,6,15,2,6,16,13,6,4,3,2,0,0
04/04/2026,Betis,Espanol,0,0,D,0,0,D,,19,8,6,1,12,18,4,3,1,3,0,0
04/04/2026,Ath Madrid,Barcelona,1,2,A,1,1,D,,6,22,2,8,15,11,1,9,6,2,1,0
04/04/2026,Strasbourg,Nice,3,1,H,3,0,H,,16,8,6,3,7,15,4,10,0,2,0,0
04/04/2026,Brest,Rennes,3,4,A,1,2,A,,10,15,4,7,13,11,3,7,2,4,0,0
04/04/2026,Lille,Lens,3,0,H,1,0,H,,13,5,7,1,9,13,3,3,3,2,0,0
05/04/2026,Cremonese,Bologna,1,2,A,0,2,A,,9,14,3,7,15,15,2,4,2,3,1,1
05/04/2026,Pisa,Torino,0,1,A,0,0,D,,7,13,1,2,12,12,1,2,1,0,0,0
05/04/2026,Inter,Roma,5,2,H,2,1,H,,17,9,9,3,11,10,7,4,0,1,0,0
05/04/2026,Union Berlin,St Pauli,1,1,D,0,1,A,,16,9,8,2,10,8,7,2,0,2,0,1
05/04/2026,Ein Frankfurt,FC Koln,2,2,D,0,0,D,,20,14,7,9,10,7,8,0,1,2,0,0
05/04/2026,Getafe,Ath Bilbao,2,0,H,1,0,H,,10,5,6,0,11,11,4,3,3,1,0,0
05/04/2026,Valencia,Celta,2,3,A,1,0,H,,13,9,4,5,14,21,6,0,1,3,0,0
05/04/2026,Oviedo,Sevilla,1,0,H,1,0,H,,7,9,4,0,11,12,5,9,5,3,0,1
05/04/2026,Alaves,Osasuna,2,2,D,1,1,D,,18,8,6,5,7,17,7,1,2,5,0,0
05/04/2026,Angers,Lyon,0,0,D,0,0,D,,7,11,1,2,14,13,3,7,3,0,0,0
05/04/2026,Le Havre,Auxerre,1,1,D,1,1,D,,10,12,3,2,16,21,5,5,2,2,0,0
05/04/2026,Lorient,Paris FC,1,1,D,0,0,D,,10,7,3,5,8,6,5,6,1,2,0,0
05/04/2026,Metz,Nantes,0,0,D,0,0,D,,19,6,5,2,14,10,6,3,2,1,0,1
05/04/2026,Monaco,Marseille,2,1,H,0,0,D,,7,19,3,9,14,9,0,8,2,2,0,0
06/04/2026,Udinese,Como,0,0,D,0,0,D,,14,12,4,4,10,12,6,2,2,3,0,0
06/04/2026,Lecce,Atalanta,0,3,A,0,1,A,,11,16,0,6,10,18,2,5,0,2,0,0
06/04/2026,Juventus,Genoa,2,0,H,2,0,H,,16,12,5,3,10,8,5,5,4,1,0,0
06/04/2026,Napoli,Milan,1,0,H,0,0,D,,10,7,3,1,7,6,4,3,2,0,0,0
06/04/2026,Girona,Villarreal,1,0,H,1,0,H,,10,9,2,0,8,9,7,4,2,2,0,0
10/04/2026,Roma,Pisa,3,0,H,2,0,H,,8,9,3,5,11,12,1,3,1,1,0,0
10/04/2026,Augsburg,Hoffenheim,2,2,D,2,2,D,,17,13,8,4,6,18,4,4,5,3,0,0
10/04/2026,Real Madrid,Girona,1,1,D,0,0,D,,22,10,9,2,9,13,10,1,2,1,0,0
10/04/2026,Paris FC,Monaco,4,1,H,3,1,H,,12,19,6,5,5,6,1,11,1,0,0,0
10/04/2026,Marseille,Metz,3,1,H,1,0,H,,18,6,9,2,12,8,7,4,1,2,0,0
10/04/2026,West Ham,Wolves,4,0,H,1,0,H,J Gillett,18,14,7,3,11,7,5,2,2,2,0,0
11/04/2026,Cagliari,Cremonese,1,0,H,0,0,D,,17,5,5,2,9,17,6,5,1,1,0,0
11/04/2026,Torino,Verona,2,1,H,1,1,D,,11,18,2,4,13,17,3,6,1,4,0,0
11/04/2026,Milan,Udinese,0,3,A,0,2,A,,20,12,3,6,9,14,4,3,1,1,0,0
11/04/2026,Atalanta,Juventus,0,1,A,0,0,D,,22,7,3,2,7,11,13,2,1,3,0,0
11/04/2026,Dortmund,Leverkusen,0,1,A,0,1,A,,14,11,1,4,5,6,5,5,3,0,0,0
11/04/2026,Heidenheim,Union Berlin,3,1,H,2,0,H,,7,10,3,3,7,13,3,5,0,2,0,0
11/04/2026,RB Leipzig,M'gladbach,1,0,H,0,0,D,,24,15,11,3,9,6,11,4,4,1,0,0
11/04/2026,Wolfsburg,Ein Frankfurt,1,2,A,0,2,A,,22,10,7,4,9,8,7,7,2,1,0,0
11/04/2026,St Pauli,Bayern Munich,0,5,A,0,1,A,,6,20,3,8,9,7,3,4,1,2,0,0
11/04/2026,Sociedad,Alaves,3,3,D,2,2,D,,12,12,4,2,11,18,9,5,2,4,1,0
11/04/2026,Elche,Valencia,1,0,H,0,0,D,,8,22,2,8,15,18,5,9,1,1,0,0
11/04/2026,Barcelona,Espanol,4,1,H,2,0,H,,20,10,10,2,10,18,7,5,3,6,0,0
11/04/2026,Sevilla,Ath Madrid,2,1,H,2,1,H,,11,13,2,2,7,12,6,6,4,4,0,0
11/04/2026,Auxerre,Nantes,0,0,D,0,0,D,,5,13,0,4,20,15,3,2,0,4,0,0
11/04/2026,Rennes,Angers,2,1,H,2,0,H,,15,6,7,4,9,15,11,3,0,2,0,0
11/04/2026,Arsenal,Bournemouth,1,2,A,1,1,D,M Oliver,15,8,3,3,12,18,10,1,1,3,0,0
11/04/2026,Brentford,Everton,2,2,D,1,1,D,F Hallam,17,14,4,7,6,7,2,3,0,2,0,0
11/04/2026,Burnley,Brighton,0,2,A,0,1,A,T Bramall,10,13,5,6,7,11,8,2,2,1,0,0
11/04/2026,Liverpool,Fulham,2,0,H,2,0,H,A Taylor,18,19,5,4,10,4,6,9,0,0,0,0
12/04/2026,Genoa,Sassuolo,2,1,H,1,0,H,,14,15,7,6,9,14,5,3,2,3,1,1
12/04/2026,Parma,Napoli,1,1,D,1,0,H,,3,20,2,6,4,8,3,7,1,0,0,0
12/04/2026,Bologna,Lecce,2,0,H,1,0,H,,12,6,4,1,15,19,8,6,0,2,0,0
12/04/2026,Como,Inter,3,4,A,2,1,H,,24,7,8,5,12,17,1,1,3,7,0,0
12/04/2026,FC Koln,Werder Bremen,3,1,H,1,0,H,,25,6,8,2,16,7,8,5,3,2,0,1
12/04/2026,Stuttgart,Hamburg,4,0,H,2,0,H,,23,9,11,5,10,14,8,2,2,1,0,0
12/04/2026,Mainz,Freiburg,0,1,A,0,0,D,,10,8,3,3,10,13,6,4,1,3,0,0
12/04/2026,Osasuna,Betis,1,1,D,1,1,D,,12,8,4,3,14,12,6,3,3,4,0,0
12/04/2026,Mallorca,Vallecano,3,0,H,2,0,H,,12,17,4,3,13,11,6,7,1,4,0,0
12/04/2026,Celta,Oviedo,0,3,A,0,2,A,,9,8,6,5,9,13,4,1,1,2,0,0
12/04/2026,Ath Bilbao,Villarreal,1,2,A,0,2,A,,18,12,6,6,15,8,15,3,2,3,0,0
12/04/2026,Nice,Le Havre,1,1,D,0,1,A,,15,11,5,6,20,14,5,2,1,1,0,0
12/04/2026,Toulouse,Lille,0,4,A,0,1,A,,9,15,1,9,13,12,4,2,2,0,1,0
12/04/2026,Lyon,Lorient,2,0,H,0,0,D,,11,12,5,6,17,14,4,6,4,1,0,0
12/04/2026,Crystal Palace,Newcastle,2,1,H,0,1,A,A Madley,11,7,5,3,17,12,2,4,0,3,0,0
12/04/2026,Nott'm Forest,Aston Villa,1,1,D,1,1,D,M Salisbury,15,12,4,5,15,10,7,3,2,2,0,0
12/04/2026,Sunderland,Tottenham,1,0,H,0,0,D,R Jones,13,11,2,7,14,15,2,6,3,3,0,0
12/04/2026,Chelsea,Man City,0,3,A,0,0,D,C Kavanagh,12,18,3,8,10,14,4,12,3,1,0,0
13/04/2026,Fiorentina,Lazio,1,0,H,1,0,H,,8,13,2,6,10,10,5,6,3,2,0,0
13/04/2026,Levante,Getafe,1,0,H,0,0,D,,22,5,4,1,12,24,8,2,2,7,0,1
13/04/2026,Man United,Leeds,1,2,A,0,2,A,P Tierney,20,15,9,6,12,15,11,4,3,2,1,0
17/04/2026,Sassuolo,Como,2,1,H,2,1,H,,11,12,4,3,14,11,5,8,3,3,0,0
17/04/2026,Inter,Cagliari,3,0,H,0,0,D,,18,10,5,1,17,6,4,9,0,2,0,0
17/04/2026,St Pauli,FC Koln,1,1,D,0,0,D,,14,10,6,1,6,2,8,5,4,1,0,0
17/04/2026,Lens,Toulouse,3,2,H,0,2,A,,41,5,13,2,9,15,14,1,1,1,0,1
18/04/2026,Udinese,Parma,0,1,A,0,0,D,,16,10,3,1,11,8,10,5,2,0,0,0
18/04/2026,Napoli,Lazio,0,2,A,0,1,A,,12,14,0,7,11,9,12,0,1,3,0,0
18/04/2026,Roma,Atalanta,1,1,D,1,1,D,,19,8,9,2,4,14,7,6,1,2,0,0
18/04/2026,Hoffenheim,Dortmund,2,1,H,1,0,H,,13,8,4,3,14,11,4,3,2,3,0,0
18/04/2026,Leverkusen,Augsburg,1,2,A,1,1,D,,35,11,10,5,5,8,11,4,2,1,0,0
18/04/2026,Union Berlin,Wolfsburg,1,2,A,0,1,A,,25,5,7,4,13,15,11,4,1,1,0,0
18/04/2026,Werder Bremen,Hamburg,3,1,H,1,1,D,,18,11,10,3,14,14,7,3,4,3,0,1
18/04/2026,Ein Frankfurt,RB Leipzig,1,3,A,1,1,D,,16,19,5,8,7,7,4,6,0,1,0,0
18/04/2026,Lorient,Marseille,2,0,H,1,0,H,,11,16,4,2,6,10,1,7,0,3,0,0
18/04/2026,Angers,Le Havre,1,1,D,1,1,D,,11,16,5,8,15,20,4,3,1,3,0,1
18/04/2026,Lille,Nice,0,0,D,0,0,D,,9,5,2,1,9,10,5,3,3,1,0,0
18/04/2026,Brentford,Fulham,0,0,D,0,0,D,P Tierney,13,11,4,0,8,13,9,3,0,1,0,0
18/04/2026,Leeds,Wolves,3,0,H,2,0,H,F Hallam,17,7,6,2,9,17,5,6,2,1,0,0
18/04/2026,Newcastle,Bournemouth,1,2,A,0,1,A,T Bramall,12,12,3,3,11,12,2,3,2,4,0,0
18/04/2026,Tottenham,Brighton,2,2,D,1,1,D,S Attwell,13,10,6,3,14,14,7,5,3,1,0,0
18/04/2026,Chelsea,Man United,0,1,A,0,1,A,M Oliver,21,4,3,1,12,13,7,1,1,3,0,0
19/04/2026,Cremonese,Torino,0,0,D,0,0,D,,14,4,4,1,11,12,6,1,0,3,0,0
19/04/2026,Verona,Milan,0,1,A,0,1,A,,13,6,2,3,13,6,6,1,2,0,0,0
19/04/2026,Pisa,Genoa,1,2,A,1,1,D,,12,13,4,5,21,16,5,5,3,1,0,0
19/04/2026,Juventus,Bologna,2,0,H,1,0,H,,14,7,4,0,10,5,6,1,1,0,0,0
19/04/2026,Freiburg,Heidenheim,2,1,H,1,0,H,,17,13,4,2,10,9,5,4,1,0,0,0
19/04/2026,Bayern Munich,Stuttgart,4,2,H,3,1,H,,28,11,9,7,6,3,11,3,0,0,0,0
19/04/2026,M'gladbach,Mainz,1,1,D,1,0,H,,9,17,4,7,12,8,0,6,5,2,0,0
19/04/2026,Monaco,Auxerre,2,2,D,0,2,A,,15,12,6,7,19,8,11,3,2,3,0,0
19/04/2026,Metz,Paris FC,1,3,A,1,1,D,,13,15,6,7,9,8,6,5,2,2,0,0
19/04/2026,Nantes,Brest,1,1,D,1,0,H,,17,4,4,2,13,17,11,0,2,2,1,0
19/04/2026,Strasbourg,Rennes,0,3,A,0,1,A,,9,26,1,9,10,12,2,9,0,1,0,0
19/04/2026,Paris SG,Lyon,1,2,A,0,2,A,,23,6,6,5,10,8,13,5,5,1,0,0
19/04/2026,Aston Villa,Sunderland,4,3,H,2,1,H,S Barrott,15,10,7,7,11,11,4,5,1,3,0,0
19/04/2026,Everton,Liverpool,1,2,A,0,1,A,C Kavanagh,10,14,4,6,8,12,1,6,2,0,0,0
19/04/2026,Nott'm Forest,Burnley,4,1,H,0,1,A,T Kirk,10,4,4,3,8,12,4,4,0,2,0,0
19/04/2026,Man City,Arsenal,2,1,H,1,1,D,A Taylor,15,9,5,3,5,12,8,5,2,2,0,0
20/04/2026,Lecce,Fiorentina,1,1,D,0,1,A,,14,5,4,3,8,13,5,2,2,4,0,0
20/04/2026,Crystal Palace,West Ham,0,0,D,0,0,D,D England,9,9,1,4,13,12,4,6,2,1,0,0
21/04/2026,Ath Bilbao,Osasuna,1,0,H,1,0,H,,7,8,2,3,12,11,5,4,3,2,1,0
21/04/2026,Mallorca,Valencia,1,1,D,0,0,D,,20,10,8,3,9,12,7,4,0,2,0,0
21/04/2026,Girona,Betis,2,3,A,1,1,D,,9,7,2,3,11,18,3,1,1,3,0,0
21/04/2026,Real Madrid,Alaves,2,1,H,1,0,H,,24,19,8,5,14,12,9,6,1,1,0,0
21/04/2026,Brighton,Chelsea,3,0,H,1,0,H,C Pawson,15,6,9,0,15,6,6,5,1,1,0,0
22/04/2026,Elche,Ath Madrid,3,2,H,2,2,D,,14,6,6,3,11,12,13,3,2,2,0,1
22/04/2026,Sociedad,Getafe,0,1,A,0,1,A,,13,5,4,0,13,22,6,3,4,5,0,0
22/04/2026,Barcelona,Celta,1,0,H,1,0,H,,10,6,3,3,13,10,5,3,1,1,0,0
22/04/2026,Paris SG,Nantes,3,0,H,2,0,H,,14,11,6,4,11,8,7,6,2,1,0,0
22/04/2026,Bournemouth,Leeds,2,2,D,0,0,D,M Salisbury,17,10,7,3,6,10,12,1,3,0,0,0
22/04/2026,Burnley,Man City,0,1,A,0,1,A,A Madley,9,28,1,9,10,12,3,11,0,0,0,0
23/04/2026,Levante,Sevilla,2,0,H,1,0,H,,8,7,3,0,17,16,3,6,3,4,0,0
23/04/2026,Vallecano,Espanol,1,0,H,0,0,D,,17,15,6,4,12,15,6,5,2,4,0,0
23/04/2026,Oviedo,Villarreal,1,1,D,0,1,A,,16,7,4,3,9,11,7,0,1,1,0,0
24/04/2026,Napoli,Cremonese,4,0,H,3,0,H,,25,7,9,4,7,11,7,5,0,0,0,0
24/04/2026,RB Leipzig,Union Berlin,3,1,H,2,0,H,,20,5,10,1,6,10,10,4,1,1,0,0
24/04/2026,Betis,Real Madrid,1,1,D,0,1,A,,19,12,4,8,10,8,7,6,1,2,0,0
24/04/2026,Brest,Lens,3,3,D,3,0,H,,6,25,3,7,7,11,0,6,3,3,0,0
24/04/2026,Sunderland,Nott'm Forest,0,5,A,0,4,A,D England,14,10,4,6,13,15,3,6,2,5,0,0
25/04/2026,Parma,Pisa,1,0,H,0,0,D,,15,12,5,3,10,19,7,4,1,2,0,0
25/04/2026,Bologna,Roma,0,2,A,0,2,A,,10,7,2,2,10,16,7,7,0,3,0,0
25/04/2026,Verona,Lecce,0,0,D,0,0,D,,6,12,3,2,15,19,2,4,2,5,0,0
25/04/2026,Augsburg,Ein Frankfurt,1,1,D,1,0,H,,17,19,3,7,11,13,9,7,1,2,0,0
25/04/2026,FC Koln,Leverkusen,1,2,A,0,1,A,,25,8,10,3,11,5,2,5,1,2,0,0
25/04/2026,Heidenheim,St Pauli,2,0,H,1,0,H,,12,11,5,2,7,6,6,6,0,1,0,0
25/04/2026,Mainz,Bayern Munich,3,4,A,3,0,H,,21,11,8,6,14,10,4,4,1,2,0,0
25/04/2026,Wolfsburg,M'gladbach,0,0,D,0,0,D,,12,10,4,2,11,5,8,5,1,3,0,1
25/04/2026,Hamburg,Hoffenheim,1,2,A,1,2,A,,12,15,4,6,11,18,4,9,2,4,0,0
25/04/2026,Alaves,Mallorca,2,1,H,0,1,A,,15,4,4,2,15,14,9,4,2,1,0,0
25/04/2026,Getafe,Barcelona,0,2,A,0,1,A,,4,13,0,4,15,8,6,3,2,2,0,0
25/04/2026,Valencia,Girona,2,1,H,0,0,D,,12,7,3,4,22,8,4,4,2,2,0,0
25/04/2026,Ath Madrid,Ath Bilbao,3,2,H,0,1,A,,6,12,4,4,8,12,3,4,0,0,0,0
25/04/2026,Lyon,Auxerre,3,2,H,1,1,D,,12,9,6,2,11,15,6,3,1,2,0,0
25/04/2026,Angers,Paris SG,0,3,A,0,2,A,,6,17,1,10,9,3,5,4,0,2,0,1
25/04/2026,Toulouse,Monaco,2,2,D,0,2,A,,18,8,5,5,17,10,4,2,3,2,0,0
25/04/2026,Fulham,Aston Villa,1,0,H,1,0,H,M Oliver,13,10,6,1,14,12,2,5,2,2,0,0
25/04/2026,Liverpool,Crystal Palace,3,1,H,2,0,H,A Madley,9,14,3,7,10,10,5,8,1,3,0,0
25/04/2026,West Ham,Everton,2,1,H,0,0,D,S Attwell,10,11,3,3,9,11,3,4,3,4,0,0
25/04/2026,Wolves,Tottenham,0,1,A,0,0,D,A Taylor,11,11,2,2,8,14,5,5,3,4,0,0
25/04/2026,Arsenal,Newcastle,1,0,H,1,0,H,S Barrott,11,13,4,3,13,10,7,2,2,2,0,0
26/04/2026,Fiorentina,Sassuolo,0,0,D,0,0,D,,22,11,5,1,13,12,7,4,2,1,0,0
26/04/2026,Genoa,Como,0,2,A,0,1,A,,9,8,1,2,12,15,2,3,1,3,0,0
26/04/2026,Torino,Inter,2,2,D,0,1,A,,14,14,2,5,10,8,5,5,1,2,0,0
26/04/2026,Milan,Juventus,0,0,D,0,0,D,,8,10,1,5,12,8,1,3,2,3,0,0
26/04/2026,Stuttgart,Werder Bremen,1,1,D,0,1,A,,20,9,4,3,8,10,14,2,0,1,0,0
26/04/2026,Dortmund,Freiburg,4,0,H,3,0,H,,17,7,5,4,19,10,5,0,1,0,0,0
26/04/2026,Vallecano,Sociedad,3,3,D,1,1,D,,24,13,9,8,14,12,6,4,6,4,1,0
26/04/2026,Oviedo,Elche,1,2,A,0,2,A,,12,4,3,4,21,14,6,1,2,0,0,1
26/04/2026,Osasuna,Sevilla,2,1,H,0,0,D,,15,8,7,2,11,13,4,4,2,2,0,0
26/04/2026,Villarreal,Celta,2,1,H,2,0,H,,13,9,4,3,13,16,7,5,3,6,0,0
26/04/2026,Lorient,Strasbourg,2,3,A,1,0,H,,14,11,6,5,9,16,9,7,1,2,0,0
26/04/2026,Le Havre,Metz,4,4,D,2,2,D,,14,12,5,5,12,12,6,4,3,1,0,0
26/04/2026,Paris FC,Lille,0,1,A,0,1,A,,7,10,2,4,12,10,7,3,6,3,1,0
26/04/2026,Rennes,Nantes,2,1,H,1,1,D,,14,24,5,8,15,15,6,8,3,2,0,0
26/04/2026,Marseille,Nice,1,1,D,0,0,D,,24,5,6,2,14,7,7,1,4,1,0,0
27/04/2026,Cagliari,Atalanta,3,2,H,2,2,D,,9,12,4,6,8,11,4,6,0,0,0,0
27/04/2026,Lazio,Udinese,3,3,D,0,1,A,,13,16,5,7,17,14,4,5,3,1,0,0
27/04/2026,Espanol,Levante,0,0,D,0,0,D,,9,8,3,4,12,15,4,4,3,3,1,0
27/04/2026,Man United,Brentford,2,1,H,2,0,H,C Kavanagh,11,12,6,4,6,9,7,8,2,4,0,0
01/05/2026,Pisa,Lecce,1,2,A,0,0,D,,17,7,7,4,15,13,6,1,4,2,0,0
01/05/2026,Girona,Mallorca,0,1,A,0,1,A,,14,8,4,4,8,25,5,2,4,2,0,0
01/05/2026,Leeds,Burnley,3,1,H,1,0,H,T Bramall,18,9,8,3,12,11,5,0,4,3,0,0
02/05/2026,Udinese,Torino,2,0,H,1,0,H,,19,9,8,1,11,18,5,2,1,1,0,0
02/05/2026,Como,Napoli,0,0,D,0,0,D,,16,8,5,1,11,10,3,2,1,1,0,0
02/05/2026,Atalanta,Genoa,0,0,D,0,0,D,,21,7,7,2,14,10,6,2,2,1,0,0
02/05/2026,Bayern Munich,Heidenheim,3,3,D,1,2,A,,23,12,7,5,6,7,13,5,3,2,0,0
02/05/2026,Ein Frankfurt,Hamburg,1,2,A,0,0,D,,8,9,5,4,13,5,9,4,6,1,1,0
02/05/2026,Hoffenheim,Stuttgart,3,3,D,2,1,H,,22,14,9,5,18,9,4,5,3,1,0,1
02/05/2026,Union Berlin,FC Koln,2,2,D,0,1,A,,13,8,3,4,7,10,2,5,2,3,0,0
02/05/2026,Werder Bremen,Augsburg,1,3,A,0,2,A,,15,14,4,7,11,4,8,2,1,1,0,0
02/05/2026,Leverkusen,RB Leipzig,4,1,H,2,0,H,,23,14,8,5,7,12,7,3,1,3,0,0
02/05/2026,Villarreal,Levante,5,1,H,1,0,H,,20,12,8,3,14,7,7,3,3,1,0,0
02/05/2026,Valencia,Ath Madrid,0,2,A,0,0,D,,12,20,0,5,9,12,1,7,1,3,0,0
02/05/2026,Alaves,Ath Bilbao,2,4,A,1,0,H,,7,9,4,4,8,13,4,7,4,4,0,0
02/05/2026,Osasuna,Barcelona,1,2,A,0,0,D,,9,13,4,4,9,10,3,7,2,2,0,0
02/05/2026,Nantes,Marseille,3,0,H,0,0,D,,17,16,6,8,12,11,7,8,1,3,0,0
02/05/2026,Paris SG,Lorient,2,2,D,1,1,D,,24,5,6,3,9,7,12,2,1,1,0,0
02/05/2026,Metz,Monaco,1,2,A,0,0,D,,13,15,1,3,10,15,5,9,0,2,0,0
02/05/2026,Nice,Lens,1,1,D,0,0,D,,9,16,2,4,11,10,7,8,2,3,0,1
02/05/2026,Brentford,West Ham,3,0,H,1,0,H,C Pawson,14,13,6,4,8,12,2,6,1,3,0,0
02/05/2026,Newcastle,Brighton,3,1,H,2,0,H,C Kavanagh,13,13,6,4,10,12,2,10,3,3,0,0
02/05/2026,Wolves,Sunderland,1,1,D,0,1,A,P Tierney,20,10,7,2,11,11,6,3,0,4,0,1
02/05/2026,Arsenal,Fulham,3,0,H,3,0,H,J Gillett,18,10,9,1,7,12,3,4,0,1,0,0
03/05/2026,Bologna,Cagliari,0,0,D,0,0,D,,13,8,4,2,13,12,7,2,2,1,0,0
03/05/2026,Sassuolo,Milan,2,0,H,1,0,H,,13,7,4,1,16,16,2,3,4,4,0,1
03/05/2026,Juventus,Verona,1,1,D,0,1,A,,29,7,7,3,9,19,14,1,1,4,0,0
03/05/2026,Inter,Parma,2,0,H,1,0,H,,12,4,5,0,9,7,8,3,1,0,0,0
03/05/2026,St Pauli,Mainz,1,2,A,0,2,A,,10,17,3,6,10,8,7,7,3,1,0,0
03/05/2026,M'gladbach,Dortmund,1,0,H,0,0,D,,12,6,4,1,14,17,1,1,3,1,0,0
03/05/2026,Freiburg,Wolfsburg,1,1,D,0,0,D,,11,13,3,4,5,11,1,7,1,1,0,0
03/05/2026,Celta,Elche,3,1,H,2,0,H,,6,15,4,4,14,15,4,2,2,1,0,0
03/05/2026,Getafe,Vallecano,0,2,A,0,1,A,,13,10,3,6,7,22,4,1,3,5,0,0
03/05/2026,Betis,Oviedo,3,0,H,2,0,H,,10,17,5,5,9,4,5,4,0,0,0,0
03/05/2026,Espanol,Real Madrid,0,2,A,0,0,D,,17,15,3,5,19,16,5,6,3,4,0,0
03/05/2026,Lille,Le Havre,1,1,D,1,1,D,,22,2,10,2,9,15,14,5,2,3,0,0
03/05/2026,Auxerre,Angers,3,1,H,1,0,H,,19,9,10,3,12,2,4,6,2,4,0,1
03/05/2026,Paris FC,Brest,4,0,H,2,0,H,,17,10,8,1,10,8,7,3,2,1,0,0
03/05/2026,Strasbourg,Toulouse,1,2,A,1,1,D,,9,16,4,6,7,15,8,3,1,3,0,0
03/05/2026,Lyon,Rennes,4,2,H,2,1,H,,16,8,9,5,10,14,7,5,0,3,0,0
03/05/2026,Bournemouth,Crystal Palace,3,0,H,2,0,H,R Jones,16,7,5,1,10,11,7,1,0,2,0,0
03/05/2026,Man United,Liverpool,3,2,H,2,0,H,D England,18,13,6,5,12,11,3,2,2,2,0,0
03/05/2026,Aston Villa,Tottenham,1,2,A,0,2,A,S Barrott,5,10,1,5,12,12,5,5,2,5,0,0
04/05/2026,Cremonese,Lazio,1,2,A,1,0,H,,13,8,5,3,16,13,3,3,1,2,0,0
04/05/2026,Roma,Fiorentina,4,0,H,3,0,H,,14,4,7,1,12,10,4,5,2,2,0,0
04/05/2026,Sevilla,Sociedad,1,0,H,0,0,D,,19,6,5,0,19,11,3,3,3,1,0,0
04/05/2026,Chelsea,Nott'm Forest,1,3,A,0,2,A,A Taylor,21,6,5,4,12,10,10,1,3,1,0,0
04/05/2026,Everton,Man City,3,3,D,0,1,A,M Oliver,14,21,6,4,15,5,5,9,4,1,0,0
08/05/2026,Torino,Sassuolo,2,1,H,0,0,D,,18,13,4,7,13,9,7,5,4,2,0,0
08/05/2026,Dortmund,Ein Frankfurt,3,2,H,2,1,H,,13,9,8,4,14,8,6,2,3,0,0,0
08/05/2026,Levante,Osasuna,3,2,H,2,2,D,,35,5,12,3,11,13,15,1,2,0,0,1
08/05/2026,Lens,Nantes,1,0,H,0,0,D,,14,15,5,3,15,15,8,3,2,1,0,0
09/05/2026,Cagliari,Udinese,0,2,A,0,0,D,,22,9,5,6,10,13,8,4,1,1,0,0
09/05/2026,Lazio,Inter,0,3,A,0,2,A,,9,14,5,5,10,8,5,1,2,1,1,0
09/05/2026,Lecce,Juventus,0,1,A,0,1,A,,8,15,3,6,7,18,1,7,1,1,0,0
09/05/2026,Augsburg,M'gladbach,3,1,H,2,0,H,,15,16,10,4,11,9,2,2,2,2,0,0
09/05/2026,Hoffenheim,Werder Bremen,1,0,H,1,0,H,,15,11,4,2,4,3,8,3,1,2,0,1
09/05/2026,RB Leipzig,St Pauli,2,1,H,1,0,H,,13,7,5,3,5,9,3,5,2,0,0,0
09/05/2026,Stuttgart,Leverkusen,3,1,H,2,1,H,,20,6,9,5,13,8,7,6,2,1,0,0
09/05/2026,Wolfsburg,Bayern Munich,0,1,A,0,0,D,,17,16,5,9,8,5,6,3,1,0,0,0
09/05/2026,Elche,Alaves,1,1,D,0,0,D,,16,12,5,4,15,13,7,3,3,6,0,0
09/05/2026,Sevilla,Espanol,2,1,H,0,0,D,,21,10,6,5,14,17,4,6,5,5,0,0
09/05/2026,Ath Madrid,Celta,0,1,A,0,0,D,,20,3,4,1,11,13,10,0,1,2,0,0
09/05/2026,Sociedad,Betis,2,2,D,0,1,A,,14,14,6,6,12,9,4,3,2,3,0,1
09/05/2026,Liverpool,Chelsea,1,1,D,1,1,D,C Pawson,8,6,3,3,17,17,5,2,2,4,0,0
09/05/2026,Brighton,Wolves,3,0,H,2,0,H,J Brooks,14,5,6,1,9,11,7,1,1,2,0,0
09/05/2026,Fulham,Bournemouth,0,1,A,0,0,D,A Madley,14,10,2,5,12,21,11,2,4,2,1,1
09/05/2026,Sunderland,Man United,0,0,D,0,0,D,S Attwell,15,11,4,1,12,12,7,8,0,3,0,0
09/05/2026,Man City,Brentford,3,0,H,0,0,D,M Salisbury,25,4,10,2,8,14,10,2,4,2,0,0
10/05/2026,Verona,Como,0,1,A,0,0,D,,11,11,3,4,17,14,7,7,1,1,0,0
10/05/2026,Cremonese,Pisa,3,0,H,1,0,H,,10,0,6,0,10,12,7,1,0,4,0,2
10/05/2026,Fiorentina,Genoa,0,0,D,0,0,D,,13,9,1,3,13,14,4,3,0,0,0,0
10/05/2026,Parma,Roma,2,3,A,0,1,A,,11,15,3,7,14,8,3,6,4,0,1,0
10/05/2026,Milan,Atalanta,2,3,A,0,2,A,,20,9,9,5,8,17,2,2,3,3,0,0
10/05/2026,Hamburg,Freiburg,3,2,H,1,1,D,,14,5,5,3,15,8,2,4,2,2,0,0
10/05/2026,FC Koln,Heidenheim,1,3,A,1,2,A,,18,11,7,5,9,8,6,4,2,2,0,0
10/05/2026,Mainz,Union Berlin,1,3,A,0,1,A,,14,16,3,9,11,10,7,8,2,1,0,0
10/05/2026,Mallorca,Villarreal,1,1,D,1,1,D,,18,7,8,2,17,13,5,4,2,0,0,0
10/05/2026,Ath Bilbao,Valencia,0,1,A,0,0,D,,14,7,4,3,9,7,13,5,2,3,0,0
10/05/2026,Oviedo,Getafe,0,0,D,0,0,D,,8,22,4,4,9,16,1,9,2,3,2,0
10/05/2026,Barcelona,Real Madrid,2,0,H,2,0,H,,10,8,7,1,18,9,4,8,2,4,0,0
10/05/2026,Angers,Strasbourg,1,1,D,0,1,A,,11,15,4,6,16,13,0,2,2,2,0,0
10/05/2026,Auxerre,Nice,2,1,H,1,1,D,,12,10,4,6,15,9,10,1,1,0,0,0
10/05/2026,Le Havre,Marseille,0,1,A,0,0,D,,10,8,2,3,20,22,3,0,4,2,0,0
10/05/2026,Metz,Lorient,0,4,A,0,1,A,,8,14,2,7,8,8,7,4,2,2,0,0
10/05/2026,Monaco,Lille,0,1,A,0,0,D,,7,7,3,2,13,10,5,2,1,3,0,0
10/05/2026,Paris SG,Brest,1,0,H,0,0,D,,23,3,6,2,5,12,13,2,0,0,0,0
10/05/2026,Rennes,Paris FC,2,1,H,0,0,D,,14,11,5,1,13,11,8,2,0,2,0,0
10/05/2026,Toulouse,Lyon,2,1,H,1,0,H,,14,18,6,3,20,9,7,8,6,2,1,0
10/05/2026,Burnley,Aston Villa,2,2,D,1,1,D,A Taylor,15,18,6,7,18,8,2,8,1,1,0,0
10/05/2026,Crystal Palace,Everton,2,2,D,1,1,D,T Bramall,21,13,8,6,5,13,5,10,0,2,0,0
10/05/2026,Nott'm Forest,Newcastle,1,1,D,0,0,D,P Tierney,17,16,6,6,16,11,2,1,2,0,0,0
10/05/2026,West Ham,Arsenal,0,1,A,0,0,D,C Kavanagh,9,15,3,4,14,12,4,3,3,4,0,0
11/05/2026,Napoli,Bologna,2,3,A,1,2,A,,14,10,5,4,10,12,7,1,1,4,0,0
11/05/2026,Vallecano,Girona,1,1,D,0,0,D,,18,9,5,5,10,9,9,5,1,1,0,0
11/05/2026,Tottenham,Leeds,1,1,D,0,0,D,J Gillett,16,11,3,4,12,7,14,2,3,1,0,0
12/05/2026,Celta,Levante,2,3,A,1,1,D,,11,14,6,6,7,10,4,4,0,2,0,0
12/05/2026,Betis,Elche,2,1,H,1,1,D,,16,8,7,2,16,13,8,1,3,3,0,1
12/05/2026,Osasuna,Ath Madrid,1,2,A,0,1,A,,23,5,5,4,15,12,8,4,6,5,0,1
13/05/2026,Espanol,Ath Bilbao,2,0,H,0,0,D,,12,11,5,4,9,14,8,9,0,0,0,0
13/05/2026,Villarreal,Sevilla,2,3,A,2,2,D,,6,13,4,5,11,9,6,4,2,1,0,0
13/05/2026,Alaves,Barcelona,1,0,H,1,0,H,,9,8,3,0,14,8,6,4,1,2,0,0
13/05/2026,Getafe,Mallorca,3,1,H,2,0,H,,6,9,4,2,17,18,3,3,3,4,0,0
13/05/2026,Brest,Strasbourg,1,2,A,1,2,A,,21,10,6,5,10,11,5,4,0,1,0,0
13/05/2026,Lens,Paris SG,0,2,A,0,1,A,,25,10,10,3,9,3,6,3,0,1,0,0
13/05/2026,Man City,Crystal Palace,3,0,H,2,0,H,S Attwell,15,6,4,2,10,7,9,4,0,2,0,0
14/05/2026,Valencia,Vallecano,1,1,D,1,1,D,,12,6,3,3,9,20,5,1,1,1,0,0
14/05/2026,Girona,Sociedad,1,1,D,0,1,A,,29,6,4,2,13,19,6,3,2,7,0,0
14/05/2026,Real Madrid,Oviedo,2,0,H,1,0,H,,19,9,7,1,7,14,4,5,0,0,0,0
15/05/2026,Aston Villa,Liverpool,4,2,H,1,0,H,C Kavanagh,14,16,9,5,12,9,4,9,3,1,0,0
16/05/2026,Bayern Munich,FC Koln,5,1,H,3,1,H,,19,9,7,2,6,4,5,5,1,1,0,0
16/05/2026,Ein Frankfurt,Stuttgart,2,2,D,0,2,A,,16,13,7,7,14,12,6,6,2,3,0,0
16/05/2026,Freiburg,RB Leipzig,4,1,H,2,1,H,,11,14,5,6,13,7,1,2,0,1,0,0
16/05/2026,Heidenheim,Mainz,0,2,A,0,2,A,,15,15,5,9,8,12,6,3,1,1,0,0
16/05/2026,Leverkusen,Hamburg,1,1,D,0,0,D,,26,19,9,6,8,11,8,3,1,2,0,0
16/05/2026,M'gladbach,Hoffenheim,4,0,H,2,0,H,,9,11,6,3,11,15,2,9,4,6,0,1
16/05/2026,St Pauli,Wolfsburg,1,3,A,0,1,A,,11,19,2,10,6,9,8,9,2,3,0,0
16/05/2026,Union Berlin,Augsburg,4,0,H,2,0,H,,17,11,9,1,6,7,4,9,3,1,0,0
16/05/2026,Werder Bremen,Dortmund,0,2,A,0,0,D,,9,17,3,9,8,5,4,5,0,0,0,0
17/05/2026,Como,Parma,1,0,H,0,0,D,,23,2,7,2,10,14,15,2,2,0,0,0
17/05/2026,Genoa,Milan,1,2,A,0,0,D,,11,8,2,6,8,19,4,4,2,3,0,0
17/05/2026,Juventus,Fiorentina,0,2,A,0,1,A,,26,10,9,4,15,12,6,2,1,3,0,1
17/05/2026,Pisa,Napoli,0,3,A,0,2,A,,4,10,2,5,13,8,1,6,2,2,0,0
17/05/2026,Roma,Lazio,2,0,H,1,0,H,,16,6,7,2,15,17,8,3,2,3,1,1
17/05/2026,Inter,Verona,1,1,D,0,0,D,,17,14,6,5,9,12,10,2,0,2,0,0
17/05/2026,Atalanta,Bologna,0,1,A,0,0,D,,10,10,1,5,17,6,2,5,1,1,0,0
17/05/2026,Cagliari,Torino,2,1,H,2,1,H,,13,10,4,3,8,13,5,1,1,1,0,0
17/05/2026,Sassuolo,Lecce,2,3,A,1,2,A,,15,11,6,6,7,13,2,8,1,4,0,0
17/05/2026,Udinese,Cremonese,0,1,A,0,1,A,,10,7,2,4,10,9,5,5,1,3,0,0
17/05/2026,Ath Bilbao,Celta,1,1,D,0,1,A,,27,3,9,2,14,11,5,0,2,2,0,0
17/05/2026,Ath Madrid,Girona,1,0,H,1,0,H,,17,25,4,11,7,9,9,8,2,0,0,0
17/05/2026,Elche,Getafe,1,0,H,1,0,H,,10,4,3,0,18,13,4,0,3,1,0,1
17/05/2026,Levante,Mallorca,2,0,H,1,0,H,,15,8,3,3,11,15,4,6,2,0,1,1
17/05/2026,Osasuna,Espanol,1,2,A,0,1,A,,24,7,8,3,10,13,9,2,1,2,0,0
17/05/2026,Oviedo,Alaves,0,1,A,0,1,A,,8,7,0,1,13,18,5,2,3,1,0,0
17/05/2026,Sevilla,Real Madrid,0,1,A,0,1,A,,14,12,6,1,18,12,4,4,4,0,0,0
17/05/2026,Sociedad,Valencia,3,4,A,1,2,A,,8,13,3,6,13,11,3,2,4,0,0,1
17/05/2026,Vallecano,Villarreal,2,0,H,1,0,H,,15,11,7,2,12,10,1,9,2,1,0,0
17/05/2026,Barcelona,Betis,3,1,H,1,0,H,,15,7,9,2,7,8,6,4,1,0,0,0
17/05/2026,Brest,Angers,1,1,D,0,0,D,,18,8,5,2,9,8,6,3,1,1,0,0
17/05/2026,Lille,Auxerre,0,2,A,0,1,A,,12,7,3,4,9,16,4,2,3,2,0,0
17/05/2026,Lorient,Le Havre,0,2,A,0,1,A,,12,7,2,4,11,11,5,1,2,1,0,0
17/05/2026,Lyon,Lens,0,4,A,0,3,A,,16,14,4,4,10,11,20,8,1,4,0,0
17/05/2026,Marseille,Rennes,3,1,H,2,0,H,,27,27,11,6,11,10,4,11,3,1,0,0
17/05/2026,Nantes,Toulouse,0,0,D,0,0,D,,2,2,1,1,3,5,2,2,0,0,0,0
17/05/2026,Nice,Metz,0,0,D,0,0,D,,22,16,4,4,11,15,10,4,2,1,0,0
17/05/2026,Paris FC,Paris SG,2,1,H,0,0,D,,17,9,9,2,8,9,3,3,2,1,0,0
17/05/2026,Strasbourg,Monaco,5,4,H,1,3,A,,15,21,7,8,7,11,4,6,1,2,0,0
17/05/2026,Man United,Nott'm Forest,3,2,H,1,0,H,M Salisbury,29,11,8,4,11,5,7,6,2,1,0,0
17/05/2026,Brentford,Crystal Palace,2,2,D,1,1,D,S Barrott,14,16,3,5,7,5,9,4,1,3,0,0
17/05/2026,Everton,Sunderland,1,3,A,1,0,H,J Brooks,10,7,4,3,14,9,3,2,3,0,0,0
17/05/2026,Leeds,Brighton,1,0,H,0,0,D,M Oliver,7,19,1,8,9,7,7,8,1,0,0,0
17/05/2026,Wolves,Fulham,1,1,D,1,1,D,T Kirk,11,13,3,5,20,8,3,6,1,0,0,0
17/05/2026,Newcastle,West Ham,3,1,H,2,0,H,J Gillett,15,15,7,8,8,11,9,1,1,3,0,0
18/05/2026,Arsenal,Burnley,1,0,H,1,0,H,P Tierney,13,5,3,0,7,16,3,3,1,3,0,0
19/05/2026,Bournemouth,Man City,1,1,D,1,0,H,A Taylor,10,14,2,5,16,7,7,6,4,2,0,0
19/05/2026,Chelsea,Tottenham,2,1,H,1,0,H,S Attwell,9,9,4,3,11,18,3,4,4,3,0,0
22/05/2026,Fiorentina,Atalanta,1,1,D,1,0,H,,11,21,4,6,11,14,3,3,0,2,0,0
23/05/2026,Bologna,Inter,3,3,D,2,1,H,,11,11,3,5,15,14,1,4,0,2,0,0
23/05/2026,Lazio,Pisa,2,1,H,2,1,H,,15,8,9,2,9,8,5,1,2,1,0,0
23/05/2026,Alaves,Vallecano,1,2,A,1,0,H,,19,15,11,7,13,14,10,5,3,3,0,0
23/05/2026,Betis,Levante,2,1,H,1,1,D,,18,15,8,7,11,7,4,8,1,2,0,0
23/05/2026,Celta,Sevilla,1,0,H,0,0,D,,12,9,3,2,11,20,4,3,1,1,0,0
23/05/2026,Espanol,Sociedad,1,1,D,0,1,A,,17,9,8,4,11,17,3,5,1,3,0,0
23/05/2026,Getafe,Osasuna,1,0,H,0,0,D,,6,11,3,5,17,20,2,4,1,2,0,0
23/05/2026,Girona,Elche,1,1,D,0,1,A,,10,3,7,1,20,20,2,1,4,4,0,0
23/05/2026,Mallorca,Oviedo,3,0,H,1,0,H,,23,7,7,0,10,8,5,5,2,1,0,0
23/05/2026,Real Madrid,Ath Bilbao,4,2,H,2,1,H,,13,8,8,2,6,20,2,1,2,0,0,0
23/05/2026,Valencia,Barcelona,3,1,H,0,0,D,,19,11,6,4,11,8,7,8,2,2,0,0
24/05/2026,Parma,Sassuolo,1,0,H,0,0,D,,16,6,3,1,10,14,1,1,2,2,0,0
24/05/2026,Napoli,Udinese,1,0,H,1,0,H,,14,10,6,3,3,13,3,3,0,3,0,1
24/05/2026,Cremonese,Como,1,4,A,0,1,A,,6,15,1,6,14,12,2,4,4,2,3,0
24/05/2026,Lecce,Genoa,1,0,H,1,0,H,,9,8,4,1,11,6,1,6,2,0,0,0
24/05/2026,Milan,Cagliari,1,2,A,1,1,D,,16,25,3,10,8,9,5,5,2,2,0,0
24/05/2026,Torino,Juventus,2,2,D,0,1,A,,12,17,5,4,10,10,6,6,1,2,0,0
24/05/2026,Verona,Roma,0,2,A,0,0,D,,8,19,3,7,12,10,6,6,3,1,1,0
24/05/2026,Villarreal,Ath Madrid,5,1,H,4,1,H,,14,9,8,4,3,12,5,9,0,1,0,0
24/05/2026,Brighton,Man United,0,3,A,0,2,A,S Barrott,13,11,2,7,11,8,0,3,0,1,0,0
24/05/2026,Burnley,Wolves,1,1,D,0,1,A,A Kitchen,16,16,8,4,10,11,7,7,2,2,0,0
24/05/2026,Crystal Palace,Arsenal,1,2,A,0,1,A,F Hallam,8,17,3,7,9,12,3,4,0,1,0,0
24/05/2026,Fulham,Newcastle,2,0,H,1,0,H,R Jones,21,7,6,2,13,6,6,6,2,2,0,0
24/05/2026,Liverpool,Brentford,1,1,D,0,0,D,D England,24,11,8,2,9,9,14,2,2,3,0,0
24/05/2026,Man City,Aston Villa,1,2,A,1,0,H,A Madley,16,12,3,5,8,4,9,4,1,0,0,0
24/05/2026,Nott'm Forest,Bournemouth,1,1,D,1,0,H,C Pawson,15,17,5,4,11,7,6,3,1,1,0,0
24/05/2026,Sunderland,Chelsea,2,1,H,1,0,H,C Kavanagh,20,10,2,1,15,18,7,7,3,2,0,0
24/05/2026,Tottenham,Everton,1,0,H,1,0,H,M Oliver,21,8,6,3,15,12,6,2,5,3,0,1
24/05/2026,West Ham,Leeds,3,0,H,0,0,D,A Taylor,16,13,9,3,11,14,6,4,0,3,0,0